"collision_index","vehicle_reference","vehicle_type","vehicle_manoeuvre","junction_location","skidding_and_overturning","hit_object_in_carriageway","first_point_of_impact","sex_of_driver","age_of_driver","engine_capacity_cc","propulsion_code","age_of_vehicle"
"2025000000689",1,9,19,0,0,0,1,1,50,1999,2,4
"2025000000689",2,20,2,0,0,0,4,1,17,2198,2,7
"2025000000690",2,9,19,6,5,0,3,1,35,1598,1,12
"2025000000690",1,9,19,8,0,0,1,1,47,1242,1,8
"2025000000691",1,9,9,2,0,0,3,2,33,1999,2,4
"2025000000692",1,9,19,0,0,0,4,1,58,1968,2,6
"2025000000693",1,9,4,1,0,0,1,2,21,1242,1,20
"2025000000693",2,9,4,1,0,0,2,1,40,1248,2,10
"2025000000694",2,1,19,8,0,0,1,2,37,-1,-1,-1
"2025000000694",1,9,9,8,0,0,4,2,78,1242,1,5
"2025000000695",3,9,19,0,0,0,2,2,60,998,1,8
"2025000000695",1,9,19,0,0,0,1,1,27,1995,2,6
"2025000000695",2,8,19,0,0,0,3,1,52,1995,2,1
"2025000000696",1,19,19,0,2,0,1,1,57,2198,2,9
"2025000000696",4,9,10,0,0,0,4,1,50,-1,3,10
"2025000000696",3,9,10,0,0,0,1,1,47,1596,1,8
"2025000000696",2,9,19,0,1,0,1,1,35,1995,12,2
"2025000000697",3,10,19,0,0,0,3,1,23,2987,2,9
"2025000000697",2,19,19,0,0,0,3,1,29,1997,2,3
"2025000000697",1,9,19,0,0,0,1,1,60,1461,2,6
"2025000000698",1,9,19,8,0,0,3,1,49,1596,1,18
"2025000000698",2,9,19,8,0,0,1,3,-1,-1,-1,-1
"2025000000699",1,11,19,8,0,0,4,1,34,6696,2,9
"2025000000699",2,-1,19,8,0,0,1,1,15,-1,-1,-1
"2025000000700",1,9,19,8,1,0,1,2,35,1242,1,14
"2025000000701",2,9,19,8,0,0,1,1,46,-1,-1,-1
"2025000000701",1,9,19,8,0,0,1,2,37,1242,1,10
"2025000000702",4,9,19,1,0,0,3,1,32,1580,8,4
"2025000000702",2,9,14,1,0,0,1,3,-1,1999,2,7
"2025000000702",1,9,9,5,0,0,2,2,56,1499,1,2
"2025000000702",3,9,19,1,0,0,1,1,-1,1995,2,1
"2025000000703",2,9,19,1,0,0,1,1,39,1197,1,5
"2025000000703",1,9,9,6,0,0,3,1,83,1498,1,1
"2025000000704",1,9,19,0,0,0,1,1,49,998,1,8
"2025000000705",2,9,19,2,0,0,3,2,30,1997,2,4
"2025000000705",1,9,11,1,0,0,1,1,64,1197,1,5
"2025000000706",2,11,19,0,0,0,1,1,62,7698,2,3
"2025000000706",1,9,19,0,1,10,2,1,22,1995,2,19
"2025000000707",2,1,19,8,0,0,1,1,35,-1,-1,-1
"2025000000707",1,9,9,5,0,0,1,1,40,1798,1,15
"2025000000708",1,3,99,9,9,99,9,3,40,125,1,5
"2025000000708",2,9,99,9,9,99,9,3,50,-1,3,2
"2025000000709",2,9,9,6,0,0,1,3,-1,-1,-1,-1
"2025000000709",1,1,19,8,0,0,0,1,56,-1,-1,-1
"2025000000710",1,9,19,0,0,0,4,1,-1,-1,-1,-1
"2025000000711",2,5,19,1,0,0,1,1,44,750,1,17
"2025000000711",1,9,19,8,0,0,3,2,22,-1,-1,-1
"2025000000712",1,97,19,2,0,0,4,1,-1,-1,-1,-1
"2025000000713",1,9,4,1,0,0,1,1,40,1798,8,6
"2025000000713",2,9,4,1,0,0,2,1,62,998,1,3
"2025000000714",3,4,19,1,0,0,4,1,25,898,1,9
"2025000000714",1,9,9,6,0,0,4,2,63,1598,2,12
"2025000000714",2,9,19,1,0,0,4,1,30,1968,2,9
"2025000000714",4,9,19,1,0,0,4,1,-1,-1,-1,-1
"2025000000715",2,9,1,6,9,0,2,2,-1,1242,1,6
"2025000000715",1,1,19,1,5,0,4,2,38,-1,-1,-1
"2025000000716",2,3,19,8,0,0,1,1,19,124,1,11
"2025000000716",1,9,9,8,0,0,4,2,46,1386,1,14
"2025000000717",1,3,3,1,0,0,1,1,32,124,1,7
"2025000000717",2,19,1,1,0,0,2,1,31,1995,2,0
"2025000000718",1,9,9,2,0,0,1,1,21,1229,1,17
"2025000000719",2,2,13,8,0,0,1,1,16,49,1,7
"2025000000719",1,9,9,8,0,0,1,1,32,1598,1,8
"2025000000720",2,9,5,0,0,0,2,2,41,998,1,10
"2025000000720",1,9,19,0,0,0,1,1,-1,-1,-1,-1
"2025000000721",1,9,19,0,0,0,0,1,26,1395,1,8
"2025000000722",1,9,19,1,0,4,1,2,69,875,1,11
"2025000000722",2,9,2,1,0,0,3,3,-1,1598,2,6
"2025000000723",2,5,19,1,5,0,1,1,57,598,1,28
"2025000000723",1,9,9,5,0,0,3,1,22,999,1,5
"2025000000724",1,5,19,0,0,0,0,1,49,998,1,14
"2025000000724",2,20,19,0,0,0,0,3,-1,-1,-1,-1
"2025000000725",1,9,19,0,5,0,1,1,84,1461,2,6
"2025000000726",1,3,19,0,0,0,1,1,18,124,1,13
"2025000000727",1,9,99,9,9,99,9,2,27,1984,1,1
"2025000000728",1,9,13,1,0,0,1,1,25,1896,2,18
"2025000000728",2,9,13,1,0,0,1,1,33,-1,-1,-1
"2025000000728",3,9,3,1,0,0,0,1,55,2755,2,1
"2025000000729",1,9,19,0,0,0,4,1,25,1598,1,7
"2025000000729",2,9,2,0,0,0,2,3,-1,2148,2,16
"2025000000730",2,9,19,1,0,0,4,1,32,1798,1,9
"2025000000730",1,9,9,5,0,0,1,1,52,1364,1,5
"2025000000731",2,9,4,0,0,0,2,2,69,1995,2,4
"2025000000731",1,5,4,0,1,0,4,1,45,1200,1,0
"2025000000731",3,9,6,0,0,0,0,1,62,1794,1,16
"2025000000732",1,19,19,0,1,0,1,1,27,2198,2,7
"2025000000732",3,21,19,0,1,0,0,1,31,12900,2,10
"2025000000732",4,19,19,0,0,0,4,1,54,1995,2,4
"2025000000732",2,9,19,0,0,0,2,1,59,2143,2,9
"2025000000733",1,19,6,8,0,0,4,1,45,1968,2,3
"2025000000734",2,9,19,1,0,0,2,2,27,998,1,6
"2025000000734",1,21,19,1,0,0,1,1,40,10518,2,10
"2025000000735",1,9,19,2,0,0,1,1,52,1332,1,2
"2025000000735",2,9,4,2,0,0,2,2,40,1984,1,4
"2025000000736",2,9,11,0,0,0,2,2,23,1197,1,7
"2025000000736",1,21,11,0,0,0,2,1,23,6700,2,3
"2025000000737",2,3,19,0,1,0,3,1,17,124,1,3
"2025000000737",1,9,19,0,1,0,0,3,-1,-1,-1,-1
"2025000000738",1,9,19,0,0,0,1,3,-1,999,1,4
"2025000000739",2,9,2,0,0,0,0,1,46,1798,8,4
"2025000000739",1,9,19,0,0,4,1,3,-1,1968,2,10
"2025000000740",1,11,19,0,1,0,1,1,24,4249,2,12
"2025000000740",2,9,19,0,0,0,1,2,37,1997,2,7
"2025000000741",1,9,9,1,0,0,1,1,56,-1,3,2
"2025000000741",2,5,14,1,0,0,3,1,59,648,1,1
"2025000000742",1,4,19,3,0,0,4,2,17,125,1,8
"2025000000742",2,9,7,4,0,0,1,1,19,-1,-1,-1
"2025000000743",2,11,19,8,0,0,1,1,37,3900,2,15
"2025000000743",1,9,19,8,0,0,1,1,39,1968,2,4
"2025000000744",3,9,8,1,0,0,1,1,23,1339,1,10
"2025000000744",1,9,19,6,0,10,1,1,50,1598,1,14
"2025000000744",2,9,19,8,0,0,3,1,46,1598,1,16
"2025000000745",1,5,19,1,5,0,2,1,59,1300,1,16
"2025000000745",2,9,19,1,0,0,1,3,-1,-1,-1,-1
"2025000000746",1,9,19,0,0,0,3,2,26,1388,1,13
"2025000000747",1,9,12,4,0,0,3,1,18,1390,1,14
"2025000000747",2,3,12,4,0,0,3,2,30,125,1,1
"2025000000748",1,9,19,0,0,0,1,2,47,1598,1,17
"2025000000749",1,9,1,1,0,0,2,2,52,1598,1,10
"2025000000750",1,4,19,1,0,7,1,1,18,124,1,4
"2025000000751",1,9,19,1,0,0,1,1,63,1798,8,9
"2025000000751",2,1,19,1,0,0,1,1,26,-1,-1,-1
"2025000000752",2,9,19,1,0,0,1,1,21,-1,-1,-1
"2025000000752",1,9,12,1,0,0,2,2,20,1197,1,6
"2025000000753",1,9,19,3,0,0,0,1,77,1242,1,8
"2025000000754",2,9,99,9,9,99,1,3,-1,999,1,9
"2025000000754",1,3,99,9,9,99,1,1,29,108,1,3
"2025000000755",2,9,19,0,0,0,3,2,24,1968,2,7
"2025000000755",1,1,5,0,0,0,1,1,24,-1,-1,-1
"2025000000756",1,9,19,0,1,0,0,1,22,1197,1,7
"2025000000757",2,9,9,8,0,0,1,1,80,1595,1,19
"2025000000757",1,1,19,1,0,0,2,2,70,-1,-1,-1
"2025000000758",2,1,9,3,0,0,4,1,48,-1,-1,-1
"2025000000758",1,19,19,4,0,0,1,1,62,1461,2,3
"2025000000759",1,19,19,0,0,0,4,3,-1,1248,2,13
"2025000000760",1,9,19,0,1,0,1,1,39,1360,1,17
"2025000000761",2,9,7,5,0,0,4,2,34,1997,2,8
"2025000000761",1,9,4,1,0,4,3,2,53,1591,1,4
"2025000000762",1,11,5,2,0,0,3,1,53,6700,2,5
"2025000000762",2,9,11,2,0,0,4,1,22,1332,1,2
"2025000000763",2,-1,19,2,0,0,0,2,8,-1,-1,-1
"2025000000763",1,9,9,1,0,0,4,2,27,1229,1,8
"2025000000764",1,9,-1,0,0,0,1,1,40,1490,1,0
"2025000000765",1,9,19,2,0,7,1,1,59,1797,8,9
"2025000000766",2,11,19,1,0,0,0,1,36,9360,2,12
"2025000000766",1,9,19,1,0,0,3,3,50,-1,-1,-1
"2025000000767",1,5,13,0,2,0,3,1,53,1043,1,9
"2025000000768",2,9,99,9,9,99,1,3,-1,2362,1,18
"2025000000768",1,3,99,9,9,99,2,1,25,108,1,9
"2025000000769",2,9,2,-1,0,0,3,2,40,-1,-1,-1
"2025000000769",1,19,19,1,0,0,4,1,-1,-1,-1,-1
"2025000000770",2,9,19,1,0,0,4,1,73,1197,1,11
"2025000000770",1,1,19,1,0,0,3,1,77,-1,-1,-1
"2025000000771",2,19,19,8,0,0,1,1,47,1598,2,7
"2025000000771",1,9,7,6,0,0,1,2,56,1390,1,12
"2025000000772",2,1,19,8,0,0,3,1,32,-1,-1,-1
"2025000000772",1,19,9,5,0,0,1,1,30,1499,2,1
"2025000000773",1,9,9,1,0,0,1,1,61,1242,1,7
"2025000000773",2,9,19,8,0,0,1,1,49,-1,-1,-1
"2025000000774",1,9,19,3,0,0,2,1,66,1950,2,7
"2025000000774",2,3,19,3,0,0,1,1,19,124,1,10
"2025000000774",3,9,-1,3,0,0,0,3,-1,-1,-1,-1
"2025000000775",2,9,19,0,0,0,3,1,54,999,1,6
"2025000000775",1,9,19,0,0,0,3,1,72,1498,1,0
"2025000000776",1,9,19,0,1,0,1,2,45,1686,2,10
"2025000000777",1,9,99,9,9,99,9,3,-1,-1,-1,-1
"2025000000778",2,9,19,8,0,0,1,2,30,1598,2,9
"2025000000778",1,9,19,6,0,0,3,1,38,1991,1,4
"2025000000779",1,3,19,1,0,0,1,1,25,125,1,5
"2025000000779",2,9,19,1,0,0,4,2,20,999,1,3
"2025000000780",1,9,19,0,0,0,1,2,22,1332,1,2
"2025000000781",1,9,19,0,0,0,1,1,47,999,1,9
"2025000000781",2,9,19,0,0,0,1,1,43,1560,2,14
"2025000000781",4,9,2,0,0,0,1,-1,-1,1124,1,16
"2025000000781",3,9,2,0,0,0,3,-1,-1,1199,1,1
"2025000000782",1,9,7,6,0,0,1,2,74,898,1,2
"2025000000782",2,9,19,8,0,0,4,1,87,1796,1,14
"2025000000783",1,9,5,4,0,0,1,1,60,2993,12,2
"2025000000783",2,5,3,4,0,0,2,1,59,1832,1,7
"2025000000784",1,3,99,9,9,99,9,2,21,125,1,4
"2025000000784",2,9,99,9,9,99,9,3,-1,1388,1,15
"2025000000785",2,9,9,5,0,0,1,1,24,1390,1,15
"2025000000785",1,9,19,1,0,0,1,2,-1,1794,1,20
"2025000000786",2,9,99,9,9,99,1,2,57,-1,-1,-1
"2025000000786",1,1,99,9,9,99,1,3,36,-1,-1,-1
"2025000000787",1,9,9,8,0,0,1,1,61,4921,2,16
"2025000000788",1,1,99,9,9,99,1,1,32,-1,-1,-1
"2025000000788",2,9,99,9,9,99,1,3,-1,-1,-1,-1
"2025000000789",1,9,19,0,5,0,3,1,37,2143,2,9
"2025000000790",1,9,9,5,0,0,1,1,20,1242,1,5
"2025000000791",2,9,2,0,0,0,2,-1,-1,1498,1,5
"2025000000791",1,9,2,0,0,0,2,2,59,1796,1,10
"2025000000792",1,9,19,1,0,0,1,2,34,1390,1,12
"2025000000792",2,9,3,1,0,0,1,1,24,1390,1,12
"2025000000792",3,9,3,1,0,0,2,2,51,1598,1,12
"2025000000793",1,9,10,1,0,0,1,1,26,1995,2,19
"2025000000793",2,9,19,1,1,0,4,1,23,1910,2,18
"2025000000794",2,3,19,8,0,0,4,1,35,124,1,1
"2025000000794",1,9,19,6,0,0,1,1,-1,1968,2,10
"2025000000795",1,9,13,1,0,7,1,1,20,1086,1,16
"2025000000795",3,9,10,1,0,0,4,1,35,1995,2,9
"2025000000795",2,9,3,1,0,0,3,1,23,1598,2,8
"2025000000796",1,1,19,8,0,0,1,2,35,-1,-1,-1
"2025000000796",2,9,7,5,0,0,1,1,34,-1,-1,-1
"2025000000797",1,9,9,8,0,0,1,2,36,-1,3,1
"2025000000797",2,5,19,8,0,0,1,1,41,-1,-1,-1
"2025000000798",2,9,3,0,0,0,2,2,41,1197,1,7
"2025000000798",1,3,4,0,1,0,1,1,38,125,1,4
"2025000000799",1,8,99,0,0,0,2,1,53,1797,8,7
"2025000000799",2,98,99,0,0,0,9,3,-1,-1,-1,-1
"2025000000800",2,9,2,1,0,0,4,3,-1,1598,1,17
"2025000000800",1,9,15,6,0,8,1,3,-1,-1,-1,-1
"2025000000801",2,9,19,1,0,0,4,2,29,1968,2,6
"2025000000801",1,9,19,1,0,0,1,3,-1,-1,-1,-1
"2025000000802",2,1,5,2,0,0,3,1,24,-1,-1,-1
"2025000000802",1,9,7,6,0,0,1,1,39,1496,1,1
"2025000000803",1,9,19,0,0,0,1,1,37,-1,-1,-1
"2025000000803",2,9,4,0,0,0,2,1,35,1332,8,1
"2025000000804",2,19,2,0,0,0,2,3,-1,1996,2,10
"2025000000804",3,9,19,0,0,0,1,1,34,1242,1,6
"2025000000804",1,9,19,0,0,0,1,1,19,1199,1,17
"2025000000805",2,9,19,0,0,0,0,1,36,2993,12,3
"2025000000805",1,9,19,0,1,10,1,1,38,-1,-1,-1
"2025000000806",2,9,19,0,0,0,4,1,44,5204,1,13
"2025000000806",1,9,5,0,0,0,3,1,30,1296,1,14
"2025000000807",1,9,-1,-1,-1,-1,-1,3,-1,1497,8,9
"2025000000808",1,9,19,0,0,0,4,1,78,1197,1,8
"2025000000808",2,1,19,0,0,0,4,1,59,-1,-1,-1
"2025000000809",1,9,9,6,0,0,3,2,35,1591,1,10
"2025000000810",1,1,9,4,0,0,1,1,16,-1,-1,-1
"2025000000810",2,9,9,4,0,0,1,1,64,1997,1,1
"2025000000811",2,9,19,0,0,0,1,1,41,1398,1,9
"2025000000811",1,9,19,0,0,0,1,1,21,1229,1,10
"2025000000812",1,9,3,9,0,99,2,1,21,1248,2,11
"2025000000812",2,19,19,1,0,0,1,3,-1,1995,2,2
"2025000000813",1,9,19,0,0,7,1,2,42,1149,1,8
"2025000000813",3,9,3,0,0,0,2,1,51,1598,1,15
"2025000000813",2,19,3,0,0,0,2,2,28,1499,2,0
"2025000000814",1,9,19,8,0,0,4,1,58,-1,3,2
"2025000000814",2,3,19,8,0,0,3,2,24,125,1,1
"2025000000815",1,9,19,0,0,0,4,1,72,1395,1,7
"2025000000816",2,9,6,1,0,0,2,2,18,1900,2,15
"2025000000816",1,9,19,1,0,0,1,1,23,1995,2,6
"2025000000817",1,3,19,1,0,0,2,1,34,125,1,1
"2025000000817",2,9,19,1,0,0,1,3,30,1398,1,10
"2025000000818",2,11,19,0,0,0,4,1,43,10837,2,7
"2025000000818",1,1,19,0,5,11,1,1,12,-1,-1,-1
"2025000000819",1,9,19,0,0,0,1,1,58,1560,2,12
"2025000000819",2,9,19,0,0,0,2,3,30,1368,1,12
"2025000000820",1,5,15,0,0,0,1,1,42,1043,1,7
"2025000000821",1,5,14,0,0,0,1,1,51,798,1,15
"2025000000821",2,9,9,0,0,0,3,2,30,999,1,3
"2025000000822",2,9,19,1,0,0,1,2,28,998,1,14
"2025000000822",1,9,9,1,0,0,1,2,47,1997,2,8
"2025000000823",1,1,99,9,9,99,9,1,49,-1,-1,-1
"2025000000823",2,9,99,9,9,99,1,3,-1,-1,-1,-1
"2025000000824",1,9,-1,-1,-1,-1,-1,3,45,-1,-1,-1
"2025000000825",2,9,9,5,0,0,3,1,27,1995,2,12
"2025000000825",1,5,13,1,2,0,1,1,35,647,1,21
"2025000000826",2,9,19,0,0,0,3,1,41,2671,1,19
"2025000000826",3,11,19,0,0,0,2,2,30,-1,-1,-1
"2025000000826",1,9,19,0,0,0,4,3,-1,-1,-1,-1
"2025000000827",2,1,19,8,0,0,3,1,38,-1,-1,-1
"2025000000827",1,9,5,1,0,0,1,1,51,-1,3,1
"2025000000828",2,9,9,8,0,0,3,2,27,2987,2,6
"2025000000828",1,23,14,8,0,0,1,1,18,-1,-1,-1
"2025000000829",1,9,1,1,0,0,2,3,-1,1999,2,5
"2025000000830",2,1,19,8,0,0,1,1,24,-1,-1,-1
"2025000000830",1,9,7,8,0,0,1,3,-1,1498,1,0
"2025000000831",1,19,19,0,0,0,1,1,-1,1500,2,2
"2025000000831",2,9,4,0,0,0,2,2,31,1197,1,7
"2025000000832",2,11,99,9,9,99,9,3,-1,12000,2,12
"2025000000832",1,9,99,9,9,99,9,1,49,1598,1,7
"2025000000833",2,9,19,0,0,0,1,2,33,1968,2,14
"2025000000833",1,5,19,0,0,0,1,1,54,1085,1,26
"2025000000834",1,11,19,0,0,0,0,1,45,4500,2,5
"2025000000835",2,9,19,8,0,0,4,1,28,2993,2,11
"2025000000835",1,9,7,4,0,0,3,2,31,1229,1,11
"2025000000836",1,1,19,0,0,0,3,1,14,-1,-1,-1
"2025000000836",2,9,19,0,0,0,1,1,68,1198,1,8
"2025000000837",1,9,7,6,1,11,3,1,18,1149,1,16
"2025000000837",2,9,19,1,1,10,1,1,46,1896,2,17
"2025000000838",1,9,4,0,0,0,1,1,45,1998,1,4
"2025000000839",2,9,4,0,0,0,2,1,42,1199,1,0
"2025000000839",5,9,4,0,0,0,1,1,67,-1,-1,-1
"2025000000839",3,9,4,0,0,0,1,1,49,-1,-1,-1
"2025000000839",1,9,4,0,0,0,2,2,20,999,1,2
"2025000000839",6,9,4,0,0,0,2,2,26,1598,2,10
"2025000000839",4,9,4,0,0,0,1,1,33,1968,2,9
"2025000000840",1,9,4,0,0,0,1,2,34,1797,8,12
"2025000000841",1,9,9,8,0,0,1,3,-1,-1,-1,-1
"2025000000841",2,8,19,8,0,0,1,1,29,1798,8,6
"2025000000842",2,9,10,2,0,0,3,2,40,1242,1,13
"2025000000842",1,3,19,1,0,0,1,1,35,-1,-1,-1
"2025000000843",1,9,1,0,0,0,0,1,90,1198,1,8
"2025000000844",1,11,19,8,0,0,4,1,53,4500,2,9
"2025000000844",2,1,19,1,0,0,1,1,26,-1,-1,-1
"2025000000845",1,11,19,8,0,0,1,1,29,5132,2,4
"2025000000845",2,9,19,8,0,0,2,3,48,998,1,11
"2025000000846",2,9,10,0,0,0,2,1,21,1390,1,10
"2025000000846",1,9,19,0,0,0,1,2,23,1995,2,9
"2025000000847",2,-1,19,6,0,0,1,1,14,-1,-1,-1
"2025000000847",1,9,9,5,0,0,4,1,51,1390,1,17
"2025000000848",2,9,19,8,0,0,1,1,58,-1,-1,-1
"2025000000848",1,9,19,8,0,0,3,1,36,2497,1,17
"2025000000849",3,9,19,0,0,0,1,1,39,1999,2,6
"2025000000849",1,9,3,0,0,0,2,1,39,1595,1,3
"2025000000849",2,9,3,0,0,0,2,1,61,1896,2,16
"2025000000850",1,9,5,1,0,0,1,1,53,1398,1,11
"2025000000851",2,9,19,1,0,0,2,2,23,1199,1,0
"2025000000851",1,9,19,1,0,0,1,2,50,2400,2,14
"2025000000851",3,9,19,1,0,0,2,2,50,1242,1,11
"2025000000852",2,1,9,1,0,0,3,1,55,-1,-1,-1
"2025000000852",1,11,19,1,0,0,1,1,59,5132,2,7
"2025000000853",1,1,99,9,9,99,9,1,29,-1,-1,-1
"2025000000853",2,19,99,9,9,99,9,3,-1,1598,2,7
"2025000000854",1,9,19,1,0,0,1,3,-1,-1,-1,-1
"2025000000854",2,9,3,4,0,0,2,2,46,1499,2,5
"2025000000855",1,9,6,0,0,0,3,1,23,998,1,18
"2025000000855",2,3,19,0,0,0,1,1,22,125,1,2
"2025000000856",1,19,19,0,2,0,1,1,49,1896,2,23
"2025000000857",1,9,3,1,0,0,2,1,70,-1,-1,-1
"2025000000857",2,9,5,1,0,0,1,2,36,-1,-1,-1
"2025000000858",2,9,99,9,9,99,9,3,-1,-1,-1,-1
"2025000000858",1,9,99,9,9,99,9,2,27,1598,1,8
"2025000000859",1,9,9,8,0,0,4,2,19,1560,2,10
"2025000000859",2,9,19,8,0,0,1,2,44,1499,2,1
"2025000000860",1,9,7,2,0,0,1,1,30,1580,8,1
"2025000000860",2,1,19,1,0,0,4,1,47,-1,-1,-1
"2025000000861",2,1,19,8,0,0,1,1,48,-1,-1,-1
"2025000000861",1,9,19,8,0,0,1,1,56,1398,1,9
"2025000000862",2,9,19,0,0,0,1,2,32,2979,1,3
"2025000000862",1,19,5,0,0,0,4,1,51,1968,2,2
"2025000000863",2,9,99,9,9,99,9,3,-1,-1,-1,-1
"2025000000863",1,5,99,9,9,99,1,1,37,847,1,4
"2025000000864",1,9,5,1,0,0,4,1,22,2967,2,16
"2025000000864",2,9,4,8,0,0,1,2,31,1969,1,7
"2025000000865",2,9,19,0,0,0,1,1,33,1461,2,9
"2025000000865",1,19,19,0,0,0,3,1,62,2143,2,3
"2025000000866",2,9,7,6,5,0,1,3,-1,1968,2,16
"2025000000866",1,9,4,1,0,0,1,1,24,-1,-1,-1
"2025000000867",1,19,9,8,0,0,4,1,29,1995,2,14
"2025000000867",2,9,19,8,0,0,1,2,40,1998,1,1
"2025000000868",1,9,5,6,0,0,1,1,36,1596,1,16
"2025000000868",2,1,19,1,0,0,1,1,15,-1,-1,-1
"2025000000869",1,19,-1,8,-1,-1,-1,3,-1,-1,-1,-1
"2025000000870",1,9,99,9,9,99,2,3,41,1597,1,28
"2025000000870",2,3,99,9,9,99,1,1,41,125,1,1
"2025000000871",1,9,19,0,2,0,1,1,20,1198,1,15
"2025000000872",2,9,19,0,0,0,1,1,67,1332,1,2
"2025000000872",1,9,19,0,0,0,1,1,-1,2926,2,21
"2025000000873",1,9,13,2,0,0,4,1,43,1598,2,7
"2025000000873",2,1,5,2,0,0,3,1,33,-1,-1,-1
"2025000000874",2,8,9,5,1,10,3,1,51,1364,7,7
"2025000000874",1,9,13,8,0,0,1,2,-1,1991,8,8
"2025000000875",1,5,19,0,0,0,0,1,52,1000,1,16
"2025000000876",1,1,99,9,9,99,1,2,27,-1,-1,-1
"2025000000876",2,19,99,9,9,99,3,3,28,1870,2,15
"2025000000877",1,21,19,4,0,0,1,1,75,-1,-1,-1
"2025000000877",2,9,19,8,0,0,4,1,59,1596,1,10
"2025000000878",2,3,9,3,0,0,1,1,34,125,1,5
"2025000000878",1,9,19,4,0,0,3,2,23,999,1,3
"2025000000879",1,9,4,6,0,1,1,1,42,1318,1,6
"2025000000879",2,1,9,5,0,1,1,1,19,-1,-1,-1
"2025000000880",1,2,99,9,9,99,9,3,-1,-1,-1,-1
"2025000000881",1,9,4,0,0,0,1,1,36,2149,2,14
"2025000000881",2,9,3,0,0,0,2,2,48,998,1,16
"2025000000881",3,9,4,0,0,0,2,1,28,1390,1,8
"2025000000882",1,18,19,0,0,0,4,1,56,-1,-1,-1
"2025000000883",1,9,19,2,0,0,3,2,35,1598,2,7
"2025000000883",2,19,19,1,0,0,1,1,34,1995,2,2
"2025000000884",1,9,19,0,1,0,1,1,17,1364,1,2
"2025000000885",1,9,19,6,0,0,1,1,24,1499,2,8
"2025000000885",2,9,19,6,0,0,1,2,19,998,8,1
"2025000000886",1,19,9,5,0,0,4,1,-1,2143,2,6
"2025000000886",2,9,19,8,0,0,1,1,30,1389,1,19
"2025000000887",1,9,19,0,0,0,2,1,36,-1,-1,-1
"2025000000887",2,9,19,0,0,0,1,2,26,1791,8,11
"2025000000888",2,9,4,0,0,0,2,1,58,1198,1,12
"2025000000888",4,19,3,0,0,0,2,1,28,1598,2,2
"2025000000888",3,9,3,0,0,0,2,2,20,1685,2,8
"2025000000888",1,9,19,0,0,0,1,2,28,1400,2,14
"2025000000889",1,9,10,8,0,0,3,2,30,1364,1,14
"2025000000889",2,9,5,8,0,0,1,1,55,2993,2,7
"2025000000890",4,9,19,1,9,0,9,3,-1,-1,-1,-1
"2025000000890",2,9,19,1,0,99,9,3,-1,-1,-1,-1
"2025000000890",3,9,19,1,9,99,9,3,-1,-1,-1,-1
"2025000000890",1,11,19,1,0,0,9,3,-1,-1,-1,-1
"2025000000891",1,9,5,1,0,0,1,2,40,1198,1,7
"2025000000891",2,1,19,1,0,0,4,1,12,-1,-1,-1
"2025000000892",1,11,19,1,0,0,1,1,32,6700,2,2
"2025000000892",2,9,9,2,0,0,1,1,44,998,1,15
"2025000000893",1,9,19,0,0,0,1,1,28,1199,1,5
"2025000000893",2,9,19,0,0,0,1,2,55,999,1,8
"2025000000894",1,11,5,0,0,0,4,1,40,8268,2,19
"2025000000895",2,9,19,0,0,0,1,2,76,1248,1,8
"2025000000895",1,1,14,0,5,0,1,1,52,-1,-1,-1
"2025000000895",3,9,3,0,0,0,3,1,70,1995,2,9
"2025000000896",2,9,4,0,1,0,4,2,30,1995,2,15
"2025000000896",1,21,14,0,0,0,0,1,55,-1,-1,-1
"2025000000897",1,9,19,4,0,10,1,2,31,1329,1,13
"2025000000897",2,1,19,8,0,0,2,1,29,-1,-1,-1
"2025000000898",1,5,19,1,0,0,3,1,22,592,1,30
"2025000000899",2,9,19,8,0,0,4,1,-1,-1,-1,-1
"2025000000899",1,1,9,8,0,0,1,1,11,-1,-1,-1
"2025000000900",1,9,99,9,9,99,1,1,30,1499,8,6
"2025000000900",2,9,99,9,9,99,9,3,-1,-1,-1,-1
"2025000000901",1,9,1,0,-1,-1,-1,1,-1,-1,3,3
"2025000000901",2,1,-1,0,-1,-1,-1,2,16,-1,-1,-1
"2025000000902",3,19,2,0,0,0,2,2,47,2464,2,13
"2025000000902",1,21,19,0,2,4,4,1,46,12742,2,2
"2025000000902",2,9,2,0,0,0,3,1,56,-1,-1,-1
"2025000000903",2,9,9,1,0,0,3,2,40,1398,1,9
"2025000000903",1,4,19,1,2,0,4,1,35,-1,-1,-1
"2025000000904",1,11,5,2,0,0,0,1,49,4500,2,9
"2025000000905",1,8,5,1,0,0,1,1,41,1598,2,5
"2025000000905",2,1,19,1,0,0,4,1,33,-1,-1,-1
"2025000000906",1,9,9,6,0,0,1,2,66,1397,1,13
"2025000000906",2,19,19,1,0,0,1,1,53,-1,-1,-1
"2025000000907",2,9,19,8,1,0,4,2,62,1595,1,4
"2025000000907",1,9,9,6,1,0,1,1,52,2700,1,21
"2025000000908",1,9,9,4,0,0,4,1,28,1149,1,14
"2025000000909",1,9,19,0,0,0,1,1,41,999,1,7
"2025000000910",1,9,19,1,0,0,3,2,31,1984,1,6
"2025000000910",2,9,19,1,0,0,0,1,52,1995,2,15