"collision_index","vehicle_reference","vehicle_type","vehicle_manoeuvre","junction_location","skidding_and_overturning","hit_object_in_carriageway","first_point_of_impact","sex_of_driver","age_of_driver","engine_capacity_cc","propulsion_code","age_of_vehicle"
"2025000000911",1,9,7,0,0,0,3,3,-1,-1,-1,-1
"2025000000911",2,1,19,0,0,0,1,1,38,-1,-1,-1
"2025000000912",1,19,5,6,0,0,1,1,21,2999,2,16
"2025000000912",2,9,19,1,0,0,1,2,64,1200,1,4
"2025000000912",3,9,19,1,0,0,1,1,61,3200,2,15
"2025000000913",1,9,7,5,0,0,4,1,37,1388,1,12
"2025000000913",2,1,19,1,0,0,3,1,33,-1,-1,-1
"2025000000914",1,9,19,8,0,0,1,1,24,1995,2,6
"2025000000915",1,9,19,0,0,0,1,1,23,999,1,7
"2025000000915",2,9,4,0,0,0,2,2,-1,1995,1,20
"2025000000916",1,9,99,9,9,99,9,3,-1,1497,8,15
"2025000000917",1,9,19,1,5,6,1,2,41,1498,1,3
"2025000000918",2,11,99,0,9,99,9,3,-1,4500,2,7
"2025000000918",1,9,99,0,9,99,3,1,38,1995,2,8
"2025000000919",2,19,2,1,0,0,1,3,-1,1995,2,2
"2025000000919",1,9,19,1,0,0,1,2,64,1364,1,5
"2025000000920",2,9,99,9,9,99,1,3,-1,998,1,7
"2025000000920",1,19,99,9,9,99,2,1,40,1499,2,4
"2025000000921",2,11,19,1,0,0,1,1,43,4760,2,12
"2025000000921",1,9,19,1,0,0,2,1,44,1598,2,5
"2025000000922",2,9,9,8,0,0,0,2,51,998,1,3
"2025000000922",1,21,19,3,0,0,1,1,47,11967,2,10
"2025000000923",2,9,4,1,0,0,3,1,17,1395,1,4
"2025000000923",1,11,5,1,0,0,3,1,43,4500,2,13
"2025000000924",2,19,19,1,0,0,1,1,50,1968,2,13
"2025000000924",1,11,2,2,0,0,2,1,46,4500,2,7
"2025000000925",2,9,10,1,0,0,2,2,64,1248,1,8
"2025000000925",1,9,19,1,0,0,1,1,83,1461,2,16
"2025000000926",1,19,4,0,0,11,1,1,25,1995,2,6
"2025000000926",4,9,4,0,0,0,2,1,29,999,1,2
"2025000000926",2,9,4,0,0,1,2,1,52,1498,1,2
"2025000000926",3,9,4,0,0,0,2,2,42,1496,2,7
"2025000000927",1,11,9,5,0,0,1,1,30,6690,2,9
"2025000000927",2,9,19,1,0,0,1,1,68,1596,1,19
"2025000000928",1,9,19,1,0,0,4,1,34,-1,3,0
"2025000000929",2,9,19,0,0,0,1,1,62,-1,-1,-1
"2025000000929",1,9,19,0,1,0,3,1,56,2987,2,14
"2025000000930",1,3,99,9,9,99,9,1,26,125,1,3
"2025000000930",2,9,99,9,9,99,9,3,-1,1595,1,5
"2025000000931",1,9,19,4,0,0,3,1,75,1200,1,1
"2025000000931",2,9,19,4,0,0,1,3,-1,-1,-1,-1
"2025000000932",1,11,19,1,0,0,1,1,33,9000,2,8
"2025000000933",1,9,1,0,0,0,0,1,55,-1,-1,-1
"2025000000933",2,1,4,0,0,0,1,1,-1,-1,-1,-1
"2025000000934",2,9,19,0,0,0,1,1,27,1685,2,12
"2025000000934",1,9,19,0,0,0,1,3,-1,1968,2,15
"2025000000935",2,9,4,0,0,0,2,1,18,1398,2,12
"2025000000935",1,21,4,0,0,4,1,1,72,12419,2,5
"2025000000936",2,1,9,4,0,0,4,2,45,-1,-1,-1
"2025000000936",1,9,19,4,0,0,3,3,17,-1,-1,-1
"2025000000937",3,9,2,0,0,0,2,1,44,1995,2,2
"2025000000937",2,19,2,0,0,0,2,1,53,1995,2,4
"2025000000937",1,9,19,0,0,4,1,1,25,1596,1,9
"2025000000938",2,9,19,0,0,0,1,2,19,1229,1,14
"2025000000938",1,9,19,0,0,0,2,3,-1,-1,-1,-1
"2025000000938",3,19,4,0,0,0,2,1,37,1995,2,4
"2025000000939",1,9,19,0,0,0,1,1,52,1796,1,12
"2025000000939",2,9,19,0,0,0,1,3,-1,1968,2,2
"2025000000940",2,19,19,0,0,4,1,1,46,-1,-1,-1
"2025000000940",1,19,2,0,0,0,2,2,54,-1,-1,-1
"2025000000941",1,9,19,1,0,0,3,2,63,1598,1,17
"2025000000941",2,9,9,1,0,0,1,2,44,998,1,21
"2025000000942",1,9,19,0,0,0,1,1,33,973,1,22
"2025000000943",2,9,19,1,1,0,1,2,53,1197,1,8
"2025000000943",1,9,19,1,1,4,1,1,29,1598,1,15
"2025000000944",1,9,99,0,9,99,1,3,-1,-1,-1,-1
"2025000000945",4,9,4,0,0,0,1,1,38,1149,1,8
"2025000000945",1,9,4,0,0,0,2,2,36,1560,2,13
"2025000000945",3,9,4,0,0,0,2,1,37,-1,-1,-1
"2025000000945",2,9,4,0,0,0,2,1,38,1998,1,7
"2025000000946",1,9,2,0,0,4,2,1,40,2179,2,15
"2025000000946",2,1,19,0,5,4,1,1,13,-1,-1,-1
"2025000000947",2,1,19,0,0,0,3,2,29,-1,-1,-1
"2025000000947",1,9,4,0,0,12,4,2,65,1998,1,2
"2025000000948",1,9,19,0,5,0,1,1,18,998,1,4
"2025000000949",2,1,10,1,0,0,2,1,34,-1,-1,-1
"2025000000949",1,9,19,1,0,0,2,3,-1,-1,-1,-1
"2025000000950",2,9,10,1,1,0,2,2,75,1462,1,3
"2025000000950",1,19,13,1,1,0,1,1,35,1996,2,13
"2025000000951",2,9,3,0,0,0,2,2,36,1968,2,15
"2025000000951",1,19,5,0,0,0,1,1,32,1560,2,9
"2025000000952",1,9,9,8,0,0,2,1,33,1242,1,7
"2025000000952",2,5,9,1,0,0,2,1,25,-1,-1,-1
"2025000000953",2,19,99,9,9,99,9,1,27,1950,2,2
"2025000000953",1,9,99,9,9,99,1,1,26,2494,1,19
"2025000000954",2,9,9,5,0,0,2,1,49,1797,8,8
"2025000000954",1,9,9,5,0,0,1,2,41,1329,1,9
"2025000000955",1,9,19,0,0,0,1,2,56,1596,1,19
"2025000000956",2,19,99,9,9,99,9,2,26,1499,2,3
"2025000000956",1,1,99,9,9,99,9,2,36,-1,-1,-1
"2025000000957",2,9,99,9,9,99,2,3,38,4806,1,8
"2025000000957",1,3,99,9,9,99,1,2,23,125,1,0
"2025000000958",2,9,19,0,0,0,2,1,27,1598,1,11
"2025000000958",1,5,15,0,0,0,1,1,17,599,1,22
"2025000000958",3,9,19,0,0,0,2,1,35,4164,2,33
"2025000000959",2,9,5,1,0,0,3,1,63,1796,1,23
"2025000000959",1,9,19,1,0,0,1,2,27,1984,1,10
"2025000000960",1,9,19,1,0,0,1,1,53,2198,1,18
"2025000000960",2,9,3,1,0,0,2,2,33,1198,1,10
"2025000000961",1,9,19,0,0,0,3,1,44,1618,1,1
"2025000000961",2,1,19,0,0,0,4,1,37,-1,-1,-1
"2025000000962",1,9,19,1,0,0,1,2,26,998,1,13
"2025000000962",3,9,3,2,0,0,3,1,37,1950,2,2
"2025000000962",2,19,19,1,0,0,4,2,37,2298,2,13
"2025000000963",1,9,19,8,0,0,1,2,37,1500,2,2
"2025000000964",1,9,-1,-1,-1,-1,-1,3,-1,2993,2,4
"2025000000964",2,9,-1,-1,-1,-1,-1,2,33,1498,1,5
"2025000000965",2,19,19,1,0,0,1,1,26,2143,2,7
"2025000000965",1,9,9,1,0,0,4,1,23,1248,1,9
"2025000000966",1,9,19,1,0,0,1,1,27,1229,1,13
"2025000000966",2,9,19,1,0,0,2,2,40,1242,1,11
"2025000000967",4,9,2,2,0,0,4,1,-1,-1,-1,-1
"2025000000967",2,19,19,8,5,0,4,1,26,1997,2,12
"2025000000967",1,9,19,8,0,0,1,1,42,1995,1,11
"2025000000967",3,9,2,2,0,0,4,1,36,1396,2,9
"2025000000968",2,9,19,1,0,0,1,1,22,1995,2,2
"2025000000968",1,9,9,8,0,0,3,1,46,1328,1,13
"2025000000969",1,9,5,2,0,0,0,2,86,1598,1,6
"2025000000969",2,3,19,1,1,0,0,1,67,125,1,13
"2025000000970",2,1,19,8,0,0,1,2,16,-1,-1,-1
"2025000000970",1,9,5,6,0,0,4,2,61,1999,2,4
"2025000000971",1,5,13,1,0,0,1,1,24,649,1,14
"2025000000971",2,9,9,1,0,0,3,1,36,1968,2,12
"2025000000972",1,21,-1,0,-1,-1,-1,1,-1,10837,2,1
"2025000000972",2,19,-1,0,-1,-1,-1,1,45,1995,2,2
"2025000000973",2,9,99,9,9,99,1,3,-1,1798,8,7
"2025000000973",1,1,99,9,9,99,9,1,15,-1,-1,-1
"2025000000974",1,9,19,1,0,0,1,2,39,1995,2,17
"2025000000974",2,9,19,1,0,0,1,1,28,1124,1,20
"2025000000975",1,5,99,9,9,99,9,1,38,765,1,1
"2025000000975",2,11,99,9,9,99,9,3,-1,4500,2,8
"2025000000976",2,17,19,1,0,0,3,1,56,-1,2,16
"2025000000976",1,9,19,1,0,11,1,2,67,1997,2,10
"2025000000977",1,9,10,8,0,0,1,2,43,1995,2,7
"2025000000977",2,97,19,8,2,0,1,1,18,-1,-1,-1
"2025000000978",1,9,9,6,0,0,1,1,36,1599,1,16
"2025000000978",2,1,19,1,0,0,3,1,24,-1,-1,-1
"2025000000979",2,9,9,8,0,0,4,1,43,1498,1,13
"2025000000979",1,2,19,8,1,0,1,1,43,108,1,6
"2025000000980",1,9,19,0,0,0,1,2,44,1199,1,4
"2025000000980",2,9,19,0,0,0,1,2,78,998,1,14
"2025000000981",1,9,19,6,0,0,1,1,-1,1399,2,14
"2025000000981",2,9,19,8,0,0,4,1,39,1461,2,3
"2025000000982",1,9,19,1,1,0,3,1,32,4163,1,14
"2025000000983",1,9,9,5,0,0,1,1,-1,-1,-1,-1
"2025000000983",2,1,19,8,0,0,1,2,30,-1,-1,-1
"2025000000984",1,9,9,8,0,0,3,1,39,1797,8,12
"2025000000985",2,3,19,1,0,0,1,1,27,124,1,3
"2025000000985",1,9,9,8,0,0,1,2,65,1398,1,3
"2025000000986",1,9,9,8,0,0,3,1,18,1242,1,14
"2025000000986",2,3,19,8,0,0,1,1,18,124,1,10
"2025000000987",2,9,19,1,0,0,1,2,25,1364,1,13
"2025000000987",1,9,19,8,0,0,2,2,56,1499,2,4
"2025000000988",1,9,12,0,0,0,3,1,42,1798,8,6
"2025000000988",2,9,19,0,0,0,4,2,24,1197,1,5
"2025000000989",1,9,19,1,0,0,1,1,21,1900,2,17
"2025000000990",1,9,19,1,0,0,1,3,-1,-1,-1,-1
"2025000000990",2,9,4,1,0,0,2,2,23,1685,2,10
"2025000000991",1,19,6,0,0,0,1,1,28,1500,2,4
"2025000000991",2,1,19,0,0,0,1,1,32,-1,-1,-1
"2025000000992",2,9,9,0,0,0,1,2,30,1422,2,7
"2025000000992",1,9,19,0,0,0,1,3,30,1797,8,6
"2025000000993",1,1,19,8,0,0,3,1,29,-1,-1,-1
"2025000000993",2,9,19,8,0,0,1,2,58,1997,2,8
"2025000000994",1,9,7,6,0,0,1,1,37,1498,1,6
"2025000000995",2,9,4,1,0,0,0,1,38,1496,2,2
"2025000000995",1,9,19,8,0,0,4,3,-1,2792,1,11
"2025000000996",1,9,19,0,0,0,4,2,58,1398,1,7
"2025000000997",2,9,19,8,0,0,1,2,46,1499,2,4
"2025000000997",1,19,9,6,0,0,3,1,32,2143,2,1
"2025000000998",2,9,-1,0,-1,-1,-1,2,46,1200,1,10
"2025000000998",1,9,-1,0,-1,-1,-1,1,-1,1968,2,4
"2025000000999",2,9,2,0,0,0,1,3,-1,999,1,2
"2025000000999",1,9,19,0,2,4,1,1,80,1388,1,12
"2025000001000",1,9,19,4,0,0,1,2,58,2184,2,12
"2025000001000",2,23,19,8,0,0,1,1,33,-1,-1,-1
"2025000001001",1,4,19,0,1,0,0,2,50,-1,-1,-1
"2025000001002",1,9,19,1,0,0,1,1,26,-1,-1,-1
"2025000001002",2,19,9,1,0,0,1,1,41,2148,2,16
"2025000001003",2,22,-1,0,-1,-1,-1,1,85,-1,-1,-1
"2025000001003",1,8,-1,0,-1,-1,-1,3,-1,1797,8,13
"2025000001004",2,9,4,0,0,0,2,2,35,1686,2,10
"2025000001004",1,9,4,0,0,0,1,2,24,1368,1,12
"2025000001005",1,11,4,4,0,0,1,1,69,-1,3,0
"2025000001006",2,9,2,0,0,0,1,3,-1,1332,1,5
"2025000001006",1,9,19,0,0,0,1,1,30,1499,2,1
"2025000001007",1,9,19,0,0,0,3,1,-1,1560,2,10
"2025000001007",2,9,19,0,0,0,4,1,42,1242,1,13
"2025000001008",1,9,5,1,0,0,3,1,18,1499,2,9
"2025000001008",2,9,19,1,0,0,4,2,19,1461,2,8
"2025000001009",1,9,5,6,0,0,1,1,51,1968,2,6
"2025000001010",1,2,19,1,1,10,0,2,46,125,1,6
"2025000001010",2,9,9,1,0,0,0,3,-1,-1,-1,-1
"2025000001011",1,9,12,1,0,0,3,2,62,1498,1,1
"2025000001011",2,9,19,1,0,0,4,1,55,1477,1,0
"2025000001012",1,9,19,1,0,0,1,2,57,999,1,4
"2025000001013",2,9,4,0,0,0,2,2,53,-1,3,2
"2025000001013",1,9,9,0,0,0,1,3,-1,999,8,1
"2025000001014",1,9,5,1,0,0,4,1,88,998,1,2
"2025000001015",2,16,19,0,0,0,3,2,50,-1,-1,-1
"2025000001015",1,16,19,0,0,0,3,2,30,-1,-1,-1
"2025000001016",1,9,9,1,0,0,4,2,48,1398,1,11
"2025000001016",2,5,19,1,5,0,1,1,40,1200,1,5
"2025000001017",2,4,4,8,0,0,2,2,28,471,1,3
"2025000001017",1,9,19,8,0,0,1,1,51,1798,8,11
"2025000001018",2,1,19,0,0,0,3,1,43,-1,-1,-1
"2025000001018",1,19,13,0,0,0,4,1,51,-1,-1,-1
"2025000001019",1,9,12,0,5,0,1,1,35,2179,2,10
"2025000001019",2,9,19,0,0,0,1,2,31,-1,3,1
"2025000001019",3,9,19,0,0,0,1,1,27,1461,2,6
"2025000001019",4,21,19,0,0,0,4,1,51,16120,2,6
"2025000001020",1,9,19,1,0,0,4,1,37,1199,1,1
"2025000001021",2,19,13,8,0,0,1,1,35,1598,2,5
"2025000001021",1,9,6,8,0,0,3,1,27,-1,-1,-1
"2025000001022",1,9,7,4,0,0,1,1,39,-1,-1,-1
"2025000001022",2,9,9,3,0,0,1,1,31,2461,2,20
"2025000001023",1,9,19,0,0,0,1,1,78,998,1,7
"2025000001024",1,9,9,0,0,0,4,1,65,1560,2,9
"2025000001025",1,9,19,6,0,0,1,1,73,1685,2,8
"2025000001025",2,1,19,1,0,0,1,1,80,-1,-1,-1
"2025000001026",1,9,19,0,0,0,2,1,24,1248,2,9
"2025000001026",3,9,4,0,0,0,1,1,28,-1,-1,-1
"2025000001026",2,9,19,0,0,0,2,1,23,1995,2,7
"2025000001027",1,9,19,1,0,0,4,2,26,-1,-1,-1
"2025000001027",2,9,19,1,0,0,1,1,28,-1,3,2
"2025000001028",1,9,99,9,9,99,3,1,25,1499,2,3
"2025000001028",2,9,13,4,0,0,3,1,22,1248,1,12
"2025000001029",1,1,99,9,9,99,2,3,-1,-1,-1,-1
"2025000001029",2,9,99,9,9,99,9,2,42,1490,8,2
"2025000001030",2,1,15,0,5,0,1,2,71,-1,-1,-1
"2025000001030",1,9,9,0,0,0,3,1,40,998,1,18
"2025000001031",2,9,9,8,0,0,3,1,79,2993,2,5
"2025000001031",1,3,13,1,0,0,1,1,18,124,1,1
"2025000001032",1,9,9,8,0,0,4,2,38,998,1,5
"2025000001032",2,19,19,8,0,0,1,1,50,1950,2,3
"2025000001033",2,9,19,0,0,0,3,2,20,1229,1,13
"2025000001033",1,19,19,0,0,0,4,1,42,10837,2,7
"2025000001034",1,11,19,0,0,0,1,2,53,7300,2,12
"2025000001035",1,9,19,8,0,0,1,2,33,1560,2,11
"2025000001036",2,9,19,1,0,0,4,1,52,-1,-1,-1
"2025000001036",1,9,9,8,0,0,3,2,69,1197,1,7
"2025000001037",1,9,5,6,0,0,1,2,40,998,1,9
"2025000001037",2,1,4,1,0,0,1,1,36,-1,-1,-1
"2025000001038",1,9,3,4,0,0,1,1,28,-1,-1,-1
"2025000001038",3,9,3,4,0,0,2,2,-1,1968,2,7
"2025000001038",2,20,19,4,1,0,1,3,-1,6693,2,9
"2025000001039",2,9,19,0,0,0,2,1,54,1339,1,20
"2025000001039",1,4,19,0,0,0,1,1,32,-1,-1,-1
"2025000001039",3,9,19,0,0,0,4,2,51,1598,1,5
"2025000001040",1,9,5,2,0,0,1,1,36,1995,2,12
"2025000001040",2,9,9,8,0,0,3,1,29,2981,1,0
"2025000001041",1,9,4,1,0,0,2,2,27,999,1,3
"2025000001041",2,9,19,1,0,0,1,2,52,998,1,8
"2025000001042",1,11,5,8,0,0,4,1,57,9360,2,7
"2025000001042",2,9,4,1,0,0,1,2,-1,-1,-1,-1
"2025000001043",1,9,7,2,5,0,3,2,48,-1,-1,-1
"2025000001044",2,-1,19,1,0,0,1,1,17,-1,-1,-1
"2025000001044",1,9,9,1,0,0,1,1,41,1596,1,13
"2025000001045",1,19,9,8,0,0,3,1,40,2198,2,7
"2025000001045",2,9,19,8,0,0,1,1,20,1229,1,7
"2025000001046",2,9,9,1,0,0,2,1,19,-1,-1,-1
"2025000001046",1,9,19,1,0,0,1,1,30,1368,1,15
"2025000001047",1,3,19,8,0,0,1,1,19,-1,-1,-1
"2025000001047",2,9,2,1,0,0,1,1,29,1560,2,7
"2025000001048",2,19,19,1,0,0,3,1,31,1598,2,6
"2025000001048",1,9,19,6,0,0,1,1,37,1986,2,14
"2025000001049",1,19,3,0,0,0,4,1,25,2287,2,1
"2025000001050",1,9,19,0,0,0,1,2,-1,1360,1,15
"2025000001050",2,90,2,0,0,0,1,3,-1,-1,-1,-1
"2025000001051",1,9,11,0,2,0,1,1,29,2720,2,16
"2025000001052",5,9,19,0,0,0,2,1,59,1995,2,3
"2025000001052",4,9,19,0,0,0,1,2,49,1596,1,11
"2025000001052",2,9,19,0,0,0,2,1,34,1968,2,12
"2025000001052",1,19,19,0,0,0,1,1,41,1870,2,15
"2025000001052",6,9,19,0,0,0,2,1,44,1560,2,6
"2025000001052",3,9,19,0,0,0,2,1,73,1798,1,9
"2025000001053",1,9,19,0,0,0,4,3,-1,-1,-1,-1
"2025000001053",2,9,2,0,0,0,3,1,41,1596,1,16
"2025000001054",2,9,9,1,0,0,1,1,24,1598,2,12
"2025000001054",1,9,19,2,1,0,3,1,37,999,1,5
"2025000001055",3,9,19,0,0,0,2,1,30,998,1,8
"2025000001055",2,9,19,0,0,0,2,1,25,2143,2,6
"2025000001055",1,9,19,0,0,0,1,2,30,1995,2,7
"2025000001056",2,9,9,6,0,0,4,3,50,-1,-1,-1
"2025000001056",1,2,19,1,0,0,1,1,53,125,1,7
"2025000001057",2,19,99,9,9,99,9,3,-1,1995,2,3
"2025000001057",1,9,99,9,9,99,9,1,31,1798,1,13
"2025000001058",1,9,19,0,0,0,1,1,76,1586,1,12
"2025000001059",2,9,19,8,0,0,4,1,67,1798,1,11
"2025000001059",1,10,9,8,0,0,1,2,32,-1,-1,-1
"2025000001060",2,9,3,8,0,0,2,2,26,1582,2,13
"2025000001060",1,9,9,8,0,0,1,2,-1,2204,2,15
"2025000001061",2,9,14,1,0,4,3,3,-1,-1,-1,-1
"2025000001061",1,9,2,1,0,0,3,3,-1,1598,2,10
"2025000001062",3,19,1,0,0,0,2,1,32,1248,2,11
"2025000001062",1,9,2,0,0,0,2,2,34,1197,1,4
"2025000001063",1,9,19,0,0,0,3,1,21,-1,-1,-1
"2025000001063",2,9,19,0,0,0,4,2,66,1193,1,8
"2025000001064",1,9,99,9,9,99,2,2,46,1248,1,5
"2025000001064",2,19,99,9,9,99,9,3,33,1995,2,1
"2025000001065",1,9,19,1,0,0,1,1,80,1950,2,5
"2025000001065",2,9,3,8,0,0,3,1,50,2893,1,12
"2025000001066",1,9,19,0,0,0,1,1,31,2143,2,6
"2025000001067",1,9,19,1,0,0,1,1,75,-1,-1,-1
"2025000001068",1,5,3,8,0,0,4,1,49,999,1,8
"2025000001068",2,9,9,6,0,0,1,2,44,1968,2,1
"2025000001069",2,9,3,1,0,0,2,2,53,1499,8,4
"2025000001069",1,9,19,1,0,0,1,2,32,1198,1,9
"2025000001070",2,9,9,8,0,0,4,2,60,1360,1,16
"2025000001070",1,90,19,6,0,0,1,1,17,-1,-1,-1
"2025000001071",1,9,4,1,5,0,1,1,86,1998,1,16
"2025000001072",1,9,19,0,1,0,1,1,20,1968,2,7
"2025000001072",2,19,2,0,0,0,3,3,-1,2402,2,20
"2025000001073",1,9,9,3,0,0,1,1,55,1797,8,6
"2025000001073",2,1,9,8,0,0,2,1,41,-1,-1,-1
"2025000001074",4,9,19,0,0,0,1,1,30,2998,8,0
"2025000001074",3,9,19,0,1,0,1,1,55,2982,2,25
"2025000001074",1,9,12,0,1,0,3,1,24,998,1,6
"2025000001074",2,9,19,0,1,0,1,1,46,1991,1,8
"2025000001075",1,9,19,2,0,0,1,1,22,1956,2,10
"2025000001075",2,9,19,2,0,0,2,1,39,1995,2,2
"2025000001075",3,9,19,2,0,0,2,1,57,1798,1,14
"2025000001076",2,11,19,0,0,0,3,1,50,7300,2,7
"2025000001076",1,9,19,0,1,0,1,1,37,1995,2,12
"2025000001077",1,9,5,1,0,0,4,1,80,1198,1,10
"2025000001078",1,9,19,1,5,7,1,1,29,1910,2,15
"2025000001079",1,9,5,6,0,0,1,1,55,1896,2,20
"2025000001080",1,-1,14,0,0,0,1,1,-1,-1,-1,-1
"2025000001080",2,9,2,0,0,0,1,2,46,998,1,16
"2025000001081",2,1,15,8,2,0,1,1,40,-1,-1,-1
"2025000001081",1,9,7,5,0,0,4,1,28,1499,1,2
"2025000001082",2,9,19,0,0,0,1,1,74,1995,2,9
"2025000001082",1,9,19,0,0,0,1,1,36,-1,-1,-1
"2025000001083",1,9,99,9,9,99,9,1,22,1200,1,4
"2025000001083",2,19,99,9,9,99,1,3,-1,-1,-1,-1
"2025000001084",2,1,19,8,0,0,1,2,24,-1,-1,-1
"2025000001084",1,8,19,8,0,0,1,1,35,1997,2,8
"2025000001085",1,9,19,0,0,0,3,1,80,1580,8,2
"2025000001085",2,9,19,0,0,0,4,2,67,1995,2,10
"2025000001086",2,9,19,0,0,0,1,1,-1,-1,-1,-1
"2025000001086",1,3,19,0,0,0,1,1,21,124,1,37
"2025000001087",1,19,1,0,0,0,2,1,50,1997,2,7
"2025000001088",1,9,15,0,1,0,2,1,22,2998,1,4
"2025000001088",2,9,19,0,0,0,2,2,38,1198,1,10
"2025000001089",2,9,1,0,0,0,2,3,49,-1,-1,-1
"2025000001089",1,4,19,0,5,0,3,1,24,293,1,3
"2025000001090",1,23,4,1,0,0,1,1,25,-1,-1,-1
"2025000001090",2,3,14,1,5,0,0,1,53,125,1,5
"2025000001091",1,9,19,0,0,0,1,2,43,1390,1,20
"2025000001091",2,1,19,0,0,0,2,1,35,-1,-1,-1
"2025000001092",2,9,6,8,0,0,3,2,35,1598,2,11
"2025000001092",1,9,19,8,0,0,1,1,68,1998,1,8
"2025000001093",1,9,14,0,0,0,1,1,45,1998,8,7
"2025000001094",1,9,19,0,0,0,4,1,51,1582,2,10
"2025000001095",1,9,19,0,0,0,1,1,-1,-1,-1,-1
"2025000001095",2,9,19,0,0,0,1,1,38,998,1,1
"2025000001096",2,-1,12,0,0,0,1,3,-1,-1,-1,-1
"2025000001096",1,9,12,0,0,0,2,2,43,1329,1,9
"2025000001097",2,9,4,1,0,0,1,3,-1,1598,1,20
"2025000001097",1,9,9,1,1,0,3,1,25,1968,2,8
"2025000001098",1,9,9,0,0,0,1,3,-1,1968,2,8
"2025000001098",2,97,19,0,0,0,1,1,16,-1,-1,-1
"2025000001099",1,11,19,0,0,0,1,1,22,9360,2,9
"2025000001100",1,5,99,9,9,99,2,1,66,-1,-1,-1
"2025000001100",2,9,99,9,9,99,1,3,47,-1,-1,-1
"2025000001101",2,1,19,1,0,0,3,1,19,-1,-1,-1
"2025000001101",1,8,-1,1,-1,-1,-1,3,-1,-1,-1,-1
"2025000001102",1,9,19,0,0,0,1,2,39,1560,2,10
"2025000001102",2,9,19,0,0,0,1,1,75,2488,8,0
"2025000001103",1,9,-1,-1,-1,-1,-1,3,-1,-1,-1,-1
"2025000001104",1,9,19,0,0,0,4,2,32,999,1,3
"2025000001105",1,9,19,1,0,0,1,1,28,1995,2,11
"2025000001105",2,9,10,8,0,0,2,2,44,1968,2,8
"2025000001106",2,9,19,0,0,0,1,1,52,998,1,7
"2025000001106",1,9,19,0,1,0,1,1,34,1998,1,3
"2025000001107",2,1,7,1,2,0,3,2,54,-1,-1,-1
"2025000001107",1,9,9,1,0,0,3,2,29,1598,1,28
"2025000001108",2,9,4,0,0,0,2,1,49,1798,1,17
"2025000001108",1,9,4,0,0,0,1,1,36,1353,1,5
"2025000001109",1,10,99,9,9,99,1,1,62,1995,2,4
"2025000001109",2,1,99,9,9,99,9,2,36,-1,-1,-1
"2025000001110",1,9,19,0,1,0,1,1,41,-1,-1,-1
"2025000001110",2,9,19,0,0,0,1,2,26,-1,-1,-1
"2025000001111",2,9,4,2,0,0,2,2,24,1199,1,4
"2025000001111",1,9,5,2,0,0,1,2,24,1388,1,19
"2025000001112",1,9,13,8,0,0,4,2,75,998,8,0
"2025000001112",2,1,19,8,0,0,3,2,45,-1,-1,-1
"2025000001113",1,9,19,1,0,0,1,1,63,1956,2,12
"2025000001114",1,9,19,8,0,0,1,1,70,2290,1,18
"2025000001114",2,9,19,6,0,0,1,1,21,1332,1,2
"2025000001115",1,9,19,0,0,0,1,2,31,1461,2,7
"2025000001115",2,21,19,0,0,0,1,1,31,12419,2,4
"2025000001116",1,9,19,0,0,0,1,1,64,1956,2,8
"2025000001117",1,9,9,8,0,0,4,1,40,2720,2,16
"2025000001118",1,9,10,2,0,0,4,1,43,1461,2,12
"2025000001118",2,11,19,1,0,0,1,1,30,10837,2,5
"2025000001119",1,9,14,0,0,0,3,2,38,1997,1,7
"2025000001119",2,9,14,0,0,0,3,1,-1,1997,2,20
"2025000001120",2,9,4,0,0,0,1,2,29,2967,2,13
"2025000001120",3,9,4,0,0,0,1,1,26,-1,-1,-1
"2025000001120",1,9,4,0,0,0,2,2,37,1968,2,3
"2025000001121",3,5,19,1,0,0,4,1,32,998,1,9
"2025000001121",1,5,19,1,0,0,1,2,28,999,1,11
"2025000001121",2,9,4,1,0,0,2,1,57,1560,2,13
"2025000001122",1,9,1,1,0,0,0,3,-1,-1,-1,-1
"2025000001122",2,9,19,1,0,0,3,1,55,1896,2,20
"2025000001122",3,9,13,1,0,0,2,1,-1,2495,2,20
"2025000001123",2,23,19,8,0,0,4,1,17,-1,-1,-1
"2025000001123",1,9,5,8,0,0,4,1,60,1599,1,14
"2025000001124",1,9,4,0,0,0,1,1,20,1339,1,16
"2025000001125",2,9,4,8,0,0,2,2,33,999,1,2
"2025000001125",1,9,19,8,0,0,1,1,37,1956,2,13
"2025000001126",1,9,19,0,0,0,1,1,64,1598,1,9
"2025000001127",1,3,19,1,0,0,2,1,26,125,1,2
"2025000001127",2,9,19,1,0,0,1,1,39,1560,2,5
"2025000001128",1,11,7,5,0,0,4,1,25,4461,2,9
"2025000001128",2,1,19,1,0,0,1,1,12,-1,-1,-1
"2025000001129",2,98,5,0,0,0,3,3,-1,-1,-1,-1
"2025000001129",1,11,3,0,0,0,3,1,51,9360,2,11
"2025000001130",1,19,19,0,0,0,3,3,-1,1997,2,18
"2025000001130",2,5,19,0,0,0,0,1,38,798,1,10
"2025000001131",2,9,9,1,0,0,3,2,53,1461,2,3
"2025000001131",1,9,13,1,0,0,3,1,38,1598,1,11