"collision_index","vehicle_reference","vehicle_type","vehicle_manoeuvre","junction_location","skidding_and_overturning","hit_object_in_carriageway","first_point_of_impact","sex_of_driver","age_of_driver","engine_capacity_cc","propulsion_code","age_of_vehicle"
"2025000001361",1,9,4,1,0,0,1,1,68,1498,1,0
"2025000001362",2,1,5,2,5,0,1,1,24,-1,-1,-1
"2025000001362",1,19,5,1,0,0,1,2,-1,1499,2,4
"2025000001363",1,9,19,8,1,0,1,1,29,1390,1,13
"2025000001363",2,21,19,8,0,0,3,1,46,10518,2,5
"2025000001363",3,9,19,8,0,0,3,2,50,1560,2,10
"2025000001364",1,3,99,9,9,99,9,3,24,125,1,1
"2025000001364",2,9,99,9,9,99,9,3,-1,1798,8,5
"2025000001365",1,9,19,0,5,0,1,1,33,3996,1,4
"2025000001366",1,21,19,0,0,0,1,1,27,12777,2,6
"2025000001366",2,9,4,0,0,0,2,1,20,2000,2,15
"2025000001366",3,9,4,0,0,0,2,2,25,2143,2,5
"2025000001367",2,9,3,1,0,0,2,1,46,1968,2,4
"2025000001367",3,19,3,1,0,0,3,1,30,2143,2,1
"2025000001367",4,19,3,1,0,0,3,1,37,1995,2,2
"2025000001367",1,9,19,1,0,0,1,1,23,2143,2,4
"2025000001368",1,9,7,1,0,0,1,3,-1,1242,1,9
"2025000001368",2,9,9,2,0,0,4,1,43,1797,8,2
"2025000001369",2,1,19,1,0,0,1,1,-1,-1,-1,-1
"2025000001369",1,9,19,1,0,0,3,1,46,1229,1,13
"2025000001370",1,9,99,0,9,99,9,3,-1,2362,8,11
"2025000001371",1,21,19,0,1,0,1,1,24,-1,-1,-1
"2025000001371",3,21,19,0,1,1,1,1,41,-1,-1,-1
"2025000001371",2,21,19,0,0,0,2,1,52,10677,2,0
"2025000001372",1,9,19,0,0,12,1,1,27,2998,1,4
"2025000001373",1,9,5,0,0,0,1,3,30,-1,-1,-1
"2025000001373",2,1,5,0,0,0,2,1,55,-1,-1,-1
"2025000001374",2,9,19,1,0,0,0,3,-1,-1,-1,-1
"2025000001374",1,11,7,1,0,0,0,1,44,5132,2,4
"2025000001375",1,9,1,1,0,0,2,1,61,1498,1,0
"2025000001376",1,11,19,2,0,0,0,1,30,5132,2,7
"2025000001377",1,9,3,3,0,0,1,2,43,1598,1,16
"2025000001377",2,9,3,3,0,0,2,2,41,1598,1,10
"2025000001378",1,9,19,0,0,0,1,1,23,-1,-1,-1
"2025000001378",2,1,9,0,0,0,1,2,25,-1,-1,-1
"2025000001379",1,9,19,0,0,0,0,1,49,2720,2,16
"2025000001379",2,9,19,0,0,0,1,1,59,2993,2,7
"2025000001380",3,9,19,0,1,0,1,1,45,4999,1,0
"2025000001380",2,9,4,0,2,11,1,2,44,1998,1,14
"2025000001380",1,19,19,0,2,11,2,1,34,2143,2,4
"2025000001381",3,9,19,0,0,0,1,1,41,2993,2,5
"2025000001381",2,9,19,0,0,0,1,2,25,1498,2,2
"2025000001381",1,19,19,0,0,0,2,1,30,2402,2,18
"2025000001381",4,9,19,0,0,0,1,1,29,2993,2,3
"2025000001382",2,9,19,0,0,0,1,1,-1,1198,1,12
"2025000001382",1,9,3,0,0,0,2,2,49,998,8,1
"2025000001383",2,9,19,0,0,6,4,2,26,-1,-1,-1
"2025000001383",1,9,19,0,0,0,3,2,28,-1,-1,-1
"2025000001384",1,9,19,1,0,0,2,1,46,-1,-1,-1
"2025000001384",2,9,11,1,0,4,3,2,24,998,1,12
"2025000001385",1,9,9,6,0,0,3,1,24,-1,3,1
"2025000001385",2,9,19,1,0,0,4,1,20,998,1,5
"2025000001386",1,11,99,9,9,99,1,3,-1,6696,2,9
"2025000001387",1,9,19,0,0,0,1,2,39,1242,1,3
"2025000001387",3,9,19,0,0,0,2,2,41,1242,1,2
"2025000001387",2,9,19,0,0,0,1,2,54,1498,1,13
"2025000001388",2,9,19,0,0,0,1,2,55,1997,2,21
"2025000001388",1,9,4,0,0,0,2,1,39,1956,2,8
"2025000001389",1,9,99,9,9,99,2,1,24,2000,2,12
"2025000001390",1,19,19,0,0,0,4,1,41,1598,2,7
"2025000001390",2,9,7,0,0,0,1,1,38,-1,-1,-1
"2025000001391",1,9,19,0,0,0,1,2,26,1598,1,14
"2025000001392",1,9,11,3,0,0,4,1,32,1995,2,19
"2025000001392",2,21,6,8,0,0,1,1,56,10837,2,5
"2025000001393",1,9,14,0,0,0,1,2,31,-1,-1,-1
"2025000001394",2,19,99,9,9,99,9,3,24,1995,2,2
"2025000001394",1,1,99,9,9,99,9,1,51,-1,-1,-1
"2025000001395",1,9,2,0,0,0,3,1,43,-1,-1,-1
"2025000001395",2,1,14,0,0,8,1,2,66,-1,-1,-1
"2025000001396",1,9,99,9,9,99,9,2,46,1999,2,5
"2025000001396",2,8,99,9,9,99,9,3,-1,-1,-1,-1
"2025000001397",2,9,10,1,0,0,2,2,40,1398,1,18
"2025000001397",1,9,19,1,0,0,3,1,80,1598,8,1
"2025000001398",1,9,5,0,0,12,4,1,29,1242,1,8
"2025000001399",1,9,2,0,0,0,1,1,31,1596,1,19
"2025000001399",2,9,2,0,0,0,2,2,62,1560,2,14
"2025000001400",1,3,99,9,9,99,1,1,27,125,1,3
"2025000001400",2,9,99,9,9,99,9,3,-1,1242,1,14
"2025000001401",1,9,9,5,0,0,1,2,-1,1200,1,10
"2025000001401",2,1,19,8,0,0,1,2,41,-1,-1,-1
"2025000001402",1,97,19,0,0,0,-1,3,-1,-1,-1,-1
"2025000001403",1,9,11,3,0,0,4,1,-1,-1,-1,-1
"2025000001403",2,5,19,3,0,0,1,1,62,1649,1,4
"2025000001404",2,9,5,1,0,4,1,1,68,1560,2,10
"2025000001404",1,1,2,1,0,0,3,1,40,-1,-1,-1
"2025000001405",1,9,19,0,0,0,1,1,20,1242,1,25
"2025000001405",2,1,19,0,0,0,3,1,61,-1,-1,-1
"2025000001406",1,9,19,0,0,0,1,1,22,1618,1,7
"2025000001407",1,3,19,0,0,0,1,2,56,125,1,0
"2025000001407",2,9,19,0,0,0,1,1,18,1296,1,15
"2025000001408",4,9,2,0,0,0,2,-1,-1,2143,2,8
"2025000001408",2,9,2,0,0,0,1,1,26,998,1,5
"2025000001408",3,8,2,0,0,0,1,-1,-1,1797,8,4
"2025000001408",1,9,19,0,0,4,1,2,24,1398,1,11
"2025000001409",2,9,13,0,0,0,4,1,61,2967,2,7
"2025000001409",1,9,19,0,0,0,3,2,45,-1,-1,-1
"2025000001410",1,9,19,8,0,0,1,1,18,1496,2,6
"2025000001410",2,9,7,4,0,0,3,1,45,1587,1,18
"2025000001411",2,9,19,0,0,0,3,1,28,1997,1,3
"2025000001411",1,9,19,0,1,0,4,3,-1,-1,-1,-1
"2025000001412",2,8,1,0,0,0,2,1,45,1598,2,8
"2025000001412",1,19,5,0,0,0,1,1,57,1995,2,5
"2025000001413",2,11,5,8,0,0,0,2,35,6700,2,3
"2025000001413",1,9,9,8,0,0,0,3,-1,-1,-1,-1
"2025000001414",1,9,3,1,0,0,2,1,57,1600,2,13
"2025000001414",2,9,19,8,0,0,1,2,25,1398,1,4
"2025000001415",2,9,99,9,9,99,1,3,-1,-1,-1,-1
"2025000001415",1,9,99,9,9,99,2,2,33,1598,1,14
"2025000001416",2,9,19,2,0,4,1,1,-1,4197,1,17
"2025000001416",1,9,2,2,0,0,3,1,39,1598,1,15
"2025000001417",1,9,19,0,0,0,3,1,56,1968,2,1
"2025000001418",1,9,19,0,0,0,1,1,22,1598,1,13
"2025000001418",2,9,19,0,0,0,1,1,51,2480,1,6
"2025000001419",2,9,19,0,0,0,2,1,56,1560,2,13
"2025000001419",1,9,11,0,0,0,1,1,32,1969,8,0
"2025000001420",1,9,9,7,0,0,1,2,38,1560,2,8
"2025000001421",2,3,19,1,0,0,1,1,23,125,1,7
"2025000001421",1,9,6,6,0,0,3,1,27,1390,1,10
"2025000001422",2,9,7,8,0,0,1,1,65,1997,2,10
"2025000001422",1,-1,15,8,0,0,3,1,15,-1,-1,-1
"2025000001423",2,9,4,0,0,0,1,2,-1,1580,8,5
"2025000001423",1,19,19,0,0,0,1,1,36,1995,2,1
"2025000001424",1,9,7,5,0,0,3,1,81,1596,1,12
"2025000001425",2,9,3,0,0,0,0,2,36,1598,2,8
"2025000001425",1,9,19,0,0,0,1,2,25,1497,8,20
"2025000001426",2,9,19,0,0,0,1,1,24,998,1,10
"2025000001426",1,9,4,0,0,0,2,2,44,999,1,1
"2025000001427",2,97,19,1,0,0,1,1,16,-1,-1,-1
"2025000001427",1,9,19,1,0,0,2,1,50,1997,2,11
"2025000001428",1,9,11,0,0,0,1,1,33,1560,2,12
"2025000001428",2,19,4,0,0,0,2,1,59,1500,2,2
"2025000001429",2,9,19,0,0,0,1,3,-1,-1,-1,-1
"2025000001429",1,9,10,0,0,0,2,1,63,1498,1,2
"2025000001430",3,9,2,0,0,0,3,1,27,-1,-1,-1
"2025000001430",1,9,19,0,2,4,1,2,21,1397,1,13
"2025000001430",2,9,2,0,1,0,2,2,19,1229,1,7
"2025000001431",1,9,7,6,0,0,2,2,61,1598,2,10
"2025000001431",2,3,19,1,0,0,4,1,20,125,1,5
"2025000001432",3,9,4,1,0,0,2,1,57,1984,1,8
"2025000001432",2,9,4,1,0,0,2,1,56,-1,-1,-1
"2025000001432",1,9,19,1,0,0,1,2,56,1240,1,15
"2025000001433",1,-1,19,1,0,0,1,3,-1,-1,-1,-1
"2025000001434",2,9,14,2,0,0,3,1,-1,2204,2,14
"2025000001434",1,9,19,1,0,0,3,2,20,1197,1,3
"2025000001435",1,22,19,0,0,0,1,1,70,-1,-1,-1
"2025000001435",2,-1,19,0,0,0,1,1,20,-1,-1,-1
"2025000001436",1,9,9,5,0,0,3,1,44,1896,2,14
"2025000001436",2,3,13,1,0,0,1,1,23,125,1,6
"2025000001437",2,1,19,8,0,0,3,1,-1,-1,-1,-1
"2025000001437",1,9,19,1,0,0,1,1,20,999,1,4
"2025000001438",2,1,5,2,0,0,4,1,16,-1,-1,-1
"2025000001438",1,9,19,2,0,0,4,1,23,1998,8,3
"2025000001439",1,9,19,0,0,0,4,1,43,1995,2,7
"2025000001440",1,1,99,9,9,99,9,1,49,-1,-1,-1
"2025000001440",2,9,99,9,9,99,9,3,52,-1,-1,-1
"2025000001441",1,9,19,4,0,9,1,1,33,2199,2,13
"2025000001442",1,9,19,1,0,0,-1,3,-1,-1,-1,-1
"2025000001443",1,5,13,8,0,0,3,1,24,471,1,4
"2025000001443",2,9,9,6,0,0,4,2,25,1560,2,12
"2025000001444",2,9,4,1,0,0,1,1,23,999,1,9
"2025000001444",1,9,4,1,0,0,2,1,47,1229,1,17
"2025000001445",1,3,14,1,0,0,1,1,31,125,1,2
"2025000001446",2,9,3,1,0,0,3,1,51,1364,1,5
"2025000001446",1,3,3,1,0,0,4,2,54,125,1,1
"2025000001447",2,9,19,4,0,0,1,2,31,1390,1,13
"2025000001447",1,9,19,8,5,0,4,2,56,1598,2,11
"2025000001448",1,9,5,0,0,0,1,1,42,-1,3,0
"2025000001448",2,9,3,0,0,0,2,1,48,1896,2,13
"2025000001449",2,9,19,0,0,0,1,1,64,2231,2,12
"2025000001449",1,9,5,0,0,0,3,2,61,1596,1,7
"2025000001450",1,9,19,0,0,0,1,2,27,-1,-1,-1
"2025000001450",2,9,4,0,0,0,0,1,47,2993,2,4
"2025000001451",1,9,19,0,5,0,1,2,20,-1,3,1
"2025000001452",1,9,19,1,0,0,1,2,18,998,1,9
"2025000001452",2,9,9,1,0,0,4,2,59,999,1,2
"2025000001453",3,9,19,1,0,0,1,1,32,1991,1,0
"2025000001453",1,9,19,1,0,0,4,2,54,1498,1,14
"2025000001453",4,9,19,1,0,0,1,1,21,1984,1,8
"2025000001453",2,8,19,1,0,0,2,1,42,1798,8,3
"2025000001454",2,9,3,0,0,0,1,2,57,1200,1,6
"2025000001454",3,9,4,0,0,0,2,1,31,-1,-1,-1
"2025000001454",1,9,4,0,0,0,1,1,50,1686,2,10
"2025000001455",2,1,19,1,0,0,4,2,53,-1,-1,-1
"2025000001455",1,9,7,1,0,0,3,2,17,998,1,13
"2025000001456",3,19,3,0,0,0,1,1,40,1997,2,6
"2025000001456",2,9,3,0,0,0,2,2,35,898,1,10
"2025000001456",1,19,19,0,0,7,1,1,39,1499,2,4
"2025000001456",5,9,3,0,0,0,3,1,54,1799,1,16
"2025000001456",4,9,3,0,0,0,3,2,55,1998,1,8
"2025000001457",1,5,19,3,0,0,0,1,76,647,1,28
"2025000001458",2,9,9,8,0,0,2,1,35,1591,1,9
"2025000001458",1,9,9,8,0,0,1,1,28,1496,2,2
"2025000001459",2,9,19,1,0,0,1,2,82,1896,2,16
"2025000001459",1,9,6,1,0,0,1,1,37,1399,1,6
"2025000001460",2,9,19,8,0,0,4,2,43,1124,1,11
"2025000001460",3,9,19,8,0,0,3,2,54,-1,-1,-1
"2025000001460",1,9,19,1,0,0,1,1,25,-1,-1,-1
"2025000001461",2,19,99,6,9,99,2,3,-1,1995,2,7
"2025000001461",1,1,99,1,9,99,1,1,45,-1,-1,-1
"2025000001462",1,9,19,5,0,0,3,2,45,1997,2,15
"2025000001463",1,9,9,8,0,0,1,2,60,1591,1,6
"2025000001464",1,9,99,0,9,99,9,1,41,1498,1,4
"2025000001464",2,9,99,0,9,99,9,3,-1,1797,8,11
"2025000001465",1,9,19,0,0,0,0,1,53,1998,1,4
"2025000001466",1,9,7,8,0,0,1,1,38,-1,-1,-1
"2025000001467",3,9,2,2,0,0,2,1,42,1598,2,8
"2025000001467",1,9,19,8,0,0,1,1,37,1390,1,7
"2025000001467",2,9,19,8,0,4,2,2,-1,1500,2,1
"2025000001468",1,9,7,3,0,11,4,2,46,-1,-1,-1
"2025000001469",1,9,19,0,0,0,1,1,89,1997,1,14
"2025000001469",2,9,19,0,0,0,1,2,42,1968,2,11
"2025000001470",1,9,7,8,0,0,3,2,33,-1,-1,-1
"2025000001470",2,1,19,8,0,0,4,1,54,-1,-1,-1
"2025000001471",1,1,19,1,0,0,1,1,47,-1,-1,-1
"2025000001471",2,9,5,4,0,0,1,2,71,1498,8,0
"2025000001472",1,9,99,9,9,99,1,3,-1,-1,-1,-1
"2025000001473",1,9,19,1,0,0,1,1,-1,-1,-1,-1
"2025000001474",1,9,19,0,0,0,1,2,32,1598,1,11
"2025000001474",2,9,19,0,0,0,1,2,31,1398,1,7
"2025000001475",1,9,7,1,0,10,1,1,65,1796,1,20
"2025000001476",2,9,19,0,1,7,1,3,-1,2496,1,20
"2025000001476",1,9,19,0,0,0,1,1,45,1995,2,8
"2025000001477",1,9,5,0,0,0,3,2,26,998,1,5
"2025000001477",2,1,19,0,0,0,4,1,27,-1,-1,-1
"2025000001478",2,21,19,0,1,0,1,1,46,4462,2,9
"2025000001478",1,19,19,0,0,0,1,1,45,1499,2,3
"2025000001479",1,17,19,0,2,0,4,1,54,686,1,8
"2025000001480",1,9,19,1,0,0,1,1,45,-1,-1,-1
"2025000001480",2,9,19,1,0,0,1,1,49,1598,2,5
"2025000001481",3,9,19,0,0,0,0,1,63,-1,-1,-1
"2025000001481",1,9,12,0,5,0,3,2,22,-1,-1,-1
"2025000001481",2,9,13,0,0,0,4,1,22,-1,-1,-1
"2025000001482",2,9,9,1,0,0,4,1,-1,1995,2,13
"2025000001482",1,9,19,1,0,0,1,2,29,1248,1,6
"2025000001483",1,9,19,0,0,0,1,1,30,1968,2,13
"2025000001484",1,9,7,1,0,0,1,1,28,1590,1,26
"2025000001484",2,9,3,8,0,0,2,2,46,998,1,6
"2025000001485",2,9,19,1,0,0,1,1,47,1956,2,8
"2025000001485",1,9,9,1,0,0,1,1,57,1240,1,16
"2025000001486",2,9,9,1,0,0,1,1,33,999,1,3
"2025000001486",1,2,15,1,5,0,3,1,39,125,1,7
"2025000001487",2,9,7,1,0,0,1,3,-1,-1,-1,-1
"2025000001487",1,9,9,5,0,0,4,2,37,1999,2,5
"2025000001488",2,9,9,8,0,0,3,2,35,1995,2,13
"2025000001488",1,9,9,8,0,0,1,1,60,1496,1,0
"2025000001489",1,19,19,0,0,0,3,1,19,2198,2,12
"2025000001489",2,19,19,0,5,0,3,2,56,-1,-1,-1
"2025000001490",1,9,14,2,0,0,1,1,69,1368,1,1
"2025000001491",1,9,19,8,0,0,2,2,36,1997,2,9
"2025000001491",2,9,19,8,0,0,1,1,49,2179,2,13
"2025000001492",2,9,6,1,0,0,1,1,19,1296,1,17
"2025000001492",1,9,19,1,0,0,3,2,45,999,1,7
"2025000001493",1,11,5,0,0,0,0,1,71,-1,3,1
"2025000001494",1,9,19,8,0,0,4,2,33,1596,1,16
"2025000001495",1,5,10,0,0,0,2,1,62,865,1,16
"2025000001495",2,9,19,0,0,0,1,2,80,1589,1,25
"2025000001496",1,1,99,0,9,99,9,1,34,-1,-1,-1
"2025000001496",2,3,99,0,9,99,9,3,-1,-1,-1,-1
"2025000001497",2,9,9,1,0,0,1,1,22,1598,1,10
"2025000001497",1,9,5,1,0,10,4,1,27,999,1,1
"2025000001498",1,9,11,0,0,0,1,1,24,2497,1,16
"2025000001498",2,9,19,0,0,0,2,2,55,2993,2,7
"2025000001499",2,9,19,0,0,0,3,1,40,1560,2,10
"2025000001499",1,9,19,0,0,0,3,1,70,1498,1,3
"2025000001500",2,9,99,4,9,99,9,3,-1,2969,2,14
"2025000001500",1,9,99,9,9,99,2,1,30,1199,1,18
"2025000001501",2,19,19,0,0,0,1,1,-1,2287,2,5
"2025000001501",1,9,19,0,0,0,2,1,62,1995,2,1
"2025000001502",2,9,19,2,0,0,1,1,29,1596,1,11
"2025000001502",1,9,9,1,0,0,1,1,86,1490,1,18
"2025000001503",1,3,4,0,0,4,1,1,20,124,1,9
"2025000001503",2,9,19,0,0,0,2,1,49,1598,1,7
"2025000001504",3,9,2,0,0,0,3,1,-1,-1,-1,-1
"2025000001504",2,9,2,0,0,0,3,1,-1,-1,-1,-1
"2025000001504",1,9,19,0,0,4,1,1,32,-1,-1,-1
"2025000001505",2,9,13,8,0,0,1,1,-1,1986,2,17
"2025000001505",1,9,9,5,0,0,3,2,49,1398,2,10
"2025000001506",1,9,19,0,0,0,1,1,18,1198,1,11
"2025000001507",2,1,19,3,0,0,4,1,61,-1,-1,-1
"2025000001507",1,9,7,4,0,0,3,1,61,1560,2,8
"2025000001508",1,9,5,6,0,0,1,1,86,1248,1,6
"2025000001508",2,9,19,8,0,0,1,1,38,2685,2,19
"2025000001509",1,1,99,9,9,99,1,1,20,-1,-1,-1
"2025000001509",2,9,99,9,9,99,9,3,-1,988,1,5
"2025000001510",2,9,19,1,0,0,1,1,62,1753,2,16
"2025000001510",1,9,9,8,0,0,1,1,49,1956,2,11
"2025000001511",1,9,9,5,1,0,4,1,40,1399,2,14
"2025000001511",2,9,-1,8,0,0,1,1,30,-1,-1,-1
"2025000001512",1,9,19,0,0,0,1,2,62,1339,8,15
"2025000001513",1,9,5,1,0,11,1,1,24,996,1,7
"2025000001514",2,9,5,8,0,0,1,2,42,1998,1,0
"2025000001514",1,9,9,8,0,0,1,2,53,1198,1,9
"2025000001515",2,9,19,0,0,0,2,1,39,-1,-1,-1
"2025000001515",3,9,19,0,0,0,2,1,37,1398,1,5
"2025000001515",1,9,19,0,0,0,1,1,33,-1,-1,-1
"2025000001516",1,1,9,9,9,99,9,2,39,-1,-1,-1
"2025000001516",2,3,19,9,9,99,9,1,-1,125,1,1
"2025000001517",1,9,9,8,0,0,1,1,84,1197,1,8
"2025000001517",2,9,19,8,0,0,3,2,34,1596,1,21
"2025000001518",2,9,19,8,1,0,1,1,54,1984,1,12
"2025000001518",1,19,19,8,1,0,1,1,59,2198,2,11
"2025000001519",1,9,19,0,1,0,1,3,-1,1390,1,14
"2025000001520",2,9,19,0,0,0,0,1,36,2993,2,1
"2025000001520",1,9,19,0,0,0,1,3,-1,3956,2,4
"2025000001521",1,9,7,5,0,0,1,1,36,1685,2,5
"2025000001521",2,3,19,5,0,0,1,1,18,124,1,7
"2025000001522",2,19,99,6,9,99,9,3,-1,-1,-1,-1
"2025000001522",1,9,99,1,9,99,9,2,26,-1,-1,-1
"2025000001523",1,9,19,1,0,0,4,2,35,1969,8,2
"2025000001523",2,9,19,8,0,0,1,2,18,1248,2,12
"2025000001524",1,9,19,0,0,0,1,1,59,1200,1,0
"2025000001525",1,19,19,4,0,0,3,2,43,2298,2,8
"2025000001525",2,9,19,4,0,0,4,2,31,1390,1,18
"2025000001526",2,9,7,1,0,0,2,2,22,999,1,9
"2025000001526",1,3,7,1,0,0,1,1,18,124,1,1
"2025000001527",1,3,19,0,0,0,1,1,18,124,1,12
"2025000001528",2,9,99,9,9,99,1,3,-1,1598,1,16
"2025000001528",1,1,99,9,9,99,9,1,28,-1,-1,-1
"2025000001529",3,3,19,1,0,0,0,3,18,-1,-1,-1
"2025000001529",1,9,9,1,0,0,3,2,60,1248,2,12
"2025000001529",2,97,19,1,0,0,1,1,25,-1,-1,-1
"2025000001530",1,9,9,5,0,0,1,1,45,2997,1,22
"2025000001531",1,9,9,8,0,0,1,1,37,1596,1,16
"2025000001532",1,9,19,0,0,0,2,1,37,-1,-1,-1
"2025000001532",2,9,19,0,0,0,1,2,32,998,1,5
"2025000001533",1,9,19,2,0,0,1,1,32,1595,1,20
"2025000001533",2,3,19,2,0,0,2,1,41,125,1,0
"2025000001534",2,3,19,8,0,0,3,1,22,124,1,9
"2025000001534",1,9,9,6,0,0,1,3,30,1368,1,11
"2025000001535",1,9,4,1,0,0,2,1,43,1968,2,6
"2025000001535",2,9,19,1,0,0,1,2,22,1398,1,9
"2025000001536",1,9,99,9,9,99,2,2,59,1968,2,6
"2025000001536",2,19,99,9,9,99,1,3,-1,1995,2,6
"2025000001537",1,9,14,0,0,0,4,2,80,1598,1,12
"2025000001537",2,1,14,0,0,0,3,1,59,-1,-1,-1
"2025000001538",2,9,19,2,1,0,1,1,26,1598,2,6
"2025000001538",1,19,19,1,0,0,1,1,49,1560,2,6
"2025000001539",1,11,4,1,0,0,0,2,27,9360,2,10
"2025000001540",1,19,5,2,0,0,3,1,30,-1,-1,-1
"2025000001540",2,9,14,2,0,0,4,1,35,2000,2,12
"2025000001541",1,9,5,1,0,0,4,1,51,1598,1,11
"2025000001542",2,5,19,0,1,0,1,1,52,1050,1,9
"2025000001542",1,9,9,0,0,0,1,2,48,1597,2,7
"2025000001543",2,9,2,1,0,4,3,1,-1,1995,1,12
"2025000001543",5,9,2,1,0,0,4,1,-1,1685,2,7
"2025000001543",3,9,2,1,0,4,3,2,-1,1318,1,2
"2025000001543",4,9,2,1,0,4,3,1,-1,1995,2,10
"2025000001543",1,9,19,1,0,4,1,1,44,1242,1,6
"2025000001544",1,9,9,1,0,0,4,1,57,-1,3,1
"2025000001544",2,9,19,8,0,0,1,1,45,698,1,19
"2025000001545",1,9,15,0,0,0,0,3,-1,-1,-1,-1
"2025000001546",1,9,99,0,9,99,1,3,-1,1240,1,17
"2025000001547",1,9,9,6,0,0,3,1,36,2360,1,17
"2025000001547",3,9,19,1,0,10,1,1,46,1598,1,13
"2025000001547",2,9,19,8,0,10,1,1,38,2143,2,10
"2025000001548",1,9,5,0,0,0,2,2,35,1995,2,6
"2025000001548",2,9,4,0,0,0,2,1,30,1998,2,0
"2025000001548",3,9,5,0,0,0,1,3,30,1968,2,12
"2025000001549",1,9,-1,-1,-1,-1,-1,3,-1,-1,-1,-1
"2025000001549",2,1,-1,-1,-1,-1,-1,1,37,-1,-1,-1
"2025000001550",1,9,99,9,9,99,9,2,54,1329,1,11
"2025000001550",2,9,99,9,9,99,0,3,-1,998,8,1
"2025000001551",1,9,19,0,0,0,1,1,23,1329,1,8
"2025000001551",2,9,19,0,0,0,3,1,47,998,1,17
"2025000001552",1,9,19,1,0,0,3,2,21,1796,1,16
"2025000001552",2,9,19,1,0,0,1,2,37,1560,2,7
"2025000001553",1,19,5,5,0,0,4,3,-1,-1,-1,-1
"2025000001554",1,1,-1,0,-1,-1,3,1,-1,-1,-1,-1
"2025000001554",2,9,19,0,0,0,1,2,25,1497,8,10
"2025000001555",1,9,19,0,1,0,1,1,29,1461,2,10
"2025000001555",3,19,19,0,0,0,1,1,33,2298,2,3
"2025000001555",2,9,19,0,0,0,1,2,50,1497,2,6
"2025000001556",1,19,19,2,0,0,1,1,28,1995,2,1
"2025000001556",2,9,4,2,0,0,2,1,53,1339,1,14
"2025000001557",1,9,11,0,0,0,4,1,53,1798,8,0
"2025000001557",2,4,19,0,0,0,3,1,32,-1,3,2
"2025000001558",1,9,19,1,5,0,1,1,39,1560,2,14
"2025000001559",1,1,99,9,9,99,9,1,23,-1,-1,-1
"2025000001559",2,19,99,9,9,99,9,3,-1,-1,-1,-1
"2025000001560",1,9,19,0,5,0,4,1,67,2993,2,11
"2025000001561",1,9,19,0,0,0,-1,1,40,1969,2,5
"2025000001561",2,9,2,0,0,0,2,2,60,1997,2,4
"2025000001562",2,21,19,0,0,0,1,1,53,12419,2,7
"2025000001562",1,9,19,0,2,0,1,1,31,2480,1,1
"2025000001563",1,9,19,1,0,0,1,1,30,1796,1,13
"2025000001563",2,9,9,2,0,0,1,1,31,1999,2,4
"2025000001564",2,4,13,8,0,0,1,1,-1,125,1,7
"2025000001564",1,9,19,8,0,0,1,1,29,2143,2,5
"2025000001565",1,9,99,9,9,99,1,3,43,1597,2,8
"2025000001566",2,9,9,5,0,0,3,2,33,1598,2,10
"2025000001566",1,9,9,6,0,0,1,2,31,1339,1,16
"2025000001567",2,9,19,1,0,0,3,2,34,1984,1,3
"2025000001567",1,9,11,1,0,0,4,2,26,1598,2,9
"2025000001568",1,9,9,5,1,0,1,1,23,-1,-1,-1
"2025000001568",2,9,19,8,0,0,1,2,26,-1,-1,-1
"2025000001569",1,9,19,6,0,0,1,1,81,1497,8,5
"2025000001569",2,9,3,8,0,0,4,1,55,1991,1,23
"2025000001570",2,19,2,0,1,4,2,1,52,2198,2,10
"2025000001570",1,19,19,0,2,0,1,1,71,2143,2,9
"2025000001571",2,22,19,1,0,0,3,2,84,-1,-1,-1
"2025000001571",1,9,1,8,0,0,2,1,63,-1,-1,-1
"2025000001572",1,9,19,0,5,0,4,2,43,1398,1,7
"2025000001572",2,9,9,0,0,0,-1,3,-1,2000,2,16
"2025000001573",1,9,99,9,9,99,9,3,27,1332,1,1
"2025000001574",1,1,19,8,0,0,1,1,-1,-1,-1,-1
"2025000001575",1,9,19,2,0,0,1,1,37,1995,2,13
"2025000001576",2,9,4,0,0,0,2,1,42,-1,-1,-1
"2025000001576",1,9,19,0,0,0,1,2,39,-1,-1,-1
"2025000001576",3,9,2,0,0,0,0,1,47,1956,2,10
"2025000001577",1,9,19,0,0,0,1,1,25,-1,3,1
"2025000001577",2,9,19,0,0,0,0,2,37,-1,-1,-1
"2025000001578",1,3,9,1,5,0,2,1,23,125,1,5
"2025000001578",2,5,19,1,5,0,1,1,42,999,1,2
"2025000001579",1,20,5,4,0,0,1,1,46,-1,-1,-1
"2025000001579",2,20,5,4,0,0,3,1,55,-1,-1,-1
"2025000001580",1,11,19,0,0,0,0,1,58,5132,2,10
"2025000001581",1,9,14,1,0,0,4,2,-1,-1,-1,-1
"2025000001581",2,19,9,1,0,0,3,1,19,-1,-1,-1
"2025000001582",2,5,19,1,0,0,1,1,20,649,1,1
"2025000001582",1,9,9,5,0,0,3,1,47,-1,-1,-1
"2025000001583",3,3,9,0,5,0,2,1,24,110,1,1
"2025000001583",2,3,19,0,0,0,0,3,-1,-1,-1,-1
"2025000001583",1,9,13,0,0,0,1,1,23,1395,1,7
"2025000001584",2,9,19,8,0,0,3,1,40,2179,2,6