"collision_index","vehicle_reference","vehicle_type","vehicle_manoeuvre","junction_location","skidding_and_overturning","hit_object_in_carriageway","first_point_of_impact","sex_of_driver","age_of_driver","engine_capacity_cc","propulsion_code","age_of_vehicle"
"2025000001584",1,5,19,8,2,0,4,1,58,656,1,13
"2025000001585",1,9,19,6,0,0,1,2,37,1896,2,16
"2025000001585",2,9,19,8,0,0,3,2,33,1968,2,18
"2025000001586",1,9,4,0,0,4,1,2,60,998,1,3
"2025000001586",3,9,2,0,0,4,2,3,-1,1499,1,2
"2025000001586",2,9,2,0,0,4,3,3,-1,1995,2,7
"2025000001586",4,9,2,0,0,0,2,3,-1,1329,1,5
"2025000001587",1,9,12,0,0,0,4,1,47,1598,2,9
"2025000001587",2,5,19,0,1,10,4,1,29,1137,1,23
"2025000001588",3,1,19,0,0,0,0,1,22,-1,-1,-1
"2025000001588",1,9,13,0,0,0,0,1,63,-1,-1,-1
"2025000001588",2,9,19,0,5,0,1,1,46,-1,-1,-1
"2025000001589",1,20,2,0,0,0,3,1,36,-1,-1,-1
"2025000001589",2,-1,19,0,0,0,1,1,20,-1,-1,-1
"2025000001590",2,9,19,4,0,0,1,1,39,-1,-1,-1
"2025000001590",1,9,3,4,0,0,2,1,38,2987,2,4
"2025000001591",1,9,19,1,0,0,4,1,38,999,1,8
"2025000001592",1,8,1,1,1,0,1,1,32,1995,2,7
"2025000001593",1,19,19,1,1,10,1,2,61,-1,-1,-1
"2025000001594",1,5,19,2,1,6,1,2,59,599,1,15
"2025000001594",3,9,4,2,0,0,0,3,-1,-1,-1,-1
"2025000001594",2,4,4,2,0,0,0,1,50,-1,-1,-1
"2025000001595",1,9,9,6,0,0,1,1,38,2993,2,8
"2025000001595",2,3,19,2,0,0,4,1,32,124,1,5
"2025000001596",1,9,9,1,0,0,1,1,56,1597,1,13
"2025000001596",2,3,5,1,0,0,1,1,17,125,1,4
"2025000001597",1,9,19,0,0,0,4,1,50,1598,1,15
"2025000001598",1,1,99,9,9,99,9,1,58,-1,-1,-1
"2025000001598",2,9,99,9,9,99,9,3,-1,1499,8,3
"2025000001599",1,9,4,0,0,0,2,2,44,1984,8,4
"2025000001599",2,9,19,0,0,0,1,1,19,1598,2,5
"2025000001600",1,9,7,1,0,0,1,1,34,1997,2,8
"2025000001600",2,1,19,1,0,0,1,2,44,-1,-1,-1
"2025000001601",2,1,19,8,0,0,4,2,54,-1,-1,-1
"2025000001601",1,9,19,8,0,0,3,1,63,1329,1,12
"2025000001602",2,9,19,0,0,0,1,1,68,1956,2,11
"2025000001602",1,1,19,0,1,0,1,1,46,-1,-1,-1
"2025000001603",1,9,13,3,0,0,3,1,-1,1362,1,11
"2025000001603",2,9,19,3,0,0,3,2,39,1686,2,10
"2025000001604",3,9,10,8,0,0,1,1,34,-1,-1,-1
"2025000001604",1,9,9,8,0,0,1,2,43,1598,1,8
"2025000001604",2,4,19,8,0,0,1,1,32,125,1,15
"2025000001605",1,9,19,1,0,0,1,1,29,1968,2,9
"2025000001606",3,1,7,5,0,0,2,1,16,-1,-1,-1
"2025000001606",2,9,19,1,0,0,3,1,25,3800,1,8
"2025000001606",1,9,15,1,5,11,4,1,74,1248,1,10
"2025000001607",1,9,9,6,0,10,1,1,65,1560,2,11
"2025000001607",2,9,19,8,0,10,1,1,-1,1395,1,3
"2025000001608",2,9,3,1,0,0,2,2,20,1198,1,16
"2025000001608",1,9,4,1,0,0,1,1,40,-1,-1,-1
"2025000001609",1,11,4,1,0,0,0,2,62,5132,2,6
"2025000001610",1,3,14,2,0,0,0,1,58,125,1,3
"2025000001611",2,19,19,0,1,0,1,1,23,2299,2,3
"2025000001611",1,9,19,0,0,0,1,2,31,1997,2,14
"2025000001612",2,19,9,8,0,0,1,3,-1,2143,2,6
"2025000001612",1,9,10,8,0,0,3,2,49,1560,2,10
"2025000001613",1,19,9,0,0,0,0,1,-1,2143,2,6
"2025000001613",2,3,4,0,5,0,0,1,16,-1,-1,-1
"2025000001613",3,3,4,0,5,0,0,1,17,-1,-1,-1
"2025000001614",1,9,9,8,0,0,1,2,34,-1,-1,-1
"2025000001614",2,21,19,8,0,0,1,1,48,15607,2,15
"2025000001615",1,5,19,8,0,0,1,1,28,689,1,9
"2025000001616",1,9,19,2,0,0,1,1,20,1199,2,11
"2025000001617",1,19,7,1,0,0,4,1,36,1499,2,1
"2025000001617",2,4,19,5,5,0,4,1,32,292,1,0
"2025000001618",2,3,19,8,0,0,1,1,31,125,1,1
"2025000001618",1,9,9,5,0,0,4,2,39,796,1,14
"2025000001619",2,9,19,0,0,0,1,2,27,998,1,1
"2025000001619",1,3,19,0,1,0,1,1,20,125,1,0
"2025000001620",1,19,19,1,0,0,1,1,-1,-1,-1,-1
"2025000001621",1,3,4,0,1,4,1,2,23,124,1,1
"2025000001621",2,9,2,0,0,0,2,-1,-1,1591,1,12
"2025000001622",2,9,19,1,0,0,1,1,57,-1,-1,-1
"2025000001622",1,9,5,8,0,0,1,1,50,999,1,16
"2025000001623",2,8,19,0,0,0,2,1,54,1598,2,3
"2025000001623",1,9,19,0,0,0,1,1,-1,1332,1,2
"2025000001624",2,19,15,8,2,7,4,2,60,-1,-1,-1
"2025000001624",1,90,6,8,0,0,0,3,-1,-1,-1,-1
"2025000001625",2,3,14,2,0,0,1,2,31,124,1,0
"2025000001625",1,9,5,2,0,0,3,2,49,1490,1,0
"2025000001626",1,4,19,0,0,0,0,1,33,124,1,20
"2025000001627",1,11,19,8,0,0,0,2,61,9000,2,2
"2025000001628",2,1,5,0,0,0,4,1,44,-1,-1,-1
"2025000001628",1,19,19,0,0,0,1,3,30,1598,2,6
"2025000001629",1,9,2,0,0,0,2,2,72,999,1,6
"2025000001630",1,11,19,0,0,0,4,1,36,6700,2,14
"2025000001631",1,9,19,0,1,0,1,2,31,998,1,6
"2025000001632",2,9,9,1,0,0,1,3,-1,-1,-1,-1
"2025000001632",1,2,19,1,0,0,1,1,33,125,1,4
"2025000001633",2,1,99,9,9,99,9,2,27,-1,-1,-1
"2025000001633",1,9,99,9,9,99,9,3,-1,-1,3,4
"2025000001634",3,9,2,1,0,0,4,3,-1,1598,1,9
"2025000001634",2,9,19,8,0,0,1,2,20,998,1,8
"2025000001634",1,9,19,1,0,0,4,1,23,1084,1,2
"2025000001635",2,21,3,0,0,0,2,1,35,11120,2,5
"2025000001635",1,5,19,0,0,0,1,1,74,1254,1,4
"2025000001636",2,5,19,8,0,0,1,2,-1,599,1,20
"2025000001636",1,9,9,5,0,0,3,1,78,1240,1,18
"2025000001637",3,9,19,0,0,0,3,1,37,2143,2,6
"2025000001637",1,19,19,0,5,4,1,1,32,1995,2,4
"2025000001637",4,90,19,0,0,0,0,2,47,1600,1,58
"2025000001637",2,19,2,0,0,0,2,1,19,1968,2,2
"2025000001638",1,9,19,0,0,0,2,2,25,1560,2,9
"2025000001638",2,9,19,0,0,0,2,1,81,1580,8,2
"2025000001638",3,19,19,0,0,0,1,1,31,1995,2,5
"2025000001639",1,90,19,0,0,0,3,1,62,2287,2,11
"2025000001640",1,9,19,0,0,0,1,3,-1,-1,-1,-1
"2025000001640",2,1,19,0,5,0,2,1,15,-1,-1,-1
"2025000001641",2,9,19,6,0,0,4,2,67,1197,1,7
"2025000001641",1,9,19,1,0,0,1,2,49,1999,2,5
"2025000001642",1,9,2,0,0,0,4,2,35,1999,8,4
"2025000001642",2,9,19,0,0,0,3,1,-1,-1,-1,-1
"2025000001643",4,9,3,0,0,0,2,2,59,2998,1,7
"2025000001643",3,9,3,0,0,0,2,2,44,1950,2,0
"2025000001643",1,9,19,0,0,0,1,2,78,1499,2,7
"2025000001643",2,9,4,0,0,0,2,2,46,1968,2,15
"2025000001644",2,9,4,1,0,0,1,1,-1,1500,2,2
"2025000001644",1,9,7,5,0,0,1,1,17,-1,-1,-1
"2025000001645",2,9,19,0,0,0,3,2,36,1386,1,14
"2025000001645",1,9,7,0,1,0,4,1,36,1560,2,12
"2025000001645",3,9,19,0,0,0,3,1,55,1995,2,3
"2025000001646",2,9,19,1,0,0,1,2,39,1395,1,7
"2025000001646",1,9,9,8,0,0,4,1,32,1685,2,12
"2025000001647",2,9,4,0,0,0,2,2,53,1968,2,4
"2025000001647",1,9,4,0,0,0,1,3,-1,1368,1,11
"2025000001648",3,9,4,1,0,0,1,2,18,1200,1,9
"2025000001648",1,19,19,1,0,0,1,1,46,2143,2,5
"2025000001648",4,9,4,1,0,0,1,2,25,999,1,7
"2025000001648",2,8,4,1,1,0,2,1,22,1798,8,4
"2025000001649",2,1,19,1,0,0,1,1,15,-1,-1,-1
"2025000001649",1,9,19,8,0,0,1,1,34,2656,1,18
"2025000001650",2,9,9,0,0,0,2,2,46,1328,1,17
"2025000001650",1,19,19,0,0,0,1,1,31,1499,2,3
"2025000001651",1,19,19,0,0,0,3,1,66,2402,2,14
"2025000001651",2,9,19,0,0,0,1,2,48,-1,3,0
"2025000001652",1,9,9,5,0,0,1,1,24,1395,1,3
"2025000001653",1,9,99,9,9,99,2,2,25,1332,1,1
"2025000001653",2,9,99,9,9,99,1,3,-1,1598,2,10
"2025000001654",1,9,4,0,0,0,2,2,29,999,1,2
"2025000001654",2,9,19,0,0,0,1,1,68,1598,2,8
"2025000001655",2,9,2,1,0,0,0,3,-1,1998,8,6
"2025000001655",1,1,19,1,0,0,1,1,23,-1,-1,-1
"2025000001656",1,9,1,0,0,0,2,3,55,1968,2,12
"2025000001657",1,9,19,0,0,0,1,1,-1,-1,-1,-1
"2025000001657",2,9,3,0,0,0,2,1,32,2488,8,3
"2025000001658",1,11,2,0,0,0,0,2,32,9000,2,11
"2025000001659",2,1,19,4,0,0,1,1,44,-1,-1,-1
"2025000001659",1,9,4,4,0,0,3,2,63,1396,2,9
"2025000001660",1,9,19,8,0,0,1,1,20,999,1,5
"2025000001660",2,9,19,8,0,0,1,1,37,1199,1,1
"2025000001661",2,9,99,0,9,99,9,3,32,1364,1,14
"2025000001661",1,9,99,0,9,99,9,2,37,1600,2,13
"2025000001662",1,19,7,3,0,0,4,1,31,1968,2,8
"2025000001662",2,1,7,3,0,0,3,1,42,-1,-1,-1
"2025000001663",1,9,19,1,0,0,1,2,44,1598,1,7
"2025000001663",2,9,9,8,0,0,3,2,62,1242,1,6
"2025000001664",2,9,19,8,0,0,4,1,21,999,1,7
"2025000001664",1,9,19,4,0,0,1,1,27,1498,1,7
"2025000001665",2,9,6,8,0,0,1,2,30,1242,1,6
"2025000001665",1,9,19,8,0,0,1,2,28,1246,1,15
"2025000001666",2,9,19,8,0,0,1,1,60,1598,2,9
"2025000001666",1,9,9,8,0,0,3,1,18,2979,1,7
"2025000001667",1,9,19,1,0,0,1,1,17,1149,1,17
"2025000001667",2,3,4,8,0,0,2,1,28,124,1,1
"2025000001668",1,9,9,5,0,0,1,1,35,2143,2,7
"2025000001668",2,3,13,1,0,0,0,1,24,124,1,6
"2025000001669",1,9,9,5,1,0,1,1,30,1956,2,10
"2025000001669",2,9,19,8,0,0,1,1,63,999,1,7
"2025000001670",2,9,19,1,0,0,1,2,42,998,1,6
"2025000001670",1,9,7,2,0,0,1,2,34,-1,-1,-1
"2025000001671",2,1,-1,0,-1,-1,-1,2,31,-1,-1,-1
"2025000001671",1,9,3,0,0,0,1,2,42,1332,8,0
"2025000001672",1,9,19,1,5,0,1,1,52,1242,1,7
"2025000001673",1,19,9,8,0,0,3,1,20,-1,3,1
"2025000001673",2,3,13,8,5,0,4,2,22,125,1,1
"2025000001674",1,9,5,0,0,0,0,3,-1,999,1,2
"2025000001675",1,9,99,9,9,99,0,2,31,-1,-1,-1
"2025000001676",3,90,19,1,0,0,0,2,43,2987,2,8
"2025000001676",1,21,19,1,0,0,1,1,36,10837,2,7
"2025000001676",2,9,4,1,0,0,2,2,34,1798,8,7
"2025000001677",1,3,99,9,9,99,9,1,28,125,1,2
"2025000001678",1,9,9,8,0,0,3,1,25,1496,1,6
"2025000001678",2,3,19,1,0,0,1,1,29,125,1,4
"2025000001679",1,9,9,7,0,7,1,2,23,998,1,6
"2025000001680",1,9,19,0,0,0,-1,3,-1,-1,-1,-1
"2025000001680",2,1,19,0,0,0,-1,1,54,-1,-1,-1
"2025000001681",2,9,10,1,0,0,2,1,33,1590,1,13
"2025000001681",1,9,4,1,0,0,1,1,85,1998,8,9
"2025000001682",1,9,19,0,0,0,1,1,84,1240,1,15
"2025000001683",1,9,19,0,0,0,3,1,51,2400,2,11
"2025000001683",2,9,19,0,1,0,4,1,35,-1,-1,-1
"2025000001684",1,9,10,8,0,0,4,2,39,1968,2,13
"2025000001684",2,19,12,8,0,0,3,3,-1,-1,-1,-1
"2025000001685",2,9,19,0,0,0,1,1,66,1984,1,13
"2025000001685",1,9,19,0,0,0,1,1,50,1498,1,0
"2025000001686",1,9,19,0,0,0,1,2,22,1197,1,9
"2025000001687",2,5,19,8,0,0,1,1,57,1170,1,6
"2025000001687",1,9,9,8,0,0,3,2,43,1199,1,5
"2025000001688",3,9,19,1,0,0,2,2,34,1910,2,17
"2025000001688",1,19,19,1,1,0,1,1,21,1995,2,2
"2025000001688",2,9,19,1,0,0,2,1,40,1984,1,14
"2025000001689",1,9,19,0,0,0,1,2,61,1560,2,13
"2025000001689",2,1,19,0,0,0,2,1,39,-1,-1,-1
"2025000001690",2,19,3,0,0,4,2,1,27,2198,2,5
"2025000001690",1,19,19,0,0,4,1,1,35,2143,2,5
"2025000001690",3,19,3,0,0,4,2,1,33,1995,2,9
"2025000001690",4,9,3,0,0,4,2,1,70,-1,-1,-1
"2025000001690",5,19,3,0,0,0,0,1,51,-1,-1,-1
"2025000001691",5,9,19,0,0,0,1,1,40,1999,1,11
"2025000001691",3,9,19,0,0,0,1,2,58,1461,2,6
"2025000001691",2,9,19,0,0,0,2,2,44,1995,2,3
"2025000001691",4,19,19,0,0,0,1,1,32,1995,2,11
"2025000001691",1,8,19,0,0,0,1,1,39,1995,2,5
"2025000001692",1,11,9,5,0,0,3,1,52,4500,2,13
"2025000001692",2,1,10,1,0,0,1,2,52,-1,-1,-1
"2025000001693",2,19,99,0,9,99,9,3,-1,-1,-1,-1
"2025000001693",1,9,99,0,9,99,9,1,21,1332,1,1
"2025000001694",1,9,19,1,0,0,1,3,40,1395,1,5
"2025000001695",2,9,19,1,0,0,3,1,29,-1,-1,-1
"2025000001695",1,21,19,3,5,0,3,2,44,12742,2,3
"2025000001696",2,9,19,1,0,0,3,1,38,1984,1,2
"2025000001696",1,3,19,1,1,0,1,1,20,124,1,4
"2025000001697",2,9,19,8,0,0,3,1,82,-1,-1,-1
"2025000001697",1,9,19,6,0,0,1,2,51,1794,1,19
"2025000001698",2,9,9,1,0,0,4,2,27,2179,2,12
"2025000001698",1,9,4,1,0,0,1,2,50,1596,1,18
"2025000001699",1,19,19,0,0,0,4,1,30,1560,2,9
"2025000001699",2,1,19,0,0,0,3,1,47,-1,-1,-1
"2025000001700",2,9,19,8,0,10,1,1,97,1388,1,11
"2025000001700",1,9,9,8,0,0,2,1,28,1197,1,5
"2025000001701",2,1,5,1,0,0,1,1,32,-1,-1,-1
"2025000001701",1,9,9,1,0,0,1,1,69,1580,8,1
"2025000001702",1,19,19,0,0,0,4,3,-1,-1,-1,-1
"2025000001703",1,9,4,1,0,0,1,2,31,1296,1,17
"2025000001704",2,9,19,1,0,0,1,2,63,1199,1,22
"2025000001704",1,19,1,6,0,0,2,1,39,2143,2,7
"2025000001705",1,9,14,0,0,0,1,1,52,1364,2,14
"2025000001706",1,17,2,1,0,2,1,1,53,3990,2,16
"2025000001707",1,9,19,2,0,0,1,2,47,999,1,4
"2025000001708",2,8,99,9,9,99,9,3,-1,-1,-1,-1
"2025000001708",1,1,99,9,9,99,9,1,55,-1,-1,-1
"2025000001709",2,9,19,0,0,0,1,1,60,1998,8,6
"2025000001709",1,5,19,0,0,0,1,1,33,749,1,26
"2025000001709",3,5,19,0,0,0,1,1,31,599,1,21
"2025000001710",1,9,99,9,9,99,9,3,32,-1,-1,-1
"2025000001711",2,9,99,9,9,99,9,3,-1,1497,8,16
"2025000001711",1,1,99,9,9,99,1,2,26,-1,-1,-1
"2025000001712",1,19,7,2,0,0,4,3,-1,2198,2,9
"2025000001713",2,9,19,8,0,0,1,2,29,1498,1,3
"2025000001713",1,9,19,8,0,0,4,1,20,-1,-1,-1
"2025000001714",3,9,4,1,0,0,0,3,-1,-1,-1,-1
"2025000001714",2,9,4,1,0,0,2,1,34,-1,3,0
"2025000001714",1,19,19,1,0,0,1,2,43,-1,-1,-1
"2025000001715",1,9,9,8,0,0,4,2,26,1197,1,5
"2025000001715",2,1,7,8,0,0,3,1,31,-1,-1,-1
"2025000001716",1,9,19,7,0,0,4,1,50,1998,8,2
"2025000001716",2,9,19,8,0,0,1,2,35,1395,1,3
"2025000001717",2,9,19,8,0,0,2,2,44,1332,1,2
"2025000001717",1,9,19,8,0,0,1,1,32,1198,1,8
"2025000001718",1,21,19,1,0,0,4,1,51,12742,2,5
"2025000001719",1,2,19,8,0,0,4,1,7,-1,-1,-1
"2025000001720",2,11,19,1,0,0,1,1,41,5132,2,1
"2025000001720",1,9,9,6,0,0,1,2,-1,999,1,20
"2025000001721",2,9,99,0,9,99,9,1,35,1580,8,4
"2025000001721",1,9,99,0,9,99,2,1,19,1461,2,5
"2025000001722",1,9,19,8,0,0,2,2,36,1598,1,15
"2025000001722",2,9,19,2,0,0,1,1,39,2993,2,7
"2025000001723",1,9,14,2,0,0,1,2,48,1796,1,16
"2025000001723",2,11,2,2,0,0,0,1,58,6700,2,5
"2025000001724",1,9,19,0,5,0,2,1,17,1242,1,13
"2025000001725",2,9,3,0,0,0,2,1,31,1498,1,2
"2025000001725",1,19,19,0,0,0,1,1,59,1598,2,6
"2025000001725",3,9,3,0,0,0,2,1,50,1998,1,5
"2025000001726",1,9,7,1,5,10,3,1,84,1399,1,15
"2025000001727",1,9,19,1,0,0,4,3,-1,-1,-1,-1
"2025000001728",1,9,12,0,1,0,4,1,46,1339,1,20
"2025000001729",2,9,3,4,0,0,2,2,28,1198,1,12
"2025000001729",1,9,19,1,0,0,1,1,-1,-1,-1,-1
"2025000001730",2,9,99,0,9,99,2,1,26,1968,2,7
"2025000001730",1,3,99,0,9,99,1,2,40,125,1,1
"2025000001731",2,1,19,1,0,0,1,2,32,-1,-1,-1
"2025000001731",1,9,19,4,0,0,1,1,40,1598,2,3
"2025000001732",1,9,19,0,0,0,1,2,42,1984,1,15
"2025000001732",2,21,19,0,0,0,3,1,40,7698,2,5
"2025000001732",3,9,19,0,0,0,1,1,62,1591,1,2
"2025000001733",1,9,4,8,0,0,1,2,29,1598,2,11
"2025000001734",1,11,19,0,0,0,1,1,53,7300,2,23
"2025000001735",1,9,19,9,9,0,4,3,-1,-1,-1,-1
"2025000001736",1,9,19,0,0,0,1,2,54,-1,3,2
"2025000001737",1,3,19,1,5,0,2,1,23,108,1,3
"2025000001737",2,9,19,6,0,0,1,3,-1,-1,-1,-1
"2025000001738",1,9,-1,0,-1,-1,1,3,-1,-1,-1,-1
"2025000001739",1,9,19,1,0,0,1,3,20,1390,1,11
"2025000001739",2,9,4,1,0,0,1,3,-1,998,1,4
"2025000001739",3,9,4,1,0,0,2,1,-1,-1,3,1
"2025000001740",1,9,19,0,1,0,1,1,25,1984,1,3
"2025000001741",2,1,5,0,0,0,1,1,12,-1,-1,-1
"2025000001741",1,11,19,0,0,0,4,1,45,6692,2,13
"2025000001742",1,9,19,8,0,0,1,2,-1,-1,-1,-1
"2025000001743",2,9,10,6,0,0,2,1,65,3500,1,20
"2025000001743",1,9,19,1,0,0,1,1,33,1591,1,14
"2025000001744",1,9,19,0,0,0,3,2,26,1000,1,6
"2025000001745",2,9,2,0,1,0,2,-1,-1,1461,2,11
"2025000001745",1,9,19,0,1,4,1,1,35,1199,1,1
"2025000001746",1,9,19,0,0,0,1,1,40,1995,2,11
"2025000001746",2,9,19,0,0,0,3,2,39,1490,8,0
"2025000001747",2,1,-1,-1,-1,-1,-1,1,68,-1,-1,-1
"2025000001747",1,9,-1,-1,-1,-1,-1,3,-1,1461,2,11
"2025000001748",2,1,19,8,0,0,2,2,47,-1,-1,-1
"2025000001748",1,9,19,3,0,0,1,2,79,998,1,10
"2025000001749",1,4,13,0,0,0,1,1,41,1050,1,14
"2025000001749",2,9,11,0,0,0,2,2,50,1995,2,12
"2025000001750",1,9,5,2,0,0,1,1,51,1398,1,7
"2025000001751",2,9,19,0,0,0,2,1,25,1968,2,8
"2025000001751",5,19,19,0,0,0,1,1,35,1995,2,1
"2025000001751",1,19,19,0,0,0,1,1,49,1753,2,13
"2025000001751",3,9,19,0,0,0,3,2,59,2494,8,3
"2025000001751",4,9,19,0,0,0,2,2,28,1349,1,6
"2025000001752",1,20,4,1,0,0,1,1,37,4500,2,2
"2025000001752",2,20,5,1,0,0,1,1,52,2999,2,1
"2025000001753",1,5,19,0,0,0,0,1,54,799,1,4
"2025000001754",2,9,19,1,0,0,1,2,20,998,1,13
"2025000001754",1,9,7,6,0,0,3,1,40,-1,3,1
"2025000001755",1,90,19,0,0,0,1,3,-1,-1,-1,-1
"2025000001756",1,9,19,0,0,0,4,1,59,1995,2,14
"2025000001757",1,9,19,0,0,0,1,2,23,1198,1,12
"2025000001757",2,19,19,0,0,0,2,1,27,2198,2,10
"2025000001758",1,9,15,1,0,0,3,3,25,-1,-1,-1
"2025000001758",2,9,19,1,0,0,4,1,17,1596,1,15
"2025000001759",2,1,19,8,0,0,1,1,46,-1,-1,-1
"2025000001759",1,9,9,5,0,0,4,2,30,-1,-1,-1
"2025000001760",1,5,19,0,0,0,4,1,39,-1,-1,-1
"2025000001761",1,9,19,0,0,0,1,1,20,1364,1,14
"2025000001761",3,19,15,0,0,0,0,3,-1,-1,-1,-1
"2025000001761",2,9,19,0,0,0,1,1,63,1390,1,9
"2025000001762",1,9,19,1,0,0,1,1,45,1330,8,12
"2025000001763",2,2,13,0,0,0,3,1,26,124,1,5
"2025000001763",1,9,9,0,0,0,1,1,26,1461,2,4
"2025000001764",2,9,2,1,0,0,3,1,59,-1,-1,-1
"2025000001764",1,19,19,1,0,0,4,1,-1,1995,2,0
"2025000001765",1,9,19,0,0,0,1,1,33,-1,-1,-1
"2025000001765",2,9,4,0,0,0,2,1,47,1968,2,5
"2025000001766",1,9,19,0,0,0,3,1,74,1197,1,6
"2025000001767",1,9,19,5,0,0,1,3,-1,-1,-1,-1
"2025000001768",1,9,9,8,0,0,2,1,22,998,1,16
"2025000001768",2,5,19,8,0,0,1,1,35,599,1,19
"2025000001769",2,9,9,1,0,0,1,3,-1,-1,-1,-1
"2025000001769",1,4,19,1,0,0,2,1,39,998,1,13
"2025000001770",1,11,5,2,0,0,0,1,63,5132,2,5
"2025000001771",2,1,19,8,5,0,1,1,45,-1,-1,-1
"2025000001771",1,9,9,1,0,0,3,2,72,1332,1,2
"2025000001772",1,9,19,2,0,0,1,3,21,2987,2,16
"2025000001773",1,8,99,9,9,99,9,1,46,1477,8,4
"2025000001774",2,9,19,0,0,0,3,2,26,1995,2,15
"2025000001774",1,19,19,0,2,0,1,1,44,1598,2,13
"2025000001775",1,10,19,0,0,0,4,1,40,2198,2,13
"2025000001776",2,1,19,0,0,0,2,1,49,-1,-1,-1
"2025000001776",1,9,19,0,0,0,1,1,50,999,1,1
"2025000001777",2,1,19,8,0,0,3,1,-1,-1,-1,-1
"2025000001777",1,9,19,1,0,0,3,1,33,1388,1,13
"2025000001778",1,9,14,0,1,4,4,1,80,1498,1,4
"2025000001778",2,9,2,0,0,0,2,3,-1,1497,8,7
"2025000001779",1,9,19,1,0,0,1,3,-1,-1,-1,-1
"2025000001780",1,9,19,1,0,0,1,1,19,1229,1,10
"2025000001780",2,9,7,6,0,0,3,1,23,1598,1,16
"2025000001781",2,9,19,8,0,0,3,2,38,2143,2,6
"2025000001781",1,9,9,6,0,0,1,2,27,1995,12,2
"2025000001782",1,9,1,0,0,0,4,1,83,1248,1,4
"2025000001783",2,9,19,0,0,0,1,1,52,2487,8,0
"2025000001783",1,19,7,0,0,0,2,1,47,1995,2,3
"2025000001784",2,9,9,6,0,0,1,1,35,2967,2,9
"2025000001784",1,9,19,1,0,0,1,2,58,1685,2,9
"2025000001785",1,9,19,0,0,0,2,2,42,999,1,6
"2025000001785",2,9,19,0,0,0,1,2,23,1598,1,17
"2025000001786",1,8,19,8,0,0,1,1,37,1477,8,2
"2025000001787",1,9,19,1,0,0,1,1,19,1368,1,13
"2025000001788",1,9,7,1,0,0,1,2,20,1395,1,10
"2025000001788",2,19,9,1,0,0,1,1,45,1968,2,4
"2025000001789",2,9,12,0,0,0,1,1,52,-1,-1,-1
"2025000001789",1,10,12,0,0,0,2,1,39,-1,-1,-1
"2025000001790",2,9,19,0,0,0,2,1,29,1995,1,10
"2025000001790",1,19,19,0,0,0,1,1,-1,-1,-1,-1
"2025000001791",1,9,99,9,9,99,2,1,33,1560,2,10
"2025000001792",1,11,19,0,0,0,0,1,28,9360,2,7
"2025000001793",2,9,9,8,0,0,4,2,38,1995,2,6
"2025000001793",1,9,19,6,0,0,1,2,29,1796,1,16
"2025000001794",1,9,19,0,0,0,3,1,42,3200,2,8
"2025000001794",2,9,3,0,0,0,3,1,56,1200,1,4
"2025000001795",1,9,1,0,0,0,1,1,77,-1,3,0
"2025000001796",2,21,4,0,0,0,1,1,55,6700,2,5
"2025000001796",1,19,19,0,1,6,1,1,30,2198,2,8
"2025000001797",1,19,13,0,0,0,3,1,40,2179,2,1
"2025000001797",2,9,19,0,1,0,3,1,21,1968,2,15
"2025000001798",1,9,10,1,0,0,1,1,50,1591,1,1
"2025000001799",1,9,4,0,0,0,2,1,58,1332,1,2
"2025000001799",2,98,4,0,1,0,2,1,37,-1,-1,-1
"2025000001800",2,9,3,4,0,0,2,1,65,1798,1,11
"2025000001800",1,9,11,4,0,0,3,1,50,2143,2,5
"2025000001800",3,8,3,1,0,0,2,1,48,1798,8,8
"2025000001801",2,9,9,1,0,0,4,1,36,-1,-1,-1
"2025000001801",1,9,19,1,0,0,1,3,-1,-1,-1,-1
"2025000001802",1,9,19,4,0,11,3,1,66,1360,1,11
"2025000001802",2,1,19,3,0,0,1,2,58,-1,-1,-1
"2025000001803",1,1,19,0,0,0,1,1,78,-1,-1,-1
"2025000001804",2,9,19,1,0,0,2,1,39,1995,2,11
"2025000001804",3,9,19,1,0,0,2,1,78,998,1,5
"2025000001804",1,9,19,1,0,0,1,2,22,1229,1,7
"2025000001805",2,9,99,9,9,99,1,3,-1,1995,1,13
"2025000001805",1,1,99,9,9,99,2,1,22,-1,-1,-1
"2025000001806",1,9,19,0,5,0,1,1,18,1364,1,14
"2025000001807",2,1,19,4,0,0,1,1,73,-1,-1,-1
"2025000001807",1,9,19,8,0,0,1,1,-1,-1,-1,-1
"2025000001808",1,9,13,0,1,0,1,1,21,1396,1,9
"2025000001808",2,9,19,0,0,0,1,1,56,-1,-1,-1
"2025000001809",2,1,19,8,0,0,1,1,28,-1,-1,-1
"2025000001809",1,9,9,5,0,0,4,1,56,1461,2,13
"2025000001810",1,9,19,0,0,7,1,1,21,998,1,9
"2025000001811",1,5,10,1,0,0,0,1,62,1200,1,17
"2025000001812",2,3,7,3,0,0,1,1,20,125,1,16
"2025000001812",1,9,9,8,0,0,2,1,-1,-1,-1,-1
"2025000001813",1,3,99,9,9,99,9,3,33,125,1,7
"2025000001813",2,9,99,9,9,99,9,3,-1,998,1,9
"2025000001814",1,11,99,0,9,99,9,3,-1,6700,2,10
"2025000001815",1,9,9,6,0,0,1,1,48,1596,1,17
"2025000001816",1,19,19,8,0,0,0,1,51,1995,2,5