"collision_index","vehicle_reference","vehicle_type","vehicle_manoeuvre","junction_location","skidding_and_overturning","hit_object_in_carriageway","first_point_of_impact","sex_of_driver","age_of_driver","engine_capacity_cc","propulsion_code","age_of_vehicle"
"2025000002039",1,9,19,0,0,0,1,2,19,998,1,10
"2025000002040",1,3,99,9,9,99,1,1,30,124,1,0
"2025000002040",2,9,99,9,9,99,9,1,67,1560,2,5
"2025000002041",3,9,19,0,0,0,2,1,31,1984,1,5
"2025000002041",1,9,19,0,0,0,2,2,64,1999,1,16
"2025000002041",4,9,19,0,0,0,1,1,35,1595,1,10
"2025000002041",2,9,19,0,0,0,2,1,37,1984,1,4
"2025000002042",1,2,19,8,1,0,1,2,20,50,1,2
"2025000002042",2,9,9,6,0,0,1,1,34,1984,1,6
"2025000002043",2,3,19,8,0,0,1,1,29,125,1,2
"2025000002043",1,9,5,6,0,0,3,1,28,999,1,9
"2025000002044",1,9,19,0,1,0,1,1,44,1995,2,14
"2025000002045",2,9,9,1,0,0,3,2,30,1796,1,16
"2025000002045",1,11,19,8,0,0,1,2,60,4500,2,11
"2025000002046",1,9,19,1,0,0,1,2,58,1398,2,12
"2025000002046",2,9,9,5,0,0,2,2,50,1499,1,4
"2025000002047",1,9,19,0,0,0,1,2,31,2199,2,12
"2025000002047",2,9,19,0,0,0,1,1,36,1999,2,4
"2025000002048",2,9,9,5,0,0,2,1,29,1390,1,13
"2025000002048",1,11,19,1,0,0,1,1,51,5132,2,7
"2025000002049",1,11,2,0,0,0,0,1,28,4500,2,8
"2025000002050",2,9,9,8,0,0,3,2,61,1388,1,13
"2025000002050",1,9,13,8,1,0,4,1,19,2967,2,2
"2025000002051",2,9,3,1,0,0,1,1,39,1299,1,22
"2025000002051",1,11,5,8,0,0,2,1,22,-1,3,3
"2025000002052",2,9,3,2,0,0,1,1,25,1798,8,2
"2025000002052",1,9,7,2,0,0,4,1,24,1595,1,5
"2025000002053",1,97,-1,1,-1,-1,-1,3,-1,-1,-1,-1
"2025000002054",1,9,9,5,0,0,3,1,19,1398,1,5
"2025000002054",2,9,9,6,0,0,3,2,48,2967,2,2
"2025000002055",1,9,19,1,0,0,0,2,31,1398,1,5
"2025000002055",2,9,19,1,0,0,3,2,31,1997,2,8
"2025000002056",2,9,19,0,0,0,3,2,81,1198,1,4
"2025000002056",1,9,19,0,0,0,3,2,39,1796,1,9
"2025000002057",2,19,19,0,0,0,1,1,46,2299,2,8
"2025000002057",1,9,19,0,0,0,1,1,18,999,1,7
"2025000002058",2,9,99,9,9,99,1,2,32,1791,8,12
"2025000002058",1,3,99,9,9,99,2,1,31,125,1,3
"2025000002059",1,9,19,6,0,0,1,1,71,1242,1,7
"2025000002060",1,9,14,0,0,0,1,2,35,1968,2,16
"2025000002060",2,11,14,0,0,0,1,1,33,6700,2,1
"2025000002061",1,3,9,5,2,0,1,1,23,124,1,17
"2025000002062",1,5,19,0,5,0,1,1,61,599,1,20
"2025000002063",3,9,3,1,0,0,3,1,32,1399,1,2
"2025000002063",1,9,9,5,0,0,1,1,17,1198,1,11
"2025000002063",2,21,19,1,0,0,1,1,32,12419,2,2
"2025000002064",1,9,19,1,0,0,3,1,30,1499,1,3
"2025000002065",3,11,4,8,0,0,1,1,59,4461,2,4
"2025000002065",1,9,10,1,0,0,2,2,45,1360,1,17
"2025000002065",2,9,19,1,0,0,1,2,35,-1,-1,-1
"2025000002066",1,9,19,1,0,0,1,3,-1,-1,-1,-1
"2025000002067",1,3,3,4,0,0,2,1,20,125,1,0
"2025000002067",2,9,19,4,0,0,1,3,45,-1,-1,-1
"2025000002068",1,19,4,0,0,0,1,1,35,1995,2,5
"2025000002068",2,9,3,0,0,0,2,2,70,1149,1,17
"2025000002069",2,1,19,0,0,0,2,1,41,-1,-1,-1
"2025000002069",1,9,13,0,0,0,1,1,61,1598,2,7
"2025000002070",1,9,19,0,5,0,1,1,20,2497,2,19
"2025000002071",2,5,3,1,0,0,2,1,53,998,1,5
"2025000002071",3,5,3,1,0,0,2,1,28,689,1,4
"2025000002071",1,9,19,1,0,0,1,2,85,1587,1,12
"2025000002072",2,9,2,0,0,0,2,1,37,1560,2,8
"2025000002072",1,9,2,0,0,0,2,1,75,1229,1,17
"2025000002073",1,9,5,1,0,0,3,1,-1,1896,2,13
"2025000002074",2,1,19,1,0,0,1,2,37,-1,-1,-1
"2025000002074",1,9,7,3,0,0,3,1,73,1498,1,4
"2025000002075",2,9,19,8,0,0,1,1,49,1598,1,19
"2025000002075",1,9,6,8,0,0,3,1,79,1995,2,4
"2025000002076",2,4,13,8,0,0,1,1,33,471,1,6
"2025000002076",1,9,9,5,0,0,1,2,75,1248,1,7
"2025000002077",1,21,19,0,0,7,1,1,57,10677,2,4
"2025000002078",1,3,19,0,0,0,1,1,30,124,1,9
"2025000002079",1,9,19,4,1,9,4,1,28,1398,1,11
"2025000002079",2,9,19,4,0,0,0,1,32,2993,2,2
"2025000002080",2,9,19,0,0,0,1,1,51,1997,2,4
"2025000002080",1,19,19,0,0,0,1,1,61,-1,-1,-1
"2025000002081",2,9,19,1,1,0,1,2,20,999,1,3
"2025000002081",1,9,9,2,1,0,1,1,49,1399,2,12
"2025000002082",1,9,5,1,0,0,1,1,40,-1,-1,-1
"2025000002082",2,1,19,1,1,0,1,1,13,-1,-1,-1
"2025000002083",1,9,19,0,0,4,1,1,32,1995,2,19
"2025000002084",2,1,19,8,0,0,2,1,59,-1,-1,-1
"2025000002084",1,19,19,4,0,0,1,1,29,-1,-1,-1
"2025000002085",2,9,5,1,1,0,1,1,28,1086,1,14
"2025000002085",1,9,2,1,0,0,2,2,42,-1,3,2
"2025000002086",1,11,19,0,1,6,1,1,48,9000,2,18
"2025000002087",1,19,19,0,0,0,1,1,25,1598,2,2
"2025000002087",2,9,19,0,0,0,1,2,24,-1,-1,-1
"2025000002088",1,9,19,0,0,0,1,3,-1,-1,-1,-1
"2025000002088",2,1,19,0,0,0,1,1,13,-1,-1,-1
"2025000002089",1,11,19,2,0,0,1,1,22,7300,2,15
"2025000002090",2,9,19,1,0,0,4,2,30,1339,1,14
"2025000002090",1,9,7,8,0,0,1,2,60,698,1,18
"2025000002091",2,1,19,8,0,0,4,1,19,-1,-1,-1
"2025000002091",1,9,7,5,0,0,1,1,67,1461,2,6
"2025000002092",1,4,19,0,5,0,1,1,20,-1,-1,-1
"2025000002093",2,9,19,1,0,0,1,1,49,1197,1,5
"2025000002093",1,9,9,5,0,0,1,2,73,1390,1,10
"2025000002094",2,98,19,0,0,0,1,1,42,-1,-1,-1
"2025000002094",1,9,9,0,0,11,1,2,40,1598,2,8
"2025000002095",2,19,2,0,0,4,2,3,-1,1995,2,3
"2025000002095",3,9,2,0,0,0,2,3,-1,1242,1,13
"2025000002095",1,9,15,0,0,4,1,1,22,1390,1,8
"2025000002096",1,9,19,1,0,0,1,1,93,3199,1,18
"2025000002097",1,9,19,0,2,0,4,2,30,1229,1,16
"2025000002098",1,3,99,9,9,99,1,2,28,108,1,8
"2025000002098",2,9,99,9,9,99,9,3,33,1598,1,7
"2025000002099",1,9,9,1,0,0,1,1,69,1497,8,14
"2025000002099",2,3,19,8,1,0,1,1,17,125,1,1
"2025000002100",2,1,19,1,5,0,1,2,14,-1,-1,-1
"2025000002100",1,9,7,6,0,0,3,2,35,1998,2,9
"2025000002101",1,9,9,8,0,0,3,2,22,1299,1,16
"2025000002102",1,9,19,8,0,0,1,1,56,1956,2,9
"2025000002102",2,5,19,8,5,0,2,1,40,998,1,12
"2025000002103",2,9,19,1,0,0,1,2,52,898,1,7
"2025000002103",1,9,19,8,0,0,4,2,47,1598,8,3
"2025000002104",1,9,9,6,0,4,1,1,48,1598,1,14
"2025000002104",2,1,3,5,0,0,1,1,30,-1,-1,-1
"2025000002105",1,9,1,0,0,0,2,1,65,1997,2,10
"2025000002106",2,9,19,1,0,0,1,1,86,1598,1,13
"2025000002106",1,3,9,8,2,0,3,1,18,125,1,0
"2025000002107",1,9,19,0,0,0,1,1,81,1596,1,4
"2025000002108",1,9,19,1,0,0,3,2,62,1329,1,5
"2025000002108",2,9,9,6,0,0,1,3,-1,1896,2,16
"2025000002109",1,11,19,0,0,0,1,1,54,6370,2,14
"2025000002110",1,11,19,1,0,5,1,1,48,6700,2,12
"2025000002111",1,11,19,0,0,0,4,3,-1,-1,-1,-1
"2025000002112",1,9,19,6,0,0,1,1,39,2494,1,24
"2025000002112",2,19,19,8,0,0,1,1,64,2198,2,7
"2025000002113",1,9,9,1,0,0,3,2,-1,-1,-1,-1
"2025000002113",2,9,19,1,0,0,1,3,-1,-1,-1,-1
"2025000002114",1,19,19,0,0,0,1,1,26,-1,-1,-1
"2025000002114",2,9,19,0,0,0,1,1,57,2393,2,3
"2025000002115",1,9,6,0,0,0,3,2,74,999,1,6
"2025000002115",2,5,13,0,0,0,1,1,49,1202,1,11
"2025000002116",1,9,9,6,0,0,3,2,55,-1,-1,-1
"2025000002116",2,9,19,1,0,0,4,1,65,1975,1,18
"2025000002117",3,9,2,1,0,0,2,3,-1,1998,1,0
"2025000002117",1,9,19,1,0,0,1,1,39,1580,8,4
"2025000002117",2,9,2,1,0,0,2,3,-1,1590,1,4
"2025000002118",1,9,19,8,0,0,3,2,32,999,1,1
"2025000002118",2,9,11,8,0,0,1,1,-1,1242,1,13
"2025000002119",1,5,19,0,0,0,4,1,45,800,1,3
"2025000002119",2,9,11,0,0,0,4,1,76,1984,1,14
"2025000002120",1,4,9,2,5,0,4,1,51,1084,1,2
"2025000002121",2,9,7,2,0,0,2,1,19,1499,2,9
"2025000002121",1,9,19,2,0,0,1,3,-1,-1,-1,-1
"2025000002122",1,9,19,3,0,10,4,1,27,1598,2,14
"2025000002122",2,19,19,3,0,0,3,3,-1,-1,3,3
"2025000002123",1,9,19,0,0,0,1,2,41,1397,1,18
"2025000002124",2,9,19,0,0,0,4,2,43,998,1,7
"2025000002124",1,9,19,0,0,0,1,1,49,-1,-1,-1
"2025000002125",1,9,9,2,0,0,1,1,55,1199,1,1
"2025000002125",2,1,9,2,0,0,2,1,25,-1,-1,-1
"2025000002126",2,4,19,8,5,0,1,1,22,248,1,10
"2025000002126",1,9,9,5,0,0,1,1,52,1984,1,4
"2025000002127",1,9,19,2,0,0,0,3,26,-1,-1,-1
"2025000002128",4,9,2,0,0,0,2,1,36,1598,2,7
"2025000002128",5,8,2,0,0,0,2,1,40,1995,2,6
"2025000002128",2,8,2,0,0,0,2,1,47,1598,2,10
"2025000002128",3,8,2,0,0,0,2,2,61,1598,2,5
"2025000002128",1,8,4,0,0,4,1,1,30,-1,3,1
"2025000002129",1,9,-1,0,0,0,4,3,-1,-1,-1,-1
"2025000002130",2,21,19,4,0,0,1,1,-1,6700,2,4
"2025000002130",1,8,19,4,0,0,2,1,36,2143,2,11
"2025000002131",1,9,9,5,0,0,1,2,45,1598,2,7
"2025000002132",2,9,19,0,0,0,1,2,20,1197,1,4
"2025000002132",1,9,19,0,0,0,1,3,-1,1242,1,14
"2025000002133",1,9,19,2,0,0,3,2,20,1124,1,14
"2025000002134",1,9,19,0,0,0,2,1,30,1598,2,10
"2025000002134",2,21,19,0,0,0,1,1,30,12419,2,0
"2025000002135",3,9,19,0,0,0,2,2,38,1968,2,3
"2025000002135",2,9,19,0,0,0,2,2,39,1586,1,3
"2025000002135",1,21,19,0,0,0,1,1,44,-1,-1,-1
"2025000002136",1,9,5,1,0,0,1,1,21,2143,2,8
"2025000002136",2,9,19,1,0,0,1,2,44,1398,1,13
"2025000002137",2,9,19,0,0,0,2,1,32,998,1,19
"2025000002137",1,9,4,0,0,0,1,1,19,1490,1,15
"2025000002137",3,9,19,0,0,0,2,1,24,-1,-1,-1
"2025000002138",1,9,19,0,1,10,1,1,33,1598,2,5
"2025000002139",1,9,19,1,0,0,1,2,32,1461,2,8
"2025000002139",2,19,19,1,0,0,2,1,60,1995,2,1
"2025000002139",3,9,9,5,0,0,2,2,43,1582,2,12
"2025000002140",1,8,14,0,0,0,1,1,38,1797,8,9
"2025000002140",2,11,2,0,0,0,0,3,-1,-1,-1,-1
"2025000002141",1,9,4,0,0,0,2,2,47,998,1,7
"2025000002141",2,9,4,0,0,0,1,1,26,998,1,14
"2025000002142",2,9,19,7,0,0,2,2,64,1598,1,12
"2025000002142",1,9,19,7,0,0,1,2,43,2497,2,7
"2025000002143",1,9,7,3,0,0,1,1,67,1997,2,3
"2025000002143",2,1,19,1,0,0,1,1,21,-1,-1,-1
"2025000002144",2,1,19,1,5,0,1,1,61,-1,-1,-1
"2025000002144",1,17,9,6,0,0,3,1,48,6728,2,4
"2025000002145",1,97,99,0,9,99,9,3,-1,-1,-1,-1
"2025000002146",2,9,4,4,0,0,1,2,26,1499,1,1
"2025000002146",1,9,7,3,0,0,1,2,17,1496,2,5
"2025000002147",1,9,7,6,0,0,1,1,54,1995,2,16
"2025000002147",2,9,19,1,1,0,3,1,27,2998,1,3
"2025000002148",1,9,2,0,0,0,2,2,42,1498,1,1
"2025000002148",2,9,19,0,0,0,1,1,19,999,1,5
"2025000002149",2,9,4,0,0,0,3,2,34,1598,1,9
"2025000002149",1,9,19,0,0,4,4,2,33,1995,1,4
"2025000002150",2,1,-1,0,-1,-1,3,2,45,-1,-1,-1
"2025000002150",1,9,-1,0,-1,-1,4,1,35,2480,1,6
"2025000002151",1,9,1,0,0,0,2,1,77,-1,-1,-1
"2025000002152",1,19,19,0,0,0,2,1,61,1997,2,1
"2025000002152",2,19,19,0,0,0,1,1,62,1499,2,7
"2025000002153",2,9,19,8,0,0,3,2,43,2987,2,11
"2025000002153",3,19,19,8,0,0,1,1,47,1968,2,2
"2025000002153",1,9,9,8,0,0,1,1,37,1999,1,20
"2025000002154",1,19,6,2,0,0,3,1,29,1997,2,15
"2025000002154",2,9,19,2,0,0,1,1,21,1461,2,9
"2025000002155",1,9,8,0,0,0,1,2,58,998,1,4
"2025000002156",2,19,99,1,9,99,1,3,-1,2143,2,4
"2025000002156",1,9,99,1,9,99,2,2,36,998,1,4
"2025000002157",1,9,19,0,0,0,3,2,25,998,1,1
"2025000002158",1,9,7,6,0,0,0,2,47,998,1,10
"2025000002158",2,5,19,8,1,0,4,1,21,745,1,14
"2025000002159",2,1,19,1,2,0,4,1,45,-1,-1,-1
"2025000002159",1,9,3,6,0,0,0,1,45,2993,2,4
"2025000002160",2,19,19,1,0,0,1,1,55,1868,2,15
"2025000002160",1,19,8,1,0,0,3,3,30,2198,2,10
"2025000002161",2,9,99,9,9,99,1,3,-1,-1,-1,-1
"2025000002161",1,3,99,9,9,99,9,3,31,330,1,0
"2025000002162",2,21,19,8,0,0,2,1,24,12809,2,2
"2025000002162",1,9,99,9,9,99,2,2,35,2143,2,7
"2025000002163",2,9,99,0,9,99,9,3,33,1560,2,6
"2025000002163",1,3,99,0,9,99,1,2,39,125,1,4
"2025000002164",2,9,19,4,0,0,1,2,-1,1598,2,12
"2025000002164",1,1,19,8,0,0,3,1,52,-1,-1,-1
"2025000002165",2,9,19,8,0,0,1,1,25,2191,2,4
"2025000002165",1,9,19,8,1,0,3,1,57,1950,2,1
"2025000002166",1,9,3,1,0,0,2,2,31,1242,1,17
"2025000002166",2,9,5,1,0,0,1,1,84,1380,1,13
"2025000002167",1,11,4,1,0,4,1,1,63,4461,2,9
"2025000002167",2,11,3,1,0,0,2,1,64,9360,2,13
"2025000002168",1,9,19,0,5,0,1,1,61,1599,1,14
"2025000002169",3,9,19,0,0,0,4,2,54,1242,1,8
"2025000002169",1,19,19,0,0,0,1,1,42,2198,2,8
"2025000002169",2,9,2,0,0,0,3,2,50,1242,1,2
"2025000002170",1,9,7,8,0,0,1,2,-1,1560,2,10
"2025000002170",2,9,19,8,0,0,3,2,25,1560,2,13
"2025000002171",1,9,5,0,0,0,3,1,45,1798,8,7
"2025000002172",1,9,9,8,0,0,1,2,81,999,1,1
"2025000002172",2,9,19,1,0,0,1,1,26,1560,2,12
"2025000002173",2,9,19,8,0,0,1,1,48,3200,1,17
"2025000002173",1,9,7,6,0,0,3,1,20,1598,1,11
"2025000002174",2,9,8,0,0,0,4,1,35,1390,1,15
"2025000002174",1,11,5,0,0,0,3,2,48,4461,2,9
"2025000002175",1,9,9,6,0,0,3,1,47,1496,1,1
"2025000002176",2,9,9,8,0,0,2,1,37,2000,2,11
"2025000002176",1,4,19,1,2,0,1,1,17,125,1,4
"2025000002177",1,1,19,0,0,0,1,1,56,-1,-1,-1
"2025000002178",1,9,19,1,0,0,1,3,-1,3200,2,17
"2025000002178",2,9,2,1,0,0,3,3,-1,1598,1,15
"2025000002179",2,9,99,9,9,99,1,1,50,1798,8,1
"2025000002179",1,9,99,9,9,99,2,1,33,2993,2,3
"2025000002180",2,9,7,6,0,0,1,1,53,-1,-1,-1
"2025000002180",1,9,19,1,0,0,1,1,85,1598,1,17
"2025000002181",1,90,99,9,9,99,1,3,51,-1,-1,-1
"2025000002182",1,19,19,0,0,0,1,1,31,1995,2,1
"2025000002182",3,19,10,0,0,0,2,1,35,1995,2,7
"2025000002182",2,19,4,0,0,0,2,1,38,-1,-1,-1
"2025000002183",1,9,19,4,0,0,1,1,34,1598,1,14
"2025000002183",2,9,5,8,0,0,4,2,20,1200,1,5
"2025000002184",1,9,19,1,0,0,1,1,33,1586,1,11
"2025000002184",2,9,3,1,0,0,2,1,53,1995,2,8
"2025000002185",1,9,19,3,0,0,1,1,30,1395,1,6
"2025000002185",2,9,19,4,1,0,3,1,38,1598,2,6
"2025000002186",1,1,99,0,9,99,9,1,42,-1,-1,-1
"2025000002187",1,9,19,1,0,0,1,1,22,1686,2,11
"2025000002188",3,9,19,1,0,0,2,1,26,1364,1,8
"2025000002188",2,19,19,1,0,0,3,1,39,1500,2,1
"2025000002188",1,9,19,1,5,0,1,1,48,1199,1,0
"2025000002189",2,9,20,2,0,0,1,-1,-1,1199,1,0
"2025000002189",1,4,6,6,0,0,1,2,55,-1,-1,-1
"2025000002190",1,9,9,8,0,0,1,1,42,1597,2,4
"2025000002190",2,1,19,1,0,0,1,1,26,-1,-1,-1
"2025000002191",1,19,19,0,0,0,1,1,49,2442,2,3
"2025000002192",1,1,5,1,0,0,1,1,55,-1,-1,-1
"2025000002192",2,9,5,1,0,0,1,2,41,1364,1,6
"2025000002193",2,1,19,1,0,0,4,1,17,-1,-1,-1
"2025000002193",1,9,5,6,0,0,1,2,23,1390,1,13
"2025000002194",1,3,19,1,5,0,4,1,27,124,1,6
"2025000002195",2,9,99,9,9,99,1,2,-1,999,1,5
"2025000002195",1,1,19,2,9,99,2,1,32,-1,-1,-1
"2025000002196",1,9,19,2,0,0,1,2,44,1197,1,12
"2025000002197",1,9,99,9,9,99,9,1,36,2000,1,16
"2025000002197",2,1,99,9,9,99,9,1,-1,-1,-1,-1
"2025000002198",1,9,-1,0,1,0,1,2,40,1598,1,16
"2025000002199",1,21,-1,0,-1,-1,-1,1,61,12902,2,5
"2025000002199",2,8,-1,0,-1,-1,-1,1,28,-1,-1,-1
"2025000002200",1,9,9,5,1,0,4,2,41,1199,1,2
"2025000002200",2,9,19,8,1,0,1,1,40,1582,2,10
"2025000002201",1,10,1,5,0,0,2,1,55,2198,2,6
"2025000002202",2,9,19,0,0,0,3,1,72,1332,8,0
"2025000002202",1,20,19,0,0,0,1,1,53,-1,-1,-1
"2025000002202",3,9,19,0,0,0,1,2,57,2993,12,6
"2025000002203",1,9,19,8,0,7,1,1,24,1197,1,7
"2025000002204",2,19,19,0,0,0,1,2,25,2200,2,1
"2025000002204",1,8,19,0,0,0,1,1,77,2776,2,6
"2025000002205",1,1,99,9,9,99,9,1,59,-1,-1,-1
"2025000002205",2,9,99,9,9,99,9,3,-1,1198,1,10
"2025000002206",2,9,2,2,0,0,4,3,-1,-1,-1,-1
"2025000002206",1,9,19,2,0,0,3,1,86,1339,1,15
"2025000002207",2,3,19,1,0,0,1,1,15,125,1,3
"2025000002207",1,9,19,2,0,0,1,1,34,3993,2,5
"2025000002208",1,9,12,2,0,0,1,1,18,799,2,9
"2025000002208",3,9,4,1,0,0,0,1,-1,1995,2,0
"2025000002208",2,21,4,1,0,0,1,1,54,12742,2,2
"2025000002209",1,9,19,0,0,0,1,1,20,1422,2,6
"2025000002210",1,9,4,0,0,0,2,2,30,1799,1,13
"2025000002210",2,-1,19,0,0,0,2,3,-1,-1,-1,-1
"2025000002211",3,1,19,8,0,0,1,2,24,-1,-1,-1
"2025000002211",1,9,19,6,0,0,1,1,48,1998,1,6
"2025000002211",2,1,19,8,0,0,1,1,58,-1,-1,-1
"2025000002212",1,9,19,0,2,11,1,1,27,2993,2,15
"2025000002213",1,9,5,0,0,0,2,2,44,1998,8,5
"2025000002213",2,3,19,0,2,0,1,2,34,125,1,1
"2025000002214",1,8,1,3,0,11,2,3,-1,1956,2,9
"2025000002215",1,1,99,9,9,99,2,2,56,-1,-1,-1
"2025000002215",2,9,99,9,9,99,1,3,-1,-1,-1,-1
"2025000002216",2,9,13,0,0,0,4,1,21,1969,8,2
"2025000002216",1,9,19,0,0,0,3,1,21,1969,1,2
"2025000002217",3,9,4,1,0,0,2,2,34,998,1,9
"2025000002217",1,9,19,1,0,0,1,2,59,1199,2,10
"2025000002217",2,9,4,1,0,0,2,1,47,1299,1,16
"2025000002218",1,11,4,1,0,0,0,1,37,8268,2,14
"2025000002219",1,-1,19,1,0,0,1,1,21,-1,-1,-1
"2025000002220",1,9,2,1,0,0,0,3,-1,2720,2,14
"2025000002220",2,-1,19,1,0,4,1,2,37,-1,-1,-1
"2025000002221",1,9,4,0,0,0,1,1,41,1686,2,13
"2025000002221",2,9,4,0,0,0,2,1,31,1995,2,12
"2025000002222",2,1,19,1,0,0,1,1,55,-1,-1,-1
"2025000002222",1,9,9,2,0,0,3,1,25,-1,-1,-1
"2025000002223",1,1,19,0,0,0,1,3,-1,-1,-1,-1
"2025000002224",2,90,9,1,0,0,3,1,58,1584,1,-1
"2025000002224",1,9,13,1,0,0,1,3,-1,1995,2,4
"2025000002225",2,9,19,1,0,0,1,2,28,1198,1,14
"2025000002225",1,9,13,1,5,0,1,1,22,1199,1,4
"2025000002226",1,9,11,0,0,0,4,2,25,1296,1,13
"2025000002226",2,9,19,0,0,0,3,1,21,1968,2,15
"2025000002227",1,9,19,8,1,0,1,1,51,1299,1,17
"2025000002228",1,9,99,9,9,99,9,1,20,1596,1,9
"2025000002228",2,9,99,9,9,99,2,3,-1,1998,1,5
"2025000002229",1,19,1,8,0,0,2,3,30,1560,2,7
"2025000002230",1,9,19,0,0,0,1,1,-1,-1,-1,-1
"2025000002230",2,22,5,0,0,0,1,1,72,-1,-1,-1
"2025000002231",1,9,5,2,0,0,1,1,-1,1798,8,7
"2025000002232",2,3,9,5,0,0,2,1,46,124,1,12
"2025000002232",1,9,19,8,0,0,4,1,62,1968,2,9
"2025000002233",1,9,19,0,0,0,1,1,34,1332,1,0
"2025000002234",1,9,9,6,0,0,4,3,30,1199,2,10
"2025000002234",2,9,19,8,0,0,1,2,23,1995,2,8
"2025000002235",1,9,4,1,0,0,2,2,41,-1,-1,-1
"2025000002235",2,9,19,1,0,0,1,1,35,-1,-1,-1
"2025000002236",1,19,19,0,0,0,1,1,-1,2402,2,11
"2025000002237",1,9,19,8,0,0,1,1,22,1399,2,9
"2025000002237",2,9,19,8,5,0,4,2,29,1598,1,15
"2025000002238",1,19,7,0,0,0,4,1,32,1870,2,18
"2025000002238",2,9,9,0,0,0,1,2,32,1995,2,8
"2025000002239",1,9,5,1,0,0,1,1,77,998,1,3
"2025000002239",2,9,19,8,1,0,3,1,54,1896,2,17
"2025000002240",1,9,19,8,0,0,1,1,54,-1,-1,-1
"2025000002240",2,9,3,8,0,0,2,2,46,1200,1,2
"2025000002241",2,1,19,8,0,0,1,1,34,-1,-1,-1
"2025000002241",1,9,7,4,0,0,4,1,48,-1,-1,-1
"2025000002242",2,10,19,1,0,0,1,1,69,2198,2,9
"2025000002242",4,10,19,1,0,0,0,1,64,2402,2,14
"2025000002242",3,21,19,1,0,0,1,1,46,10837,2,3
"2025000002242",1,9,19,1,0,0,1,1,86,999,1,5
"2025000002243",1,9,5,1,0,0,1,1,48,1598,2,9
"2025000002243",2,1,19,1,0,0,4,2,55,-1,-1,-1
"2025000002244",1,9,19,0,1,0,1,1,18,998,1,10
"2025000002245",1,9,19,0,1,11,2,1,70,1968,2,11
"2025000002245",2,21,19,0,0,0,1,1,39,-1,-1,-1
"2025000002246",1,9,19,3,0,0,1,1,38,2993,2,15
"2025000002247",1,-1,19,5,0,0,1,2,-1,-1,-1,-1
"2025000002248",3,9,19,0,0,0,4,2,30,1499,1,2
"2025000002248",2,9,19,0,0,0,1,2,43,1390,1,7
"2025000002248",4,19,19,0,0,0,2,1,35,-1,-1,-1
"2025000002248",1,9,11,0,0,0,4,1,22,999,1,3
"2025000002249",1,9,19,2,0,0,1,2,73,1498,1,4
"2025000002250",1,19,19,7,0,0,1,1,75,-1,-1,-1
"2025000002251",2,9,19,1,0,0,3,3,-1,2401,2,17
"2025000002251",1,9,19,1,0,0,3,1,70,1598,2,5
"2025000002252",1,9,7,6,0,0,1,2,30,998,1,16
"2025000002252",2,1,19,2,0,0,3,1,25,-1,-1,-1
"2025000002253",2,9,4,0,0,0,2,2,69,1395,1,10
"2025000002253",1,9,4,0,0,0,1,1,66,1339,1,9
"2025000002253",3,9,4,0,0,0,2,1,52,-1,-1,-1
"2025000002253",4,9,4,0,0,0,2,1,81,1386,1,10
"2025000002254",1,9,-1,0,-1,-1,-1,1,24,-1,-1,-1
"2025000002254",2,9,-1,0,-1,-1,-1,2,-1,-1,-1,-1
"2025000002255",1,9,19,0,0,0,4,1,30,1968,2,9
"2025000002256",1,9,4,0,0,0,1,2,62,2993,2,8
"2025000002256",2,1,19,0,0,0,1,1,17,-1,-1,-1
"2025000002257",1,19,19,0,0,0,1,1,70,1248,2,9
"2025000002258",1,9,19,0,0,0,1,1,29,-1,-1,-1
"2025000002259",2,9,3,0,0,0,2,2,27,1200,1,4
"2025000002259",1,19,19,0,0,0,1,1,-1,1753,2,8
"2025000002260",1,9,19,0,0,0,4,2,31,1390,1,19
"2025000002261",2,9,19,8,1,0,3,2,38,2967,2,13
"2025000002261",1,9,19,8,0,0,1,2,29,2995,1,17
"2025000002262",2,9,19,1,0,0,1,1,82,1339,1,12
"2025000002262",1,19,9,2,0,0,1,1,18,2298,2,5
"2025000002263",4,9,19,1,0,0,-1,3,30,-1,-1,-1
"2025000002263",2,9,3,1,0,0,1,2,26,1968,2,5
"2025000002263",3,9,3,1,0,0,1,1,33,1598,2,10
"2025000002263",1,9,3,1,0,0,3,2,20,1197,1,6
"2025000002264",3,9,19,1,5,0,2,2,30,1560,2,11
"2025000002264",4,9,19,1,0,10,1,1,65,2996,1,13
"2025000002264",2,9,19,1,0,10,1,1,58,1197,1,4
"2025000002264",1,9,19,1,0,0,1,2,50,1896,2,17
"2025000002265",2,9,19,1,0,0,1,3,-1,1461,2,8
"2025000002265",1,9,9,9,0,99,2,2,35,1240,1,12
"2025000002266",1,3,99,9,9,99,9,1,24,125,1,1
"2025000002266",2,9,99,9,9,99,1,3,29,1499,1,2
"2025000002267",1,9,19,0,0,0,1,3,-1,-1,-1,-1
"2025000002267",2,9,19,0,0,0,2,1,36,1968,2,11
"2025000002268",1,19,9,5,0,0,0,1,20,1560,2,4
"2025000002268",2,9,19,8,0,0,4,2,31,1390,1,18
"2025000002269",2,9,19,0,0,0,1,1,29,1199,1,2
"2025000002269",1,3,19,0,0,0,4,1,21,125,1,5