"collision_index","vehicle_reference","vehicle_type","vehicle_manoeuvre","junction_location","skidding_and_overturning","hit_object_in_carriageway","first_point_of_impact","sex_of_driver","age_of_driver","engine_capacity_cc","propulsion_code","age_of_vehicle"
"2025000002503",1,9,9,8,0,0,1,2,41,-1,-1,-1
"2025000002503",2,9,19,1,0,0,3,1,65,998,1,8
"2025000002504",2,9,19,8,2,0,4,1,22,1229,1,7
"2025000002504",1,9,9,1,1,0,1,1,17,1198,1,10
"2025000002505",1,9,19,0,1,0,3,1,47,1995,2,18
"2025000002505",2,9,19,0,1,0,3,1,60,1242,1,3
"2025000002505",3,9,19,0,1,0,1,1,34,1198,1,12
"2025000002506",2,5,12,0,0,0,1,1,27,1000,1,9
"2025000002506",1,9,19,0,0,0,0,1,41,2993,2,13
"2025000002507",1,19,9,6,0,0,1,1,28,1995,2,3
"2025000002507",2,5,19,8,1,0,1,1,48,599,1,24
"2025000002508",2,9,99,9,9,99,1,3,-1,1332,1,2
"2025000002508",1,3,99,9,9,99,1,1,41,125,1,1
"2025000002509",1,9,99,9,9,99,9,3,-1,-1,-1,-1
"2025000002510",1,3,19,0,2,0,0,1,36,124,1,7
"2025000002511",2,9,19,0,0,0,1,2,46,1318,1,3
"2025000002511",1,9,19,0,0,0,2,2,21,1395,1,7
"2025000002512",1,9,19,0,0,0,1,1,23,1595,2,14
"2025000002512",2,9,19,0,0,0,1,2,40,1242,1,20
"2025000002513",2,9,19,0,0,0,3,1,26,-1,-1,-1
"2025000002513",1,21,11,0,0,0,4,1,29,5480,2,21
"2025000002514",2,3,99,9,9,99,1,3,-1,125,1,4
"2025000002514",1,8,99,9,9,99,2,1,51,1790,8,8
"2025000002515",2,11,19,0,0,0,4,1,41,6700,2,1
"2025000002515",1,9,19,0,0,0,1,2,76,1198,1,7
"2025000002516",3,9,19,0,0,0,2,2,57,2199,2,6
"2025000002516",2,19,4,0,0,0,2,1,62,1248,2,15
"2025000002516",1,9,19,0,0,0,1,2,35,998,1,3
"2025000002517",1,9,9,1,0,0,3,2,51,-1,-1,-1
"2025000002517",2,-1,19,1,0,0,1,1,45,-1,-1,-1
"2025000002518",2,9,9,0,0,0,1,1,70,-1,-1,-1
"2025000002518",1,19,2,0,0,0,1,1,57,-1,-1,-1
"2025000002519",1,9,11,0,0,0,0,1,29,1598,2,6
"2025000002519",4,21,19,0,0,0,1,1,53,10837,2,4
"2025000002519",2,9,19,0,0,0,2,1,46,2143,2,5
"2025000002519",3,9,19,0,0,0,1,1,36,1969,2,4
"2025000002520",1,3,99,1,0,99,9,3,25,125,1,2
"2025000002520",2,9,99,6,0,99,9,3,-1,-1,3,0
"2025000002521",2,9,19,1,0,0,1,2,50,1968,2,6
"2025000002521",1,9,19,2,0,0,1,2,39,2143,2,4
"2025000002522",1,9,19,0,0,0,4,3,-1,1998,1,15
"2025000002522",3,19,19,0,0,0,1,1,49,1870,2,15
"2025000002522",2,9,19,0,0,0,3,2,30,1596,1,12
"2025000002523",1,9,19,0,0,0,1,2,43,1199,1,2
"2025000002524",1,9,9,8,0,0,1,2,48,1612,1,10
"2025000002524",2,1,19,1,0,0,1,1,49,-1,-1,-1
"2025000002525",2,9,19,0,0,0,1,1,74,-1,-1,-1
"2025000002525",1,11,3,0,0,0,2,2,54,4461,2,10
"2025000002526",1,9,9,3,0,0,9,2,48,1797,8,12
"2025000002527",1,9,19,1,0,4,1,2,48,1395,1,9
"2025000002527",2,9,5,2,0,0,1,2,31,1997,1,3
"2025000002528",1,9,19,1,0,0,1,2,39,1242,1,6
"2025000002528",2,9,9,1,0,0,2,3,-1,1896,2,18
"2025000002529",1,3,19,8,0,0,1,1,33,125,1,1
"2025000002530",2,9,19,0,0,0,1,1,38,1596,1,11
"2025000002530",1,9,19,0,0,0,1,1,44,998,1,12
"2025000002530",3,9,19,0,0,0,2,1,27,1969,2,4
"2025000002531",1,8,4,1,0,0,1,1,59,1477,8,0
"2025000002532",2,9,3,1,0,0,2,2,50,1597,2,4
"2025000002532",1,9,4,1,0,0,1,1,33,1596,1,16
"2025000002533",2,5,99,9,9,99,1,3,-1,998,1,4
"2025000002533",1,9,99,9,9,99,9,1,30,1499,1,3
"2025000002534",2,9,15,1,0,0,1,1,36,1500,2,5
"2025000002534",1,19,5,1,0,0,2,1,61,2998,2,6
"2025000002535",3,9,3,0,0,0,2,1,35,2179,2,11
"2025000002535",1,9,19,0,0,0,1,2,-1,1498,1,3
"2025000002535",2,9,4,0,0,0,2,2,30,1199,2,10
"2025000002536",1,9,14,0,5,0,4,1,76,1200,1,4
"2025000002536",2,9,2,0,0,0,4,3,-1,1499,1,3
"2025000002537",1,3,13,8,5,0,1,1,21,124,1,0
"2025000002537",2,9,9,8,0,0,3,1,28,1364,1,7
"2025000002538",1,9,9,5,0,0,4,1,24,1997,1,6
"2025000002538",2,3,19,8,0,0,1,1,54,125,1,4
"2025000002539",1,9,19,1,0,0,1,1,-1,-1,-1,-1
"2025000002539",2,9,3,1,0,0,2,2,22,998,1,12
"2025000002540",2,9,19,5,0,0,1,1,45,-1,3,0
"2025000002540",1,1,19,8,0,0,1,1,12,-1,-1,-1
"2025000002541",1,9,19,2,0,7,1,1,69,1461,2,2
"2025000002542",1,9,19,0,0,0,1,1,-1,1995,2,10
"2025000002543",3,9,3,0,0,0,2,1,50,1798,8,3
"2025000002543",2,9,3,0,0,0,2,2,52,999,1,16
"2025000002543",1,9,19,0,0,0,1,1,38,2987,2,13
"2025000002544",2,19,6,2,0,0,2,1,51,2464,2,15
"2025000002544",1,3,19,8,0,0,1,1,21,125,1,1
"2025000002545",1,19,99,9,9,99,9,1,53,-1,3,2
"2025000002546",1,9,99,9,9,99,9,3,-1,-1,-1,-1
"2025000002547",1,9,19,0,2,0,3,1,19,-1,-1,-1
"2025000002548",1,9,19,8,0,0,4,2,49,1499,1,2
"2025000002548",2,9,19,1,0,7,4,1,31,1560,2,5
"2025000002549",2,9,4,0,0,0,2,2,69,1799,1,16
"2025000002549",1,9,13,0,5,0,1,2,100,999,1,4
"2025000002550",1,9,4,1,1,0,2,2,43,1991,1,4
"2025000002550",2,9,4,1,0,0,1,2,35,1598,1,18
"2025000002551",2,3,19,0,0,0,1,1,18,124,1,5
"2025000002551",1,9,6,0,0,0,2,1,33,1598,2,9
"2025000002552",1,9,19,0,0,0,3,1,18,1390,1,14
"2025000002553",1,19,19,1,0,0,4,3,-1,2143,2,7
"2025000002553",2,1,19,1,0,0,3,1,37,-1,-1,-1
"2025000002554",1,97,19,1,0,0,1,1,35,-1,-1,-1
"2025000002554",2,9,5,8,0,0,3,1,44,1968,2,10
"2025000002555",1,9,19,0,0,0,4,1,67,-1,-1,-1
"2025000002556",1,21,19,0,0,0,1,2,38,-1,-1,-1
"2025000002556",3,9,19,0,0,0,2,2,36,2967,2,8
"2025000002556",4,9,19,0,0,0,2,1,48,1997,1,15
"2025000002556",2,9,19,0,0,0,2,1,32,1328,1,11
"2025000002557",1,9,19,8,0,0,4,2,22,1587,1,15
"2025000002557",2,9,19,8,0,0,3,1,56,1360,1,12
"2025000002558",1,9,19,0,1,0,2,1,19,1248,2,12
"2025000002559",1,19,19,0,0,0,1,1,20,1995,2,0
"2025000002559",4,9,19,0,0,0,2,1,44,2993,2,9
"2025000002559",3,9,19,0,0,0,2,1,58,2777,2,13
"2025000002559",2,9,19,0,0,0,2,2,23,1390,1,9
"2025000002560",2,9,4,0,0,0,4,1,39,1499,2,7
"2025000002560",1,1,19,0,0,8,1,2,52,-1,-1,-1
"2025000002561",1,9,5,1,0,0,1,2,-1,-1,-1,-1
"2025000002561",2,19,8,1,0,0,2,2,-1,1560,2,5
"2025000002561",3,9,8,1,0,0,2,3,-1,-1,-1,-1
"2025000002562",1,9,3,8,0,0,2,1,35,1800,1,21
"2025000002562",2,9,19,1,0,0,1,1,44,1995,2,1
"2025000002563",1,9,19,0,0,0,4,1,72,1197,1,7
"2025000002564",1,9,3,1,0,0,2,2,33,2191,2,5
"2025000002564",2,9,4,1,0,0,1,1,36,1242,1,13
"2025000002565",1,9,19,0,0,0,4,2,27,-1,-1,-1
"2025000002565",2,1,19,0,0,0,3,1,20,-1,-1,-1
"2025000002566",1,9,3,1,0,0,2,1,53,1984,1,19
"2025000002566",2,9,19,1,0,0,1,3,-1,3436,1,10
"2025000002567",1,4,4,1,1,0,0,1,76,349,1,0
"2025000002568",1,9,19,2,0,0,1,2,31,1498,1,1
"2025000002569",1,9,3,0,0,0,1,2,28,1598,1,14
"2025000002569",2,9,19,0,0,0,2,1,22,1461,2,10
"2025000002570",2,9,5,8,0,0,1,3,-1,-1,-1,-1
"2025000002570",1,3,4,1,0,0,0,2,22,124,1,2
"2025000002571",2,9,99,9,9,99,1,3,-1,2290,1,26
"2025000002571",1,9,99,9,9,99,1,2,52,2360,8,12
"2025000002572",1,9,19,6,0,0,4,1,41,1992,2,16
"2025000002572",2,9,19,8,0,0,1,3,-1,1685,2,10
"2025000002573",1,9,19,2,0,0,3,1,79,1499,1,3
"2025000002573",2,9,19,8,0,0,1,1,24,1395,1,4
"2025000002574",2,9,99,9,9,99,1,3,-1,1332,1,4
"2025000002574",1,3,99,9,9,99,1,1,35,125,1,2
"2025000002575",1,11,19,8,0,0,0,1,64,6696,2,9
"2025000002576",1,19,99,9,9,99,9,1,41,2198,2,9
"2025000002576",2,9,19,1,0,0,4,2,38,1598,1,13
"2025000002577",2,9,19,1,0,0,3,1,50,1582,2,8
"2025000002577",1,90,5,6,0,0,3,1,21,448,1,15
"2025000002578",2,9,19,4,0,0,1,1,29,2993,2,5
"2025000002578",1,97,19,4,0,0,1,1,18,-1,-1,-1
"2025000002579",1,19,19,0,0,0,4,1,56,-1,-1,-1
"2025000002580",1,90,11,0,0,0,4,1,63,10800,2,5
"2025000002580",2,9,19,0,0,0,3,2,25,1248,1,4
"2025000002581",1,9,4,0,0,0,4,1,42,1896,2,14
"2025000002581",2,9,19,0,0,0,1,1,32,1598,1,14
"2025000002582",1,9,19,8,0,0,1,1,30,1560,2,11
"2025000002582",2,9,9,6,1,0,3,1,17,1149,1,11
"2025000002583",2,9,19,8,0,0,1,1,38,1598,2,7
"2025000002583",3,3,19,1,0,0,1,1,20,124,1,1
"2025000002583",1,9,19,8,0,0,3,1,25,1149,1,13
"2025000002584",1,9,5,1,0,0,3,1,25,1997,2,11
"2025000002585",1,3,99,9,9,99,9,1,25,124,1,8
"2025000002585",2,9,99,9,9,99,1,3,-1,1299,1,21
"2025000002586",1,3,19,0,0,0,4,1,18,124,1,12
"2025000002586",2,21,19,0,0,0,0,1,51,12809,2,4
"2025000002586",3,21,19,0,0,0,3,1,39,12780,2,6
"2025000002587",1,1,19,0,0,0,1,1,18,-1,-1,-1
"2025000002587",2,21,2,0,0,0,2,1,58,12742,2,1
"2025000002588",2,9,99,9,9,99,9,3,-1,-1,-1,-1
"2025000002588",1,1,99,9,9,99,9,1,58,-1,-1,-1
"2025000002589",1,3,19,2,1,0,1,2,29,125,1,4
"2025000002590",1,11,10,1,0,0,0,1,22,4500,2,3
"2025000002591",2,9,9,6,0,0,1,1,69,-1,-1,-1
"2025000002591",3,9,2,8,0,0,2,3,-1,2143,2,11
"2025000002591",1,3,19,8,0,0,1,1,36,999,1,12
"2025000002592",1,9,19,0,0,10,1,1,32,-1,-1,-1
"2025000002593",2,9,19,0,0,0,3,1,21,1995,2,4
"2025000002593",1,9,19,0,0,0,4,1,42,1968,2,11
"2025000002594",2,9,19,8,0,0,1,2,61,-1,-1,-1
"2025000002594",1,9,9,5,0,0,1,2,56,2967,2,14
"2025000002595",2,9,5,2,0,0,1,1,35,1200,1,4
"2025000002595",1,9,3,2,0,0,2,2,50,1499,1,4
"2025000002596",1,4,99,9,9,99,1,1,33,330,1,2
"2025000002596",2,9,99,9,9,99,1,3,33,1598,1,10
"2025000002597",2,1,99,9,9,99,9,3,-1,-1,-1,-1
"2025000002597",1,9,99,9,9,99,1,1,45,1988,1,23
"2025000002598",1,9,19,3,1,10,4,1,21,1995,2,7
"2025000002599",1,4,19,0,1,0,0,1,28,125,1,6
"2025000002600",1,9,19,0,0,0,3,2,17,999,1,4
"2025000002600",2,9,19,0,0,0,3,1,19,1332,1,5
"2025000002601",1,9,19,2,5,4,3,1,31,-1,-1,-1
"2025000002601",2,19,2,2,0,0,1,3,-1,1997,2,2
"2025000002602",1,9,19,8,0,0,1,1,37,1956,2,10
"2025000002603",1,9,19,0,0,0,1,3,57,1896,2,18
"2025000002604",1,9,99,9,9,99,9,1,46,1332,8,1
"2025000002604",2,90,99,9,9,99,1,1,35,-1,-1,-1
"2025000002605",1,8,99,9,9,99,9,1,49,2143,2,5
"2025000002605",2,11,99,9,9,99,2,3,-1,10667,2,8
"2025000002606",1,5,9,0,0,0,3,2,36,-1,-1,-1
"2025000002606",2,9,19,0,0,0,4,2,30,2993,2,13
"2025000002607",1,21,12,0,0,0,3,1,38,10837,2,1
"2025000002607",2,9,19,0,0,0,4,1,26,1461,2,5
"2025000002608",1,9,19,0,0,0,1,2,50,1461,2,5
"2025000002608",2,9,9,0,0,0,1,2,37,1968,2,13
"2025000002609",1,9,9,3,5,0,3,1,34,1399,1,5
"2025000002609",2,5,10,4,0,0,1,1,65,1100,1,23
"2025000002610",1,9,19,1,0,0,1,3,-1,-1,-1,-1
"2025000002610",2,9,4,4,0,0,2,2,23,1598,1,17
"2025000002611",3,9,3,0,0,0,2,2,43,2231,2,11
"2025000002611",2,9,3,0,0,0,1,2,35,1990,1,13
"2025000002611",1,9,11,0,0,0,0,3,-1,-1,-1,-1
"2025000002612",1,3,99,9,9,99,2,1,41,125,1,3
"2025000002612",2,9,99,9,9,99,1,3,-1,1598,2,6
"2025000002613",2,9,4,0,0,0,2,1,42,1984,1,2
"2025000002613",3,19,4,0,0,0,1,3,30,2198,2,7
"2025000002613",1,9,-1,0,-1,-1,-1,3,30,-1,-1,-1
"2025000002614",1,11,19,0,5,0,0,2,65,7300,2,21
"2025000002615",1,3,5,0,0,0,1,1,20,124,1,15
"2025000002616",1,5,19,0,0,4,1,1,15,-1,-1,-1
"2025000002616",2,19,2,0,0,0,1,3,-1,1248,2,9
"2025000002617",2,11,19,1,0,0,1,1,46,6700,2,5
"2025000002617",1,9,14,1,0,0,1,2,31,1968,2,13
"2025000002618",2,9,9,5,0,0,3,1,34,1797,8,13
"2025000002618",1,9,5,8,0,0,1,1,29,1296,1,16
"2025000002619",1,5,19,0,1,0,0,1,38,999,1,14
"2025000002620",2,9,3,0,0,0,2,2,27,1598,1,11
"2025000002620",1,9,19,0,0,0,1,1,43,-1,-1,-1
"2025000002620",3,9,19,0,0,0,1,2,47,1956,2,7
"2025000002621",1,9,19,8,0,9,1,2,26,973,1,21
"2025000002622",1,9,19,0,5,0,1,2,40,2487,8,1
"2025000002623",2,1,5,4,0,0,4,1,23,-1,-1,-1
"2025000002623",1,9,5,4,0,0,1,1,24,1956,2,8
"2025000002624",1,9,9,6,0,0,3,2,43,1598,1,15
"2025000002624",2,3,19,1,0,0,1,1,35,125,1,1
"2025000002625",1,9,19,9,9,99,2,1,39,2191,2,5
"2025000002625",2,19,19,8,0,12,4,1,-1,2151,2,17
"2025000002626",1,1,99,9,9,99,9,3,-1,-1,-1,-1
"2025000002627",1,9,9,0,0,0,1,1,-1,-1,-1,-1
"2025000002628",2,9,19,8,0,0,2,1,66,1598,2,4
"2025000002628",1,9,19,8,0,0,1,2,33,899,1,7
"2025000002629",2,9,4,7,0,0,2,2,34,1499,1,4
"2025000002629",1,19,19,7,0,0,1,1,36,2143,2,2
"2025000002630",1,1,19,0,0,0,3,1,25,-1,-1,-1
"2025000002630",2,9,13,0,0,0,4,3,-1,-1,-1,-1
"2025000002631",2,9,19,0,0,0,3,1,35,1956,2,9
"2025000002631",1,9,19,0,0,0,1,1,70,-1,-1,-1
"2025000002632",1,9,14,0,0,0,4,1,59,1200,1,1
"2025000002633",1,9,19,2,0,0,4,1,46,1198,1,9
"2025000002634",1,3,4,8,1,0,2,1,18,125,1,4
"2025000002634",2,9,19,6,0,0,1,2,50,1596,1,12
"2025000002635",1,9,5,0,0,0,1,1,36,1388,1,17
"2025000002635",2,9,19,0,0,0,1,1,24,1390,1,6
"2025000002636",1,9,19,2,0,0,4,2,18,998,1,14
"2025000002637",1,11,19,0,0,0,0,1,49,9000,2,7
"2025000002638",1,9,19,0,0,0,0,2,68,-1,-1,-1
"2025000002639",1,9,19,8,0,0,1,2,-1,1199,1,4
"2025000002639",2,1,9,6,0,0,1,1,-1,-1,-1,-1
"2025000002640",2,9,19,0,1,0,3,2,29,2996,1,13
"2025000002640",3,9,19,0,0,0,3,1,36,2401,2,16
"2025000002640",1,9,19,0,0,0,3,1,55,-1,-1,-1
"2025000002641",1,97,19,0,0,0,9,3,-1,-1,-1,-1
"2025000002642",1,9,19,4,0,0,1,2,29,1149,1,8
"2025000002642",2,9,19,4,0,0,1,1,48,1968,2,7
"2025000002643",2,21,4,0,0,0,1,1,57,12777,2,8
"2025000002643",1,21,4,0,0,0,2,1,52,12777,2,5
"2025000002643",3,9,19,0,0,0,0,3,45,-1,-1,-1
"2025000002644",1,3,12,1,0,0,3,1,18,125,1,1
"2025000002644",2,9,15,1,0,0,1,3,-1,1999,1,15
"2025000002645",1,9,19,0,0,0,1,1,37,1994,1,23
"2025000002646",1,9,6,1,0,0,4,1,40,-1,-1,-1
"2025000002646",2,1,19,1,0,0,1,1,26,-1,-1,-1
"2025000002647",1,9,19,0,0,0,1,2,30,998,1,8
"2025000002648",1,9,19,0,0,0,4,1,23,1995,2,8
"2025000002648",2,9,19,0,0,0,3,1,32,898,1,3
"2025000002649",1,1,9,0,0,10,4,1,56,-1,-1,-1
"2025000002650",1,19,19,0,0,0,1,1,30,2299,2,2
"2025000002651",1,9,19,8,0,0,1,1,20,998,1,3
"2025000002651",2,3,9,5,0,0,4,2,18,124,1,15
"2025000002652",2,9,-1,-1,-1,-1,1,2,60,1461,2,8
"2025000002652",1,9,-1,-1,-1,-1,0,3,-1,1240,1,19
"2025000002653",2,22,19,8,0,0,3,2,89,-1,-1,-1
"2025000002653",1,9,7,5,0,0,1,1,59,1499,2,6
"2025000002654",1,9,10,8,0,0,1,1,36,1595,1,4
"2025000002654",2,3,19,8,0,0,1,1,21,125,1,1
"2025000002655",1,9,3,0,0,0,2,1,29,999,1,1
"2025000002655",2,9,4,0,0,0,1,1,82,1560,2,7
"2025000002656",1,9,1,0,0,0,2,1,63,1240,1,18
"2025000002657",2,9,2,0,0,0,3,-1,-1,2143,2,8
"2025000002657",1,9,19,0,0,4,1,1,63,-1,-1,-1
"2025000002658",1,19,14,0,0,0,1,1,55,1499,2,0
"2025000002659",2,9,19,8,0,0,3,2,27,1197,1,7
"2025000002659",1,9,9,6,0,0,1,1,29,1200,1,6
"2025000002660",1,4,19,0,1,0,1,1,23,125,1,13
"2025000002661",1,9,19,0,0,0,3,2,35,1598,1,16
"2025000002661",2,21,11,0,0,0,4,1,60,12809,2,8
"2025000002662",1,3,5,1,5,0,1,1,43,125,1,11
"2025000002663",1,9,9,8,0,0,1,1,35,1796,1,16
"2025000002663",2,2,19,8,0,0,1,1,20,-1,-1,-1
"2025000002664",4,9,4,0,0,0,2,2,55,1797,8,10
"2025000002664",3,9,4,0,0,0,2,1,36,1591,1,5
"2025000002664",1,9,19,0,0,0,1,2,19,1498,1,2
"2025000002664",2,9,4,0,0,0,2,1,43,1597,2,11
"2025000002665",1,9,7,1,0,0,1,3,-1,999,1,3
"2025000002666",1,9,19,1,0,0,3,2,-1,999,1,10
"2025000002666",2,1,19,1,0,0,4,1,16,-1,-1,-1
"2025000002667",1,9,19,0,0,0,1,1,29,1398,1,4
"2025000002667",2,19,3,0,0,0,2,1,39,1995,2,5
"2025000002668",1,9,19,0,0,0,1,1,46,-1,3,0
"2025000002669",2,9,4,0,0,0,2,1,43,1798,8,3
"2025000002669",1,19,4,0,0,0,1,1,46,2198,2,10
"2025000002670",2,9,19,0,0,0,1,3,-1,1995,2,9
"2025000002670",1,3,3,0,0,0,2,1,35,125,1,1
"2025000002671",2,9,9,3,0,0,3,2,41,1598,1,15
"2025000002671",1,9,19,4,0,0,1,1,31,-1,-1,-1
"2025000002672",2,9,2,0,0,0,3,3,-1,1997,1,17
"2025000002672",1,9,19,0,5,4,1,1,21,1368,1,7
"2025000002673",2,9,99,9,9,99,1,2,39,-1,-1,-1
"2025000002673",1,1,99,9,9,99,1,2,40,-1,-1,-1
"2025000002674",3,9,19,1,0,0,3,1,55,-1,-1,-1
"2025000002674",1,19,9,1,0,0,2,1,40,-1,-1,-1
"2025000002674",2,9,19,1,0,0,4,1,28,1999,2,5
"2025000002675",1,9,19,1,0,0,-1,1,49,1598,2,10
"2025000002676",1,9,13,0,0,0,1,1,34,1799,1,15
"2025000002676",4,9,4,0,0,0,3,1,62,1560,2,11
"2025000002676",2,90,13,0,0,0,1,2,22,2287,2,4
"2025000002676",3,9,4,0,0,0,3,2,48,1560,2,12
"2025000002677",1,9,19,8,0,0,1,2,23,1595,1,21
"2025000002677",4,9,19,2,0,0,1,2,44,1560,2,8
"2025000002677",2,19,19,8,0,0,2,1,62,1499,2,5
"2025000002677",3,9,19,8,0,0,2,2,40,1600,1,11
"2025000002678",1,9,10,1,0,0,2,2,25,1598,1,19
"2025000002678",2,19,19,1,0,0,1,1,-1,1997,2,6
"2025000002679",1,1,19,0,0,0,3,1,29,-1,-1,-1
"2025000002679",2,9,19,0,0,0,1,1,55,998,1,11
"2025000002680",2,8,19,8,0,0,1,1,70,1598,2,11
"2025000002680",1,9,9,8,0,0,1,2,45,1910,2,15
"2025000002681",1,9,5,1,0,0,1,1,23,998,1,8
"2025000002681",2,11,5,1,0,0,1,1,52,6700,2,9
"2025000002682",2,9,13,8,0,0,1,2,34,1498,1,4
"2025000002682",1,9,9,5,0,0,1,1,22,1998,1,7
"2025000002683",1,9,3,0,0,0,1,2,36,1229,1,9
"2025000002683",2,9,4,0,0,0,2,2,42,1560,2,11
"2025000002684",1,1,19,8,0,0,1,2,27,-1,-1,-1
"2025000002684",2,9,7,5,0,0,4,3,-1,999,1,6
"2025000002685",1,9,9,5,0,0,1,2,34,1498,1,2
"2025000002685",2,1,19,1,0,0,1,2,48,-1,-1,-1
"2025000002686",1,5,19,1,1,9,1,1,27,998,1,11
"2025000002687",1,9,19,1,5,0,1,1,39,1995,2,19
"2025000002688",2,1,9,4,0,0,1,1,35,-1,-1,-1
"2025000002688",1,9,3,4,0,0,4,1,61,-1,3,2
"2025000002689",2,1,19,0,0,0,2,1,58,-1,-1,-1
"2025000002689",1,9,6,0,0,0,1,3,-1,-1,-1,-1
"2025000002690",1,9,9,6,0,0,1,1,59,-1,-1,-1
"2025000002691",1,9,19,0,1,7,4,1,18,1598,1,9
"2025000002692",1,9,-1,0,0,0,1,2,77,999,1,3
"2025000002693",2,9,19,0,0,0,2,2,34,1199,1,0
"2025000002693",1,9,19,0,0,0,1,2,32,1390,1,12
"2025000002694",1,19,19,0,5,0,1,1,-1,1499,2,2
"2025000002694",2,9,19,0,0,0,0,1,44,1240,1,14
"2025000002695",1,9,19,8,0,0,1,2,46,1998,1,17
"2025000002695",2,9,4,8,0,0,2,1,52,1560,2,7
"2025000002696",1,9,19,2,0,0,1,2,82,1388,1,12
"2025000002697",1,9,19,0,0,0,1,2,78,1985,1,21
"2025000002698",2,1,19,0,5,0,3,1,67,-1,-1,-1
"2025000002698",1,9,19,0,0,0,4,3,-1,-1,-1,-1
"2025000002699",1,20,19,0,0,0,1,1,54,4461,2,9
"2025000002699",4,19,19,0,0,0,1,1,37,1499,2,3
"2025000002699",3,9,19,0,0,0,1,2,26,1373,1,1
"2025000002699",2,9,3,0,0,0,2,2,26,1199,1,1
"2025000002700",2,1,19,8,0,0,4,1,15,-1,-1,-1
"2025000002700",1,9,19,4,0,0,3,1,70,-1,-1,-1
"2025000002701",2,9,19,0,0,0,2,1,49,1598,2,10
"2025000002701",1,1,19,0,0,0,1,1,64,-1,-1,-1
"2025000002702",2,9,-1,0,-1,-1,3,1,20,1796,1,16
"2025000002702",1,21,19,0,0,0,-1,1,74,12902,2,5
"2025000002703",2,9,6,1,0,0,3,1,17,-1,-1,-1
"2025000002703",1,1,19,1,2,0,4,1,54,-1,-1,-1
"2025000002704",1,19,19,2,0,0,1,1,40,1995,2,1
"2025000002705",1,9,3,0,0,0,2,2,56,1498,1,1
"2025000002705",2,9,19,0,0,0,2,3,-1,-1,-1,-1
"2025000002706",2,9,3,0,0,0,2,2,21,1422,2,13
"2025000002706",3,9,19,0,0,0,1,2,25,1242,1,12
"2025000002706",1,9,3,0,0,0,2,1,53,2191,2,4
"2025000002707",2,9,19,0,0,0,1,2,30,1560,2,8
"2025000002707",1,9,19,0,0,0,1,2,24,999,1,6
"2025000002708",2,9,7,8,0,0,4,2,44,1598,1,15
"2025000002708",1,1,19,1,0,0,1,1,-1,-1,-1,-1
"2025000002709",1,9,99,0,9,99,1,3,50,-1,-1,-1
"2025000002710",2,9,19,8,0,0,2,1,40,999,1,14
"2025000002710",1,9,19,8,0,0,1,2,59,1499,2,5
"2025000002711",1,9,19,1,0,0,1,2,36,1498,1,5
"2025000002712",1,-1,19,8,0,0,3,1,18,-1,-1,-1
"2025000002712",2,9,6,8,0,0,1,1,-1,-1,-1,-1
"2025000002713",1,9,1,2,0,0,2,1,25,1364,1,5
"2025000002713",2,3,19,2,-1,0,1,2,35,125,1,4
"2025000002714",2,4,13,0,0,0,1,1,28,599,1,19
"2025000002714",1,9,19,0,0,0,1,1,31,-1,-1,-1
"2025000002715",1,19,-1,8,0,0,4,3,-1,4500,2,4
"2025000002715",2,9,-1,8,0,0,3,2,41,998,1,17
"2025000002716",1,9,19,1,0,0,1,1,-1,-1,-1,-1
"2025000002716",2,9,19,1,0,0,2,1,21,1368,1,11
"2025000002717",1,9,9,8,0,0,4,2,24,1995,2,5
"2025000002717",2,21,9,8,0,0,1,3,-1,7146,2,9
"2025000002718",2,9,12,3,0,0,3,1,79,1560,2,10
"2025000002718",1,9,15,3,0,0,4,1,22,-1,-1,-1
"2025000002719",2,9,19,0,0,0,1,1,36,1499,2,4
"2025000002719",3,9,2,0,0,0,4,3,-1,1598,1,14
"2025000002719",1,11,19,0,0,0,1,2,53,6370,2,5
"2025000002720",2,9,5,1,0,0,4,1,51,4999,1,8
"2025000002720",1,1,5,1,0,0,1,2,49,-1,-1,-1
"2025000002721",1,9,4,1,0,0,1,1,35,2143,2,9
"2025000002722",2,9,4,8,0,0,3,2,51,1149,1,15
"2025000002722",1,21,9,8,0,0,4,1,-1,12777,2,4
"2025000002723",1,9,3,1,0,0,1,2,-1,-1,-1,-1
"2025000002723",2,9,4,1,0,0,2,1,54,1386,1,9
"2025000002724",2,16,19,0,0,0,3,1,41,-1,-1,-1
"2025000002724",1,21,19,0,0,0,2,1,41,10837,2,5
"2025000002725",1,9,12,1,0,0,3,1,32,1995,2,12
"2025000002725",2,3,19,1,0,0,1,1,25,125,1,1
"2025000002726",1,9,1,1,0,0,2,1,29,-1,-1,-1
"2025000002727",1,9,19,4,0,0,1,2,71,998,1,1
"2025000002728",1,9,19,3,0,0,3,3,-1,-1,-1,-1
"2025000002729",1,3,99,9,9,99,1,1,27,125,1,11
"2025000002729",2,9,99,9,9,99,3,3,-1,1390,1,9
"2025000002730",1,9,10,0,0,0,3,1,22,998,1,13
"2025000002730",2,1,2,0,0,0,0,1,36,-1,-1,-1
"2025000002731",1,9,19,0,0,0,3,3,-1,-1,-1,-1