"collision_index","vehicle_reference","vehicle_type","vehicle_manoeuvre","junction_location","skidding_and_overturning","hit_object_in_carriageway","first_point_of_impact","sex_of_driver","age_of_driver","engine_capacity_cc","propulsion_code","age_of_vehicle"
"2025000003409",1,11,4,1,0,0,0,2,55,6700,2,7
"2025000003410",3,9,3,2,0,0,3,1,45,1332,1,4
"2025000003410",2,9,3,1,0,0,4,1,62,999,1,11
"2025000003410",1,9,4,1,0,0,1,2,32,1798,2,13
"2025000003411",2,9,19,1,0,0,1,2,37,1200,1,6
"2025000003411",1,9,4,1,0,0,2,2,67,-1,3,6
"2025000003412",2,9,19,1,1,0,4,2,28,1229,1,16
"2025000003412",1,9,7,8,0,0,1,1,38,1995,2,8
"2025000003412",3,9,19,1,0,0,1,1,33,1950,2,7
"2025000003413",1,9,14,0,0,0,4,3,-1,1799,1,13
"2025000003413",2,1,19,0,0,0,3,1,54,-1,-1,-1
"2025000003414",1,9,3,9,9,99,3,1,80,1582,2,9
"2025000003414",2,9,6,9,9,99,1,3,31,999,1,0
"2025000003415",1,8,-1,8,0,11,9,3,-1,2499,2,11
"2025000003416",1,9,19,0,0,0,1,2,22,1598,1,22
"2025000003417",1,9,13,0,0,0,1,1,26,1999,1,6
"2025000003417",2,9,11,0,5,0,2,1,22,1368,1,11
"2025000003418",2,9,19,0,0,0,2,1,48,-1,-1,-1
"2025000003418",3,9,2,0,0,0,1,1,64,1560,2,12
"2025000003418",1,9,19,0,0,4,1,2,61,1798,1,8
"2025000003419",3,20,19,0,0,0,1,1,52,4500,2,5
"2025000003419",1,9,13,0,1,0,1,1,43,1560,2,6
"2025000003419",2,9,19,0,0,0,0,2,24,1560,2,9
"2025000003420",2,1,19,8,0,0,4,1,35,-1,-1,-1
"2025000003420",1,8,7,1,0,0,3,1,40,1598,2,6
"2025000003421",1,9,19,8,5,0,4,1,31,898,1,7
"2025000003421",2,9,19,6,0,0,1,3,-1,1422,2,18
"2025000003422",1,9,13,0,0,0,1,1,18,1198,1,15
"2025000003422",2,1,19,0,5,0,1,1,24,-1,-1,-1
"2025000003423",1,9,19,1,0,0,1,1,17,-1,-1,-1
"2025000003424",1,9,19,0,0,0,1,1,43,6208,1,13
"2025000003424",3,19,19,0,0,0,2,1,28,1499,2,4
"2025000003424",2,9,19,0,0,0,2,1,33,2967,2,11
"2025000003425",2,19,19,0,1,0,1,2,22,1995,2,5
"2025000003425",1,9,19,0,1,0,1,2,52,1332,1,2
"2025000003426",2,9,19,4,0,0,1,2,48,1248,1,10
"2025000003426",1,9,9,4,0,0,1,2,51,1984,1,4
"2025000003427",2,1,19,1,0,0,4,1,56,-1,-1,-1
"2025000003427",1,9,5,8,0,0,1,1,42,1598,1,1
"2025000003428",1,9,19,0,0,0,9,3,-1,-1,-1,-1
"2025000003429",2,9,19,0,5,0,2,1,34,999,1,13
"2025000003429",1,9,11,0,0,0,1,2,44,2143,2,7
"2025000003430",2,22,19,0,0,0,2,2,84,-1,-1,-1
"2025000003430",1,8,1,0,0,99,2,3,50,-1,-1,-1
"2025000003431",2,9,3,1,0,0,2,2,50,999,1,0
"2025000003431",1,9,4,1,0,0,1,2,66,796,1,18
"2025000003432",2,9,3,8,0,0,2,1,38,1987,8,1
"2025000003432",1,19,4,8,0,0,1,1,24,1968,2,9
"2025000003433",2,9,19,0,0,0,2,1,57,-1,-1,-1
"2025000003433",1,4,19,0,1,0,1,1,45,1202,1,6
"2025000003434",2,9,19,8,0,0,1,2,37,999,1,0
"2025000003434",3,9,19,1,0,0,0,1,38,-1,-1,-1
"2025000003434",1,9,19,8,0,0,3,2,35,1598,2,2
"2025000003435",1,9,9,5,0,0,1,1,56,-1,-1,-1
"2025000003435",2,1,3,1,0,0,1,1,55,-1,-1,-1
"2025000003436",1,9,19,0,1,0,4,1,23,2497,2,16
"2025000003436",3,9,19,0,0,0,0,3,44,-1,-1,-1
"2025000003436",2,9,19,0,0,0,0,3,33,-1,-1,-1
"2025000003437",2,3,6,0,0,0,3,1,20,125,1,0
"2025000003437",1,9,19,0,0,0,1,1,30,1796,1,12
"2025000003438",2,21,19,0,0,0,2,1,48,-1,-1,-1
"2025000003438",1,9,19,0,0,0,1,1,76,1997,2,22
"2025000003439",2,9,19,1,1,0,3,2,42,1560,2,14
"2025000003439",1,19,3,1,0,0,4,1,60,2402,2,20
"2025000003440",1,9,19,0,0,0,4,3,-1,-1,-1,-1
"2025000003441",1,9,19,0,0,0,1,3,-1,-1,-1,-1
"2025000003442",2,9,19,1,0,0,1,3,-1,-1,-1,-1
"2025000003442",1,1,19,1,0,0,3,1,31,-1,-1,-1
"2025000003443",2,1,19,1,2,0,1,1,44,-1,-1,-1
"2025000003443",1,9,9,8,0,0,4,1,58,2996,1,14
"2025000003444",2,9,3,0,0,0,1,1,41,1368,1,18
"2025000003444",1,9,9,0,0,0,1,1,42,1590,1,23
"2025000003445",1,3,99,9,9,99,1,1,27,125,1,6
"2025000003445",2,9,99,9,9,99,2,3,-1,-1,3,1
"2025000003446",1,9,19,1,0,0,1,1,18,1242,1,13
"2025000003447",1,9,7,6,0,0,1,1,42,1332,1,0
"2025000003447",2,1,19,1,0,1,1,1,30,-1,-1,-1
"2025000003448",1,9,19,2,0,0,1,1,-1,-1,-1,-1
"2025000003449",1,2,4,1,1,0,3,2,35,125,1,4
"2025000003450",1,5,4,1,0,0,1,1,24,-1,-1,-1
"2025000003451",1,10,19,0,0,0,1,1,33,-1,-1,-1
"2025000003451",2,9,14,0,0,0,1,2,50,1956,2,4
"2025000003452",1,1,19,8,0,0,1,1,16,-1,-1,-1
"2025000003452",2,9,19,8,0,0,3,1,59,1993,8,0
"2025000003453",2,9,2,8,0,0,2,2,57,998,1,11
"2025000003453",1,97,15,1,0,0,1,1,19,-1,-1,-1
"2025000003454",1,9,19,2,0,0,1,1,31,2148,2,17
"2025000003455",2,9,19,1,0,0,4,1,25,1984,1,8
"2025000003455",1,9,19,2,0,0,1,2,48,1995,2,4
"2025000003456",1,3,4,0,1,0,0,1,20,124,1,9
"2025000003457",1,9,19,0,0,0,1,2,24,1995,2,10
"2025000003457",2,9,19,0,0,0,1,1,28,1995,2,8
"2025000003458",1,9,19,0,0,0,3,-1,-1,-1,-1,-1
"2025000003459",1,11,2,0,0,0,0,1,52,3900,2,14
"2025000003460",1,9,99,9,0,99,0,3,37,1598,2,8
"2025000003460",2,3,99,9,0,99,9,1,20,125,1,1
"2025000003461",1,9,19,0,0,0,1,1,91,1242,1,13
"2025000003461",2,9,19,0,0,0,1,2,52,2688,2,19
"2025000003462",2,19,99,9,9,99,2,1,41,1997,2,3
"2025000003462",1,3,99,9,9,99,9,1,37,125,1,2
"2025000003463",2,9,19,0,0,0,2,2,50,1200,1,7
"2025000003463",1,19,19,0,0,0,1,1,56,-1,-1,-1
"2025000003464",2,9,3,0,0,0,2,1,-1,1794,1,13
"2025000003464",1,19,19,0,0,0,1,1,-1,1560,2,11
"2025000003465",1,9,12,0,0,0,3,2,-1,-1,-1,-1
"2025000003465",2,9,19,0,0,0,4,2,51,1461,2,12
"2025000003466",2,9,19,0,0,0,3,2,49,1582,2,12
"2025000003466",1,9,19,0,0,0,3,1,51,999,1,2
"2025000003467",1,1,19,8,0,0,1,1,-1,-1,-1,-1
"2025000003468",2,9,19,1,0,0,1,3,-1,1968,2,14
"2025000003468",1,9,19,1,0,0,4,2,62,1968,2,9
"2025000003469",1,3,4,1,0,0,2,1,33,124,1,9
"2025000003469",2,9,19,1,0,0,1,2,39,1596,1,18
"2025000003470",1,97,99,9,9,99,9,3,-1,-1,-1,-1
"2025000003471",2,9,19,0,0,0,1,3,-1,1248,2,5
"2025000003471",1,9,2,0,0,0,2,2,42,1986,2,15
"2025000003472",2,1,5,6,0,0,1,1,37,-1,-1,-1
"2025000003472",1,9,19,8,0,0,1,3,-1,-1,-1,-1
"2025000003473",1,9,19,8,0,0,1,1,30,1896,2,15
"2025000003473",2,9,19,8,0,0,4,2,42,1199,1,0
"2025000003474",2,9,2,0,0,0,2,3,-1,1242,1,16
"2025000003474",1,9,19,0,2,4,1,2,20,1197,1,6
"2025000003475",1,9,5,8,0,0,1,1,20,1994,1,15
"2025000003476",1,9,19,1,0,0,1,2,68,-1,-1,-1
"2025000003476",2,1,19,6,5,0,1,1,27,-1,-1,-1
"2025000003477",3,9,19,8,0,0,1,1,84,1318,1,5
"2025000003477",1,9,19,8,0,0,1,1,16,2402,2,14
"2025000003477",2,19,19,1,0,0,0,1,38,1997,2,2
"2025000003478",1,5,4,0,0,12,1,1,38,885,1,21
"2025000003479",2,9,4,0,0,0,0,1,47,1496,1,3
"2025000003479",1,9,19,0,0,0,1,2,78,796,1,15
"2025000003480",1,19,-1,0,0,0,1,1,19,1995,2,8
"2025000003480",2,9,4,0,0,0,2,2,22,1499,1,5
"2025000003480",3,9,4,0,0,0,2,2,30,1498,1,0
"2025000003481",1,9,19,6,0,0,1,2,31,-1,-1,-1
"2025000003481",2,9,19,8,0,0,1,1,27,-1,-1,-1
"2025000003482",1,9,19,0,0,0,1,1,17,1248,1,12
"2025000003482",2,9,19,0,0,0,1,1,28,1900,2,19
"2025000003483",2,9,19,0,0,0,1,3,30,-1,-1,-1
"2025000003483",1,1,19,0,0,0,1,1,17,-1,-1,-1
"2025000003484",2,9,99,9,9,99,9,3,-1,1598,1,23
"2025000003484",1,3,99,9,9,99,9,1,36,125,1,5
"2025000003485",2,10,19,0,0,0,1,1,62,2143,2,5
"2025000003485",1,8,19,0,0,0,1,1,61,1580,8,4
"2025000003486",1,9,99,9,9,99,1,3,-1,-1,-1,-1
"2025000003487",1,9,19,0,0,0,-1,2,29,1396,2,10
"2025000003487",2,9,2,0,0,0,4,3,-1,1799,1,12
"2025000003488",1,9,99,9,9,99,9,3,-1,-1,-1,-1
"2025000003489",1,9,-1,0,-1,-1,-1,3,-1,-1,-1,-1
"2025000003490",2,9,2,0,0,0,3,1,37,1798,8,1
"2025000003490",1,20,19,0,0,0,2,1,47,4462,2,7
"2025000003490",3,19,19,0,0,0,1,1,63,2143,2,10
"2025000003491",2,9,3,8,0,0,2,2,33,1498,1,0
"2025000003491",3,9,3,8,0,0,2,1,47,-1,3,2
"2025000003491",1,9,4,8,0,0,1,1,77,3498,1,13
"2025000003492",2,9,19,1,1,0,3,1,34,1997,2,8
"2025000003492",1,9,9,1,0,0,1,2,35,1794,1,19
"2025000003493",1,9,19,1,0,0,1,2,52,1242,1,6
"2025000003493",3,9,10,1,0,0,2,1,34,2401,2,14
"2025000003493",2,19,3,1,0,0,2,1,73,1298,1,20
"2025000003494",1,1,99,9,9,99,9,2,41,-1,-1,-1
"2025000003494",2,9,99,9,9,99,9,3,-1,1995,1,20
"2025000003495",2,9,19,8,0,0,3,1,26,1396,1,14
"2025000003495",1,9,19,8,0,0,1,2,21,998,1,4
"2025000003496",2,9,13,4,0,0,4,3,-1,-1,-1,-1
"2025000003496",1,5,5,4,0,0,3,1,55,1261,1,18
"2025000003497",2,9,3,1,0,0,2,2,57,1229,1,11
"2025000003497",1,90,3,1,0,0,1,1,29,-1,-1,-1
"2025000003498",1,9,19,2,0,11,1,1,64,1598,1,21
"2025000003499",2,-1,19,8,0,0,1,1,12,-1,-1,-1
"2025000003499",1,9,19,2,0,0,4,1,49,1598,2,5
"2025000003500",1,9,19,0,0,0,1,2,62,1198,1,4
"2025000003501",1,8,19,0,0,0,1,1,35,1798,8,5
"2025000003502",1,9,19,0,0,0,1,1,52,1598,1,1
"2025000003503",1,8,5,8,0,0,1,1,27,1580,8,4
"2025000003504",1,9,19,4,0,0,1,1,22,1896,2,14
"2025000003504",2,1,19,8,0,0,2,1,15,-1,-1,-1
"2025000003505",3,19,19,0,0,0,4,1,51,1598,2,8
"2025000003505",2,9,19,0,0,0,3,1,55,1796,1,15
"2025000003505",1,9,19,0,0,0,1,2,25,999,1,2
"2025000003506",1,9,8,0,0,0,1,2,84,1582,2,9
"2025000003506",2,9,19,0,0,0,2,2,52,1349,1,14
"2025000003507",2,9,2,0,0,0,1,1,75,1398,1,11
"2025000003507",3,9,2,0,0,0,2,3,-1,2457,1,16
"2025000003507",1,9,19,0,0,4,1,1,55,1368,1,2
"2025000003508",3,9,19,0,0,0,1,1,21,1995,2,12
"2025000003508",1,11,5,0,0,0,0,1,26,10824,2,19
"2025000003508",4,9,19,0,0,0,1,2,24,1149,1,13
"2025000003508",2,9,4,0,0,0,2,2,19,1086,1,11
"2025000003509",1,8,99,9,9,99,9,1,56,1798,8,6
"2025000003510",1,9,19,0,0,0,1,3,-1,-1,-1,-1
"2025000003511",1,9,19,5,1,0,2,1,31,1798,1,16
"2025000003512",2,9,19,0,0,0,2,1,43,1950,2,4
"2025000003512",1,9,19,0,0,0,1,1,70,1984,1,3
"2025000003513",1,9,19,0,0,0,1,2,23,-1,-1,-1
"2025000003513",2,5,19,0,0,0,2,1,54,-1,-1,-1
"2025000003514",2,9,19,0,0,0,1,1,50,1968,2,1
"2025000003514",3,9,19,0,0,0,1,1,36,1200,1,1
"2025000003514",1,9,19,0,0,0,1,1,20,1364,1,16
"2025000003515",2,9,19,0,0,0,2,2,58,-1,-1,-1
"2025000003515",1,1,19,0,0,0,1,1,55,-1,-1,-1
"2025000003516",1,9,4,0,0,0,1,2,40,1499,2,6
"2025000003516",2,9,3,0,0,0,2,2,32,1596,1,7
"2025000003517",1,3,9,6,0,0,2,1,26,125,1,4
"2025000003517",2,9,19,6,0,0,1,3,-1,1364,1,9
"2025000003518",1,9,4,1,1,0,1,1,25,999,1,3
"2025000003518",2,19,3,1,0,0,2,1,58,1499,2,3
"2025000003519",1,9,19,0,1,0,3,2,43,1242,1,8
"2025000003519",2,9,19,0,0,0,3,1,67,2000,2,11
"2025000003520",2,9,99,9,9,99,9,3,-1,2987,2,7
"2025000003520",1,1,99,9,9,99,9,1,59,-1,-1,-1
"2025000003521",4,9,3,0,0,0,2,2,31,1598,1,6
"2025000003521",1,9,4,0,0,0,1,1,46,2231,2,13
"2025000003521",2,9,3,0,0,0,2,1,31,-1,-1,-1
"2025000003521",3,19,3,0,0,0,2,1,28,1560,2,6
"2025000003522",1,9,19,2,0,0,1,1,50,-1,3,1
"2025000003523",3,21,3,0,0,0,2,1,49,12902,2,7
"2025000003523",2,9,3,0,0,0,2,2,39,1200,1,8
"2025000003523",1,9,19,0,0,0,1,1,25,1328,1,5
"2025000003524",2,1,19,0,0,0,2,2,31,-1,-1,-1
"2025000003524",1,9,19,0,0,0,4,2,33,1685,2,6
"2025000003525",1,5,4,1,2,0,1,1,35,998,1,16
"2025000003526",1,9,19,1,9,0,4,1,53,-1,-1,-1
"2025000003526",2,9,99,9,9,99,1,1,20,-1,-1,-1
"2025000003527",2,1,19,1,0,0,1,1,44,-1,-1,-1
"2025000003527",1,9,7,8,0,0,3,2,77,998,1,8
"2025000003528",1,9,19,0,0,0,2,2,31,1968,2,11
"2025000003528",2,5,12,0,0,0,1,1,72,680,1,12
"2025000003529",1,9,7,6,0,0,1,2,61,1248,1,14
"2025000003530",2,3,6,0,5,0,4,1,30,125,1,6
"2025000003530",1,1,19,0,5,0,1,1,27,-1,-1,-1
"2025000003531",1,9,8,1,0,0,1,2,25,1997,1,15
"2025000003531",2,9,19,2,0,0,4,2,28,1987,8,1
"2025000003532",2,1,19,1,0,0,1,1,40,-1,-1,-1
"2025000003532",1,9,9,1,0,0,4,2,72,1242,1,6
"2025000003533",1,9,9,5,0,0,1,3,-1,-1,-1,-1
"2025000003534",2,9,10,2,0,0,1,1,67,1991,1,4
"2025000003534",1,2,14,1,0,0,1,1,18,49,1,9
"2025000003535",2,9,3,0,0,0,2,2,34,1968,2,4
"2025000003535",1,9,8,0,0,0,1,2,38,1497,1,2
"2025000003536",1,9,19,2,0,0,1,2,40,1987,8,2
"2025000003537",1,9,19,0,0,0,1,1,63,2401,2,13
"2025000003537",2,11,19,0,0,0,1,1,63,4461,2,7
"2025000003538",2,9,19,0,0,0,4,2,63,1461,2,5
"2025000003538",1,19,12,0,0,0,3,3,-1,1950,2,1
"2025000003539",3,9,4,0,0,0,2,1,34,1461,2,8
"2025000003539",2,9,19,0,0,0,1,1,32,1598,2,9
"2025000003539",1,9,4,0,0,0,2,2,50,1332,8,1
"2025000003540",1,5,19,0,0,0,0,1,79,782,1,9
"2025000003541",1,1,19,8,0,0,0,1,51,-1,-1,-1
"2025000003542",2,5,19,1,0,0,1,1,60,1254,1,5
"2025000003542",1,9,9,8,0,0,4,1,85,1800,1,-1
"2025000003543",2,2,19,0,0,0,1,1,17,49,1,2
"2025000003543",1,19,3,0,0,0,2,1,47,1560,2,4
"2025000003544",2,97,19,1,1,0,1,1,16,49,1,16
"2025000003544",1,19,9,8,0,0,1,1,24,1995,2,2
"2025000003545",1,9,19,8,5,10,1,1,25,1498,1,3
"2025000003546",2,9,3,0,0,0,2,3,57,1968,2,8
"2025000003546",3,9,3,0,0,0,2,1,46,1332,8,1
"2025000003546",1,9,19,0,0,0,1,1,58,1560,2,11
"2025000003547",2,19,19,0,0,0,1,1,25,2143,2,3
"2025000003547",1,19,19,0,0,0,1,1,26,1995,2,4
"2025000003548",1,5,19,0,0,0,1,1,51,999,1,10
"2025000003549",1,9,9,5,0,0,4,3,-1,1598,2,8
"2025000003549",2,9,9,5,0,0,0,2,41,1500,2,2
"2025000003549",3,9,4,1,0,0,3,1,66,2148,2,15
"2025000003550",2,1,9,8,0,0,1,1,59,-1,-1,-1
"2025000003550",1,9,19,8,0,0,1,2,85,-1,-1,-1
"2025000003551",1,9,19,8,0,0,2,1,23,1390,1,8
"2025000003551",2,9,9,8,0,0,2,2,27,1242,1,11
"2025000003552",1,9,9,8,0,0,1,1,20,1149,1,14
"2025000003552",2,3,9,1,0,0,1,1,51,125,1,1
"2025000003553",1,9,19,8,0,0,1,1,38,1998,1,7
"2025000003553",2,1,9,8,0,0,3,1,-1,-1,-1,-1
"2025000003554",2,20,4,1,0,0,1,3,-1,10837,2,3
"2025000003554",1,9,4,1,0,0,2,2,40,-1,-1,-1
"2025000003555",2,9,19,8,0,0,1,1,-1,1598,2,3
"2025000003555",1,9,4,8,0,0,2,1,29,1198,1,12
"2025000003556",1,9,1,8,0,0,2,1,27,1198,1,14
"2025000003557",1,9,19,3,1,0,1,2,34,1229,1,13
"2025000003558",1,9,19,1,0,0,1,1,22,1968,2,8
"2025000003558",2,19,3,1,0,0,2,1,55,1560,2,10
"2025000003559",2,90,5,1,0,0,1,1,34,-1,-1,-1
"2025000003559",1,9,19,1,0,0,4,3,30,-1,-1,-1
"2025000003560",2,9,2,5,0,0,1,2,38,-1,-1,-1
"2025000003560",1,9,1,1,0,0,2,2,75,1968,2,9
"2025000003561",1,9,99,9,9,99,2,2,25,2143,2,8
"2025000003562",1,9,9,0,0,0,1,2,23,1968,2,9
"2025000003562",2,3,19,0,0,0,3,1,27,124,1,18
"2025000003563",1,9,6,1,0,0,3,2,38,1997,2,9
"2025000003563",2,11,19,1,0,0,1,1,51,12742,2,5
"2025000003564",2,3,19,8,0,0,1,1,41,125,1,2
"2025000003564",1,9,9,8,0,0,4,2,37,1240,1,16
"2025000003565",2,1,19,1,0,0,1,1,30,-1,-1,-1
"2025000003565",1,9,10,6,0,0,1,1,37,1199,1,2
"2025000003566",1,4,19,0,1,0,1,1,29,125,1,5
"2025000003567",1,22,19,1,0,0,3,2,75,-1,-1,-1
"2025000003568",1,8,7,1,0,0,3,1,47,1580,8,3
"2025000003568",3,8,7,4,0,0,3,1,39,-1,-1,-1
"2025000003568",2,21,7,3,0,0,4,1,39,12902,2,9
"2025000003569",3,9,19,0,0,0,4,2,42,1598,2,8
"2025000003569",2,9,19,0,-1,0,3,2,27,-1,-1,-1
"2025000003569",1,21,19,0,-1,0,3,1,46,10837,2,1
"2025000003570",1,9,19,0,0,0,1,2,51,1997,1,9
"2025000003571",1,5,13,0,1,10,1,1,51,-1,-1,-1
"2025000003571",2,9,19,0,0,0,0,1,51,-1,-1,-1
"2025000003572",2,9,12,2,0,0,3,2,67,1364,1,14
"2025000003572",1,9,19,1,0,0,1,2,18,1596,1,16
"2025000003573",2,9,19,1,1,0,1,1,44,1598,1,24
"2025000003573",1,9,3,1,0,0,2,1,35,999,1,2
"2025000003574",1,9,4,0,5,0,1,1,40,1560,2,15
"2025000003574",2,9,4,0,0,0,2,1,51,1995,2,10
"2025000003575",2,9,9,4,0,0,1,3,-1,-1,-1,-1
"2025000003575",1,9,9,8,0,0,3,1,33,2993,2,9
"2025000003576",2,20,12,0,0,0,1,1,46,6700,2,6
"2025000003576",1,9,2,0,0,0,3,2,49,1968,2,9
"2025000003577",1,9,19,2,1,0,1,2,21,1969,2,7
"2025000003577",2,19,5,8,0,0,4,1,47,1950,2,2
"2025000003578",2,1,19,0,0,0,1,1,12,-1,-1,-1
"2025000003578",1,9,4,0,0,0,3,2,76,998,1,4
"2025000003579",1,9,4,1,0,0,1,2,17,1499,1,5
"2025000003579",2,5,4,1,5,0,2,1,56,1441,1,5
"2025000003580",1,9,-1,0,0,0,1,1,71,1248,1,10
"2025000003580",2,9,4,0,0,0,2,2,55,-1,-1,-1
"2025000003581",1,9,14,0,0,0,4,2,66,1248,1,2
"2025000003581",2,1,10,0,0,0,3,2,15,-1,-1,-1
"2025000003582",1,9,11,0,1,0,1,1,18,1400,1,16
"2025000003583",1,8,19,0,0,0,1,1,59,1798,8,0
"2025000003584",1,9,14,0,0,0,4,1,79,1685,2,8
"2025000003585",1,9,19,0,0,0,1,1,23,1498,1,4
"2025000003585",2,9,3,0,0,0,2,2,52,999,1,13
"2025000003586",1,11,19,0,0,0,0,3,40,-1,-1,-1
"2025000003587",2,9,8,0,0,0,2,1,20,998,1,2
"2025000003587",1,9,-1,0,-1,-1,-1,3,-1,1461,2,5
"2025000003588",2,21,19,0,0,0,1,1,52,9290,2,9
"2025000003588",1,9,6,0,0,0,3,2,83,1197,1,9
"2025000003589",1,9,9,0,0,0,1,2,71,1560,2,12
"2025000003589",2,9,19,0,0,0,1,1,20,1598,1,8
"2025000003590",1,9,5,0,0,0,1,1,55,-1,-1,-1
"2025000003591",2,9,19,0,0,0,2,2,51,1968,2,9
"2025000003591",1,9,19,0,0,0,1,1,-1,2987,2,16
"2025000003592",1,9,1,9,0,0,2,2,-1,2494,8,7
"2025000003593",1,9,99,0,9,99,9,3,-1,-1,-1,-1
"2025000003593",2,11,99,0,9,99,9,3,-1,4461,2,11
"2025000003594",1,9,9,5,0,0,1,1,26,1229,1,14
"2025000003594",2,3,3,1,0,0,4,1,40,125,1,1
"2025000003595",2,9,19,1,0,0,1,2,40,1598,1,9
"2025000003595",1,9,9,5,0,0,1,1,77,1995,2,13
"2025000003595",3,19,19,1,0,0,1,1,30,1499,2,0
"2025000003596",1,9,19,0,0,0,1,1,19,-1,-1,-1
"2025000003597",2,9,99,9,9,99,1,3,-1,2499,1,16
"2025000003597",1,3,99,9,9,99,1,1,25,125,1,3
"2025000003598",2,90,99,9,9,99,1,3,-1,-1,-1,-1
"2025000003598",1,1,99,9,9,99,9,2,34,-1,-1,-1
"2025000003599",2,9,19,8,0,0,2,2,27,999,1,3
"2025000003599",3,10,19,8,0,0,1,2,53,2198,2,15
"2025000003599",1,9,9,5,0,0,0,1,67,1598,8,0
"2025000003600",2,1,19,0,0,0,1,1,53,-1,-1,-1
"2025000003600",1,9,19,0,0,0,1,2,39,2143,2,6
"2025000003601",1,5,19,1,2,7,1,1,48,1000,1,9
"2025000003602",1,9,19,1,0,0,1,1,30,1242,1,12
"2025000003602",2,19,19,1,0,0,1,1,37,1499,2,5
"2025000003603",1,3,19,1,0,0,1,1,18,124,1,5
"2025000003603",2,9,9,8,0,0,2,2,26,999,1,8
"2025000003604",1,1,13,1,9,99,1,1,29,-1,-1,-1
"2025000003604",2,19,99,5,9,99,9,3,-1,1995,2,3
"2025000003605",1,9,5,0,0,0,1,1,54,1560,2,10
"2025000003605",2,11,19,0,0,0,1,1,33,6696,2,5
"2025000003606",1,9,7,6,0,0,1,2,-1,-1,-1,-1
"2025000003606",2,1,19,1,0,0,4,1,12,-1,-1,-1
"2025000003607",2,9,99,5,9,99,9,3,-1,1199,1,3
"2025000003607",1,3,99,1,9,99,1,1,36,125,1,0
"2025000003608",2,9,10,0,0,0,3,1,70,-1,-1,-1
"2025000003608",1,3,19,0,2,0,1,1,28,-1,-1,-1
"2025000003609",1,9,9,8,0,0,1,1,26,1598,1,18
"2025000003609",4,9,10,8,0,0,3,1,55,1200,1,3
"2025000003609",2,9,19,8,0,0,1,2,38,998,1,14
"2025000003609",3,11,9,1,0,0,1,1,53,7300,2,19
"2025000003610",1,9,4,0,0,0,2,2,33,1240,1,17
"2025000003610",2,19,4,0,0,0,1,1,-1,2198,2,10
"2025000003611",1,9,19,1,0,0,1,1,38,1995,2,1
"2025000003612",1,9,9,0,1,0,1,2,27,1598,2,11
"2025000003612",2,9,19,0,1,0,1,2,44,1598,2,8
"2025000003613",2,22,19,0,0,0,3,1,87,-1,-1,-1
"2025000003613",1,19,19,0,0,0,3,1,20,1968,2,1
"2025000003614",1,1,19,1,0,0,4,3,-1,-1,-1,-1
"2025000003615",3,9,3,1,0,0,2,2,49,-1,3,2
"2025000003615",2,3,5,1,0,0,2,1,27,125,1,1
"2025000003615",1,9,4,1,0,0,1,1,86,1396,1,26
"2025000003616",2,9,99,9,9,99,9,3,-1,1956,2,6
"2025000003616",1,9,99,9,9,99,9,1,19,1329,1,11
"2025000003617",1,9,19,1,0,0,1,3,-1,1896,2,13
"2025000003617",2,9,9,1,0,0,0,1,46,1229,1,3
"2025000003618",1,9,19,0,0,0,1,1,24,-1,-1,-1
"2025000003619",1,9,7,5,0,0,1,1,31,1390,1,10
"2025000003619",2,9,19,1,0,0,1,1,24,1490,1,16
"2025000003619",3,9,2,1,0,0,2,3,-1,1198,1,13
"2025000003620",1,1,19,0,0,0,1,1,27,-1,-1,-1
"2025000003621",2,4,19,0,0,0,1,1,55,765,1,3
"2025000003621",1,9,14,0,0,0,3,1,34,1200,1,1
"2025000003622",1,9,7,0,0,0,1,3,-1,1149,1,5
"2025000003623",2,21,4,0,0,0,2,3,53,12902,2,2
"2025000003623",1,9,19,0,0,0,1,1,25,1560,2,11
"2025000003624",2,9,2,0,0,0,2,3,-1,1461,2,7
"2025000003624",1,8,19,0,0,0,1,1,43,-1,3,1
"2025000003625",1,9,7,1,0,0,2,2,44,1390,1,10
"2025000003625",2,3,13,1,2,0,1,1,30,125,1,5
"2025000003626",1,9,11,0,0,0,0,1,27,-1,-1,-1
"2025000003626",3,19,2,0,0,0,2,1,34,1995,2,3
"2025000003626",2,9,19,0,0,0,1,2,25,1968,2,8
"2025000003627",2,9,-1,0,-1,-1,1,2,30,1596,1,9
"2025000003627",1,19,-1,0,-1,-1,2,1,80,-1,-1,-1
"2025000003628",1,9,1,0,0,0,2,1,52,1995,2,2
"2025000003629",2,9,19,0,0,0,1,1,21,1991,8,7
"2025000003629",1,9,3,0,1,0,2,1,32,1399,1,6
"2025000003629",3,9,4,0,0,0,2,2,32,2656,1,16
"2025000003630",2,9,19,0,0,0,1,2,19,999,1,3
"2025000003630",1,9,19,0,0,0,1,1,68,1388,1,21
"2025000003631",1,2,19,0,2,12,1,2,16,50,1,13
"2025000003632",2,9,9,1,1,0,1,1,34,1968,2,10
"2025000003632",1,19,19,1,0,0,1,1,57,1950,2,2
"2025000003633",1,19,19,0,0,0,1,1,33,1498,2,2
"2025000003634",1,1,19,0,0,8,4,1,30,-1,-1,-1
"2025000003634",2,9,2,0,0,0,3,1,67,1598,1,12
"2025000003635",2,9,3,0,0,0,2,2,-1,1390,1,12