"collision_index","vehicle_reference","vehicle_type","vehicle_manoeuvre","junction_location","skidding_and_overturning","hit_object_in_carriageway","first_point_of_impact","sex_of_driver","age_of_driver","engine_capacity_cc","propulsion_code","age_of_vehicle"
"2025000003635",1,9,19,0,0,0,1,2,71,1499,2,7
"2025000003636",2,9,5,6,0,0,1,2,83,1197,8,1
"2025000003636",1,9,19,8,0,0,4,2,40,1998,8,0
"2025000003637",1,3,99,9,9,99,1,1,26,125,1,3
"2025000003637",2,9,99,9,9,99,1,3,-1,1598,1,14
"2025000003638",2,9,4,1,0,0,2,1,34,995,1,12
"2025000003638",1,9,19,1,0,0,1,3,-1,1968,2,17
"2025000003639",2,9,19,0,0,0,1,2,47,2143,2,6
"2025000003639",1,9,19,0,5,0,1,1,22,1499,1,4
"2025000003640",1,9,19,8,0,10,3,2,35,1984,1,4
"2025000003640",2,9,9,6,0,0,4,2,41,1560,2,10
"2025000003641",1,9,19,8,5,0,1,1,-1,2616,1,19
"2025000003642",1,9,19,8,0,0,1,1,41,1560,2,10
"2025000003643",1,9,1,0,0,0,2,2,47,998,1,10
"2025000003643",2,9,2,0,0,0,1,3,-1,1560,2,13
"2025000003644",2,9,19,2,0,0,2,1,34,1997,1,14
"2025000003644",1,3,19,2,0,0,1,1,46,124,1,0
"2025000003645",1,9,7,6,0,0,1,1,21,1398,1,11
"2025000003645",2,19,19,8,0,0,3,1,29,996,8,0
"2025000003646",2,9,9,8,0,0,3,1,25,-1,-1,-1
"2025000003646",1,9,19,8,0,0,1,1,33,1998,8,6
"2025000003647",1,9,19,0,0,0,1,1,81,2993,2,5
"2025000003647",2,9,19,0,0,0,3,2,27,999,1,7
"2025000003648",2,9,19,2,0,0,1,2,42,1596,1,12
"2025000003648",1,9,19,1,0,0,1,1,42,1598,1,11
"2025000003649",1,1,99,9,9,99,9,1,26,-1,-1,-1
"2025000003649",2,9,99,9,9,99,9,1,32,2967,2,2
"2025000003650",1,99,19,0,0,0,1,3,-1,-1,-1,-1
"2025000003651",1,11,13,0,0,0,4,1,63,-1,-1,-1
"2025000003651",2,1,19,0,0,0,3,1,35,-1,-1,-1
"2025000003652",1,9,9,2,0,0,1,1,63,1984,1,1
"2025000003653",1,5,19,0,1,0,4,1,82,999,1,5
"2025000003654",2,2,19,8,0,0,4,1,17,50,1,1
"2025000003654",1,9,19,4,0,0,1,1,32,1496,2,9
"2025000003655",2,9,7,0,0,0,4,1,32,1956,2,9
"2025000003655",1,1,19,0,5,0,1,1,71,-1,-1,-1
"2025000003656",2,9,5,0,0,0,2,1,56,1197,1,4
"2025000003656",1,9,5,0,0,0,1,3,-1,1968,2,6
"2025000003657",1,9,19,0,5,0,1,1,35,2143,2,7
"2025000003658",1,3,19,0,2,0,1,1,27,125,1,6
"2025000003658",2,19,5,0,0,0,1,1,46,1598,2,6
"2025000003659",1,9,1,0,0,0,0,1,-1,1498,1,6
"2025000003660",2,4,19,1,0,0,1,1,36,249,1,29
"2025000003660",1,9,9,2,0,0,3,1,50,1968,2,8
"2025000003661",1,19,99,9,9,99,2,1,49,1995,2,7
"2025000003662",1,9,19,0,0,0,3,1,32,1598,2,11
"2025000003662",2,19,19,0,0,0,3,1,54,1870,2,19
"2025000003662",3,9,19,0,0,0,4,2,23,1498,1,5
"2025000003663",3,9,19,0,0,0,2,1,60,1390,1,14
"2025000003663",2,9,19,0,0,0,2,2,49,999,1,3
"2025000003663",1,9,19,0,0,0,1,3,24,1995,2,6
"2025000003664",2,1,19,1,0,0,4,1,32,-1,-1,-1
"2025000003664",1,9,15,1,0,0,1,1,18,1598,1,13
"2025000003665",1,9,9,6,0,0,1,2,53,1360,1,11
"2025000003665",2,9,19,8,0,0,4,1,49,1997,2,7
"2025000003666",1,9,5,0,0,0,2,1,19,999,1,3
"2025000003666",2,5,19,0,5,0,1,1,73,2294,1,14
"2025000003667",1,9,19,1,0,0,1,3,-1,-1,-1,-1
"2025000003667",2,23,10,1,0,0,1,1,18,-1,-1,-1
"2025000003668",1,9,5,1,0,0,1,2,78,1390,1,18
"2025000003668",2,9,19,1,0,0,3,1,54,-1,3,1
"2025000003669",1,9,2,0,0,0,3,1,35,1332,1,14
"2025000003669",2,9,19,0,0,0,4,1,60,-1,-1,-1
"2025000003670",1,8,6,2,0,0,3,1,54,1950,2,3
"2025000003670",2,1,5,2,0,0,4,1,22,-1,-1,-1
"2025000003671",2,19,7,4,0,0,3,1,50,2999,2,5
"2025000003671",1,9,19,4,0,0,1,2,30,1598,1,8
"2025000003672",1,11,5,0,0,0,4,1,54,4461,2,11
"2025000003673",1,9,19,0,0,0,1,1,29,1968,2,3
"2025000003674",1,9,4,0,0,0,4,1,40,1797,8,4
"2025000003675",1,9,19,0,0,0,1,1,17,998,1,3
"2025000003675",2,9,19,0,0,0,2,2,60,1984,1,4
"2025000003676",1,9,19,0,0,0,1,1,28,1997,2,12
"2025000003677",1,9,9,5,0,0,1,3,-1,1496,2,9
"2025000003677",2,1,19,1,5,0,1,1,20,-1,-1,-1
"2025000003678",2,19,19,0,0,0,1,1,27,-1,-1,-1
"2025000003678",1,9,19,0,0,0,1,2,24,1956,2,12
"2025000003678",3,9,19,0,0,0,1,2,23,1598,1,19
"2025000003679",1,22,19,0,0,0,0,1,46,-1,-1,-1
"2025000003680",4,11,2,0,0,0,2,3,-1,4500,2,8
"2025000003680",1,11,5,0,0,4,1,1,61,4500,2,7
"2025000003680",2,9,19,0,0,4,4,2,35,1364,1,15
"2025000003680",3,9,19,0,0,0,1,1,43,2499,1,18
"2025000003681",2,21,12,0,0,0,1,3,-1,12777,2,8
"2025000003681",1,9,19,0,0,0,2,2,42,1397,1,13
"2025000003682",1,21,7,1,0,0,4,1,45,12419,2,2
"2025000003682",3,9,19,1,0,0,0,2,36,2488,8,2
"2025000003682",2,1,19,1,0,0,1,1,22,-1,-1,-1
"2025000003683",2,21,4,2,0,0,1,1,47,10837,2,9
"2025000003683",1,9,4,2,0,0,2,1,33,1498,1,4
"2025000003684",1,9,7,6,0,0,1,1,37,1995,2,7
"2025000003684",2,19,19,1,0,0,4,1,32,1995,2,3
"2025000003685",2,9,5,1,0,0,1,1,31,1997,2,11
"2025000003685",1,9,9,1,0,0,2,1,50,998,1,7
"2025000003686",1,9,4,0,0,0,1,1,53,1968,2,8
"2025000003686",2,9,4,0,0,0,2,2,41,1598,1,16
"2025000003687",1,9,9,6,0,0,1,2,54,1598,1,19
"2025000003688",1,9,5,0,0,0,1,1,35,1596,1,16
"2025000003688",2,9,19,0,0,0,2,1,22,1197,1,5
"2025000003689",2,9,19,1,0,0,1,1,57,2199,2,11
"2025000003689",1,9,9,2,0,0,2,1,-1,-1,-1,-1
"2025000003690",1,3,99,9,9,99,2,1,39,125,1,5
"2025000003690",2,9,99,9,9,99,1,3,-1,-1,-1,-1
"2025000003691",1,9,19,0,5,7,1,1,34,1968,2,10
"2025000003692",2,11,19,0,0,0,0,2,44,9300,5,1
"2025000003692",1,9,4,0,0,0,0,3,-1,-1,-1,-1
"2025000003693",1,4,19,1,1,0,4,1,56,-1,-1,-1
"2025000003694",1,9,19,0,1,0,1,2,33,1496,2,3
"2025000003695",1,8,-1,0,-1,-1,-1,1,-1,-1,-1,-1
"2025000003696",2,9,19,1,0,0,4,1,70,2143,2,5
"2025000003696",1,9,2,1,0,0,3,2,47,1991,8,2
"2025000003697",2,9,19,0,5,0,3,2,30,1969,2,4
"2025000003697",1,9,19,0,0,0,1,1,56,1968,2,10
"2025000003698",1,9,7,5,0,0,4,1,58,1498,1,10
"2025000003698",2,1,19,8,0,0,1,1,31,-1,-1,-1
"2025000003699",1,19,19,0,0,0,1,3,38,2402,2,17
"2025000003700",2,9,19,8,0,0,1,1,66,1368,1,10
"2025000003700",1,9,9,8,0,0,4,1,42,1753,2,17
"2025000003701",1,3,99,9,9,99,2,1,40,125,1,15
"2025000003701",2,9,99,9,9,99,1,3,-1,-1,-1,-1
"2025000003702",1,9,2,0,0,0,0,3,-1,1598,1,14
"2025000003702",2,1,-1,0,0,4,1,1,59,-1,-1,-1
"2025000003703",1,9,19,0,0,0,1,2,62,1461,2,13
"2025000003703",2,9,19,0,0,0,1,2,37,1997,2,9
"2025000003704",1,9,19,1,5,0,3,1,30,1499,2,8
"2025000003704",2,9,19,1,0,0,1,2,35,1498,1,2
"2025000003705",3,9,2,0,0,0,3,-1,-1,1199,1,1
"2025000003705",2,9,2,0,0,0,3,-1,-1,2268,2,7
"2025000003705",1,9,19,0,0,0,1,1,19,1590,1,20
"2025000003705",4,9,2,0,0,0,1,-1,-1,1995,2,12
"2025000003706",1,3,19,0,0,0,1,3,-1,-1,-1,-1
"2025000003707",2,9,2,0,0,0,3,3,-1,999,1,5
"2025000003707",1,-1,19,0,0,4,4,1,40,-1,-1,-1
"2025000003708",2,9,19,1,0,0,1,2,39,1997,2,4
"2025000003708",1,9,5,2,0,0,2,1,57,1596,1,14
"2025000003709",4,9,19,0,1,0,1,1,32,-1,-1,-1
"2025000003709",5,19,19,0,0,0,1,1,-1,1968,2,9
"2025000003709",2,9,19,0,0,0,4,2,27,1685,2,2
"2025000003709",3,19,4,0,0,0,2,1,55,-1,-1,-1
"2025000003709",1,9,19,0,0,0,1,2,29,1398,1,3
"2025000003710",1,9,5,6,0,0,1,2,64,1388,1,14
"2025000003710",2,9,19,8,0,0,1,2,29,1956,2,6
"2025000003711",1,9,5,6,0,0,1,1,61,2987,2,17
"2025000003711",2,9,19,1,0,0,1,1,27,1199,1,2
"2025000003712",1,9,19,8,0,0,3,1,49,1499,1,1
"2025000003713",2,1,19,0,0,0,2,1,12,-1,-1,-1
"2025000003713",1,19,1,0,0,0,2,3,-1,2143,2,1
"2025000003714",2,1,19,0,0,0,3,1,58,-1,-1,-1
"2025000003714",1,9,13,0,0,0,4,1,-1,-1,-1,-1
"2025000003715",1,19,1,0,0,0,2,1,-1,1560,2,4
"2025000003715",2,9,2,0,0,0,1,2,28,1248,1,14
"2025000003716",1,9,19,0,5,0,4,1,20,1242,1,15
"2025000003717",1,11,19,0,0,11,4,1,53,9360,2,15
"2025000003718",1,9,5,6,0,0,0,3,-1,-1,-1,-1
"2025000003718",2,11,19,1,0,0,0,1,51,9000,2,10
"2025000003719",2,21,19,0,0,0,3,1,62,10677,2,4
"2025000003719",1,9,19,0,0,0,1,2,63,1598,2,9
"2025000003719",3,9,19,0,0,0,1,2,47,999,1,2
"2025000003719",4,9,19,0,0,0,1,1,24,998,1,7
"2025000003719",5,9,19,0,0,0,3,1,48,2967,2,11
"2025000003720",2,9,7,1,9,99,4,1,77,1500,2,5
"2025000003720",1,1,19,1,9,99,3,1,30,-1,-1,-1
"2025000003721",1,1,19,1,2,4,1,1,22,-1,-1,-1
"2025000003721",2,9,19,1,0,0,1,1,52,1997,2,12
"2025000003721",3,9,2,1,0,0,-1,1,22,1598,2,9
"2025000003722",2,9,99,9,9,99,1,3,-1,1498,8,2
"2025000003722",1,3,99,9,9,99,9,1,32,125,1,0
"2025000003723",2,-1,12,0,0,0,3,3,-1,-1,-1,-1
"2025000003723",1,8,19,0,0,7,4,2,58,2499,2,15
"2025000003724",1,9,99,0,9,99,9,3,-1,-1,-1,-1
"2025000003725",1,-1,19,0,0,0,1,1,8,-1,-1,-1
"2025000003726",1,3,99,0,9,99,1,1,31,125,1,2
"2025000003726",2,9,99,0,9,99,2,2,28,898,1,4
"2025000003727",2,9,3,1,0,0,2,1,66,1798,8,0
"2025000003727",1,9,4,1,1,0,1,1,28,1388,1,18
"2025000003728",1,11,4,0,0,0,1,1,48,-1,-1,-1
"2025000003728",2,9,19,0,0,0,2,1,21,2987,2,13
"2025000003729",2,9,11,8,0,0,9,3,-1,1995,2,7
"2025000003729",1,9,19,8,0,0,9,2,28,1997,1,6
"2025000003730",1,9,19,8,0,7,2,1,29,1398,1,10
"2025000003730",2,9,9,6,0,0,1,1,45,-1,3,4
"2025000003731",1,9,19,8,0,0,3,3,-1,1248,1,10
"2025000003731",2,16,15,8,0,0,3,2,32,-1,-1,-1
"2025000003732",1,9,19,4,0,0,3,1,58,-1,-1,-1
"2025000003732",2,1,19,4,0,0,4,1,59,-1,-1,-1
"2025000003733",2,9,99,9,9,99,9,2,42,1199,1,3
"2025000003733",1,19,99,9,9,99,9,3,-1,1968,2,12
"2025000003734",1,9,99,9,9,99,9,2,50,998,1,5
"2025000003734",2,9,99,9,9,99,9,3,-1,1797,8,13
"2025000003735",1,9,19,0,0,0,1,1,26,1956,2,10
"2025000003735",2,19,19,0,0,0,1,1,35,1499,2,4
"2025000003736",2,19,6,8,0,0,1,1,45,1995,2,5
"2025000003736",1,1,19,2,0,0,2,1,30,-1,-1,-1
"2025000003737",3,9,2,0,0,0,2,3,-1,1497,8,2
"2025000003737",2,9,2,0,0,0,3,3,-1,1997,2,2
"2025000003737",1,9,4,0,0,4,1,1,37,1984,1,4
"2025000003738",2,1,14,0,0,0,2,2,-1,-1,-1,-1
"2025000003738",1,9,14,0,0,0,1,1,-1,-1,-1,-1
"2025000003739",2,9,19,8,0,0,4,1,29,2979,1,7
"2025000003739",1,9,5,8,0,0,1,2,38,1998,1,3
"2025000003740",1,1,99,9,9,99,9,1,35,-1,-1,-1
"2025000003740",2,9,99,9,9,99,9,3,-1,-1,-1,-1
"2025000003741",1,9,19,0,2,0,1,1,39,-1,-1,-1
"2025000003742",2,9,9,5,0,0,1,1,29,1797,8,7
"2025000003742",1,9,19,8,0,0,1,1,33,-1,-1,-1
"2025000003743",4,9,19,0,0,0,0,1,27,2993,12,3
"2025000003743",1,9,9,0,0,0,1,1,29,1968,2,15
"2025000003743",2,9,19,0,0,0,1,-1,34,-1,3,1
"2025000003743",3,8,19,0,0,0,3,1,47,2350,1,8
"2025000003744",2,9,19,0,0,0,1,1,30,1948,1,18
"2025000003744",1,9,19,0,0,10,1,1,23,1968,2,8
"2025000003745",1,9,19,0,5,0,1,1,22,1596,1,17
"2025000003746",2,9,19,8,0,0,3,1,28,1761,1,23
"2025000003746",1,5,19,8,0,0,4,1,47,1254,1,2
"2025000003747",1,9,5,4,0,0,3,1,60,1999,1,15
"2025000003747",2,1,19,8,0,0,1,1,52,-1,-1,-1
"2025000003748",1,21,19,0,1,4,1,1,66,12777,2,3
"2025000003748",2,9,2,0,0,0,2,1,22,1461,2,13
"2025000003749",2,9,19,8,0,7,3,2,27,1242,1,17
"2025000003749",1,9,5,6,0,0,4,1,59,2143,2,13
"2025000003750",2,9,19,1,0,0,1,1,28,1590,1,15
"2025000003750",1,19,6,8,0,0,1,1,34,1998,2,17
"2025000003751",1,9,19,2,0,0,3,1,24,1332,1,3
"2025000003751",2,90,5,2,0,0,1,1,35,-1,-1,-1
"2025000003752",1,11,19,1,0,0,1,1,24,6700,2,4
"2025000003753",3,9,2,0,0,0,2,3,-1,998,1,16
"2025000003753",1,9,19,0,0,4,1,2,20,1598,2,10
"2025000003753",2,9,2,0,0,0,2,3,-1,1995,2,4
"2025000003754",1,9,-1,8,-1,-1,-1,3,-1,-1,-1,-1
"2025000003755",2,9,19,3,0,0,1,2,43,1984,1,3
"2025000003755",1,9,4,3,0,0,2,1,20,1580,8,1
"2025000003756",1,-1,19,1,0,0,3,1,13,-1,-1,-1
"2025000003756",2,9,19,1,0,0,1,1,41,999,1,3
"2025000003757",1,3,99,9,9,99,1,1,33,125,1,8
"2025000003757",2,9,99,9,9,99,2,3,-1,-1,-1,-1
"2025000003758",1,9,19,2,0,0,1,1,27,2993,2,7
"2025000003759",2,11,5,8,0,0,0,1,52,6700,2,10
"2025000003759",1,19,14,8,0,0,1,1,31,1995,2,5
"2025000003760",2,19,99,9,9,99,9,3,-1,-1,-1,-1
"2025000003760",1,9,99,9,9,99,9,1,37,2143,2,6
"2025000003761",2,9,4,0,0,0,3,2,31,2993,2,3
"2025000003761",1,9,19,0,1,0,1,1,53,-1,-1,-1
"2025000003762",1,9,1,6,0,0,2,1,44,1995,2,12
"2025000003763",1,9,19,0,1,0,1,1,19,1798,1,7
"2025000003764",1,9,99,9,9,99,9,2,41,1798,8,8
"2025000003765",1,11,19,1,0,0,0,1,34,-1,3,1
"2025000003765",2,9,2,1,0,0,0,3,-1,2171,1,21
"2025000003766",2,1,-1,-1,-1,-1,-1,1,55,-1,-1,-1
"2025000003766",1,9,-1,-1,-1,-1,-1,1,29,1498,1,1
"2025000003767",1,3,19,8,1,0,1,1,17,124,1,0
"2025000003768",1,9,9,1,0,0,1,1,43,1896,2,14
"2025000003768",2,9,19,1,0,0,1,2,33,1496,2,5
"2025000003769",1,1,19,1,0,10,1,2,64,-1,-1,-1
"2025000003770",1,11,19,2,0,0,1,1,54,5132,2,5
"2025000003771",3,9,12,1,0,0,0,3,-1,-1,-1,-1
"2025000003771",2,9,4,1,0,0,2,1,33,1248,1,13
"2025000003771",1,9,19,1,0,0,1,3,-1,1461,2,9
"2025000003772",2,1,19,0,0,0,3,2,60,-1,-1,-1
"2025000003772",1,9,13,0,0,0,4,2,51,1896,2,13
"2025000003773",2,1,19,8,0,0,1,1,27,-1,-1,-1
"2025000003773",1,9,7,2,-1,-1,-1,3,-1,-1,-1,-1
"2025000003774",1,9,19,2,0,0,3,1,36,1242,1,15
"2025000003775",1,9,9,1,0,0,1,1,29,2987,2,15
"2025000003775",2,9,19,1,0,0,1,1,62,1796,1,14
"2025000003776",1,9,9,0,0,4,1,3,-1,2792,1,21
"2025000003777",1,11,5,0,0,0,0,1,47,9000,2,14
"2025000003778",1,1,99,9,9,99,9,2,27,-1,-1,-1
"2025000003778",2,19,99,9,9,99,1,3,65,1598,2,5
"2025000003779",3,9,3,1,0,0,1,1,54,1794,1,14
"2025000003779",1,9,19,2,0,0,0,2,38,2993,2,2
"2025000003779",2,9,5,1,0,0,2,2,48,1596,1,20
"2025000003780",1,9,19,0,0,0,1,3,-1,998,1,15
"2025000003781",2,1,-1,-1,-1,-1,1,2,15,-1,-1,-1
"2025000003781",1,9,-1,-1,-1,-1,-1,3,-1,-1,-1,-1
"2025000003782",2,9,19,0,0,0,2,2,59,1598,1,11
"2025000003782",1,19,19,0,0,0,1,1,36,-1,-1,-1
"2025000003783",2,4,15,1,0,0,4,1,23,125,1,2
"2025000003783",1,19,10,1,0,0,0,1,56,1499,2,2
"2025000003784",2,9,19,8,0,0,0,1,25,998,1,9
"2025000003784",1,9,19,8,0,0,1,1,31,1796,1,13
"2025000003785",2,9,99,0,9,99,1,3,-1,-1,-1,-1
"2025000003785",1,3,99,0,9,99,9,1,31,125,1,3
"2025000003786",1,9,9,6,0,10,1,1,-1,998,1,0
"2025000003786",2,21,19,1,0,0,1,1,57,10518,2,5
"2025000003787",2,19,19,0,0,0,4,1,36,2143,2,4
"2025000003787",1,9,19,0,1,0,3,2,37,-1,-1,-1
"2025000003788",2,9,3,1,0,0,2,1,47,1461,2,7
"2025000003788",1,9,19,1,0,0,1,2,58,999,1,4
"2025000003789",2,8,99,9,9,99,1,3,-1,1477,8,2
"2025000003789",1,3,99,9,9,99,1,1,39,125,1,0
"2025000003790",2,1,14,2,0,0,2,1,36,-1,-1,-1
"2025000003790",1,9,14,2,0,0,1,1,29,1560,2,12
"2025000003791",1,11,19,1,0,0,1,1,50,4500,2,8
"2025000003792",2,-1,3,0,5,0,1,1,24,-1,-1,-1
"2025000003792",1,9,19,0,0,0,1,2,46,2488,8,1
"2025000003793",1,9,13,0,5,0,1,1,33,2521,1,16
"2025000003794",1,9,19,1,0,0,4,1,40,1332,1,2
"2025000003795",1,9,19,0,0,4,1,1,69,898,1,5
"2025000003795",2,9,2,0,0,0,1,3,-1,2967,2,5
"2025000003796",2,1,5,1,0,0,0,1,33,-1,-1,-1
"2025000003796",1,9,15,1,0,0,0,3,17,-1,-1,-1
"2025000003797",1,5,13,0,0,0,1,1,40,-1,-1,-1
"2025000003797",2,10,19,0,0,0,1,2,52,2198,2,10
"2025000003798",1,9,19,0,0,0,1,1,58,-1,-1,-1
"2025000003799",1,9,19,0,2,0,1,1,54,1995,2,10
"2025000003800",1,9,19,8,0,0,4,2,34,999,1,2
"2025000003800",2,5,9,5,0,0,4,1,34,689,1,0
"2025000003801",1,11,19,1,0,0,4,1,52,6700,2,1
"2025000003802",1,19,19,1,0,0,1,3,-1,-1,-1,-1
"2025000003802",2,9,8,1,0,0,2,1,54,1461,2,11
"2025000003803",2,9,19,8,0,0,1,1,39,1598,1,16
"2025000003803",1,19,5,8,0,0,4,1,22,1968,2,6
"2025000003804",1,9,19,1,0,0,1,1,32,2993,2,8
"2025000003804",2,9,9,8,0,0,1,2,53,1998,1,3
"2025000003805",1,9,19,8,0,0,4,2,28,1499,1,5
"2025000003805",2,9,19,1,0,0,1,1,39,1799,1,17
"2025000003806",1,9,4,0,0,0,4,2,70,1497,8,9
"2025000003807",2,9,2,0,0,99,0,3,-1,1332,1,1
"2025000003807",1,3,99,0,9,8,9,1,30,125,1,2
"2025000003808",2,9,19,1,0,0,1,2,29,1753,2,11
"2025000003808",1,9,9,1,0,0,1,2,74,1896,2,15
"2025000003809",2,5,8,6,0,0,2,1,53,999,1,1
"2025000003809",1,9,8,6,0,0,1,2,30,1498,1,2
"2025000003810",1,3,19,1,0,0,2,1,46,125,1,8
"2025000003810",2,9,19,1,0,0,1,1,52,1332,1,4
"2025000003811",1,9,19,7,0,0,1,1,77,1229,1,17
"2025000003812",1,9,19,0,0,0,1,1,37,1798,1,6
"2025000003813",1,9,19,5,0,0,1,2,44,1582,2,7
"2025000003814",1,5,19,1,0,0,4,1,43,803,1,6
"2025000003814",2,-1,12,1,0,0,1,2,23,-1,-1,-1
"2025000003815",1,9,9,4,0,0,1,2,41,999,1,3
"2025000003816",1,11,5,0,0,0,0,1,23,-1,-1,-1
"2025000003817",2,9,19,0,0,0,4,1,56,2495,2,17
"2025000003817",1,9,19,0,0,0,3,1,37,999,1,5
"2025000003818",1,9,19,0,0,0,1,3,-1,-1,-1,-1
"2025000003819",1,9,99,9,9,99,9,3,-1,-1,-1,-1
"2025000003820",2,9,19,1,0,0,1,2,44,999,1,0
"2025000003820",1,9,19,1,0,0,1,2,48,1200,1,7
"2025000003821",1,9,19,1,0,0,1,2,81,1598,1,9
"2025000003821",2,19,10,1,0,0,2,1,57,1560,2,2
"2025000003822",1,9,19,0,0,4,1,2,72,2231,2,7
"2025000003822",2,9,2,0,0,0,2,3,-1,2497,2,17
"2025000003823",2,9,19,2,0,0,1,2,28,1398,1,6
"2025000003823",1,9,5,6,0,0,1,2,47,-1,-1,-1
"2025000003824",1,11,4,0,0,0,1,1,59,4500,2,12
"2025000003825",2,1,19,1,0,0,2,1,40,-1,-1,-1
"2025000003825",1,9,19,1,0,0,1,3,-1,-1,-1,-1
"2025000003826",1,19,5,0,0,0,3,1,60,1950,2,1
"2025000003827",1,1,19,0,0,0,1,1,36,-1,-1,-1
"2025000003828",1,9,9,5,0,0,1,2,80,1329,1,13
"2025000003828",2,19,19,8,0,0,4,1,35,2999,2,3
"2025000003829",1,19,19,0,0,0,4,1,29,1499,2,3
"2025000003830",1,20,2,0,0,0,3,1,61,5193,2,2
"2025000003830",2,9,19,0,0,0,1,1,43,998,1,8
"2025000003831",1,9,19,0,0,0,1,1,-1,2993,2,7
"2025000003832",2,-1,12,8,0,0,3,2,19,-1,-1,-1
"2025000003832",1,9,19,8,0,0,4,1,33,-1,-1,-1
"2025000003833",2,9,14,8,0,0,1,2,43,1781,1,21
"2025000003833",1,9,19,8,0,0,1,1,18,-1,-1,-1
"2025000003834",2,1,3,1,1,0,2,1,28,-1,-1,-1
"2025000003834",1,9,19,1,0,0,1,1,27,1984,1,3
"2025000003835",2,9,19,2,0,0,3,1,59,1596,1,16
"2025000003835",1,9,19,1,0,0,3,2,76,1496,1,5
"2025000003836",1,9,19,3,0,1,1,1,35,1598,2,7
"2025000003837",2,3,19,1,0,0,4,1,17,124,1,5
"2025000003837",1,9,9,6,0,0,1,1,34,1995,2,2
"2025000003838",1,5,3,0,0,0,2,1,26,649,1,0
"2025000003838",2,9,4,0,0,0,1,1,78,1998,1,2
"2025000003839",2,9,9,5,0,0,1,1,68,1968,2,4
"2025000003839",1,9,19,8,0,0,1,1,31,1995,2,8
"2025000003840",1,11,19,0,0,0,0,1,54,4500,2,7
"2025000003841",1,9,19,0,1,0,1,1,17,998,1,9
"2025000003842",2,1,19,6,0,0,1,1,28,-1,-1,-1
"2025000003842",1,9,19,8,0,0,4,2,45,1798,1,14
"2025000003843",2,9,4,1,0,0,1,2,31,1598,2,12
"2025000003843",1,1,9,8,0,0,1,2,-1,-1,-1,-1
"2025000003844",1,9,12,0,0,0,1,1,24,1596,1,11
"2025000003844",2,9,5,0,0,0,4,1,30,1986,2,17
"2025000003845",1,9,3,0,0,0,1,1,67,1998,2,18
"2025000003846",2,3,19,1,5,0,1,1,25,125,1,2
"2025000003846",1,9,9,1,0,0,1,1,27,1197,1,8
"2025000003847",2,9,4,4,0,0,4,1,46,1199,1,0
"2025000003847",1,9,4,4,0,0,3,1,28,1497,8,15
"2025000003848",2,9,19,0,0,0,4,3,30,2143,2,10
"2025000003848",1,9,19,0,0,7,3,2,24,1299,1,13
"2025000003849",2,9,7,1,0,0,3,2,41,1198,1,9
"2025000003849",1,3,19,8,0,0,1,2,31,125,1,10
"2025000003850",1,9,19,0,2,0,1,1,22,998,1,14
"2025000003851",1,9,19,0,5,0,1,2,47,1390,1,14
"2025000003852",1,9,19,8,0,0,1,1,37,1798,1,18
"2025000003852",2,11,19,6,0,0,3,1,31,6370,2,15
"2025000003853",1,1,19,8,0,0,4,1,63,-1,-1,-1
"2025000003853",2,9,19,4,0,0,1,1,30,-1,-1,-1
"2025000003854",1,19,19,0,0,0,1,1,30,1995,2,5
"2025000003854",2,1,19,0,2,0,1,1,63,-1,-1,-1
"2025000003855",1,9,19,0,0,0,3,2,22,999,1,6
"2025000003856",2,21,19,0,0,0,1,1,39,12742,2,1
"2025000003856",1,19,6,0,0,0,3,1,55,1500,2,4
"2025000003857",1,1,99,9,9,99,1,1,24,-1,-1,-1
"2025000003857",2,8,99,9,9,99,9,3,-1,2231,2,16
"2025000003858",2,9,19,0,0,0,1,1,39,1598,8,0
"2025000003858",1,9,19,0,1,11,3,1,22,1248,1,14
"2025000003859",2,9,4,1,0,0,2,1,39,1390,1,12
"2025000003859",1,9,4,1,0,0,1,1,47,2179,2,15
"2025000003860",1,9,9,8,0,0,1,2,43,1598,1,12
"2025000003860",2,9,19,8,0,0,1,2,59,1598,8,1
"2025000003861",1,3,19,2,0,0,1,2,53,-1,-1,-1
"2025000003861",2,9,9,2,0,0,2,1,58,1999,1,15
"2025000003862",2,1,19,8,0,0,4,1,16,-1,-1,-1
"2025000003862",1,9,7,8,0,0,3,2,48,1198,1,7
"2025000003863",2,9,19,4,0,0,2,2,79,998,1,9
"2025000003863",3,9,19,4,0,0,2,1,28,1560,2,10
"2025000003863",1,19,19,4,0,0,1,1,32,1995,2,0
"2025000003863",4,9,5,4,0,0,2,1,67,1984,2,11
"2025000003864",1,9,19,2,0,0,1,1,70,-1,-1,-1
"2025000003864",2,1,19,2,0,0,3,1,8,-1,-1,-1
"2025000003865",1,4,19,1,0,0,1,1,13,124,1,2
"2025000003866",3,1,4,0,0,0,1,1,45,-1,-1,-1
"2025000003866",1,9,19,0,0,0,1,1,41,3456,8,3
"2025000003866",4,9,19,0,0,0,1,1,25,1349,1,10
"2025000003866",2,19,19,0,5,0,2,1,40,1399,2,9
"2025000003867",1,9,19,0,1,0,2,1,21,2457,1,19
"2025000003868",1,9,3,0,0,0,0,2,32,1598,1,8
"2025000003868",2,9,5,0,0,0,1,1,-1,-1,-1,-1