"collision_index","vehicle_reference","vehicle_type","vehicle_manoeuvre","junction_location","skidding_and_overturning","hit_object_in_carriageway","first_point_of_impact","sex_of_driver","age_of_driver","engine_capacity_cc","propulsion_code","age_of_vehicle"
"2025000004323",2,9,4,0,0,0,2,1,24,-1,-1,-1
"2025000004324",2,1,19,0,0,4,1,1,29,-1,-1,-1
"2025000004324",1,9,2,0,0,0,4,3,-1,-1,-1,-1
"2025000004325",1,9,19,0,0,0,1,2,35,1339,8,12
"2025000004325",2,9,19,0,0,0,1,2,74,1498,1,2
"2025000004326",2,1,19,8,0,0,2,1,51,-1,-1,-1
"2025000004326",1,19,7,8,0,0,1,3,-1,1968,2,1
"2025000004327",1,9,19,1,0,0,1,1,-1,-1,-1,-1
"2025000004328",1,9,19,8,0,0,0,1,52,-1,-1,-1
"2025000004328",2,9,19,2,0,0,1,1,38,1969,2,5
"2025000004328",3,9,19,1,0,0,4,1,40,1995,2,7
"2025000004329",1,9,19,8,5,0,1,2,39,1242,1,15
"2025000004330",1,1,7,1,1,0,3,1,41,-1,-1,-1
"2025000004331",1,21,19,0,0,0,4,1,27,12902,2,4
"2025000004332",2,9,99,9,9,99,1,3,-1,1598,1,9
"2025000004332",1,1,99,9,9,99,1,1,32,-1,-1,-1
"2025000004333",1,11,19,1,0,0,0,1,36,5132,2,6
"2025000004334",1,9,5,0,0,0,1,1,23,2143,2,7
"2025000004335",1,3,19,3,0,0,1,1,42,125,1,7
"2025000004335",2,9,9,8,0,0,3,2,58,1198,1,10
"2025000004336",1,5,19,2,0,0,1,1,30,749,1,12
"2025000004336",2,9,19,2,0,0,3,3,-1,1598,1,8
"2025000004337",2,9,2,1,0,0,4,3,-1,-1,-1,-1
"2025000004337",1,-1,15,2,2,0,3,1,19,-1,-1,-1
"2025000004338",2,9,99,9,9,99,1,3,-1,1499,2,8
"2025000004338",1,9,99,9,9,99,1,2,36,1997,2,8
"2025000004339",1,19,19,0,0,0,1,1,22,1995,2,0
"2025000004339",2,9,4,0,0,0,2,1,53,1598,2,12
"2025000004340",1,9,9,0,0,0,4,1,56,998,1,6
"2025000004340",2,9,19,0,0,0,1,2,45,1896,2,18
"2025000004341",1,9,99,9,9,99,2,1,46,999,1,4
"2025000004341",2,11,99,9,9,99,2,3,-1,4500,2,6
"2025000004342",2,1,3,1,0,0,1,2,48,-1,-1,-1
"2025000004342",1,9,5,1,0,0,1,1,37,1598,2,7
"2025000004343",2,9,9,8,0,0,1,2,-1,-1,-1,-1
"2025000004343",1,19,7,1,0,0,1,1,26,2198,2,14
"2025000004344",1,9,9,5,0,0,3,2,38,2521,1,16
"2025000004344",2,1,9,6,0,0,1,1,30,-1,-1,-1
"2025000004345",2,9,19,8,0,0,4,3,-1,-1,-1,-1
"2025000004345",1,9,5,8,0,0,1,2,61,1995,1,1
"2025000004346",2,9,5,2,0,0,1,1,52,2143,2,5
"2025000004346",1,9,19,1,0,0,4,1,23,1995,2,15
"2025000004347",1,9,19,8,0,0,1,1,50,999,1,4
"2025000004347",2,9,5,6,0,0,3,1,51,1461,2,21
"2025000004348",1,21,1,0,0,0,4,1,30,-1,-1,-1
"2025000004349",1,21,4,7,0,0,1,1,51,10677,2,6
"2025000004349",2,9,4,7,0,0,2,1,50,1896,2,14
"2025000004349",5,9,4,1,0,0,1,1,62,1339,1,16
"2025000004349",4,9,4,7,0,0,2,1,56,1999,2,2
"2025000004349",3,9,4,7,0,0,2,1,42,-1,-1,-1
"2025000004350",1,19,19,0,0,0,4,1,33,2143,2,5
"2025000004351",3,9,19,0,0,0,1,1,81,1200,1,8
"2025000004351",2,9,3,0,0,0,2,2,24,1598,1,17
"2025000004351",1,9,3,0,0,0,2,1,79,1498,1,3
"2025000004352",2,1,99,9,9,99,9,2,32,-1,-1,-1
"2025000004352",1,19,99,9,9,99,1,1,55,-1,-1,-1
"2025000004353",1,9,19,0,0,10,3,2,44,1398,1,3
"2025000004354",1,9,-1,0,0,0,1,2,64,998,1,3
"2025000004354",2,9,4,0,0,0,2,2,36,1998,1,22
"2025000004355",2,9,19,8,0,0,3,2,60,1560,2,16
"2025000004355",1,9,9,8,0,0,1,1,79,998,1,6
"2025000004356",1,9,19,0,0,0,1,2,-1,1595,1,4
"2025000004356",2,9,4,0,0,10,2,1,-1,-1,-1,-1
"2025000004357",1,9,19,0,0,0,1,1,46,1240,1,17
"2025000004357",2,9,4,0,0,0,2,2,37,1490,8,0
"2025000004358",2,1,19,1,0,0,1,1,39,-1,-1,-1
"2025000004358",1,9,9,6,0,0,3,3,-1,1364,1,9
"2025000004359",1,3,19,0,0,0,1,1,29,125,1,4
"2025000004359",2,9,6,0,0,0,3,1,33,1229,1,13
"2025000004360",2,1,19,0,0,0,1,1,32,-1,-1,-1
"2025000004360",1,9,2,0,0,0,3,1,45,1998,1,0
"2025000004361",1,9,19,1,0,0,1,1,53,1995,2,9
"2025000004362",2,9,19,1,0,0,1,1,75,1896,2,17
"2025000004362",1,9,19,1,0,0,4,1,25,1995,2,9
"2025000004363",1,9,19,2,0,0,1,2,20,1108,1,14
"2025000004364",2,9,19,0,0,0,1,1,50,1968,2,13
"2025000004364",1,19,19,0,1,0,1,1,34,-1,-1,-1
"2025000004365",1,20,7,6,0,0,0,1,39,6700,2,4
"2025000004366",2,9,7,5,0,0,3,1,34,1968,2,11
"2025000004366",1,1,19,6,0,0,1,1,17,-1,-1,-1
"2025000004367",1,9,99,9,9,99,1,3,53,-1,-1,-1
"2025000004368",1,21,4,2,0,0,1,1,31,12740,2,7
"2025000004369",1,9,19,0,1,0,1,1,28,1595,1,18
"2025000004369",2,9,19,0,0,0,1,1,26,1998,1,19
"2025000004370",1,9,9,5,0,0,1,1,18,1580,8,1
"2025000004370",2,1,19,1,0,0,1,1,23,-1,-1,-1
"2025000004371",1,4,99,0,9,99,9,1,25,-1,-1,-1
"2025000004371",2,9,99,0,9,99,9,3,-1,1598,2,10
"2025000004372",1,9,19,2,0,0,1,1,62,1991,8,2
"2025000004373",1,9,19,1,0,4,1,2,80,1499,1,4
"2025000004373",2,9,2,1,0,0,1,1,59,1968,2,13
"2025000004374",2,19,3,0,0,0,2,1,41,2143,2,4
"2025000004374",3,9,19,0,0,0,1,1,36,1968,2,3
"2025000004374",1,9,14,0,0,0,4,1,25,1798,1,2
"2025000004375",2,9,19,8,0,0,4,1,27,1395,1,8
"2025000004375",1,9,9,8,0,0,1,2,48,1124,1,19
"2025000004376",1,9,19,1,0,0,1,1,23,2996,2,14
"2025000004377",1,3,19,1,0,0,4,1,35,125,1,16
"2025000004377",2,9,9,6,0,0,0,1,-1,998,8,0
"2025000004378",2,9,4,0,0,0,2,2,40,-1,-1,-1
"2025000004378",1,9,19,0,0,0,1,2,-1,1995,12,4
"2025000004379",2,8,4,1,0,0,2,1,59,2143,2,7
"2025000004379",1,1,19,1,0,0,1,1,23,-1,-1,-1
"2025000004380",1,3,99,9,9,99,2,1,38,125,1,2
"2025000004380",2,9,99,9,9,99,9,3,68,1591,1,4
"2025000004381",1,9,9,2,0,0,1,3,57,1598,2,7
"2025000004382",1,3,19,0,0,0,3,1,35,125,1,8
"2025000004383",1,9,19,0,0,0,2,1,49,2967,2,9
"2025000004383",2,21,19,0,0,0,1,1,45,10837,2,0
"2025000004384",1,9,19,1,0,0,1,1,82,999,1,5
"2025000004385",1,9,13,8,1,0,1,1,38,-1,3,1
"2025000004385",2,9,9,5,0,0,3,1,21,1796,1,15
"2025000004386",2,9,9,8,0,0,3,1,51,1396,2,9
"2025000004386",1,9,13,8,0,0,4,3,30,-1,-1,-1
"2025000004387",2,9,3,0,0,0,2,2,29,1360,1,12
"2025000004387",1,9,19,0,0,0,1,1,-1,-1,-1,-1
"2025000004388",2,9,4,0,0,0,2,2,32,1799,1,18
"2025000004388",1,9,19,0,0,0,1,1,22,1493,2,14
"2025000004389",3,9,3,1,0,0,2,2,74,-1,-1,-1
"2025000004389",1,9,19,3,0,0,1,2,38,-1,-1,-1
"2025000004389",2,9,3,1,0,0,2,1,49,1598,2,9
"2025000004390",2,9,19,1,0,0,2,1,21,1560,2,10
"2025000004390",3,9,19,1,0,0,2,2,29,1560,2,14
"2025000004390",1,90,19,1,0,0,1,1,51,-1,-1,-1
"2025000004391",1,-1,99,1,9,99,9,2,25,-1,-1,-1
"2025000004392",1,9,9,8,0,0,1,1,36,2494,8,8
"2025000004392",2,9,19,8,0,0,1,1,57,1968,2,16
"2025000004393",2,19,19,0,0,0,1,2,54,-1,-1,-1
"2025000004393",1,9,19,0,0,0,1,2,33,1968,2,5
"2025000004393",3,19,4,0,0,0,2,1,41,1868,2,17
"2025000004394",1,9,19,0,0,0,1,1,77,1332,1,5
"2025000004395",2,9,19,0,0,0,2,1,37,2987,2,9
"2025000004395",1,20,19,0,0,0,1,1,57,4500,2,4
"2025000004395",3,9,19,0,0,0,2,1,24,1598,2,2
"2025000004395",4,9,19,0,0,0,2,1,30,2993,2,5
"2025000004396",2,1,19,0,0,0,4,1,80,-1,-1,-1
"2025000004396",1,1,19,0,0,0,3,1,24,-1,-1,-1
"2025000004397",1,9,19,0,2,0,1,1,92,1968,2,15
"2025000004397",2,19,3,0,0,0,0,1,32,1753,2,17
"2025000004398",1,9,5,0,0,0,1,2,33,1896,2,17
"2025000004399",1,19,19,8,0,0,1,1,35,1560,2,3
"2025000004399",2,9,19,8,0,0,4,2,22,875,1,9
"2025000004400",4,17,19,1,0,0,3,1,35,-1,-1,-1
"2025000004400",1,19,19,1,0,0,0,1,-1,-1,-1,-1
"2025000004400",3,9,19,1,0,0,2,1,21,1598,1,14
"2025000004400",2,9,19,1,0,0,2,2,47,1973,1,24
"2025000004401",2,9,19,1,0,0,1,1,24,1598,2,10
"2025000004401",1,19,9,1,0,0,3,1,30,1995,2,1
"2025000004402",2,5,19,1,1,0,1,1,59,1085,1,20
"2025000004402",1,9,9,5,0,0,4,1,62,1498,1,2
"2025000004403",2,1,19,0,0,0,0,2,59,-1,-1,-1
"2025000004403",1,9,19,0,0,0,4,2,47,1598,2,6
"2025000004404",1,-1,19,0,0,0,1,3,-1,-1,-1,-1
"2025000004405",2,9,99,9,9,99,1,3,-1,1149,1,12
"2025000004405",1,3,99,9,9,99,9,1,40,125,1,3
"2025000004406",2,9,19,1,1,0,3,1,39,1599,1,15
"2025000004406",1,9,19,1,0,0,1,1,28,1198,1,10
"2025000004407",2,9,99,9,9,99,9,2,57,1999,1,18
"2025000004407",1,3,99,9,9,99,1,3,57,125,1,10
"2025000004408",2,1,19,8,0,0,1,1,31,-1,-1,-1
"2025000004408",1,9,9,8,0,0,1,2,-1,1596,1,8
"2025000004409",3,20,19,0,0,0,2,1,51,-1,-1,-1
"2025000004409",1,19,19,0,0,0,1,1,41,1968,2,1
"2025000004409",2,19,19,0,0,0,2,1,49,-1,-1,-1
"2025000004409",4,20,19,0,0,0,2,1,66,5193,2,4
"2025000004410",3,9,2,0,0,0,1,3,-1,2987,2,6
"2025000004410",2,9,2,0,0,4,2,3,-1,1968,2,6
"2025000004410",1,9,19,0,0,4,1,1,64,1499,1,2
"2025000004410",4,9,2,0,0,0,3,3,-1,973,1,21
"2025000004411",1,9,9,6,0,0,1,1,29,1560,2,12
"2025000004411",2,9,19,1,0,0,1,1,62,-1,-1,-1
"2025000004412",1,1,19,0,0,0,1,1,26,-1,-1,-1
"2025000004413",2,21,19,0,0,0,1,1,43,12809,2,5
"2025000004413",1,19,11,0,5,7,4,1,35,1997,2,0
"2025000004414",1,20,99,9,9,99,2,1,39,-1,-1,-1
"2025000004414",2,9,99,9,9,99,1,3,-1,3597,1,15
"2025000004415",1,19,19,1,0,0,1,1,23,1995,2,3
"2025000004416",1,9,9,1,0,0,3,1,39,-1,-1,-1
"2025000004417",1,9,4,0,0,0,1,2,-1,999,1,6
"2025000004417",2,9,3,0,0,0,2,1,38,1498,1,4
"2025000004418",1,9,1,0,0,0,2,1,40,1995,2,11
"2025000004419",2,1,7,0,5,0,2,1,32,-1,-1,-1
"2025000004419",1,19,19,0,0,0,1,3,-1,-1,-1,-1
"2025000004420",5,9,11,8,0,0,1,1,20,1242,1,11
"2025000004420",2,9,19,8,0,0,0,1,44,1798,8,1
"2025000004420",4,9,19,8,0,0,2,1,36,1595,1,5
"2025000004420",3,9,19,8,0,0,2,1,51,898,1,6
"2025000004420",1,9,11,8,0,0,0,1,-1,1596,1,14
"2025000004421",1,9,9,1,0,0,1,2,40,1400,1,14
"2025000004421",2,9,19,1,0,0,1,1,63,-1,-1,-1
"2025000004422",2,9,-1,0,-1,-1,-1,1,54,1248,2,13
"2025000004422",1,9,-1,0,-1,-1,-1,1,35,1968,2,13
"2025000004423",1,8,9,6,0,0,1,1,52,1798,8,7
"2025000004424",2,9,19,1,0,0,1,1,32,2967,1,18
"2025000004424",1,9,6,8,0,0,1,1,60,1395,1,6
"2025000004425",2,9,13,0,0,0,3,1,50,-1,-1,-1
"2025000004425",1,1,19,0,0,0,1,1,66,-1,-1,-1
"2025000004426",1,9,19,0,2,0,1,1,46,3199,1,19
"2025000004427",2,97,19,1,0,0,1,1,14,-1,-1,-1
"2025000004427",1,9,19,1,0,0,3,2,32,1598,8,0
"2025000004428",1,9,19,1,0,0,1,1,17,-1,-1,-1
"2025000004429",1,9,7,5,0,0,1,3,-1,1995,2,16
"2025000004429",2,9,19,1,0,0,1,1,21,1398,1,12
"2025000004430",1,1,99,9,9,99,0,1,32,-1,-1,-1
"2025000004430",2,9,99,9,9,99,0,3,-1,-1,-1,-1
"2025000004431",1,9,19,0,0,0,1,2,37,999,1,5
"2025000004431",2,9,19,0,0,0,1,1,47,1364,1,6
"2025000004432",2,9,19,8,0,10,4,2,25,1596,1,12
"2025000004432",1,9,19,6,0,0,1,1,45,1796,8,11
"2025000004433",1,9,19,1,0,0,1,1,41,1995,2,10
"2025000004434",3,9,2,0,0,0,4,3,-1,698,1,16
"2025000004434",1,9,14,0,1,4,1,1,21,1591,1,3
"2025000004434",2,10,4,0,0,0,0,1,38,-1,-1,-1
"2025000004435",1,9,19,0,0,10,1,1,41,998,1,8
"2025000004436",1,9,19,0,0,0,1,3,-1,-1,-1,-1
"2025000004436",2,1,19,0,0,0,4,1,39,-1,-1,-1
"2025000004437",2,1,19,8,5,0,1,2,21,-1,-1,-1
"2025000004437",1,3,9,8,0,0,4,1,34,125,1,9
"2025000004438",1,1,99,9,9,99,9,1,27,-1,-1,-1
"2025000004438",2,9,99,9,9,99,2,3,-1,2362,8,8
"2025000004439",2,8,9,1,0,0,1,1,51,1797,8,10
"2025000004439",1,23,13,1,0,0,1,1,23,-1,-1,-1
"2025000004440",2,9,5,1,0,0,1,2,54,1685,2,12
"2025000004440",1,9,19,1,5,0,1,1,29,1197,1,8
"2025000004441",1,9,19,0,5,7,3,2,35,1390,1,10
"2025000004442",1,9,19,8,0,0,1,1,81,2435,1,22
"2025000004443",1,9,19,0,0,0,1,2,61,1248,1,9
"2025000004444",1,9,19,1,0,0,1,1,76,1969,2,3
"2025000004444",3,21,10,1,0,0,2,1,40,6700,2,3
"2025000004444",2,9,4,1,0,0,2,2,26,1242,1,2
"2025000004445",1,9,19,1,0,0,1,1,24,1242,1,10
"2025000004446",6,9,19,0,0,0,1,1,42,1560,2,12
"2025000004446",5,9,4,0,0,0,2,1,-1,998,1,8
"2025000004446",7,9,19,0,0,0,1,2,27,1395,1,8
"2025000004446",4,9,4,0,0,4,2,1,17,998,1,12
"2025000004446",2,9,4,0,0,4,2,1,36,1498,1,0
"2025000004446",1,9,19,0,0,0,1,2,40,-1,-1,-1
"2025000004446",3,9,4,0,0,4,2,2,38,1598,2,6
"2025000004447",2,9,13,8,0,0,4,1,-1,1500,2,3
"2025000004447",1,9,6,8,0,0,3,3,-1,1318,1,4
"2025000004448",1,9,19,0,0,0,1,1,24,-1,3,2
"2025000004448",2,8,19,0,0,0,3,1,43,1477,8,3
"2025000004449",1,9,19,8,0,0,3,2,29,1498,1,5
"2025000004449",2,1,11,8,0,0,4,1,35,-1,-1,-1
"2025000004450",1,9,13,1,0,0,4,1,58,1699,1,15
"2025000004451",1,9,7,8,0,0,4,3,-1,1399,1,16
"2025000004452",1,9,9,5,0,0,1,1,-1,1968,2,8
"2025000004452",2,19,9,5,0,0,2,2,48,1598,2,4
"2025000004453",1,9,19,0,1,0,1,1,54,1998,1,24
"2025000004454",1,21,7,1,0,0,4,1,49,12900,2,6
"2025000004454",2,1,19,1,1,0,1,1,13,-1,-1,-1
"2025000004455",2,11,19,1,0,0,0,1,26,6700,2,3
"2025000004455",1,9,7,1,0,0,0,3,-1,-1,-1,-1
"2025000004456",1,11,2,1,0,0,0,1,52,4461,2,8
"2025000004457",1,9,9,1,0,0,3,2,35,999,1,2
"2025000004457",2,1,19,1,0,0,1,2,53,-1,-1,-1
"2025000004458",1,11,19,9,0,99,9,1,71,5132,2,4
"2025000004459",1,9,19,1,0,0,1,1,78,999,1,2
"2025000004459",2,9,19,1,0,0,1,2,23,1994,2,11
"2025000004460",2,9,99,9,9,99,9,1,64,3311,8,14
"2025000004460",1,1,99,9,9,99,9,1,33,-1,-1,-1
"2025000004461",1,3,19,2,5,0,0,1,28,125,1,4
"2025000004462",2,9,2,2,0,0,3,1,35,-1,-1,-1
"2025000004462",3,9,2,2,0,0,4,2,58,998,1,2
"2025000004462",1,9,19,1,0,10,1,1,32,1685,2,4
"2025000004463",2,90,19,1,1,0,1,1,-1,-1,-1,-1
"2025000004463",1,9,19,2,0,0,1,1,57,1598,2,11
"2025000004464",1,11,4,0,0,0,4,1,24,4500,2,9
"2025000004465",1,9,19,0,0,0,1,2,47,-1,-1,-1
"2025000004465",2,9,19,0,0,0,2,1,73,1995,2,3
"2025000004466",3,9,2,0,0,0,4,3,-1,-1,3,2
"2025000004466",1,3,19,0,2,4,4,1,29,125,1,11
"2025000004466",2,9,2,0,0,0,3,3,-1,6750,1,30
"2025000004467",1,5,19,0,1,0,3,2,27,125,1,3
"2025000004467",2,9,19,0,0,0,1,2,56,-1,-1,-1
"2025000004468",1,1,9,1,0,0,4,1,36,-1,-1,-1
"2025000004468",2,11,9,1,0,0,4,1,40,4500,2,1
"2025000004469",2,9,99,9,9,99,1,2,80,1498,1,1
"2025000004469",1,1,99,9,9,99,1,1,-1,-1,-1,-1
"2025000004470",1,9,7,5,0,0,1,2,27,1461,2,5
"2025000004471",1,9,19,6,0,0,1,1,60,-1,3,1
"2025000004471",2,19,19,8,0,0,3,1,31,2198,2,9
"2025000004472",2,19,4,0,0,0,1,1,26,1248,2,12
"2025000004472",1,9,3,0,0,0,2,1,52,1997,2,9
"2025000004473",1,1,99,9,9,99,1,1,27,-1,-1,-1
"2025000004473",2,9,99,9,9,99,1,1,-1,2998,1,1
"2025000004474",1,8,19,0,0,0,4,1,31,1995,2,8
"2025000004475",1,9,7,8,0,0,1,1,23,2993,2,12
"2025000004476",1,5,99,0,9,99,0,1,59,942,1,9
"2025000004476",2,9,99,0,9,99,0,3,32,1999,2,4
"2025000004477",1,2,19,1,0,0,1,3,-1,125,1,7
"2025000004478",1,9,9,8,0,0,1,2,35,1590,1,20
"2025000004478",2,1,9,1,2,0,1,2,59,-1,-1,-1
"2025000004479",1,9,6,6,0,0,1,3,-1,-1,-1,-1
"2025000004480",1,9,5,6,0,0,1,1,28,2993,2,13
"2025000004481",1,1,19,0,0,0,0,2,51,-1,-1,-1
"2025000004481",2,9,19,0,0,0,4,1,37,1997,1,6
"2025000004482",1,9,19,1,0,0,1,1,24,998,1,9
"2025000004482",2,9,19,1,0,0,2,2,61,1591,1,4
"2025000004483",1,9,-1,-1,-1,-1,-1,3,-1,1248,2,11
"2025000004483",2,9,-1,-1,-1,-1,-1,2,24,1461,2,9
"2025000004484",1,9,5,1,0,0,1,1,26,1598,2,6
"2025000004484",2,9,3,8,0,0,2,2,-1,1595,1,4
"2025000004485",2,9,19,4,0,0,0,3,-1,-1,-1,-1
"2025000004485",1,1,9,8,0,0,1,1,21,-1,-1,-1
"2025000004485",3,1,9,8,0,0,2,1,-1,-1,-1,-1
"2025000004486",1,9,5,0,0,0,3,1,76,998,1,3
"2025000004486",2,9,19,0,0,0,1,1,22,1149,1,12
"2025000004487",1,3,99,9,9,99,1,1,34,125,1,1
"2025000004487",2,9,99,9,9,99,3,3,33,1995,2,9
"2025000004488",2,9,19,1,0,0,1,2,62,999,1,3
"2025000004488",1,9,19,3,0,0,1,2,31,1197,1,11
"2025000004489",1,3,99,0,9,99,9,1,-1,125,1,2
"2025000004490",2,23,19,1,0,0,1,1,22,-1,-1,-1
"2025000004490",1,9,9,1,0,0,1,1,29,1796,1,13
"2025000004491",1,9,5,2,0,11,1,1,87,1596,1,7
"2025000004492",2,9,19,0,0,0,1,1,63,-1,-1,-1
"2025000004492",1,1,19,0,5,0,4,1,48,-1,-1,-1
"2025000004493",2,9,7,6,0,0,2,2,40,998,1,16
"2025000004493",1,9,19,1,0,0,1,2,20,-1,-1,-1
"2025000004494",2,9,19,8,0,0,4,1,44,2993,2,4
"2025000004494",1,9,7,8,0,0,3,2,36,1242,1,14
"2025000004495",2,1,19,0,0,0,3,1,35,-1,-1,-1
"2025000004495",1,9,6,0,0,0,1,2,66,1388,1,12
"2025000004496",1,19,9,2,0,0,1,1,32,1995,2,4
"2025000004497",1,9,7,6,0,0,1,2,34,1499,1,5
"2025000004497",2,9,2,1,0,0,3,1,35,2231,2,8
"2025000004498",2,1,7,1,0,0,3,1,32,-1,-1,-1
"2025000004498",1,9,7,1,0,0,4,1,45,1397,1,12
"2025000004499",1,9,19,1,0,0,3,1,28,1956,2,9
"2025000004499",2,9,7,8,0,0,-1,3,-1,1198,1,16
"2025000004500",1,9,2,0,0,0,0,3,-1,998,1,7
"2025000004500",3,9,19,0,0,0,1,2,49,1368,1,5
"2025000004500",2,9,3,0,0,0,2,2,36,998,1,5
"2025000004501",1,9,19,0,0,0,1,1,35,-1,-1,-1
"2025000004501",2,90,11,0,0,0,1,1,55,-1,-1,-1
"2025000004502",2,9,19,0,0,0,1,1,65,1598,1,17
"2025000004502",1,9,19,0,0,0,1,1,47,1599,1,21
"2025000004503",1,9,19,1,0,0,1,2,84,998,1,1
"2025000004503",3,9,4,1,0,0,2,1,55,2191,2,4
"2025000004504",2,3,15,1,0,0,4,1,47,125,1,2
"2025000004504",1,9,9,6,0,0,1,2,45,2967,2,5
"2025000004505",1,11,-1,0,-1,-1,-1,3,-1,-1,-1,-1
"2025000004506",1,19,19,0,0,0,1,1,54,1753,2,18
"2025000004507",1,9,19,0,2,0,1,1,20,1364,1,11
"2025000004507",2,21,19,0,0,0,2,1,48,12742,2,0
"2025000004508",1,9,19,4,2,10,1,1,29,1199,1,0
"2025000004509",2,11,5,6,0,0,4,1,27,5132,2,4
"2025000004509",1,9,19,8,0,0,1,2,74,1798,8,6
"2025000004510",1,9,-1,0,-1,-1,-1,3,-1,-1,-1,-1
"2025000004511",1,9,19,0,0,4,1,2,49,1499,1,2
"2025000004511",3,9,2,0,0,0,1,3,-1,1999,2,7
"2025000004511",2,19,2,0,0,4,1,1,41,1598,2,9
"2025000004512",1,5,14,5,0,0,4,1,24,645,1,9
"2025000004512",2,19,9,8,0,0,1,1,56,-1,-1,-1
"2025000004513",1,9,19,2,0,0,1,1,78,1991,2,17
"2025000004513",2,1,7,1,0,0,1,1,29,-1,-1,-1
"2025000004514",1,9,14,8,0,0,1,1,32,1499,2,1
"2025000004514",2,9,9,8,0,0,3,2,59,1598,8,0
"2025000004515",2,1,19,2,0,0,2,1,41,-1,-1,-1
"2025000004515",1,9,13,2,0,0,1,2,44,1499,1,1
"2025000004516",2,19,19,0,0,0,1,1,45,1997,2,7
"2025000004516",1,9,19,0,0,0,2,1,44,999,1,6
"2025000004517",1,9,19,0,1,0,1,2,22,1390,1,9
"2025000004518",2,9,9,8,0,0,3,2,40,1896,2,14
"2025000004518",1,5,15,1,0,0,1,1,62,1441,1,7
"2025000004519",2,8,19,1,0,0,1,1,53,1995,2,3
"2025000004519",1,90,5,6,0,0,4,1,7,-1,-1,-1
"2025000004520",1,9,19,3,0,0,1,1,35,-1,-1,-1
"2025000004520",2,9,19,3,1,0,3,2,44,1998,1,3
"2025000004521",1,1,99,9,9,99,9,1,48,-1,-1,-1
"2025000004521",2,9,99,9,9,99,9,3,-1,1998,1,7
"2025000004522",1,11,4,8,0,0,4,1,65,-1,-1,-1
"2025000004522",2,1,19,6,0,0,1,2,9,-1,-1,-1
"2025000004523",2,21,19,8,0,0,1,1,34,12809,2,6
"2025000004523",1,90,19,8,1,0,1,1,29,-1,-1,-1
"2025000004524",3,9,5,1,0,0,0,1,43,2993,2,4
"2025000004524",1,9,19,1,0,0,1,1,24,1197,1,7
"2025000004524",2,8,19,1,0,0,2,1,42,1798,8,5
"2025000004525",1,3,99,9,9,99,9,1,20,124,1,0
"2025000004525",2,9,99,9,9,99,9,3,-1,2979,1,17
"2025000004526",2,9,99,0,9,99,9,3,-1,1240,1,16
"2025000004526",1,3,99,0,9,99,9,1,24,125,1,8
"2025000004527",2,11,19,1,0,0,4,1,45,6700,2,14
"2025000004527",1,9,7,1,0,0,3,3,-1,1997,2,13
"2025000004528",1,9,19,8,0,0,1,1,46,1490,8,0
"2025000004529",2,9,4,0,0,0,2,1,44,1499,1,2
"2025000004529",1,5,19,0,1,0,1,1,46,1037,1,0
"2025000004530",1,3,13,0,0,0,1,1,21,125,1,8
"2025000004530",2,3,13,0,0,0,1,1,22,124,1,14
"2025000004530",3,9,19,0,0,0,1,1,66,1498,1,5
"2025000004531",1,3,99,9,9,99,1,1,34,125,1,4
"2025000004531",2,9,99,9,9,99,1,3,-1,2494,8,6
"2025000004532",1,9,-1,-1,-1,-1,-1,3,-1,1388,1,14
"2025000004532",2,1,19,1,0,0,1,1,44,-1,-1,-1
"2025000004533",1,9,19,0,1,4,1,1,35,1968,2,10
"2025000004533",2,9,2,0,0,0,3,3,-1,2982,2,9
"2025000004534",1,4,19,1,0,0,3,1,29,125,1,4
"2025000004534",2,9,6,1,0,0,1,1,56,-1,3,3
"2025000004535",1,9,19,8,1,0,1,1,19,1229,1,7
"2025000004536",2,11,19,8,0,0,1,1,41,6700,2,9
"2025000004536",1,9,19,8,0,0,4,1,22,1968,2,4
"2025000004537",1,9,19,1,0,0,1,1,37,2993,12,0
"2025000004538",1,9,9,6,0,0,1,2,33,998,1,6
"2025000004538",2,9,19,1,0,0,4,2,31,2143,2,3
"2025000004539",1,9,9,6,0,0,4,2,-1,1896,2,12
"2025000004539",2,3,19,1,0,0,1,1,20,125,1,1
"2025000004540",1,9,19,1,0,0,1,1,69,-1,-1,-1
"2025000004541",2,9,19,0,0,0,0,3,-1,-1,-1,-1
"2025000004541",1,9,4,0,0,0,4,2,47,1398,1,20
"2025000004542",1,9,19,2,0,4,1,1,42,1999,1,16
"2025000004542",3,9,2,2,0,0,1,3,-1,1398,1,12
"2025000004542",2,9,2,2,0,0,1,3,-1,1997,2,7
"2025000004543",1,9,99,9,9,99,9,1,19,999,1,2
"2025000004543",2,9,99,9,9,99,9,3,-1,2143,2,8
"2025000004544",2,19,3,0,0,0,2,1,56,1560,2,6
"2025000004544",1,9,19,0,0,0,1,1,35,2685,2,20
"2025000004545",2,11,5,1,0,0,1,2,48,4461,2,11
"2025000004545",1,9,7,5,0,0,2,1,25,1998,8,5
"2025000004546",1,1,19,0,1,0,1,1,44,-1,-1,-1
"2025000004546",2,1,19,0,1,0,1,1,50,-1,-1,-1
"2025000004546",3,1,19,0,2,0,1,1,60,-1,-1,-1
"2025000004547",1,9,19,1,1,0,3,1,31,-1,-1,-1
"2025000004548",1,9,6,1,0,0,2,1,22,-1,3,2