"collision_index","vehicle_reference","vehicle_type","vehicle_manoeuvre","junction_location","skidding_and_overturning","hit_object_in_carriageway","first_point_of_impact","sex_of_driver","age_of_driver","engine_capacity_cc","propulsion_code","age_of_vehicle"
"2025000005232",1,9,19,0,2,0,1,2,26,1598,2,7
"2025000005233",1,9,9,1,0,0,4,1,35,1968,2,9
"2025000005233",2,23,7,2,0,0,1,1,-1,-1,-1,-1
"2025000005234",1,11,19,0,0,0,4,1,51,9000,2,10
"2025000005235",2,9,19,0,5,0,1,1,59,2204,2,17
"2025000005235",1,9,13,0,1,0,1,1,36,-1,3,4
"2025000005236",1,9,19,1,0,0,1,3,-1,-1,-1,-1
"2025000005237",1,22,19,0,0,0,2,1,-1,-1,-1,-1
"2025000005238",1,21,19,0,0,0,1,1,60,4500,2,6
"2025000005239",1,4,7,1,1,0,4,1,62,250,1,52
"2025000005240",2,9,19,0,0,0,3,1,30,1968,2,15
"2025000005240",1,9,19,0,0,0,3,1,44,1200,1,7
"2025000005241",1,3,9,6,0,0,3,1,24,125,1,5
"2025000005241",2,9,19,1,0,0,1,1,70,1984,1,6
"2025000005242",1,1,-1,-1,-1,-1,-1,1,27,-1,-1,-1
"2025000005242",2,9,-1,-1,-1,-1,-1,2,29,1498,1,2
"2025000005243",4,9,4,0,0,0,2,2,27,1499,1,6
"2025000005243",1,21,19,0,0,0,1,1,27,4462,2,9
"2025000005243",3,9,4,0,0,0,2,2,44,998,1,10
"2025000005243",2,9,4,0,0,0,2,1,19,999,1,5
"2025000005244",1,9,19,1,0,0,1,3,-1,-1,-1,-1
"2025000005245",1,9,19,8,1,0,1,1,21,1968,2,8
"2025000005245",2,9,19,8,0,0,1,1,87,1587,1,20
"2025000005246",2,9,2,0,0,0,4,2,32,1242,1,20
"2025000005246",1,9,6,0,0,0,1,1,-1,996,1,15
"2025000005247",1,9,19,5,0,0,1,3,-1,-1,-1,-1
"2025000005248",3,9,4,1,0,0,2,2,35,1496,1,3
"2025000005248",1,19,19,1,0,0,1,1,43,1499,2,3
"2025000005248",2,9,19,1,0,0,2,1,53,1390,1,12
"2025000005249",1,9,19,1,1,7,1,1,47,-1,-1,-1
"2025000005250",2,19,4,0,0,0,2,1,27,1248,2,15
"2025000005250",1,9,5,0,0,0,1,2,30,1498,1,1
"2025000005251",2,9,19,0,0,0,4,2,31,-1,-1,-1
"2025000005251",1,98,12,0,0,0,3,1,51,-1,-1,-1
"2025000005252",3,9,3,0,0,0,1,2,30,998,1,8
"2025000005252",4,9,3,0,0,0,2,1,50,1598,1,9
"2025000005252",2,19,3,0,0,0,1,1,52,1968,2,3
"2025000005252",1,21,19,0,0,0,1,1,43,12742,2,5
"2025000005253",1,9,19,0,0,0,4,1,20,1896,2,15
"2025000005254",1,9,19,4,0,0,1,3,-1,1596,1,7
"2025000005255",2,9,9,8,0,0,1,1,43,1984,1,6
"2025000005255",1,1,19,8,0,0,1,2,48,-1,-1,-1
"2025000005256",1,9,99,9,9,99,2,1,23,1390,1,15
"2025000005256",2,19,99,9,9,99,2,3,-1,2298,2,5
"2025000005257",1,19,19,0,0,0,4,1,42,2299,2,9
"2025000005258",2,9,19,0,0,0,1,2,60,2157,2,2
"2025000005258",5,9,19,0,0,0,1,2,31,1242,1,5
"2025000005258",3,9,19,0,0,0,1,1,18,1199,2,9
"2025000005258",4,9,19,0,0,0,2,2,55,1997,2,3
"2025000005258",1,9,19,0,0,0,1,2,19,1396,2,10
"2025000005259",2,8,4,1,0,0,4,1,21,-1,-1,-1
"2025000005259",1,90,19,1,0,0,1,2,27,-1,-1,-1
"2025000005260",2,21,9,8,0,0,4,2,64,10677,2,6
"2025000005260",1,9,19,6,1,0,1,1,22,1499,1,2
"2025000005261",2,9,99,9,9,99,1,3,-1,-1,-1,-1
"2025000005261",1,1,99,9,9,99,2,1,35,-1,-1,-1
"2025000005262",2,9,99,9,9,99,1,3,-1,-1,-1,-1
"2025000005262",1,1,99,9,9,99,9,1,25,-1,-1,-1
"2025000005263",2,9,19,0,0,0,1,1,26,1968,2,15
"2025000005263",1,9,13,0,0,0,1,1,43,1968,2,2
"2025000005264",2,21,3,0,0,0,0,1,32,6370,2,13
"2025000005264",1,21,12,0,0,0,1,1,40,-1,-1,-1
"2025000005265",1,90,19,0,0,0,3,2,21,-1,-1,-1
"2025000005265",2,90,19,0,1,0,3,1,53,-1,-1,-1
"2025000005266",2,3,19,1,0,0,1,1,17,-1,-1,-1
"2025000005266",1,9,10,1,0,0,1,2,76,1499,1,6
"2025000005267",2,9,-1,0,-1,-1,-1,1,38,-1,3,0
"2025000005267",1,9,19,0,0,0,1,2,24,1198,1,13
"2025000005268",1,3,19,0,0,0,1,1,22,125,1,7
"2025000005268",3,9,19,0,0,0,2,1,58,1618,1,9
"2025000005268",2,11,19,0,0,0,0,1,49,4500,2,12
"2025000005269",2,9,19,2,0,0,1,1,45,1349,1,14
"2025000005269",1,9,9,2,0,0,0,2,39,999,1,6
"2025000005269",3,9,19,1,0,0,0,3,-1,-1,-1,-1
"2025000005270",1,9,99,9,9,99,9,2,24,998,1,5
"2025000005270",2,1,99,9,9,99,9,3,-1,-1,-1,-1
"2025000005271",2,1,19,3,0,0,4,1,25,-1,-1,-1
"2025000005271",1,9,19,3,0,0,1,1,62,1910,2,14
"2025000005272",2,9,19,0,0,0,1,1,31,-1,-1,-1
"2025000005272",1,9,19,0,0,0,1,2,18,1149,1,8
"2025000005273",1,9,12,0,1,0,1,1,30,2179,2,7
"2025000005273",2,21,19,0,0,0,2,1,32,6374,2,8
"2025000005274",1,1,19,0,0,0,0,1,55,-1,-1,-1
"2025000005275",2,9,10,5,0,0,4,2,64,2143,2,9
"2025000005275",1,5,19,1,0,0,1,1,21,649,1,27
"2025000005276",1,9,-1,0,0,0,1,1,40,999,1,1
"2025000005276",2,21,-1,0,1,0,1,1,38,12902,2,2
"2025000005277",1,9,19,0,0,0,1,1,63,1461,2,10
"2025000005278",1,9,11,0,0,0,3,3,-1,-1,-1,-1
"2025000005278",2,9,19,0,0,0,4,2,18,1242,1,14
"2025000005279",1,19,19,0,0,0,1,1,38,1560,2,9
"2025000005279",2,9,19,0,0,0,1,1,75,1968,2,13
"2025000005280",2,11,4,1,0,0,1,1,55,8250,2,23
"2025000005280",1,11,4,1,0,0,2,2,54,9200,2,12
"2025000005281",2,9,2,0,0,0,1,3,-1,1997,2,11
"2025000005281",1,9,19,0,0,4,1,2,58,1149,1,5
"2025000005282",1,11,5,0,0,0,0,1,48,6696,2,8
"2025000005283",2,9,5,2,0,0,2,1,35,1797,8,4
"2025000005283",1,9,5,2,0,0,1,3,-1,998,1,1
"2025000005284",1,19,19,0,0,0,1,1,-1,1560,2,12
"2025000005284",2,9,19,0,0,0,2,1,57,1956,2,9
"2025000005285",1,3,19,0,0,0,1,1,20,124,1,1
"2025000005285",2,9,19,0,0,0,2,1,41,2993,2,17
"2025000005286",1,9,19,0,0,0,1,1,28,1896,2,15
"2025000005286",2,9,2,0,0,0,2,2,25,1242,1,7
"2025000005287",1,9,19,0,0,7,3,2,46,1200,1,1
"2025000005287",2,9,19,0,0,0,0,2,46,2993,2,3
"2025000005288",1,9,19,1,0,0,1,1,59,1685,2,8
"2025000005289",1,9,19,8,0,0,1,1,63,3824,1,15
"2025000005290",2,1,19,0,0,0,3,2,53,-1,-1,-1
"2025000005290",1,9,2,0,0,0,4,3,-1,1968,2,8
"2025000005291",2,8,99,9,9,99,9,3,53,1477,8,3
"2025000005291",1,1,99,9,9,99,1,1,27,-1,-1,-1
"2025000005292",1,9,9,6,0,0,1,2,38,1229,1,15
"2025000005292",2,9,19,1,0,0,1,2,43,2179,2,13
"2025000005293",3,19,19,0,0,0,2,3,-1,2143,2,2
"2025000005293",2,9,19,0,0,0,2,2,-1,1242,1,3
"2025000005293",1,9,19,0,0,0,1,1,-1,1580,8,4
"2025000005293",4,19,19,0,0,0,2,3,-1,2143,2,2
"2025000005294",1,1,99,9,9,99,2,2,26,-1,-1,-1
"2025000005294",2,9,99,9,9,99,1,3,78,2967,2,8
"2025000005295",1,1,3,0,0,0,2,3,-1,-1,-1,-1
"2025000005295",2,9,4,0,0,99,1,3,-1,-1,-1,-1
"2025000005296",1,9,19,8,1,0,1,1,48,3700,1,19
"2025000005297",1,19,19,0,0,0,1,1,51,1968,2,13
"2025000005298",1,9,19,4,0,0,1,2,58,1339,8,8
"2025000005298",2,1,19,8,5,0,4,1,16,-1,-1,-1
"2025000005299",1,9,19,2,0,0,1,1,33,1984,1,7
"2025000005300",1,9,19,1,5,2,1,2,57,1496,1,0
"2025000005301",2,5,19,8,0,0,4,1,19,471,1,8
"2025000005301",1,9,19,4,0,0,1,1,76,-1,-1,-1
"2025000005302",1,9,3,1,9,0,1,1,28,-1,-1,-1
"2025000005302",2,9,1,1,9,0,2,1,-1,-1,-1,-1
"2025000005303",2,1,9,8,0,0,4,1,36,-1,-1,-1
"2025000005303",1,9,19,8,0,0,1,2,36,1560,2,8
"2025000005304",1,9,19,2,0,0,1,1,30,1364,1,15
"2025000005304",2,9,19,8,0,0,2,1,24,1332,8,1
"2025000005305",1,9,4,2,0,0,3,2,64,1984,1,2
"2025000005305",3,9,19,2,1,0,1,2,24,1995,2,17
"2025000005305",2,19,4,2,1,0,2,1,60,1997,2,4
"2025000005305",4,9,19,2,1,0,1,1,30,1395,1,7
"2025000005306",1,9,19,0,0,0,1,1,31,1395,1,7
"2025000005307",1,9,7,1,-1,-1,-1,3,-1,-1,-1,-1
"2025000005308",1,97,-1,0,-1,-1,-1,3,-1,-1,-1,-1
"2025000005309",2,1,19,8,0,0,1,1,52,-1,-1,-1
"2025000005309",1,9,7,5,0,0,4,2,21,1560,2,14
"2025000005310",1,9,2,1,0,0,0,3,-1,1598,1,20
"2025000005310",3,9,2,1,0,0,2,3,-1,1240,1,20
"2025000005310",2,9,19,1,0,0,1,2,56,1580,8,2
"2025000005311",1,9,19,0,0,0,3,3,-1,-1,-1,-1
"2025000005311",2,9,2,0,0,0,4,1,50,-1,-1,-1
"2025000005312",1,9,19,0,0,7,1,1,37,1332,1,1
"2025000005313",2,9,19,0,0,0,1,1,28,1956,2,13
"2025000005313",1,9,19,0,0,0,2,1,42,1685,2,12
"2025000005314",2,1,19,0,0,0,2,1,13,-1,-1,-1
"2025000005314",1,11,19,0,0,0,2,1,52,6700,2,15
"2025000005315",2,9,19,1,0,0,2,1,-1,1769,1,20
"2025000005315",1,9,19,1,0,0,1,3,-1,-1,-1,-1
"2025000005316",1,-1,19,1,0,0,1,1,58,-1,-1,-1
"2025000005317",1,9,19,1,0,0,1,2,-1,-1,-1,-1
"2025000005317",2,9,4,1,0,10,2,1,35,1396,1,13
"2025000005318",1,9,19,6,0,0,1,2,33,-1,-1,-1
"2025000005318",2,9,19,1,0,0,3,2,59,1461,2,5
"2025000005319",1,19,12,0,0,10,1,2,31,1968,2,8
"2025000005319",2,9,19,0,0,0,3,1,25,2494,8,7
"2025000005320",1,9,19,1,0,0,4,2,-1,-1,-1,-1
"2025000005321",3,9,3,1,0,0,2,2,55,1461,2,8
"2025000005321",1,9,5,1,0,0,1,1,-1,1560,2,8
"2025000005321",4,9,3,1,0,0,2,1,56,1799,1,13
"2025000005321",2,9,3,1,0,0,2,2,25,1390,1,9
"2025000005322",2,9,3,1,0,0,2,2,34,2143,2,10
"2025000005322",3,9,3,1,0,0,2,2,25,998,1,0
"2025000005322",1,9,19,1,0,0,1,1,40,1197,1,6
"2025000005323",2,9,19,0,0,0,1,1,48,1598,1,11
"2025000005323",1,11,19,0,0,0,1,1,28,4250,2,10
"2025000005324",2,1,19,1,0,0,1,1,6,-1,-1,-1
"2025000005324",1,23,19,1,0,0,1,3,-1,-1,-1,-1
"2025000005325",1,9,-1,-1,-1,-1,-1,3,-1,-1,-1,-1
"2025000005325",2,9,4,1,0,0,2,2,67,999,1,2
"2025000005326",1,3,19,1,0,0,1,1,23,125,1,1
"2025000005326",2,9,4,1,0,0,2,3,-1,1998,1,2
"2025000005327",2,9,9,8,0,0,1,3,-1,-1,-1,-1
"2025000005327",1,9,8,1,0,0,4,2,27,1242,1,7
"2025000005328",2,9,9,2,1,11,4,1,65,1997,2,6
"2025000005328",1,9,19,1,1,0,1,1,27,3993,1,3
"2025000005329",1,9,9,3,0,0,1,1,37,1598,1,8
"2025000005330",2,9,3,1,0,0,2,1,28,1998,1,5
"2025000005330",1,9,4,1,0,0,1,2,77,1686,2,9
"2025000005330",3,9,3,1,0,0,2,2,34,1498,1,5
"2025000005330",4,9,3,1,0,0,2,1,54,1399,1,5
"2025000005331",2,9,19,0,0,0,3,1,26,1798,8,1
"2025000005331",1,9,19,0,0,0,1,1,48,-1,-1,-1
"2025000005332",4,9,2,0,0,0,1,1,-1,2191,2,8
"2025000005332",3,9,2,0,0,4,1,3,-1,1560,2,8
"2025000005332",1,19,19,0,0,4,1,3,-1,1870,2,18
"2025000005332",2,9,2,0,0,4,2,3,-1,998,1,15
"2025000005333",1,9,4,0,0,0,1,2,26,999,1,4
"2025000005333",2,9,4,0,0,0,2,2,49,1242,1,13
"2025000005334",2,19,4,2,0,0,4,1,55,10677,2,1
"2025000005334",1,9,19,2,0,0,3,1,40,1496,1,4
"2025000005335",1,-1,19,0,0,0,1,1,30,-1,-1,-1
"2025000005336",1,9,19,1,0,0,1,2,31,1798,8,5
"2025000005337",1,9,19,8,1,10,1,2,47,2200,2,29
"2025000005338",2,9,7,1,0,0,2,1,30,2967,2,5
"2025000005338",1,9,-1,1,0,0,1,2,23,1896,2,20
"2025000005339",2,9,99,9,9,99,9,3,-1,-1,-1,-1
"2025000005339",1,1,99,9,9,99,1,1,51,-1,-1,-1
"2025000005340",1,9,19,0,0,0,1,1,37,2993,2,7
"2025000005341",2,9,19,0,0,0,0,1,42,1498,1,2
"2025000005341",1,1,19,0,2,0,1,1,44,-1,-1,-1
"2025000005342",1,19,-1,0,-1,-1,-1,3,-1,-1,-1,-1
"2025000005342",2,9,7,0,0,0,3,1,53,1395,1,10
"2025000005343",1,9,9,2,1,0,4,1,27,1995,2,15
"2025000005343",2,9,9,5,0,0,0,1,34,1598,2,3
"2025000005344",1,9,19,1,0,0,1,2,32,1995,2,7
"2025000005345",2,9,2,0,0,0,2,2,50,1200,1,4
"2025000005345",1,19,19,0,0,4,1,1,38,1995,2,1
"2025000005346",1,9,19,5,0,0,1,2,50,999,1,3
"2025000005347",1,9,19,1,0,0,1,2,46,2967,2,7
"2025000005348",1,3,14,1,5,0,3,1,53,124,1,9
"2025000005348",2,9,9,2,0,0,3,2,28,1398,1,9
"2025000005349",1,9,9,2,0,0,3,1,47,1797,8,6
"2025000005349",2,1,13,2,5,0,1,1,41,-1,-1,-1
"2025000005350",1,17,19,0,1,0,0,1,18,6788,2,5
"2025000005350",2,19,19,0,0,0,3,1,60,2464,2,15
"2025000005351",1,11,4,1,0,0,1,1,58,6370,2,8
"2025000005352",1,11,19,0,0,0,1,1,59,12902,2,5
"2025000005352",4,9,19,0,0,0,2,2,44,1349,1,6
"2025000005352",5,9,19,0,0,0,2,2,54,1560,2,10
"2025000005352",3,9,19,0,0,0,2,2,25,1318,1,1
"2025000005352",2,9,19,0,0,0,2,2,50,1598,1,19
"2025000005352",6,9,19,0,0,0,2,2,46,1197,1,7
"2025000005353",2,9,19,1,0,0,1,3,-1,1995,2,16
"2025000005353",1,9,3,1,0,0,3,1,38,1461,2,10
"2025000005354",2,9,19,0,0,0,3,2,71,1998,1,18
"2025000005354",1,19,11,0,0,0,4,1,42,-1,-1,-1
"2025000005355",1,11,3,8,0,0,0,1,28,4500,2,12
"2025000005356",1,8,19,0,0,0,1,2,60,2148,2,13
"2025000005357",1,11,5,0,0,0,0,3,33,-1,-1,-1
"2025000005358",2,19,3,0,0,0,2,2,47,2987,2,13
"2025000005358",1,9,4,0,0,0,1,2,24,1198,1,10
"2025000005359",1,9,19,0,0,0,4,2,75,1248,2,11
"2025000005359",2,9,2,0,0,0,2,1,52,2494,2,11
"2025000005360",2,9,19,8,0,0,3,1,46,1598,2,7
"2025000005360",1,9,19,8,0,0,1,1,27,1299,1,17
"2025000005361",1,19,4,0,0,0,2,1,37,-1,-1,-1
"2025000005361",2,3,4,0,0,0,1,1,19,-1,-1,-1
"2025000005362",2,9,19,8,0,0,1,2,31,1390,1,14
"2025000005362",1,9,19,4,0,0,3,1,67,1587,1,19
"2025000005363",1,9,19,1,0,0,1,1,68,1490,1,0
"2025000005363",2,1,19,1,0,0,1,2,13,-1,-1,-1
"2025000005364",1,5,19,0,0,0,1,1,28,649,1,21
"2025000005365",2,9,99,9,9,99,9,3,-1,-1,-1,-1
"2025000005365",1,9,99,9,9,99,9,3,42,1598,1,8
"2025000005366",1,9,19,4,5,10,1,2,61,1248,1,8
"2025000005367",1,9,19,0,2,0,4,1,52,1868,2,18
"2025000005368",1,3,99,9,9,99,2,1,26,125,1,3
"2025000005368",2,9,99,9,9,99,9,3,-1,1998,1,5
"2025000005369",1,11,19,0,0,0,1,1,51,4500,2,4
"2025000005370",1,9,9,0,5,0,1,1,40,898,1,5
"2025000005371",2,9,19,8,0,0,1,2,34,-1,-1,-1
"2025000005371",1,9,5,6,0,0,3,2,24,999,1,6
"2025000005372",3,19,19,0,0,0,1,1,44,2143,2,3
"2025000005372",1,21,19,0,3,0,1,1,37,10677,2,7
"2025000005372",2,19,19,0,2,0,2,1,50,1995,2,3
"2025000005373",1,19,19,3,0,0,4,1,25,1995,2,2
"2025000005373",2,3,19,3,0,0,3,1,42,-1,3,0
"2025000005374",1,9,7,1,0,0,1,1,-1,2148,2,14
"2025000005375",1,9,9,8,0,0,4,3,-1,1200,1,11
"2025000005375",2,9,19,8,0,0,4,1,18,998,1,10
"2025000005376",2,9,3,0,0,0,2,1,52,1950,2,5
"2025000005376",1,9,19,0,0,0,1,1,19,1398,1,3
"2025000005377",1,3,19,8,0,0,1,1,17,125,1,1
"2025000005377",2,8,6,8,0,0,3,1,-1,-1,-1,-1
"2025000005378",2,1,19,0,0,0,3,1,10,-1,-1,-1
"2025000005378",1,9,19,0,0,0,4,3,-1,-1,-1,-1
"2025000005379",2,9,19,1,0,0,1,1,84,1598,1,11
"2025000005379",1,9,19,1,0,0,1,2,64,1373,1,6
"2025000005380",1,19,19,1,0,0,2,1,-1,2143,2,6
"2025000005381",2,5,19,0,0,0,4,1,41,883,1,21
"2025000005381",1,19,11,0,0,0,4,3,-1,2402,2,14
"2025000005382",1,9,19,8,0,0,4,1,41,2987,2,12
"2025000005382",2,1,19,8,0,0,1,1,28,-1,-1,-1
"2025000005383",1,1,5,2,0,0,1,1,10,-1,-1,-1
"2025000005383",2,9,9,6,0,0,1,1,-1,1242,1,19
"2025000005384",1,9,3,2,0,0,2,2,58,2191,2,8
"2025000005384",2,9,19,2,0,0,1,3,-1,2000,2,13
"2025000005385",1,9,19,0,0,0,1,1,58,1490,1,13
"2025000005386",1,1,3,1,0,0,9,1,17,-1,-1,-1
"2025000005386",2,9,19,1,0,0,9,1,100,-1,-1,-1
"2025000005387",1,9,7,6,0,0,1,3,-1,-1,-1,-1
"2025000005388",2,1,19,3,0,0,3,1,23,-1,-1,-1
"2025000005388",1,19,19,4,0,0,1,3,-1,-1,-1,-1
"2025000005389",2,19,19,0,0,0,3,1,25,2198,2,6
"2025000005389",3,9,19,0,0,0,1,1,46,1199,1,1
"2025000005389",1,9,19,0,1,0,1,1,17,1560,2,9
"2025000005390",1,9,19,0,5,0,1,1,31,1956,2,9
"2025000005391",2,22,19,0,0,0,0,1,64,-1,-1,-1
"2025000005391",1,9,19,0,0,0,1,1,-1,-1,-1,-1
"2025000005392",1,9,19,7,0,10,1,2,20,1461,2,2
"2025000005393",2,9,9,1,0,0,4,1,23,1797,8,13
"2025000005393",1,9,19,1,0,0,4,1,39,1997,2,9
"2025000005394",1,9,7,5,0,0,3,1,53,2143,2,12
"2025000005394",2,1,19,8,0,0,1,1,22,-1,-1,-1
"2025000005395",2,5,19,0,1,0,3,1,75,535,1,18
"2025000005395",1,19,6,0,0,0,0,2,-1,1995,2,9
"2025000005396",4,10,99,1,0,0,1,3,-1,-1,-1,-1
"2025000005396",3,9,99,1,0,0,2,3,-1,-1,-1,-1
"2025000005396",1,9,99,1,0,0,2,2,24,1248,1,13
"2025000005396",2,9,99,1,0,0,2,3,44,1591,1,4
"2025000005397",2,3,14,0,0,8,4,2,26,125,1,1
"2025000005397",1,9,4,0,0,0,3,2,57,1498,1,14
"2025000005398",1,20,9,7,5,0,2,1,60,2998,2,2
"2025000005398",2,19,19,1,0,0,1,1,19,1968,2,0
"2025000005399",1,9,19,0,0,0,4,2,38,1968,2,7
"2025000005400",2,1,-1,-1,-1,-1,-1,1,29,-1,-1,-1
"2025000005400",1,9,-1,-1,-1,-1,-1,3,-1,-1,-1,-1
"2025000005401",1,9,5,1,0,0,1,1,45,-1,-1,-1
"2025000005401",2,9,19,8,0,0,3,2,77,1598,1,6
"2025000005402",1,9,19,2,0,0,4,1,78,1988,1,0
"2025000005403",1,1,99,9,9,99,1,2,40,-1,-1,-1
"2025000005403",2,10,99,9,9,99,9,1,-1,-1,-1,-1
"2025000005404",1,9,6,0,0,0,2,1,94,1797,8,11
"2025000005405",2,9,9,1,0,0,1,1,64,999,1,7
"2025000005405",1,9,19,1,0,0,1,2,17,999,1,5
"2025000005406",1,9,99,9,0,99,9,3,54,1998,1,4
"2025000005406",2,9,99,9,0,99,9,3,-1,2268,2,9
"2025000005407",2,19,19,1,0,0,1,1,20,2198,2,10
"2025000005407",1,9,13,1,0,0,1,1,25,1598,2,6
"2025000005408",3,9,19,0,0,0,0,2,24,1798,8,1
"2025000005408",2,9,2,0,0,0,2,-1,-1,1968,2,10
"2025000005408",1,9,19,0,0,4,1,1,35,3222,2,20
"2025000005409",3,8,12,0,0,0,2,1,55,1598,2,6
"2025000005409",1,19,19,0,0,0,1,1,29,2299,2,2
"2025000005409",2,9,19,0,0,0,1,2,34,1229,1,8
"2025000005409",4,21,2,0,0,0,0,1,39,12809,2,4
"2025000005410",1,9,19,1,0,0,1,2,44,1360,1,20
"2025000005411",1,9,19,1,0,0,3,1,23,1997,2,15
"2025000005411",2,1,19,8,2,0,4,1,48,-1,-1,-1
"2025000005412",1,8,99,9,9,99,2,1,54,1798,8,5
"2025000005413",2,1,19,8,0,0,3,1,37,-1,-1,-1
"2025000005413",1,1,7,8,0,0,4,1,-1,-1,-1,-1
"2025000005414",1,1,99,9,9,99,9,3,-1,-1,-1,-1
"2025000005415",1,9,19,1,0,0,1,2,50,1197,1,5
"2025000005415",2,1,19,1,0,0,1,1,68,-1,-1,-1
"2025000005416",2,9,4,0,0,0,2,1,61,1560,2,9
"2025000005416",1,9,19,0,0,0,1,1,33,2000,2,12
"2025000005416",3,9,4,0,0,0,2,1,49,-1,-1,-1
"2025000005417",1,9,10,0,0,0,1,1,-1,1997,2,10
"2025000005417",2,9,19,0,0,0,4,2,23,2204,2,17
"2025000005418",1,9,19,0,5,0,4,1,82,1968,2,9
"2025000005419",1,9,7,2,0,0,3,2,20,1229,1,11
"2025000005420",1,9,19,9,0,0,1,3,-1,1896,2,16
"2025000005420",2,9,19,8,9,0,2,1,32,1332,1,16
"2025000005421",2,9,19,1,0,0,1,2,61,1798,8,4
"2025000005421",3,9,19,1,0,0,1,1,52,1339,1,13
"2025000005421",1,9,9,1,0,0,1,2,79,1318,1,1
"2025000005422",1,9,3,0,0,0,2,2,45,2143,2,5
"2025000005422",2,9,19,0,0,0,1,3,-1,-1,-1,-1
"2025000005422",3,9,19,0,0,0,0,3,-1,-1,-1,-1
"2025000005423",1,9,13,1,0,0,4,1,22,1596,1,8
"2025000005423",2,9,19,1,0,0,3,1,30,1199,1,3
"2025000005424",2,1,19,1,0,0,1,2,62,-1,-1,-1
"2025000005424",1,9,9,1,0,0,1,2,25,1329,1,12
"2025000005425",1,11,4,0,0,0,1,1,63,6700,2,13
"2025000005426",1,9,12,7,0,0,1,1,31,1968,2,10
"2025000005426",3,9,4,8,0,0,2,1,20,1395,1,4
"2025000005426",2,9,4,8,0,0,2,2,40,1995,2,3
"2025000005427",1,9,19,4,1,0,1,1,43,-1,-1,-1
"2025000005428",2,9,19,0,0,0,0,1,45,-1,-1,-1
"2025000005428",1,9,19,0,0,0,3,1,18,-1,-1,-1
"2025000005429",1,9,99,0,9,99,2,1,37,1796,1,14
"2025000005429",2,9,99,0,9,99,1,3,-1,1995,1,10
"2025000005430",1,9,9,0,0,0,1,1,62,1388,1,15
"2025000005431",2,9,19,1,0,0,2,1,62,1498,1,2
"2025000005431",1,11,4,1,0,0,1,1,69,5132,2,6
"2025000005432",2,21,19,0,0,0,2,1,54,12900,5,1
"2025000005432",1,9,19,0,1,0,1,2,25,998,1,4
"2025000005433",2,9,9,1,0,0,2,2,47,999,1,2
"2025000005433",1,9,19,1,0,0,1,1,24,-1,-1,-1
"2025000005434",1,9,19,1,0,0,3,2,21,999,1,3
"2025000005435",1,9,19,0,1,0,2,1,20,1997,1,20
"2025000005436",1,9,19,1,0,0,1,2,51,998,1,3
"2025000005437",1,5,11,8,0,0,0,1,65,1340,1,24
"2025000005438",2,3,19,1,0,0,4,1,40,125,1,0
"2025000005438",1,9,9,5,0,0,3,1,63,1242,1,9
"2025000005439",1,9,19,0,0,0,3,2,33,1598,1,10
"2025000005440",1,3,19,8,9,99,1,1,28,125,1,4
"2025000005440",2,9,9,8,0,99,1,1,-1,1332,1,1
"2025000005441",1,3,99,9,9,99,2,1,25,124,1,1
"2025000005441",2,9,99,9,9,99,1,3,55,1390,1,17
"2025000005442",2,9,5,6,0,0,4,1,65,1560,2,12
"2025000005442",1,97,19,1,0,0,1,1,23,-1,-1,-1
"2025000005443",1,19,19,1,0,0,1,1,35,1870,2,16
"2025000005443",2,1,19,1,0,0,3,1,25,-1,-1,-1
"2025000005444",2,9,9,5,0,0,3,2,29,998,1,5
"2025000005444",1,19,19,1,0,0,3,1,-1,2151,2,17
"2025000005445",1,9,19,0,0,0,1,1,66,1598,2,9
"2025000005446",2,5,5,1,0,0,4,1,75,649,1,4
"2025000005446",1,9,3,1,0,0,1,1,60,1560,2,8
"2025000005447",1,9,7,5,0,0,4,1,26,1969,8,3
"2025000005447",2,1,19,8,0,0,3,1,22,-1,-1,-1
"2025000005448",1,3,19,0,0,10,4,1,28,125,1,6
"2025000005449",1,9,-1,0,-1,-1,3,1,-1,1560,2,13
"2025000005449",2,19,-1,0,-1,-1,4,1,42,1598,2,7
"2025000005450",2,9,99,9,9,99,1,3,-1,1798,8,9
"2025000005450",1,3,99,9,9,99,1,1,-1,125,1,5
"2025000005451",1,3,19,0,0,0,1,1,28,124,1,1
"2025000005451",2,9,19,0,0,0,2,3,-1,-1,-1,-1
"2025000005452",2,9,19,0,0,0,3,2,37,2000,2,3
"2025000005452",1,9,19,0,0,0,-1,1,62,1796,1,12
"2025000005453",2,1,19,0,0,0,1,1,33,-1,-1,-1
"2025000005453",1,9,2,0,0,0,3,3,-1,1598,1,11
"2025000005454",2,1,19,0,0,0,1,1,30,-1,-1,-1
"2025000005454",1,9,5,0,0,0,1,2,65,1560,2,9
"2025000005455",2,9,99,9,9,99,1,3,-1,-1,-1,-1
"2025000005455",1,1,99,9,9,99,1,1,36,-1,-1,-1
"2025000005456",2,19,99,9,9,99,1,3,-1,1968,2,8
"2025000005456",1,9,99,9,9,99,2,1,53,2268,2,7
"2025000005457",2,3,19,8,0,0,4,1,22,108,1,3
"2025000005457",1,9,9,8,0,0,3,1,23,905,1,8
"2025000005458",1,1,99,9,9,99,9,1,42,-1,-1,-1
"2025000005458",2,8,99,9,9,99,1,1,58,1477,8,2