"collision_index","vehicle_reference","vehicle_type","vehicle_manoeuvre","junction_location","skidding_and_overturning","hit_object_in_carriageway","first_point_of_impact","sex_of_driver","age_of_driver","engine_capacity_cc","propulsion_code","age_of_vehicle"
"2025000005694",1,9,19,4,0,0,1,2,81,2935,1,26
"2025000005694",2,9,9,3,0,0,4,2,35,998,1,5
"2025000005695",1,9,19,8,2,10,1,2,18,1199,1,0
"2025000005696",1,9,5,8,0,0,3,1,41,1999,1,4
"2025000005696",2,3,14,8,0,0,4,1,58,125,1,39
"2025000005697",1,9,19,0,0,0,3,1,19,1199,2,11
"2025000005697",2,9,19,0,0,0,3,1,50,1968,2,10
"2025000005698",1,9,19,0,5,0,1,2,71,998,1,4
"2025000005699",2,9,99,8,0,0,1,3,-1,1299,1,14
"2025000005699",1,9,99,8,0,0,2,1,45,1800,1,14
"2025000005700",1,9,19,0,0,0,1,2,26,1398,1,6
"2025000005701",3,19,19,2,0,0,1,1,19,-1,3,2
"2025000005701",1,21,19,2,0,0,1,1,28,7698,2,10
"2025000005701",2,9,19,1,0,0,1,2,26,1199,1,4
"2025000005702",1,9,9,8,0,0,4,1,62,1794,1,14
"2025000005702",2,1,15,1,5,0,1,1,37,-1,-1,-1
"2025000005703",2,9,3,1,0,0,2,2,60,1998,1,4
"2025000005703",1,9,19,1,0,0,1,1,51,1198,1,8
"2025000005704",4,9,19,0,0,0,2,1,75,1598,1,13
"2025000005704",3,9,19,0,0,0,2,1,62,2497,1,14
"2025000005704",2,9,19,0,0,0,2,2,23,-1,-1,-1
"2025000005704",1,19,4,0,0,0,1,1,33,2143,2,8
"2025000005705",2,5,19,0,0,0,1,1,52,1441,1,5
"2025000005705",1,21,12,0,0,0,2,1,55,4500,2,7
"2025000005706",1,9,1,0,0,0,4,2,23,1596,1,17
"2025000005706",2,5,19,0,5,0,1,1,47,1170,1,4
"2025000005707",1,9,2,0,0,0,1,2,30,1560,2,12
"2025000005707",2,9,2,0,0,0,4,1,67,-1,-1,-1
"2025000005708",1,9,19,0,0,0,1,2,47,1781,1,23
"2025000005708",2,9,4,0,0,0,2,1,36,1580,8,5
"2025000005709",2,9,19,8,0,0,1,1,56,1685,2,6
"2025000005709",1,9,9,8,0,0,4,1,32,1991,8,4
"2025000005710",1,-1,19,0,0,0,2,3,-1,-1,-1,-1
"2025000005711",2,9,19,0,0,0,3,2,58,1598,2,9
"2025000005711",1,21,11,0,0,0,4,1,46,-1,-1,-1
"2025000005712",1,5,19,1,2,0,1,1,19,748,1,26
"2025000005712",2,19,9,8,0,0,4,1,61,2299,2,3
"2025000005713",1,9,9,1,0,0,1,2,41,1968,2,3
"2025000005713",2,9,19,1,0,0,1,1,27,2995,1,16
"2025000005713",3,9,10,1,0,0,1,2,-1,1390,1,13
"2025000005714",2,9,19,1,0,0,3,3,-1,-1,-1,-1
"2025000005714",1,9,7,1,2,0,4,2,48,1497,8,5
"2025000005715",1,19,19,8,0,0,1,3,-1,1560,2,5
"2025000005715",2,9,9,8,0,0,4,2,41,1390,1,7
"2025000005716",1,11,-1,0,0,0,-1,1,18,9400,2,19
"2025000005717",2,2,19,8,0,0,4,1,28,124,1,0
"2025000005717",1,9,9,6,0,0,1,1,23,1950,2,3
"2025000005718",3,1,19,6,0,0,1,2,39,-1,-1,-1
"2025000005718",1,9,9,2,0,0,1,2,54,1598,1,13
"2025000005718",2,1,19,6,0,0,1,1,8,-1,-1,-1
"2025000005719",1,9,11,0,1,0,2,2,60,1498,1,4
"2025000005719",2,21,19,0,0,0,1,1,28,-1,-1,-1
"2025000005720",2,9,5,6,0,0,1,3,-1,-1,-1,-1
"2025000005720",1,9,19,8,0,0,4,1,62,1796,1,19
"2025000005721",2,19,19,0,0,0,1,1,55,6692,2,14
"2025000005721",1,9,19,0,0,0,1,1,65,1950,2,0
"2025000005722",1,4,6,0,0,0,3,3,-1,125,1,6
"2025000005722",2,1,19,0,0,0,1,1,40,-1,-1,-1
"2025000005723",2,9,2,0,1,0,2,2,57,1560,2,16
"2025000005723",1,9,19,0,2,0,1,1,82,1318,1,6
"2025000005724",1,9,19,0,0,4,1,1,57,-1,-1,-1
"2025000005724",2,20,2,0,0,0,2,2,30,4461,2,10
"2025000005725",1,9,99,9,9,99,9,3,20,1242,1,11
"2025000005725",2,9,99,9,9,99,1,3,-1,1461,2,7
"2025000005726",1,9,19,0,0,0,1,2,53,998,1,9
"2025000005727",2,9,19,0,0,0,0,1,40,1998,1,3
"2025000005727",1,9,19,0,0,0,1,1,24,1149,1,23
"2025000005728",1,9,4,2,0,0,1,2,22,1968,2,5
"2025000005728",2,19,4,2,0,0,2,1,54,2143,2,5
"2025000005729",2,21,12,8,0,0,1,1,-1,12419,2,1
"2025000005729",1,9,19,1,0,0,4,1,23,1229,1,14
"2025000005730",2,9,19,0,0,0,0,1,-1,2993,12,2
"2025000005730",1,9,19,0,0,10,1,1,34,1598,2,10
"2025000005731",4,9,4,0,0,0,2,1,46,1910,2,15
"2025000005731",2,9,4,0,0,0,1,1,30,1598,2,2
"2025000005731",1,19,19,0,0,0,1,1,69,1598,2,9
"2025000005731",3,9,4,0,0,0,2,1,-1,1840,1,27
"2025000005732",1,3,99,9,9,99,1,1,31,125,1,2
"2025000005732",2,3,99,9,9,99,9,3,-1,125,1,4
"2025000005733",1,9,4,0,0,0,4,1,23,1968,2,2
"2025000005734",2,9,19,1,0,0,3,2,37,-1,-1,-1
"2025000005734",4,9,19,1,0,0,1,1,22,2151,2,2
"2025000005734",1,9,19,2,0,0,1,2,85,1197,1,10
"2025000005734",3,9,19,1,0,0,1,1,44,1968,2,7
"2025000005735",2,9,2,0,0,0,3,2,44,2488,8,0
"2025000005735",1,8,19,0,0,0,4,2,38,1797,8,14
"2025000005736",2,9,4,1,0,0,2,2,35,998,1,7
"2025000005736",1,3,19,1,0,0,1,1,18,124,1,13
"2025000005737",1,4,19,8,0,7,0,1,21,487,1,17
"2025000005738",1,11,19,0,0,0,3,1,16,4250,2,8
"2025000005738",3,19,19,0,0,0,1,1,30,-1,-1,-1
"2025000005738",2,19,19,0,0,0,3,1,23,-1,-1,-1
"2025000005739",2,19,99,9,9,99,9,3,-1,-1,-1,-1
"2025000005739",1,9,99,8,9,99,9,3,66,1984,1,12
"2025000005740",1,19,19,4,0,0,3,1,38,1560,2,7
"2025000005740",2,1,19,8,0,0,1,2,31,-1,-1,-1
"2025000005741",2,9,7,2,0,0,1,1,40,1796,1,17
"2025000005741",1,9,19,1,0,0,3,1,24,1798,8,3
"2025000005742",1,9,7,5,0,0,1,1,54,1240,1,18
"2025000005742",2,11,19,1,0,0,1,1,57,4500,2,2
"2025000005743",2,9,99,9,9,99,1,3,-1,-1,-1,-1
"2025000005743",1,9,99,9,9,99,2,2,33,1248,1,13
"2025000005744",1,1,19,1,2,0,1,1,17,-1,-1,-1
"2025000005744",2,9,13,1,0,0,4,1,40,1499,2,6
"2025000005745",3,9,3,0,0,0,1,1,32,1498,8,2
"2025000005745",1,9,19,0,0,4,1,2,82,1999,1,16
"2025000005745",2,19,2,0,0,0,3,3,-1,1560,2,11
"2025000005746",2,9,2,0,0,0,1,1,73,2996,1,10
"2025000005746",1,9,19,0,0,10,1,1,58,2494,8,3
"2025000005747",1,9,19,0,1,0,1,2,22,1598,1,18
"2025000005748",1,9,19,0,0,0,1,1,68,1497,8,5
"2025000005748",2,9,3,0,0,0,0,1,28,999,1,4
"2025000005749",3,9,2,8,0,0,3,1,26,999,1,4
"2025000005749",1,3,19,8,1,4,3,1,39,125,1,2
"2025000005749",2,90,1,6,0,0,0,1,32,-1,-1,-1
"2025000005750",1,19,19,0,0,0,4,1,59,2300,2,15
"2025000005751",2,9,19,0,0,0,3,3,-1,-1,-1,-1
"2025000005751",1,9,19,0,0,0,3,2,32,1956,2,8
"2025000005752",1,9,19,2,0,0,4,1,30,1997,1,18
"2025000005753",1,9,19,3,0,0,3,2,34,1800,8,7
"2025000005754",1,9,19,8,0,0,1,2,34,1999,2,4
"2025000005754",2,9,9,8,0,0,1,1,41,999,1,1
"2025000005755",1,9,19,0,0,0,1,2,35,1461,2,10
"2025000005755",3,21,3,0,0,0,2,1,37,10837,2,4
"2025000005755",2,9,4,0,0,0,2,1,47,1870,2,8
"2025000005756",1,9,-1,0,0,0,1,1,45,1997,2,15
"2025000005756",2,3,-1,0,2,0,2,1,24,90,1,42
"2025000005757",2,9,19,4,0,0,1,1,-1,-1,-1,-1
"2025000005757",1,1,19,8,0,0,4,1,19,-1,-1,-1
"2025000005758",2,9,19,0,0,0,1,1,31,1598,1,8
"2025000005758",1,19,19,0,0,0,1,1,54,2148,2,13
"2025000005759",1,9,4,0,0,0,4,1,37,1968,2,12
"2025000005760",2,9,19,8,0,0,1,1,25,998,1,6
"2025000005760",3,9,3,6,0,0,3,2,63,1386,1,10
"2025000005760",1,9,5,5,0,0,3,2,32,1360,1,13
"2025000005761",1,9,19,2,5,7,1,1,81,998,1,4
"2025000005762",1,9,99,9,9,99,1,2,41,999,1,5
"2025000005762",2,9,99,9,9,99,9,3,-1,-1,-1,-1
"2025000005763",2,3,8,1,0,0,2,1,24,125,1,4
"2025000005763",1,9,19,1,0,0,1,1,64,2179,2,8
"2025000005764",2,9,13,0,2,0,4,1,78,-1,-1,-1
"2025000005764",1,9,13,0,1,0,3,1,44,-1,-1,-1
"2025000005765",2,9,13,1,0,0,1,1,41,1956,2,9
"2025000005765",1,9,9,1,0,0,2,1,33,1968,2,15
"2025000005766",1,9,19,1,0,0,1,1,34,1598,1,16
"2025000005767",2,9,9,6,0,0,4,2,49,1998,1,13
"2025000005767",1,1,19,1,5,0,3,1,39,-1,-1,-1
"2025000005768",2,9,9,5,0,0,1,2,62,875,1,5
"2025000005768",1,8,19,8,0,0,1,1,37,1968,2,7
"2025000005769",1,9,9,8,0,0,3,2,18,1242,1,14
"2025000005769",2,9,19,8,0,0,1,1,69,1242,1,12
"2025000005770",2,9,3,1,0,0,2,2,43,1998,1,1
"2025000005770",1,9,19,1,0,0,1,2,51,998,1,8
"2025000005771",1,10,9,0,0,0,3,1,67,2143,2,4
"2025000005771",2,9,19,0,0,0,1,2,18,1198,1,15
"2025000005772",2,9,19,3,0,0,4,2,56,1798,8,2
"2025000005772",3,9,19,1,0,0,3,1,37,-1,-1,-1
"2025000005772",1,9,5,4,0,0,1,1,33,1364,1,14
"2025000005773",1,8,99,9,9,99,1,1,54,1968,2,7
"2025000005773",2,9,99,9,9,99,1,1,26,1997,2,12
"2025000005774",1,9,13,0,0,10,4,1,-1,1598,1,10
"2025000005774",2,9,19,0,0,0,3,1,65,2688,2,18
"2025000005775",1,4,19,1,0,0,0,1,37,373,1,7
"2025000005775",2,9,9,5,0,0,4,1,25,1396,1,14
"2025000005776",1,9,19,0,0,0,1,1,32,1799,1,15
"2025000005776",2,2,19,0,0,0,1,1,14,-1,-1,-1
"2025000005777",1,9,4,1,0,0,2,1,61,1984,1,5
"2025000005777",2,3,19,1,0,0,1,1,19,-1,-1,-1
"2025000005778",1,5,-1,1,2,0,3,1,35,600,1,25
"2025000005779",1,9,19,0,0,0,4,1,66,1968,2,12
"2025000005780",2,9,4,1,0,0,2,2,42,1560,2,7
"2025000005780",1,9,19,1,0,0,1,1,26,999,1,5
"2025000005781",2,5,5,1,1,0,4,1,40,998,1,14
"2025000005781",1,9,12,1,0,0,3,2,28,1598,1,4
"2025000005782",1,9,19,0,1,0,1,1,45,1995,2,10
"2025000005783",1,9,19,1,5,0,1,2,38,1461,2,3
"2025000005783",2,9,5,1,0,0,1,1,39,-1,-1,-1
"2025000005783",3,9,2,1,0,0,3,3,-1,1390,1,13
"2025000005784",3,21,19,1,0,0,1,1,57,10837,2,1
"2025000005784",1,9,19,1,0,0,0,1,59,1560,2,13
"2025000005784",2,3,7,8,1,0,1,1,19,124,1,9
"2025000005785",2,19,3,1,0,0,2,2,35,1997,2,9
"2025000005785",1,21,4,1,0,0,1,1,54,12742,2,1
"2025000005786",1,11,19,2,0,0,1,1,58,6700,2,0
"2025000005787",1,9,19,0,1,0,1,1,20,1248,2,8
"2025000005788",1,9,19,0,0,0,1,1,74,2179,2,11
"2025000005788",2,9,4,0,0,0,2,1,51,2401,2,20
"2025000005789",1,9,19,8,0,0,3,1,55,-1,-1,-1
"2025000005790",1,9,19,8,0,0,2,2,43,998,8,0
"2025000005790",2,9,19,8,0,0,1,3,-1,-1,-1,-1
"2025000005791",1,5,19,0,2,0,0,1,54,998,1,1
"2025000005792",1,9,19,1,0,0,1,2,26,1318,1,7
"2025000005792",3,9,7,1,0,0,1,2,27,1598,2,6
"2025000005792",2,9,9,5,0,0,1,2,23,1229,1,12
"2025000005793",2,1,19,0,0,0,2,1,57,-1,-1,-1
"2025000005793",1,9,19,0,0,0,1,1,53,1968,2,15
"2025000005794",2,19,19,0,0,0,1,1,27,1995,2,4
"2025000005794",1,19,6,0,0,0,1,1,43,2402,2,13
"2025000005795",3,21,4,0,0,0,2,1,47,5880,2,12
"2025000005795",1,19,19,0,1,2,1,1,22,1500,2,1
"2025000005795",2,9,3,0,0,2,2,2,34,2179,2,6
"2025000005796",1,17,19,0,5,0,1,2,63,-1,2,25
"2025000005797",2,19,1,0,0,0,2,1,27,1995,2,4
"2025000005797",1,9,1,0,0,0,2,2,23,999,1,2
"2025000005798",1,9,19,0,0,0,1,3,-1,-1,-1,-1
"2025000005799",2,1,19,8,0,0,4,1,20,-1,-1,-1
"2025000005799",1,9,7,6,0,0,1,2,32,-1,-1,-1
"2025000005800",1,9,-1,-1,-1,-1,-1,3,-1,-1,-1,-1
"2025000005800",2,90,-1,-1,-1,-1,-1,3,-1,-1,-1,-1
"2025000005801",1,9,9,1,0,0,2,2,57,2204,2,17
"2025000005801",2,9,19,1,0,0,1,2,21,-1,-1,-1
"2025000005802",2,9,19,0,0,0,1,3,50,-1,-1,-1
"2025000005802",1,9,2,0,0,0,4,2,54,2143,2,7
"2025000005803",1,8,9,0,0,0,4,1,48,1198,1,6
"2025000005803",2,9,19,0,9,0,4,2,-1,1332,8,0
"2025000005804",1,9,19,1,0,0,1,1,29,-1,-1,-1
"2025000005805",2,1,13,0,0,0,4,1,49,-1,-1,-1
"2025000005805",1,9,9,0,0,0,3,1,57,1798,7,9
"2025000005806",1,9,9,1,0,0,3,3,-1,1596,1,17
"2025000005806",2,5,13,1,5,0,4,1,30,649,1,5
"2025000005807",1,9,19,0,1,0,4,1,34,1560,2,15
"2025000005808",1,3,99,9,9,99,1,1,36,124,1,12
"2025000005808",2,98,99,9,9,99,0,3,-1,-1,-1,-1
"2025000005809",1,9,9,8,0,0,4,1,36,1791,8,11
"2025000005809",2,9,19,8,0,0,1,2,44,1582,2,4
"2025000005810",2,5,19,0,5,0,1,1,33,745,1,9
"2025000005810",1,9,19,0,0,0,2,2,44,998,1,7
"2025000005811",1,1,19,1,0,0,1,1,-1,-1,-1,-1
"2025000005812",2,1,3,1,2,0,1,1,19,-1,-1,-1
"2025000005812",1,9,19,1,0,0,1,1,24,1332,1,0
"2025000005813",1,9,7,5,0,0,4,2,26,-1,-1,-1
"2025000005814",2,19,3,0,0,0,2,1,36,1560,2,7
"2025000005814",1,9,3,0,0,0,2,2,21,1390,1,8
"2025000005814",3,9,19,0,0,0,1,2,33,1591,1,3
"2025000005815",1,9,4,1,0,0,1,1,22,1997,2,12
"2025000005815",2,9,3,4,0,0,2,2,65,998,1,8
"2025000005816",1,9,4,8,0,0,1,1,60,1560,2,7
"2025000005817",1,9,19,6,0,0,1,2,44,1968,2,13
"2025000005817",2,19,9,2,0,0,1,1,32,1997,2,4
"2025000005818",1,9,19,1,1,0,1,2,21,1598,1,11
"2025000005819",1,9,9,8,0,0,1,1,34,2143,2,9
"2025000005819",2,9,19,8,0,0,1,2,41,998,1,3
"2025000005820",1,9,9,8,0,0,1,2,23,1197,1,7
"2025000005821",2,9,19,0,0,0,2,1,63,999,1,2
"2025000005821",1,9,19,0,0,0,1,3,-1,1368,1,11
"2025000005822",1,9,19,1,0,0,4,3,-1,-1,-1,-1
"2025000005823",1,9,19,0,1,0,1,1,25,1560,2,9
"2025000005824",1,3,99,9,9,99,1,1,19,125,1,3
"2025000005824",2,9,99,9,9,99,9,3,-1,-1,-1,-1
"2025000005825",2,3,3,1,0,0,2,1,30,108,1,8
"2025000005825",1,9,1,1,0,0,2,1,48,2261,1,11
"2025000005826",1,5,19,0,0,10,1,1,52,618,1,21
"2025000005827",1,1,19,6,0,0,0,2,42,-1,-1,-1
"2025000005827",2,9,2,1,0,0,0,2,68,2996,1,4
"2025000005828",1,19,4,3,0,0,1,1,-1,1753,2,11
"2025000005828",2,9,4,3,0,0,2,2,25,1499,2,4
"2025000005829",1,9,19,3,0,0,1,1,37,1390,1,21
"2025000005829",2,9,6,4,0,0,3,1,51,999,1,1
"2025000005830",2,3,3,0,0,0,2,1,20,125,1,1
"2025000005830",1,9,19,0,0,0,1,2,54,1368,1,13
"2025000005831",1,9,19,1,1,0,1,1,51,1349,1,14
"2025000005832",1,19,7,1,0,0,4,1,32,-1,3,0
"2025000005833",1,9,9,2,0,0,3,1,28,1596,1,15
"2025000005833",2,9,19,1,0,0,4,2,68,1318,1,2
"2025000005833",3,9,19,1,0,0,1,1,73,998,1,11
"2025000005834",2,9,-1,0,-1,-1,1,2,23,1360,1,13
"2025000005834",1,1,-1,0,-1,-1,-1,3,-1,-1,-1,-1
"2025000005835",1,9,19,1,0,0,4,1,74,1798,8,5
"2025000005836",2,1,19,0,0,0,3,2,32,-1,-1,-1
"2025000005836",1,98,19,0,0,0,1,1,-1,-1,-1,-1
"2025000005837",1,9,19,0,0,0,1,1,36,1968,2,11
"2025000005838",1,9,19,0,0,0,1,1,30,1598,1,3
"2025000005839",1,9,19,1,0,0,1,1,44,1560,2,9
"2025000005839",2,9,10,5,0,0,2,1,53,1984,1,5
"2025000005840",1,9,9,1,0,7,1,2,58,998,1,9
"2025000005841",2,9,19,1,0,0,1,2,43,1461,2,20
"2025000005841",1,1,9,8,0,0,3,1,30,-1,-1,-1
"2025000005842",1,11,4,0,0,0,0,1,64,9360,2,6
"2025000005843",2,9,4,4,0,0,2,2,19,999,1,5
"2025000005843",1,9,-1,4,0,0,1,2,39,1584,1,15
"2025000005844",3,5,19,0,0,0,0,1,61,998,1,6
"2025000005844",2,17,19,0,0,0,0,1,45,-1,2,14
"2025000005844",1,5,19,0,0,0,0,1,59,998,1,14
"2025000005845",1,9,2,0,0,0,2,1,49,-1,-1,-1
"2025000005845",2,9,19,0,0,0,1,1,52,-1,-1,-1
"2025000005846",1,19,19,2,1,0,1,1,31,2396,2,20
"2025000005847",1,9,13,0,2,0,1,2,26,1198,1,9
"2025000005848",2,9,19,0,0,0,3,1,72,1591,1,2
"2025000005848",1,9,19,0,5,0,1,1,24,1198,1,10
"2025000005849",3,9,3,1,0,0,3,2,33,1900,2,18
"2025000005849",2,8,19,1,0,0,4,1,30,1798,8,7
"2025000005849",1,9,19,1,0,0,1,2,41,1339,1,20
"2025000005850",1,-1,19,0,0,0,1,1,11,-1,-1,-1
"2025000005850",2,17,19,0,0,0,1,1,56,-1,-1,-1
"2025000005851",1,9,19,0,1,0,2,1,34,647,8,8
"2025000005852",1,9,9,6,0,0,1,1,54,1499,2,2
"2025000005853",1,9,19,0,0,0,4,1,53,999,1,5
"2025000005854",1,9,19,0,0,0,1,2,44,1798,1,14
"2025000005854",2,9,19,0,0,0,1,3,40,-1,-1,-1
"2025000005855",3,19,19,0,0,0,3,1,41,2143,2,2
"2025000005855",1,9,7,0,0,0,3,1,67,1388,1,16
"2025000005855",2,9,19,0,5,0,4,1,31,1598,1,15
"2025000005856",2,9,19,0,0,0,4,3,-1,-1,-1,-1
"2025000005856",1,1,19,0,0,0,3,1,19,-1,-1,-1
"2025000005857",1,9,7,0,0,0,1,2,-1,1395,1,6
"2025000005858",1,1,19,8,0,0,1,1,15,-1,-1,-1
"2025000005858",2,9,19,1,0,0,3,2,27,998,1,9
"2025000005859",2,23,19,1,0,0,1,1,60,-1,-1,-1
"2025000005859",1,9,9,1,0,0,1,2,72,1368,1,4
"2025000005860",2,9,19,0,0,0,4,2,63,1560,2,9
"2025000005860",1,11,14,0,0,0,1,1,32,4250,2,8
"2025000005861",1,9,19,1,0,0,3,1,31,1490,8,1
"2025000005861",2,9,19,1,0,0,1,2,47,-1,3,4
"2025000005862",2,11,19,0,0,0,1,2,37,6700,2,3
"2025000005862",1,11,19,0,0,0,1,1,49,7300,2,14
"2025000005863",1,9,7,4,0,0,3,1,30,1598,1,18
"2025000005864",2,11,3,2,0,0,3,1,50,5132,2,3
"2025000005864",1,19,19,8,0,0,1,1,32,1968,2,7
"2025000005865",2,19,19,0,0,0,2,1,34,2000,2,2
"2025000005865",1,9,19,0,0,0,1,1,31,1590,1,6
"2025000005866",1,9,19,1,0,0,1,1,49,1580,8,4
"2025000005866",2,9,3,1,0,0,1,2,26,1395,8,3
"2025000005867",1,9,10,1,0,0,4,2,49,1598,1,14
"2025000005867",2,5,19,2,0,0,1,1,22,600,1,11
"2025000005868",1,19,19,0,0,0,1,1,28,1560,2,7
"2025000005868",2,9,19,0,0,0,1,1,67,1968,2,2
"2025000005869",1,19,1,0,0,0,2,1,44,1560,2,4
"2025000005869",2,1,19,0,0,0,1,1,54,-1,-1,-1
"2025000005870",2,9,19,0,0,0,1,1,75,-1,3,1
"2025000005870",1,9,19,0,1,0,3,1,18,1229,1,15
"2025000005871",2,11,99,0,9,99,9,3,-1,-1,-1,-1
"2025000005871",1,11,99,0,9,99,9,1,39,9360,2,7
"2025000005872",1,11,2,0,0,0,0,1,64,7300,2,19
"2025000005873",1,90,19,0,0,0,4,1,40,-1,-1,-1
"2025000005874",1,9,19,0,0,0,1,2,19,1598,1,12
"2025000005875",1,9,19,0,1,0,1,1,42,2000,1,19
"2025000005876",1,9,2,0,0,0,0,1,34,-1,3,1
"2025000005876",2,9,19,0,0,0,3,2,34,-1,-1,-1
"2025000005877",1,9,19,0,0,0,1,2,39,1950,2,0
"2025000005878",1,9,13,0,0,0,1,1,28,2926,2,19
"2025000005878",2,9,19,0,0,0,1,1,43,-1,-1,-1
"2025000005879",2,9,99,4,9,99,9,3,-1,1596,1,18
"2025000005879",1,9,99,4,9,99,2,1,32,-1,-1,-1
"2025000005880",1,9,19,3,0,0,1,1,24,1560,2,9
"2025000005880",2,9,19,1,0,0,1,2,20,1229,1,10
"2025000005881",2,19,13,8,0,0,1,1,51,1968,2,2
"2025000005881",1,9,9,8,0,0,3,1,64,2967,2,12
"2025000005882",2,9,-1,-1,-1,-1,-1,1,52,999,1,2
"2025000005882",1,9,-1,-1,-1,-1,-1,3,30,1685,2,12
"2025000005882",3,9,-1,-1,-1,-1,-1,2,40,998,1,18
"2025000005883",1,9,99,9,9,99,1,1,22,1596,1,12
"2025000005883",2,-1,99,9,9,0,9,1,-1,-1,-1,-1
"2025000005884",1,9,99,9,9,99,9,1,40,2993,2,9
"2025000005885",1,9,19,0,5,0,1,2,27,999,1,1
"2025000005886",2,9,99,9,9,99,2,3,-1,1390,1,15
"2025000005886",1,3,99,9,9,99,9,2,31,125,1,10
"2025000005887",1,9,10,4,-1,-1,-1,2,-1,-1,-1,-1
"2025000005888",2,1,19,4,0,0,1,1,48,-1,-1,-1
"2025000005888",1,9,19,4,0,0,1,1,57,1364,1,15
"2025000005889",1,11,7,8,0,0,4,1,68,10837,2,3
"2025000005890",1,9,19,1,0,0,1,1,27,1598,2,10
"2025000005891",1,22,19,1,0,10,3,1,88,-1,-1,-1
"2025000005892",1,9,11,8,0,0,3,1,58,1998,1,16
"2025000005892",2,1,19,8,0,0,1,1,35,-1,-1,-1
"2025000005893",2,9,19,1,0,0,2,2,53,998,1,7
"2025000005893",3,9,19,1,0,0,1,2,25,1229,1,13
"2025000005893",1,9,19,1,0,0,1,1,33,1386,1,10
"2025000005894",1,9,99,9,9,99,1,1,25,1984,1,13
"2025000005894",2,19,99,9,9,99,2,3,-1,1995,2,0
"2025000005895",2,9,19,3,0,0,2,1,35,1968,2,13
"2025000005895",1,19,19,3,0,0,1,3,-1,-1,-1,-1
"2025000005895",3,9,19,3,0,0,1,2,-1,999,1,5
"2025000005896",2,9,3,0,1,0,2,1,36,1998,1,14
"2025000005896",1,21,19,0,0,0,1,1,52,11705,2,19
"2025000005896",3,9,3,0,0,0,2,2,35,1395,1,5
"2025000005897",1,9,19,0,5,0,1,1,24,-1,-1,-1
"2025000005898",1,9,6,5,0,0,3,1,57,1498,1,0
"2025000005899",2,1,19,1,0,0,1,1,19,-1,-1,-1
"2025000005899",1,9,19,1,0,0,3,1,26,-1,-1,-1
"2025000005900",1,9,1,0,0,0,4,1,86,1598,1,8
"2025000005901",2,9,9,1,0,0,2,1,62,-1,3,1
"2025000005901",1,9,9,1,0,0,1,2,20,-1,-1,-1
"2025000005902",2,9,10,1,0,0,1,1,24,1560,2,3
"2025000005902",1,9,19,8,0,0,1,2,73,1598,1,15
"2025000005903",2,9,19,0,0,0,3,2,36,1956,2,9
"2025000005903",1,9,19,0,0,10,3,2,48,1388,1,9
"2025000005904",1,9,4,0,0,0,1,2,80,1248,1,5
"2025000005905",2,9,19,0,0,0,1,3,38,1364,1,4
"2025000005905",1,9,6,0,0,0,1,3,-1,1968,2,5
"2025000005906",1,9,19,0,0,10,1,1,54,1560,2,12
"2025000005907",1,90,19,0,0,0,1,3,-1,-1,-1,-1
"2025000005908",2,9,19,4,0,0,1,2,36,1229,1,12
"2025000005908",1,9,4,4,0,0,2,1,56,1995,2,8
"2025000005909",1,9,7,6,0,0,3,2,70,1598,1,16
"2025000005909",2,1,19,8,0,0,1,1,64,-1,-1,-1
"2025000005910",2,1,19,0,0,0,3,1,16,-1,-1,-1
"2025000005910",1,9,19,0,0,0,4,3,-1,-1,-1,-1
"2025000005911",1,9,19,3,0,0,1,3,22,-1,-1,-1
"2025000005912",1,9,12,8,0,0,3,2,19,-1,-1,-1
"2025000005912",2,9,19,8,0,0,4,2,20,-1,-1,-1
"2025000005913",1,1,99,9,9,99,1,1,27,-1,-1,-1
"2025000005913",2,9,99,9,9,99,9,1,45,-1,3,2
"2025000005914",1,9,13,1,1,0,3,1,19,-1,-1,-1
"2025000005914",2,9,19,1,0,0,1,1,64,2997,2,0
"2025000005915",4,98,19,0,0,0,2,1,22,2198,2,6
"2025000005915",2,3,19,0,0,0,1,1,61,1170,1,9
"2025000005915",1,9,19,0,0,0,1,1,18,998,1,18
"2025000005915",5,9,19,0,0,0,1,1,41,-1,-1,-1
"2025000005915",3,19,19,0,0,0,2,1,28,2198,2,6
"2025000005916",1,23,7,5,1,0,1,1,19,-1,-1,-1
"2025000005916",2,19,10,1,0,0,3,1,37,1997,2,2
"2025000005917",1,9,19,0,0,0,1,2,30,1560,2,8
"2025000005918",1,9,19,0,0,0,1,2,30,1995,2,8
"2025000005918",2,11,2,0,0,0,2,1,39,4500,2,10
"2025000005919",2,9,19,1,0,0,2,2,26,1399,2,16
"2025000005919",1,11,19,1,0,0,1,1,31,4249,2,8
"2025000005920",1,9,5,3,0,0,4,1,83,1498,1,7
"2025000005920",2,11,19,8,0,0,1,2,59,6700,2,0
"2025000005921",1,9,19,0,5,10,4,1,22,1598,1,19
"2025000005922",1,9,14,1,0,0,0,2,24,999,1,0
"2025000005923",1,10,19,0,0,0,1,1,26,-1,-1,-1
"2025000005923",2,9,4,0,0,0,2,2,49,998,1,11
"2025000005924",2,3,19,1,0,0,1,1,37,124,1,8
"2025000005924",1,9,9,8,0,0,1,3,-1,1199,1,5