"collision_index","vehicle_reference","vehicle_type","vehicle_manoeuvre","junction_location","skidding_and_overturning","hit_object_in_carriageway","first_point_of_impact","sex_of_driver","age_of_driver","engine_capacity_cc","propulsion_code","age_of_vehicle"
"2025000006373",1,9,5,6,0,0,3,1,44,-1,-1,-1
"2025000006374",1,9,19,0,0,0,1,1,53,1199,1,1
"2025000006374",2,9,19,0,0,0,2,1,40,1560,2,12
"2025000006375",1,90,19,0,0,0,4,1,15,-1,-1,-1
"2025000006375",2,9,19,0,0,0,0,2,63,-1,-1,-1
"2025000006376",1,9,5,8,0,0,1,1,68,1598,2,3
"2025000006376",2,1,19,8,0,0,1,1,25,-1,-1,-1
"2025000006377",2,9,99,9,9,99,9,3,-1,898,1,6
"2025000006377",1,1,99,9,9,99,9,1,45,-1,-1,-1
"2025000006378",1,-1,19,0,0,0,4,3,-1,-1,-1,-1
"2025000006379",1,19,19,0,1,0,1,1,51,1995,2,2
"2025000006379",2,9,3,0,0,0,1,2,23,1461,2,10
"2025000006380",1,9,99,2,9,99,2,1,31,1991,1,3
"2025000006380",2,19,99,2,9,99,9,3,-1,-1,-1,-1
"2025000006381",2,9,5,6,0,0,0,2,23,1198,1,12
"2025000006381",1,3,5,1,0,0,2,1,19,108,1,2
"2025000006382",2,9,19,6,0,0,1,2,27,1598,1,10
"2025000006382",1,1,19,8,0,0,4,1,26,-1,-1,-1
"2025000006383",3,9,2,0,0,0,2,1,48,1968,2,14
"2025000006383",1,9,19,0,0,0,1,1,38,-1,-1,-1
"2025000006383",2,9,2,0,0,0,3,2,28,1598,8,2
"2025000006384",1,9,13,0,0,0,0,2,32,1997,2,11
"2025000006384",2,9,19,0,0,0,1,1,23,1998,1,11
"2025000006385",1,9,19,1,0,0,1,1,48,1798,8,6
"2025000006385",2,9,19,1,0,0,1,2,26,1498,1,1
"2025000006386",2,9,19,6,0,0,4,1,45,-1,-1,-1
"2025000006386",1,1,19,6,0,0,1,1,24,-1,-1,-1
"2025000006387",1,3,19,0,0,12,4,1,18,108,1,1
"2025000006388",1,9,5,8,0,0,3,1,49,1969,2,4
"2025000006389",2,19,19,6,0,0,4,3,-1,-1,-1,-1
"2025000006389",1,1,19,8,1,0,3,1,24,-1,-1,-1
"2025000006390",2,9,19,8,0,0,1,1,29,1968,2,13
"2025000006390",1,9,7,5,0,0,2,1,18,1598,1,18
"2025000006391",1,90,8,5,0,0,1,3,-1,-1,-1,-1
"2025000006391",2,9,19,8,0,0,3,1,63,1560,2,7
"2025000006391",3,9,2,1,0,0,4,3,-1,-1,-1,-1
"2025000006392",1,9,4,0,0,0,2,1,49,1796,1,19
"2025000006392",2,19,19,0,0,0,1,1,26,1498,2,4
"2025000006393",1,9,1,0,0,0,2,2,66,1796,1,11
"2025000006394",1,11,5,0,0,0,1,3,38,6696,2,9
"2025000006395",1,9,9,0,0,0,3,2,24,1390,1,10
"2025000006395",2,9,19,0,0,0,4,2,51,1242,1,12
"2025000006396",1,9,19,1,0,0,1,1,66,1997,2,10
"2025000006397",1,2,19,0,0,0,1,1,-1,49,1,12
"2025000006398",1,9,19,0,0,0,3,2,54,1461,2,5
"2025000006399",2,19,9,6,0,0,1,1,47,2148,2,16
"2025000006399",1,9,19,8,0,0,3,2,39,1339,1,9
"2025000006400",1,9,9,5,0,0,1,1,30,-1,-1,-1
"2025000006400",2,9,9,5,0,0,1,1,65,1998,8,8
"2025000006401",2,9,8,2,0,0,4,1,30,1242,1,12
"2025000006401",1,9,19,1,0,0,1,1,49,-1,-1,-1
"2025000006402",2,9,19,8,1,0,3,1,35,3993,1,8
"2025000006402",1,9,19,8,1,0,1,2,24,1796,1,15
"2025000006403",1,9,5,1,0,0,1,1,35,1800,8,12
"2025000006404",1,9,19,0,0,0,4,3,-1,1498,1,1
"2025000006404",2,3,19,0,0,0,1,1,25,124,1,12
"2025000006405",2,9,4,0,0,0,2,1,46,1910,2,13
"2025000006405",1,9,4,0,0,0,1,1,22,-1,-1,-1
"2025000006406",1,9,5,0,0,0,1,1,41,1968,2,10
"2025000006407",1,9,1,0,0,0,2,1,72,1498,1,5
"2025000006408",2,9,1,0,0,0,0,1,-1,1499,1,2
"2025000006408",1,1,19,0,0,0,1,1,13,-1,-1,-1
"2025000006409",1,9,19,0,1,7,1,1,52,1994,1,17
"2025000006410",2,9,4,0,0,0,1,1,-1,3222,2,17
"2025000006410",1,9,3,0,0,0,2,3,-1,1598,1,13
"2025000006411",1,9,4,0,0,0,1,2,19,1229,1,10
"2025000006411",2,3,4,0,0,0,2,1,27,125,1,1
"2025000006412",1,3,99,9,9,99,1,1,26,125,1,2
"2025000006412",2,9,99,9,9,99,9,3,-1,1398,1,13
"2025000006413",1,9,-1,0,1,0,1,1,36,1149,1,20
"2025000006414",3,19,19,0,0,0,2,1,50,1598,2,8
"2025000006414",2,9,19,0,0,0,1,1,29,1956,2,9
"2025000006414",1,9,11,0,0,0,2,2,20,998,1,6
"2025000006415",3,9,4,1,0,0,2,2,66,1956,2,7
"2025000006415",1,11,19,1,0,0,1,1,35,9000,2,12
"2025000006415",2,9,4,1,0,0,2,1,72,2143,2,4
"2025000006416",1,1,9,8,0,0,1,1,51,-1,-1,-1
"2025000006416",2,9,19,4,0,0,1,1,40,998,1,12
"2025000006417",1,3,19,0,0,4,1,1,23,300,1,11
"2025000006417",2,9,2,0,0,0,2,2,45,2000,2,14
"2025000006418",1,9,19,0,1,0,1,1,85,1998,1,20
"2025000006419",1,9,19,0,1,0,4,2,30,2993,2,18
"2025000006420",2,1,14,1,0,0,3,1,6,-1,-1,-1
"2025000006420",1,20,19,1,0,0,1,1,58,5132,2,2
"2025000006421",3,9,19,1,0,0,1,2,18,1388,1,17
"2025000006421",2,9,3,1,0,0,2,2,18,1000,1,9
"2025000006421",1,9,1,1,0,0,1,3,-1,1242,1,13
"2025000006422",1,97,19,1,2,0,4,1,16,49,1,0
"2025000006423",2,9,5,8,0,0,2,2,54,2494,1,20
"2025000006423",1,9,19,8,0,0,1,1,33,1598,2,4
"2025000006424",2,9,99,9,9,99,9,3,-1,1999,2,8
"2025000006424",1,3,99,9,9,99,9,3,26,108,1,7
"2025000006425",2,8,4,0,0,0,2,1,38,1797,8,11
"2025000006425",1,9,19,0,0,0,1,3,-1,-1,-1,-1
"2025000006426",1,9,13,8,0,0,0,1,32,1422,2,13
"2025000006426",2,9,19,8,0,0,3,1,38,1242,1,12
"2025000006427",1,1,5,0,0,0,1,1,11,-1,-1,-1
"2025000006427",2,11,19,0,0,0,1,1,63,7300,2,15
"2025000006428",2,9,19,8,0,0,4,2,22,1560,2,15
"2025000006428",1,9,9,6,0,0,1,1,34,1560,2,17
"2025000006429",1,9,5,1,0,0,1,1,43,-1,3,1
"2025000006429",2,1,19,1,0,0,1,1,12,-1,-1,-1
"2025000006430",2,1,19,8,0,0,4,2,65,-1,-1,-1
"2025000006430",1,9,5,4,0,0,1,1,77,1499,2,5
"2025000006431",1,9,10,8,0,0,4,2,47,1398,1,4
"2025000006431",2,4,19,8,0,0,1,1,51,500,1,3
"2025000006432",1,3,13,8,0,0,1,1,33,125,1,1
"2025000006432",2,9,9,5,0,0,4,1,54,1497,8,13
"2025000006433",2,1,99,9,9,99,1,3,-1,-1,-1,-1
"2025000006433",1,19,99,9,9,99,9,1,61,1997,2,7
"2025000006434",1,9,19,0,1,0,4,1,25,-1,-1,-1
"2025000006435",1,9,19,0,0,0,1,1,41,-1,-1,-1
"2025000006435",2,9,2,0,0,4,1,1,27,1991,1,7
"2025000006435",3,9,2,0,0,0,1,1,27,1968,2,11
"2025000006436",1,9,15,0,0,0,4,2,28,2143,2,6
"2025000006436",2,1,15,0,0,0,1,1,56,-1,-1,-1
"2025000006437",1,90,19,1,0,0,1,1,35,495,1,0
"2025000006437",2,9,3,1,0,0,3,1,26,2204,2,13
"2025000006438",1,1,7,6,0,0,3,1,78,-1,-1,-1
"2025000006438",2,9,19,2,0,0,1,1,71,1599,1,17
"2025000006439",1,-1,19,1,0,0,1,1,-1,-1,-1,-1
"2025000006440",2,9,19,1,0,0,0,1,36,2993,2,5
"2025000006440",1,9,19,1,1,7,1,1,20,1997,2,4
"2025000006441",2,9,19,0,0,0,2,2,38,1229,1,11
"2025000006441",3,21,19,0,0,0,2,1,52,12742,2,2
"2025000006441",1,9,19,0,0,0,1,2,25,1461,2,5
"2025000006442",1,2,19,0,1,10,4,2,51,49,1,17
"2025000006443",2,9,9,2,0,0,4,2,87,998,1,1
"2025000006443",1,9,19,1,0,0,1,2,78,1339,1,11
"2025000006444",1,9,19,8,0,0,1,2,44,-1,3,1
"2025000006445",1,1,12,6,0,0,3,1,17,-1,-1,-1
"2025000006445",2,8,5,1,0,0,3,1,48,1797,8,9
"2025000006446",3,9,19,0,1,0,3,2,51,898,1,6
"2025000006446",2,9,19,0,1,0,1,1,32,999,1,0
"2025000006446",1,9,12,0,0,0,0,1,42,4395,1,2
"2025000006447",1,1,99,9,9,99,9,1,42,-1,-1,-1
"2025000006447",2,9,99,9,9,99,1,3,-1,1796,1,16
"2025000006448",1,11,4,0,0,0,0,1,28,6700,2,1
"2025000006449",1,4,19,2,0,0,1,2,38,125,1,6
"2025000006450",1,-1,19,8,0,0,2,1,38,-1,-1,-1
"2025000006450",2,9,19,8,0,0,1,1,-1,1956,2,9
"2025000006451",1,9,7,0,1,0,3,1,-1,-1,-1,-1
"2025000006451",2,9,7,0,0,10,4,1,28,-1,-1,-1
"2025000006452",1,9,19,8,0,0,4,1,28,-1,-1,-1
"2025000006452",2,9,19,8,0,0,1,2,73,1591,1,4
"2025000006453",2,9,5,0,0,0,2,2,32,1968,2,15
"2025000006453",1,21,-1,0,-1,-1,-1,3,-1,-1,-1,-1
"2025000006454",1,9,19,0,2,0,1,1,77,1984,1,6
"2025000006455",1,19,7,8,0,0,4,1,20,1995,2,3
"2025000006455",2,1,19,8,0,0,1,1,51,-1,-1,-1
"2025000006456",1,9,19,1,0,0,1,2,64,1498,1,3
"2025000006456",2,9,9,5,0,0,2,2,25,1498,1,0
"2025000006457",1,9,5,2,0,0,3,2,29,1995,2,6
"2025000006457",2,9,19,1,0,0,1,2,29,999,1,1
"2025000006458",1,3,19,1,0,0,1,1,17,125,1,8
"2025000006458",2,9,19,8,0,0,2,2,70,1364,2,7
"2025000006459",1,9,-1,4,0,0,1,3,-1,1769,1,19
"2025000006459",2,9,3,1,0,0,2,1,55,1497,8,8
"2025000006460",1,19,19,0,0,0,0,1,62,2298,2,4
"2025000006460",2,19,19,0,0,0,1,1,60,1996,2,8
"2025000006461",1,9,19,0,5,0,3,1,39,-1,-1,-1
"2025000006462",1,9,9,6,0,0,3,1,64,1229,1,12
"2025000006462",2,11,7,5,0,0,3,2,40,10667,2,4
"2025000006463",1,9,2,0,0,0,1,2,27,1598,2,8
"2025000006463",2,9,5,0,0,0,1,1,24,1968,2,12
"2025000006464",1,9,99,9,9,99,2,2,58,1395,1,4
"2025000006464",2,19,99,9,9,99,2,3,-1,2299,2,9
"2025000006465",2,9,11,1,1,0,2,1,43,2143,2,11
"2025000006465",1,19,19,1,0,0,1,1,32,1995,2,3
"2025000006466",2,9,19,1,0,0,1,1,30,1995,2,16
"2025000006466",1,9,19,1,0,0,1,1,32,998,1,4
"2025000006467",1,1,19,1,0,0,1,3,-1,-1,-1,-1
"2025000006468",1,9,19,1,0,0,1,1,35,1596,1,10
"2025000006469",2,9,19,0,0,0,1,1,22,1598,1,11
"2025000006469",3,9,4,0,0,0,0,1,-1,1896,2,17
"2025000006469",1,9,4,0,0,0,0,2,39,1598,1,3
"2025000006470",1,9,4,4,0,0,2,2,50,1999,2,5
"2025000006470",2,9,4,4,0,0,1,1,72,-1,3,0
"2025000006471",1,9,99,9,9,99,2,1,47,1364,2,6
"2025000006471",2,9,99,9,9,99,1,3,-1,-1,-1,-1
"2025000006472",1,9,5,4,0,0,4,1,27,1598,2,7
"2025000006472",2,9,19,3,0,0,1,1,17,1242,1,14
"2025000006473",2,9,99,9,9,99,0,3,-1,1497,8,7
"2025000006473",1,1,99,9,9,99,9,2,45,-1,-1,-1
"2025000006474",2,9,2,1,0,0,3,3,-1,1242,1,11
"2025000006474",3,9,2,1,0,0,2,3,-1,1596,1,19
"2025000006474",1,9,19,1,0,0,1,1,73,1995,2,7
"2025000006475",1,9,1,0,0,0,2,1,56,1560,2,10
"2025000006475",2,5,19,0,0,0,3,1,26,599,1,20
"2025000006476",1,9,19,0,0,0,4,2,32,1120,2,10
"2025000006477",2,1,4,1,0,0,4,1,34,-1,-1,-1
"2025000006477",1,21,19,1,0,0,4,1,60,10837,2,10
"2025000006478",1,9,19,2,0,0,2,2,24,1198,1,6
"2025000006478",2,9,19,2,0,0,1,3,-1,1498,1,4
"2025000006479",1,19,19,0,0,0,1,1,42,1753,2,16
"2025000006479",2,9,4,0,0,0,2,1,42,-1,-1,-1
"2025000006480",1,9,19,0,0,11,1,1,52,999,1,3
"2025000006480",2,9,19,0,0,11,0,3,-1,-1,-1,-1
"2025000006481",1,9,19,3,0,0,1,1,59,1490,8,1
"2025000006482",2,19,19,1,0,0,1,3,-1,2198,2,13
"2025000006482",1,9,19,2,0,0,1,1,39,2179,2,15
"2025000006483",2,19,2,0,0,0,2,3,-1,1499,2,2
"2025000006483",1,3,19,0,0,4,1,1,23,124,1,8
"2025000006484",1,9,5,0,0,0,1,1,34,-1,-1,-1
"2025000006485",1,9,19,1,0,0,1,2,30,-1,3,1
"2025000006486",1,8,99,0,9,99,9,3,-1,1797,8,7
"2025000006487",2,9,19,3,0,0,4,1,50,1500,2,5
"2025000006487",1,9,19,3,0,0,1,1,-1,1968,2,4
"2025000006488",1,9,19,0,1,0,1,1,30,1398,1,6
"2025000006489",2,19,3,8,0,0,0,1,56,1499,2,3
"2025000006489",1,9,19,8,0,0,1,3,-1,1910,2,12
"2025000006490",1,9,19,1,0,0,1,2,31,1995,2,7
"2025000006490",2,9,19,1,0,0,1,1,48,1461,2,11
"2025000006491",1,-1,19,1,9,99,9,1,18,-1,-1,-1
"2025000006492",1,9,7,2,0,0,1,2,29,1461,2,10
"2025000006492",2,11,19,1,0,0,1,1,43,6700,2,1
"2025000006492",3,9,19,2,0,0,1,1,25,1995,2,15
"2025000006493",1,8,19,0,0,0,1,1,65,-1,-1,-1
"2025000006494",1,9,5,0,0,0,2,1,40,1360,1,21
"2025000006494",2,3,19,0,5,0,1,1,26,125,1,9
"2025000006495",1,19,19,0,1,0,1,1,37,1995,2,5
"2025000006495",2,9,3,0,0,0,2,2,34,1242,1,15
"2025000006496",1,9,19,0,0,0,1,1,68,2993,2,16
"2025000006496",2,19,19,0,0,0,4,1,26,-1,-1,-1
"2025000006497",1,9,5,1,0,0,1,2,67,1200,1,5
"2025000006498",1,9,9,8,0,0,1,1,58,-1,-1,-1
"2025000006499",1,9,99,2,9,99,9,3,-1,1198,1,17
"2025000006499",2,9,9,1,0,0,4,3,-1,-1,-1,-1
"2025000006500",1,1,19,2,0,0,1,2,55,-1,-1,-1
"2025000006500",2,9,19,2,0,0,1,1,30,1799,1,14
"2025000006501",1,8,9,2,0,0,1,1,49,1477,8,0
"2025000006501",2,1,19,8,0,0,1,1,33,-1,-1,-1
"2025000006502",1,19,19,0,2,10,1,1,29,1598,2,10
"2025000006503",1,9,99,9,9,99,4,3,-1,-1,-1,-1
"2025000006504",1,9,5,2,0,0,1,1,66,2199,2,9
"2025000006504",2,9,19,2,0,0,3,2,56,1798,8,1
"2025000006505",1,9,7,6,0,0,2,1,50,1200,1,1
"2025000006505",2,9,19,4,9,0,1,3,-1,-1,-1,-1
"2025000006506",1,9,9,5,0,0,4,2,22,1242,1,14
"2025000006507",1,19,19,0,0,0,4,1,35,1499,2,3
"2025000006507",2,9,19,0,0,0,3,2,56,1499,2,8
"2025000006508",1,9,4,0,0,0,1,2,32,1596,1,17
"2025000006509",1,9,19,2,0,0,1,2,22,1496,2,7
"2025000006510",3,9,19,0,0,0,1,3,-1,1798,8,9
"2025000006510",1,9,4,0,0,0,2,2,37,1242,1,16
"2025000006510",2,9,3,0,0,0,2,1,-1,1598,1,5
"2025000006510",4,9,3,0,0,0,2,1,60,1896,2,14
"2025000006511",1,11,19,8,0,0,1,1,41,9365,2,11
"2025000006511",2,9,7,7,0,0,1,1,21,1796,1,18
"2025000006512",2,3,15,8,2,10,1,1,23,125,1,1
"2025000006512",1,9,7,5,0,0,4,2,34,999,1,1
"2025000006513",2,19,19,0,1,0,1,1,29,1968,2,4
"2025000006513",3,9,19,0,0,0,4,1,52,2148,2,17
"2025000006513",1,9,19,0,0,0,1,2,40,1590,1,11
"2025000006514",1,9,19,0,0,0,1,2,59,1496,1,4
"2025000006515",2,9,19,1,0,0,1,2,31,1397,1,16
"2025000006515",1,9,9,8,0,0,3,1,18,1598,2,13
"2025000006516",1,9,19,1,0,0,1,1,40,1461,2,7
"2025000006517",1,9,19,0,0,0,4,2,76,999,1,6
"2025000006518",1,9,19,0,1,0,1,1,35,2000,1,16
"2025000006518",2,1,19,0,0,0,1,1,16,-1,-1,-1
"2025000006518",3,1,19,0,0,0,4,1,44,-1,-1,-1
"2025000006519",2,9,5,0,0,0,3,1,78,1596,1,14
"2025000006519",1,1,19,0,0,0,1,1,20,-1,-1,-1
"2025000006520",3,8,99,0,9,99,1,3,-1,-1,-1,-1
"2025000006520",2,9,99,0,9,99,2,3,-1,-1,-1,-1
"2025000006520",1,9,99,0,9,99,2,1,36,-1,-1,-1
"2025000006521",1,-1,19,0,0,0,1,3,-1,-1,-1,-1
"2025000006522",1,19,99,9,9,99,9,1,23,2299,2,1
"2025000006522",2,19,99,9,9,99,1,3,-1,1995,2,2
"2025000006523",2,21,4,0,0,0,4,1,57,12742,2,1
"2025000006523",1,98,4,0,0,0,2,1,53,-1,-1,-1
"2025000006524",4,9,2,0,0,0,4,3,-1,1248,1,4
"2025000006524",3,9,2,0,0,0,1,3,-1,1242,1,9
"2025000006524",2,9,19,0,1,0,1,1,29,995,1,9
"2025000006524",1,9,1,0,1,4,4,2,31,1598,1,14
"2025000006525",2,9,19,4,0,0,1,1,31,1799,1,17
"2025000006525",3,9,19,3,0,0,3,2,17,1240,1,18
"2025000006525",4,19,2,8,0,0,3,3,-1,2198,2,14
"2025000006525",1,9,19,4,1,0,1,1,19,2993,2,15
"2025000006526",2,1,19,1,0,0,1,1,30,-1,-1,-1
"2025000006526",1,8,2,1,0,0,2,1,50,1490,8,1
"2025000006527",1,9,6,0,0,0,3,1,44,2143,2,8
"2025000006527",2,3,13,0,1,0,1,1,20,-1,-1,-1
"2025000006528",1,9,9,1,0,0,1,3,-1,998,1,6
"2025000006529",1,9,6,8,0,0,1,1,69,1339,1,19
"2025000006530",1,8,5,0,0,0,2,1,64,-1,-1,-1
"2025000006531",1,2,9,2,2,0,4,1,20,125,1,2
"2025000006532",3,9,19,0,0,0,1,1,47,2996,8,0
"2025000006532",6,9,19,0,0,0,1,1,22,2997,2,0
"2025000006532",4,9,19,0,0,0,1,1,55,-1,-1,-1
"2025000006532",2,9,19,0,1,7,1,1,40,-1,3,0
"2025000006532",5,9,19,0,0,0,1,2,49,1461,2,9
"2025000006532",1,9,2,0,0,0,2,2,32,999,1,5
"2025000006533",2,1,19,1,0,0,2,1,18,-1,-1,-1
"2025000006533",1,9,19,1,0,0,1,1,24,1597,2,4
"2025000006534",1,9,19,0,0,0,1,2,45,1332,1,2
"2025000006534",2,9,-1,0,-1,-1,-1,3,-1,1596,1,12
"2025000006535",1,9,7,0,0,0,1,2,41,1598,1,10
"2025000006535",2,1,9,0,0,0,2,2,-1,-1,-1,-1
"2025000006536",1,9,5,8,0,0,1,2,30,1598,2,8
"2025000006536",2,9,19,8,0,0,4,2,-1,-1,-1,-1
"2025000006537",1,9,19,1,0,0,3,1,49,2442,2,2
"2025000006537",2,9,19,1,0,0,3,1,66,2993,2,5
"2025000006538",2,9,19,0,0,0,1,3,30,1582,2,6
"2025000006538",1,9,3,0,0,0,2,2,57,1995,2,7
"2025000006539",1,9,1,1,0,0,2,1,-1,-1,-1,-1
"2025000006540",1,9,19,0,0,0,3,2,22,1229,1,13
"2025000006540",2,9,19,0,0,0,1,2,26,1499,1,7
"2025000006541",1,9,19,0,0,0,3,1,40,2967,2,2
"2025000006542",1,9,11,5,2,0,1,1,18,1198,1,18
"2025000006543",2,1,19,8,0,0,1,2,27,-1,-1,-1
"2025000006543",1,20,7,4,0,0,3,1,51,1968,2,1
"2025000006544",1,9,19,0,0,0,3,1,22,1600,2,14
"2025000006544",2,5,11,0,1,0,1,1,67,865,1,9
"2025000006545",1,9,9,1,0,0,1,2,29,1560,2,7
"2025000006545",2,1,19,1,0,0,4,1,46,-1,-1,-1
"2025000006545",3,9,19,1,0,0,2,2,21,1149,1,16
"2025000006546",2,9,19,0,0,0,1,2,64,-1,-1,-1
"2025000006546",1,1,19,0,0,0,1,1,47,-1,-1,-1
"2025000006547",1,9,19,0,0,0,4,2,85,1339,1,10
"2025000006547",2,9,19,0,0,0,3,1,49,2993,2,4
"2025000006547",3,9,19,0,0,0,2,2,64,5950,1,6
"2025000006548",1,9,19,1,0,0,1,2,44,-1,3,1
"2025000006548",2,4,19,7,1,0,4,1,21,125,1,3
"2025000006549",1,9,19,8,0,0,1,2,20,1968,2,14
"2025000006549",2,9,10,8,0,0,2,1,59,4172,2,16
"2025000006550",1,9,-1,-1,-1,-1,-1,1,30,-1,-1,-1
"2025000006550",2,1,-1,-1,-1,-1,-1,1,19,-1,-1,-1
"2025000006551",1,8,9,5,0,0,2,1,57,1798,8,4
"2025000006551",2,3,13,2,0,0,1,1,31,125,1,1
"2025000006552",1,11,99,9,9,99,9,1,28,4500,2,6
"2025000006553",2,9,19,8,1,0,1,2,38,1799,1,15
"2025000006553",1,9,19,8,1,0,4,2,47,1349,1,15
"2025000006554",1,9,9,1,0,0,4,1,46,999,1,0
"2025000006554",2,9,19,1,0,0,4,1,29,1339,1,13
"2025000006555",1,1,99,9,9,99,1,1,20,-1,-1,-1
"2025000006555",2,9,99,9,9,99,9,3,-1,-1,-1,-1
"2025000006556",2,19,5,0,0,0,2,1,67,2143,2,12
"2025000006556",1,9,11,0,0,0,1,1,23,1461,2,4
"2025000006557",1,9,9,5,0,0,1,3,-1,-1,-1,-1
"2025000006557",2,1,5,8,0,0,1,1,16,-1,-1,-1
"2025000006558",1,9,19,0,0,0,1,1,72,1984,1,1
"2025000006559",2,1,5,8,0,0,1,1,40,-1,-1,-1
"2025000006559",1,9,7,1,0,0,1,2,48,1364,1,14
"2025000006560",1,9,19,8,0,0,4,3,-1,-1,-1,-1
"2025000006561",1,17,19,0,0,0,1,1,69,6788,2,10
"2025000006562",1,11,19,1,0,0,0,1,37,5132,2,6
"2025000006563",1,3,19,0,1,10,1,1,20,125,1,5
"2025000006564",2,9,4,0,0,0,2,2,21,1995,2,14
"2025000006564",3,9,4,0,0,0,1,1,42,-1,-1,-1
"2025000006565",1,9,19,9,9,99,9,3,22,1461,2,9
"2025000006565",2,9,11,9,9,99,9,3,-1,1798,1,19
"2025000006566",2,9,19,1,1,0,4,2,40,-1,3,0
"2025000006566",1,19,19,1,0,0,1,1,76,2500,2,15
"2025000006567",1,9,9,2,0,0,4,1,22,-1,-1,-1
"2025000006567",2,4,15,2,0,10,3,1,19,125,1,11
"2025000006568",2,9,10,1,0,0,2,2,62,1998,1,1
"2025000006568",1,9,4,8,0,0,1,1,48,1560,2,11
"2025000006569",1,9,19,8,0,0,1,1,33,1396,1,6
"2025000006569",2,9,4,8,0,0,2,1,31,1229,1,12
"2025000006570",1,1,19,2,0,0,1,1,32,-1,-1,-1
"2025000006571",1,9,9,5,0,0,4,2,57,1968,2,4
"2025000006571",2,9,19,8,0,0,1,2,31,1560,2,8
"2025000006571",3,19,10,8,0,0,1,1,49,1968,2,1
"2025000006572",2,3,19,1,0,0,1,1,-1,-1,-1,-1
"2025000006572",1,1,19,6,0,0,4,1,31,-1,-1,-1
"2025000006573",3,9,10,0,0,0,2,2,31,1498,1,2
"2025000006573",1,19,19,0,0,0,1,1,27,1950,2,1
"2025000006573",2,9,3,0,0,0,2,2,42,1248,1,12
"2025000006574",1,9,5,0,0,0,1,2,27,1395,1,6
"2025000006574",2,-1,19,0,0,0,1,2,17,-1,-1,-1
"2025000006575",1,9,19,8,0,0,1,3,-1,-1,-1,-1
"2025000006575",2,9,3,8,0,0,2,2,19,1242,1,13
"2025000006576",3,9,2,0,0,0,1,3,-1,1596,1,18
"2025000006576",1,9,19,0,0,0,1,1,63,1910,2,15
"2025000006576",2,19,19,0,0,0,3,1,33,2198,2,13
"2025000006577",1,3,9,1,0,0,3,1,48,125,1,12
"2025000006577",2,9,13,1,0,0,1,3,-1,1997,1,12
"2025000006578",1,9,19,0,0,0,1,1,86,1332,1,3
"2025000006579",1,9,19,0,0,0,1,1,37,2995,1,15
"2025000006580",2,19,13,0,0,0,4,1,-1,-1,-1,-1
"2025000006580",1,1,19,0,0,0,3,1,33,-1,-1,-1
"2025000006581",1,9,9,8,0,0,4,2,77,1200,1,5
"2025000006581",2,19,19,8,0,0,1,1,31,1560,2,7
"2025000006582",1,9,19,0,0,0,1,1,68,1999,2,8
"2025000006583",2,9,3,0,0,0,2,1,25,1582,2,7
"2025000006583",1,9,19,0,0,0,1,3,-1,999,1,7
"2025000006584",2,9,19,0,0,0,1,1,26,2979,1,8
"2025000006584",1,9,6,0,0,0,1,1,42,1560,2,10
"2025000006585",2,1,99,9,9,99,9,1,-1,-1,-1,-1
"2025000006585",1,9,99,9,9,99,1,1,49,1969,8,0
"2025000006586",1,9,19,0,0,11,1,1,41,2967,2,7
"2025000006587",1,9,99,9,9,99,2,1,39,999,1,6
"2025000006587",2,21,99,9,9,99,2,3,-1,12777,2,0
"2025000006588",1,90,9,6,0,0,1,1,33,-1,3,47
"2025000006588",2,9,19,1,0,0,1,1,19,1229,1,18
"2025000006589",1,8,19,0,0,0,2,1,58,-1,3,2
"2025000006590",1,19,1,2,0,0,2,3,-1,1950,2,3
"2025000006591",2,9,19,0,0,0,4,1,58,1685,2,7
"2025000006591",1,1,19,0,0,0,3,1,55,-1,-1,-1
"2025000006592",2,9,19,0,2,0,1,2,43,1598,1,4
"2025000006592",1,9,5,0,0,0,4,2,53,2143,2,7
"2025000006593",2,1,99,9,9,99,9,1,32,-1,-1,-1
"2025000006593",1,19,99,9,9,99,9,3,-1,-1,-1,-1
"2025000006594",1,9,9,6,0,0,1,1,86,1388,1,12
"2025000006594",2,9,19,2,0,0,4,1,49,-1,-1,-1
"2025000006595",1,9,5,6,0,0,3,1,32,1968,2,1
"2025000006595",2,9,19,1,0,0,1,2,73,1598,1,13
"2025000006596",2,9,19,0,0,0,3,2,17,1200,1,4
"2025000006596",1,9,19,0,0,0,3,1,38,1560,2,7
"2025000006597",2,1,19,8,0,0,1,1,29,-1,-1,-1
"2025000006597",1,9,9,5,0,0,4,1,57,2925,2,2
"2025000006598",1,9,19,0,0,0,1,3,-1,-1,-1,-1
"2025000006599",2,1,9,5,0,0,1,1,-1,-1,-1,-1
"2025000006599",1,11,9,6,0,0,1,1,32,4461,2,5
"2025000006600",1,9,19,0,5,0,1,1,30,-1,-1,-1
"2025000006601",2,19,19,1,0,0,1,1,22,2198,2,13
"2025000006601",1,9,10,1,0,0,2,1,42,1968,2,2
"2025000006602",1,9,13,8,0,0,4,2,17,998,1,4
"2025000006602",2,9,19,8,0,0,3,2,23,998,1,7
"2025000006603",1,9,19,0,0,0,1,1,88,1339,1,8
"2025000006604",2,9,3,8,0,0,2,1,33,1332,8,1
"2025000006604",1,9,19,8,0,0,1,1,27,1197,1,10