"collision_index","vehicle_reference","vehicle_type","vehicle_manoeuvre","junction_location","skidding_and_overturning","hit_object_in_carriageway","first_point_of_impact","sex_of_driver","age_of_driver","engine_capacity_cc","propulsion_code","age_of_vehicle"
"2025000006833",1,19,6,0,0,0,1,1,34,1995,2,2
"2025000006833",2,9,19,0,0,0,1,1,32,1199,1,0
"2025000006834",2,1,19,0,0,0,1,1,43,-1,-1,-1
"2025000006834",1,9,9,0,0,0,1,2,43,2143,2,6
"2025000006835",1,4,19,4,1,0,0,1,33,955,1,20
"2025000006836",2,9,19,8,0,0,4,1,22,1686,2,14
"2025000006836",1,9,7,6,0,0,1,1,93,998,1,7
"2025000006837",1,9,4,0,0,0,1,1,37,1995,1,15
"2025000006837",2,9,4,0,0,0,2,1,54,1984,2,12
"2025000006838",2,9,4,0,0,0,2,1,43,1598,1,11
"2025000006838",1,19,19,0,0,0,1,1,46,1968,2,7
"2025000006839",1,9,1,1,0,0,2,3,-1,-1,-1,-1
"2025000006839",2,9,2,1,0,0,4,1,20,1596,1,9
"2025000006840",2,9,19,0,0,0,1,1,32,-1,-1,-1
"2025000006840",1,9,4,0,0,0,2,1,19,-1,-1,-1
"2025000006841",1,11,19,1,0,0,0,1,32,6692,2,9
"2025000006841",2,2,13,1,0,0,0,3,-1,-1,-1,-1
"2025000006842",2,9,19,3,0,0,3,2,33,1248,1,12
"2025000006842",1,9,7,6,0,0,1,1,34,-1,-1,-1
"2025000006843",3,9,2,0,0,0,2,1,32,1988,1,22
"2025000006843",1,9,19,0,0,4,1,1,79,1991,2,13
"2025000006843",2,9,2,0,0,0,2,3,-1,1587,1,21
"2025000006844",1,9,19,1,0,0,1,1,34,1685,2,11
"2025000006845",2,9,4,8,0,0,0,3,-1,-1,-1,-1
"2025000006845",1,11,19,8,0,0,0,1,56,7300,2,9
"2025000006845",3,9,11,8,0,0,0,3,-1,-1,-1,-1
"2025000006846",1,5,19,0,0,0,4,1,61,1157,1,20
"2025000006847",2,9,19,0,0,0,1,1,-1,1956,2,6
"2025000006847",1,10,4,0,9,0,2,1,33,-1,-1,-1
"2025000006848",3,9,4,0,0,0,2,1,41,2191,2,6
"2025000006848",1,9,19,0,0,0,1,1,37,999,1,1
"2025000006848",2,9,19,0,0,0,1,1,75,-1,-1,-1
"2025000006849",2,9,2,1,0,0,1,2,35,-1,-1,-1
"2025000006849",1,9,19,1,0,4,1,1,36,1968,2,14
"2025000006850",1,9,-1,0,-1,-1,-1,1,63,-1,-1,-1
"2025000006850",2,9,-1,0,-1,-1,-1,1,56,1086,1,18
"2025000006851",2,9,19,1,0,0,1,1,65,1995,2,6
"2025000006851",1,9,4,1,0,0,2,2,49,1461,2,6
"2025000006852",1,20,19,0,0,0,1,1,41,7698,2,7
"2025000006852",2,9,19,0,0,0,2,1,77,-1,-1,-1
"2025000006853",2,1,5,0,0,0,3,2,9,-1,-1,-1
"2025000006853",1,9,19,0,0,0,4,2,-1,-1,-1,-1
"2025000006854",2,3,15,8,0,0,1,2,26,125,1,2
"2025000006854",1,3,7,8,0,0,4,1,58,125,1,3
"2025000006855",1,9,19,2,0,0,1,1,55,-1,3,0
"2025000006856",1,9,99,0,9,99,9,3,-1,-1,-1,-1
"2025000006857",2,9,19,0,0,0,1,1,39,1332,1,2
"2025000006857",1,19,1,0,0,0,2,1,26,2143,2,2
"2025000006858",2,9,2,0,0,0,2,3,-1,1398,1,8
"2025000006858",1,4,19,0,1,4,1,1,38,449,1,18
"2025000006859",1,9,19,1,-1,0,-1,3,-1,-1,-1,-1
"2025000006859",2,9,19,1,0,0,4,1,24,1900,2,14
"2025000006860",4,9,19,0,0,0,4,2,24,1390,1,11
"2025000006860",5,9,19,0,0,0,4,1,19,998,1,8
"2025000006860",2,9,19,0,0,0,0,1,51,2993,2,2
"2025000006860",1,9,19,0,0,0,1,1,16,2993,2,5
"2025000006860",3,9,19,0,0,0,3,1,33,999,1,5
"2025000006861",2,9,4,0,0,0,2,1,26,-1,-1,-1
"2025000006861",1,9,19,0,0,0,1,1,47,-1,-1,-1
"2025000006862",3,9,99,9,9,99,9,3,-1,-1,-1,-1
"2025000006862",1,1,99,9,9,99,1,1,50,-1,-1,-1
"2025000006862",2,9,99,9,9,99,9,1,57,1991,8,7
"2025000006863",1,9,19,0,0,0,3,1,41,1798,8,4
"2025000006864",1,9,19,1,0,0,1,2,65,1339,1,12
"2025000006864",2,1,19,8,0,0,2,1,15,-1,-1,-1
"2025000006865",1,9,4,0,0,0,1,2,70,1242,1,7
"2025000006866",1,9,1,1,0,0,2,1,34,1200,1,5
"2025000006867",1,19,19,0,0,0,1,1,51,-1,-1,-1
"2025000006867",2,9,19,0,0,0,1,1,37,-1,-1,-1
"2025000006868",2,9,19,3,0,0,4,2,29,1496,1,5
"2025000006868",1,9,5,3,0,0,1,1,29,1950,2,5
"2025000006869",2,9,4,1,0,0,2,2,19,1149,1,11
"2025000006869",1,9,4,1,0,0,1,1,36,1896,2,18
"2025000006870",1,11,7,4,0,0,3,1,59,9000,2,14
"2025000006871",1,90,-1,0,-1,-1,-1,3,-1,-1,-1,-1
"2025000006872",1,9,99,0,9,99,1,3,-1,-1,-1,-1
"2025000006873",1,9,3,1,0,0,2,2,45,1685,2,7
"2025000006873",2,9,3,1,0,0,1,1,50,-1,-1,-1
"2025000006874",1,3,99,9,0,0,9,1,26,125,1,1
"2025000006874",2,9,99,9,0,0,9,3,-1,1596,1,8
"2025000006875",1,5,19,0,1,0,1,1,28,599,1,13
"2025000006876",1,9,7,6,0,0,3,3,-1,1587,1,16
"2025000006877",1,3,3,1,0,0,2,1,43,125,1,5
"2025000006877",2,9,19,1,0,0,1,2,55,1197,1,7
"2025000006878",1,11,19,1,0,0,0,1,54,6692,2,14
"2025000006879",1,11,19,0,0,0,0,1,25,5132,2,8
"2025000006880",2,9,19,0,0,0,2,1,69,1969,2,4
"2025000006880",1,9,19,0,0,0,1,1,62,1498,1,5
"2025000006881",1,9,5,1,0,0,1,1,55,1995,2,11
"2025000006882",2,9,6,1,0,0,0,1,24,1598,2,7
"2025000006882",1,3,19,7,0,0,1,1,31,-1,-1,-1
"2025000006883",1,11,19,1,0,0,0,1,40,-1,-1,-1
"2025000006884",1,9,19,0,0,0,3,1,21,-1,-1,-1
"2025000006885",2,9,3,1,0,99,9,1,28,1248,1,9
"2025000006885",3,9,19,1,9,99,1,1,19,1198,1,10
"2025000006885",1,8,3,9,9,99,2,1,36,1798,8,8
"2025000006886",1,9,14,0,0,0,1,1,74,1995,2,7
"2025000006886",2,19,2,0,0,0,2,3,-1,2200,2,3
"2025000006887",1,9,19,0,0,0,1,1,55,1580,8,4
"2025000006887",2,9,19,0,1,0,1,1,32,999,1,1
"2025000006888",1,9,19,2,0,0,1,2,18,1598,1,18
"2025000006889",1,19,19,8,0,0,1,1,36,2402,2,13
"2025000006889",2,9,6,8,0,0,3,2,25,1968,2,2
"2025000006890",1,8,3,0,0,0,2,1,55,1798,8,0
"2025000006890",2,9,19,0,0,0,1,1,-1,1753,2,19
"2025000006891",1,9,19,0,2,0,4,2,29,1242,1,13
"2025000006892",1,9,19,2,0,0,4,1,41,2720,2,16
"2025000006892",2,9,3,1,0,0,1,2,34,2967,2,5
"2025000006893",1,9,19,3,0,0,1,1,86,1968,2,8
"2025000006894",1,9,19,1,0,0,1,1,19,1598,1,11
"2025000006894",2,19,5,6,0,0,1,1,33,1995,2,4
"2025000006895",2,97,19,0,0,0,1,1,57,-1,-1,-1
"2025000006895",1,97,19,0,0,0,2,1,38,-1,-1,-1
"2025000006896",2,3,3,1,0,0,2,1,25,125,1,0
"2025000006896",1,9,19,1,0,0,1,1,39,1598,1,10
"2025000006897",1,4,99,9,9,99,9,1,56,-1,-1,-1
"2025000006897",2,9,99,9,9,99,1,2,43,1598,8,0
"2025000006898",1,1,3,1,0,0,2,2,46,-1,-1,-1
"2025000006898",2,9,19,1,0,0,1,2,45,-1,3,1
"2025000006899",1,9,19,0,0,0,4,3,-1,-1,-1,-1
"2025000006900",2,9,9,6,0,0,1,1,42,1968,2,11
"2025000006900",1,9,19,6,0,10,4,1,38,1398,2,16
"2025000006901",2,9,9,0,0,0,1,1,68,1598,2,6
"2025000006901",1,9,7,0,1,0,1,1,20,2401,2,17
"2025000006902",2,9,3,0,0,0,2,1,52,1598,1,7
"2025000006902",1,9,19,0,0,0,1,3,-1,-1,-1,-1
"2025000006903",1,9,4,0,0,0,1,2,43,-1,-1,-1
"2025000006904",1,1,19,0,-1,-1,1,1,16,-1,-1,-1
"2025000006904",2,9,2,0,-1,-1,2,2,-1,1560,2,11
"2025000006905",1,9,19,0,1,0,1,1,24,-1,-1,-1
"2025000006906",1,9,19,1,0,0,3,1,33,1995,2,11
"2025000006906",2,9,19,1,0,0,1,2,55,999,1,1
"2025000006907",1,9,2,0,0,4,4,3,-1,1461,2,5
"2025000006907",3,1,5,0,0,0,0,1,68,-1,-1,-1
"2025000006907",2,3,5,0,0,4,4,1,29,124,1,10
"2025000006908",1,9,7,3,0,0,3,1,36,-1,-1,-1
"2025000006908",2,8,4,4,0,0,3,1,42,1968,2,7
"2025000006909",2,1,19,1,0,0,3,1,54,-1,-1,-1
"2025000006909",1,9,19,7,0,0,3,3,-1,-1,-1,-1
"2025000006910",2,9,19,8,0,0,1,2,56,1368,1,9
"2025000006910",1,19,9,8,0,0,3,1,49,2402,2,13
"2025000006910",3,21,2,1,0,0,0,1,45,12419,2,0
"2025000006911",1,9,19,8,0,0,1,1,26,1198,1,17
"2025000006911",2,9,10,8,0,0,2,2,58,998,1,11
"2025000006912",1,9,19,0,0,0,1,1,20,999,1,6
"2025000006912",2,9,19,0,0,0,1,1,49,-1,-1,-1
"2025000006913",2,8,99,9,9,99,9,3,53,2499,2,9
"2025000006913",1,1,99,9,9,99,9,1,24,-1,-1,-1
"2025000006914",1,8,7,2,0,0,1,1,35,1968,2,6
"2025000006915",1,9,5,4,0,0,1,2,-1,1199,1,3
"2025000006915",2,1,19,8,0,0,4,1,52,-1,-1,-1
"2025000006916",1,5,19,0,0,0,1,1,29,1301,1,1
"2025000006917",2,4,19,8,0,0,4,1,76,883,1,8
"2025000006917",1,9,19,8,0,0,1,1,35,-1,-1,-1
"2025000006918",1,9,19,0,0,0,1,1,16,1242,1,12
"2025000006919",1,9,99,9,9,99,1,3,-1,1998,1,5
"2025000006919",2,1,99,9,9,99,2,1,31,-1,-1,-1
"2025000006920",2,9,9,6,0,0,3,1,64,1896,2,14
"2025000006920",1,9,13,1,0,0,1,1,20,2000,1,16
"2025000006921",1,9,13,0,2,0,1,1,59,-1,-1,-1
"2025000006921",2,98,12,0,0,0,0,3,-1,-1,-1,-1
"2025000006922",3,9,19,0,0,0,1,1,21,1999,8,4
"2025000006922",2,9,19,0,0,0,1,1,19,1999,8,4
"2025000006922",1,9,19,0,0,0,2,1,25,-1,-1,-1
"2025000006922",4,19,19,0,0,0,1,1,51,1598,2,5
"2025000006923",1,9,19,0,5,0,1,2,20,999,1,7
"2025000006924",2,9,4,0,0,0,2,1,54,1499,1,4
"2025000006924",3,9,4,0,0,0,2,2,32,1560,2,10
"2025000006924",1,9,19,0,0,0,1,2,57,1591,1,4
"2025000006925",1,9,11,5,0,0,1,1,33,2179,2,14
"2025000006925",3,9,4,2,0,0,2,1,48,999,1,5
"2025000006925",2,9,4,2,0,0,2,2,25,1598,2,10
"2025000006925",4,9,4,2,0,0,2,2,23,999,1,1
"2025000006926",2,3,19,1,1,0,0,1,27,124,1,12
"2025000006926",1,9,5,8,0,0,0,1,52,-1,3,2
"2025000006927",1,11,19,0,0,0,1,1,44,9000,2,11
"2025000006928",1,21,11,0,0,0,1,3,-1,12902,2,5
"2025000006928",2,9,19,0,0,0,2,2,25,-1,-1,-1
"2025000006929",1,11,4,0,0,0,0,1,60,9360,2,10
"2025000006930",1,9,19,1,0,0,1,1,71,998,1,1
"2025000006931",1,9,7,2,0,0,1,1,26,-1,-1,-1
"2025000006931",2,9,19,1,0,0,4,2,67,1396,1,11
"2025000006932",2,9,19,8,0,0,3,1,36,999,1,1
"2025000006932",1,3,19,6,0,0,1,1,54,125,1,3
"2025000006933",1,9,19,0,0,0,1,2,19,1242,1,12
"2025000006934",1,9,4,0,0,0,1,2,26,1398,1,8
"2025000006935",1,21,-1,-1,-1,-1,-1,1,63,12882,2,0
"2025000006935",2,1,-1,-1,-1,-1,-1,1,23,-1,-1,-1
"2025000006936",1,3,19,8,1,9,1,1,31,899,1,20
"2025000006937",2,9,99,9,9,99,9,3,-1,2720,2,15
"2025000006937",1,9,99,9,9,99,2,1,27,1498,8,1
"2025000006938",1,9,19,1,0,0,1,1,77,1598,2,12
"2025000006939",2,9,19,2,0,0,3,2,22,996,1,8
"2025000006939",1,19,5,2,0,0,4,1,-1,2198,2,8
"2025000006940",2,9,19,0,0,0,2,1,51,1395,1,7
"2025000006940",1,9,19,0,0,0,1,3,74,1200,1,5
"2025000006941",2,1,19,0,0,0,1,1,15,-1,-1,-1
"2025000006941",1,9,19,0,0,0,1,3,-1,-1,-1,-1
"2025000006942",2,9,3,1,0,0,2,1,42,1997,2,18
"2025000006942",1,9,19,1,0,0,1,1,51,1499,2,2
"2025000006943",1,9,-1,-1,-1,-1,-1,2,44,-1,-1,-1
"2025000006944",1,9,19,4,0,0,1,3,-1,-1,-1,-1
"2025000006945",2,9,13,3,0,0,4,1,37,2993,2,10
"2025000006945",1,9,12,3,0,0,1,2,25,999,1,6
"2025000006946",2,1,19,0,0,0,2,1,18,-1,-1,-1
"2025000006946",1,9,13,0,0,0,1,1,31,1490,1,2
"2025000006947",1,9,19,1,0,0,1,2,22,1364,1,9
"2025000006947",2,9,2,8,0,0,2,1,30,1598,1,13
"2025000006948",2,9,19,8,0,0,1,1,54,1956,2,8
"2025000006948",1,9,19,1,0,0,1,1,-1,1991,8,6
"2025000006949",1,21,5,4,0,0,1,1,53,12902,2,3
"2025000006949",2,9,19,3,0,0,1,2,26,1956,2,9
"2025000006950",1,9,19,0,0,0,1,1,26,1388,1,11
"2025000006950",2,9,19,0,1,0,1,1,35,1968,2,3
"2025000006951",2,9,19,8,0,10,1,1,46,999,1,9
"2025000006951",1,9,7,6,0,10,1,1,69,2967,2,9
"2025000006952",1,9,9,2,0,0,1,1,60,1596,1,17
"2025000006953",1,3,99,0,9,99,1,1,22,125,1,1
"2025000006953",2,19,99,0,9,99,9,3,24,1598,2,4
"2025000006954",3,9,19,0,0,0,2,1,43,2998,8,2
"2025000006954",1,11,4,0,0,0,1,1,55,10824,2,21
"2025000006954",2,19,3,0,0,0,2,1,31,2198,2,11
"2025000006955",1,9,19,0,0,0,-1,3,-1,-1,-1,-1
"2025000006956",1,9,9,5,0,0,3,2,35,2000,2,15
"2025000006956",2,3,14,8,0,0,1,1,23,125,1,6
"2025000006957",1,9,19,0,0,12,1,3,-1,2480,1,3
"2025000006957",2,9,19,0,0,0,2,1,32,1968,2,6
"2025000006958",2,9,8,8,0,0,1,3,-1,-1,-1,-1
"2025000006958",1,9,19,2,0,0,4,3,-1,2199,2,14
"2025000006958",5,9,2,1,0,0,3,3,-1,1598,1,18
"2025000006958",3,9,19,1,0,0,1,3,-1,3311,8,16
"2025000006958",4,9,2,1,0,0,4,3,-1,1329,1,15
"2025000006959",2,9,19,1,0,0,1,1,45,2143,2,6
"2025000006959",1,9,9,1,0,0,1,2,73,1332,1,0
"2025000006960",2,9,19,1,0,0,3,1,31,2143,2,8
"2025000006960",1,9,7,8,0,0,1,1,-1,-1,-1,-1
"2025000006961",1,19,9,0,0,0,1,1,67,1560,2,7
"2025000006961",2,1,19,0,0,0,1,2,40,-1,-1,-1
"2025000006962",1,19,19,1,2,0,1,1,21,1598,2,6
"2025000006962",2,9,2,8,0,0,2,1,51,2231,2,14
"2025000006962",3,9,2,8,0,0,2,3,-1,2401,2,14
"2025000006963",1,9,19,8,0,0,4,1,27,2143,2,7
"2025000006963",2,9,9,6,0,0,1,1,25,1498,1,4
"2025000006964",2,9,10,1,0,0,2,1,50,1596,1,11
"2025000006964",5,20,19,1,0,0,3,1,55,7698,2,6
"2025000006964",1,19,19,1,0,0,1,1,19,1995,2,1
"2025000006964",4,9,19,2,0,0,1,1,37,1984,1,4
"2025000006964",3,9,10,1,0,0,2,1,65,1969,2,3
"2025000006965",1,21,9,0,0,0,1,1,51,12902,2,2
"2025000006965",2,19,19,0,0,0,4,1,37,2402,2,15
"2025000006966",2,9,9,5,0,0,2,2,63,1598,1,10
"2025000006966",1,9,19,1,0,0,1,1,48,2993,2,6
"2025000006967",1,9,19,8,0,10,1,2,63,999,1,8
"2025000006968",2,9,4,8,0,0,1,2,28,1329,1,9
"2025000006968",1,9,9,8,0,0,1,2,45,1390,1,19
"2025000006969",2,19,19,8,0,0,3,1,36,1995,2,17
"2025000006969",1,9,19,8,0,0,1,1,41,-1,-1,-1
"2025000006970",1,9,13,0,1,0,1,1,17,-1,-1,-1
"2025000006970",2,9,19,0,1,0,1,1,20,1390,1,15
"2025000006971",2,1,19,1,0,0,1,1,6,-1,-1,-1
"2025000006971",1,1,19,1,0,0,1,1,6,-1,-1,-1
"2025000006971",3,19,4,1,0,0,4,1,-1,1968,2,0
"2025000006972",1,19,19,1,0,0,1,1,41,1995,2,2
"2025000006972",2,19,10,8,0,0,2,1,53,1499,2,4
"2025000006973",2,19,19,0,0,0,1,1,25,1598,2,4
"2025000006973",1,9,19,0,0,0,1,1,22,1248,1,4
"2025000006974",1,20,4,1,0,0,1,1,42,12777,2,9
"2025000006974",2,9,4,1,1,0,2,1,-1,999,1,0
"2025000006975",1,11,4,1,0,0,0,1,50,9000,2,7
"2025000006976",1,9,19,0,0,0,1,1,33,1995,1,17
"2025000006977",2,1,19,1,0,0,1,1,49,-1,-1,-1
"2025000006977",1,9,19,1,0,12,1,1,62,-1,3,1
"2025000006978",2,5,19,8,1,0,3,1,37,-1,-1,-1
"2025000006978",1,9,9,6,0,0,1,1,47,996,1,8
"2025000006979",1,5,19,0,2,0,1,1,71,828,1,48
"2025000006979",2,9,19,0,0,0,2,1,57,1461,2,5
"2025000006980",1,9,9,5,0,0,4,1,57,1984,1,2
"2025000006980",2,1,7,1,0,0,1,1,44,-1,-1,-1
"2025000006981",1,8,19,1,0,0,1,1,42,1461,2,11
"2025000006982",1,19,5,6,0,0,1,1,23,2151,2,16
"2025000006982",2,9,19,8,1,0,3,1,25,2148,2,12
"2025000006983",1,9,19,1,0,0,1,1,43,1799,1,15
"2025000006983",2,9,19,1,0,0,1,1,53,1950,2,3
"2025000006984",2,1,19,6,0,0,1,2,49,-1,-1,-1
"2025000006984",1,9,7,6,0,0,1,2,43,1968,2,8
"2025000006985",2,1,19,0,0,0,2,2,16,-1,-1,-1
"2025000006985",1,9,19,0,0,0,1,3,-1,-1,-1,-1
"2025000006986",1,9,8,1,0,0,2,1,25,1198,1,14
"2025000006986",2,9,19,1,0,0,1,3,-1,-1,-1,-1
"2025000006987",1,9,9,1,0,0,0,1,40,1560,2,11
"2025000006987",2,1,19,1,0,0,4,1,63,-1,-1,-1
"2025000006988",2,5,19,0,1,0,4,1,23,748,1,18
"2025000006988",1,9,19,0,0,0,1,1,57,1598,8,4
"2025000006989",1,3,9,6,0,0,2,1,47,125,1,0
"2025000006989",2,9,19,1,0,0,1,1,46,1461,2,8
"2025000006990",2,9,19,1,0,0,4,1,38,1329,1,14
"2025000006990",1,9,9,1,0,0,1,3,30,1332,8,2
"2025000006991",1,19,19,0,0,0,1,1,-1,2198,2,18
"2025000006991",2,9,3,0,0,0,2,1,29,1968,2,18
"2025000006992",2,9,2,0,0,0,2,3,-1,1242,1,2
"2025000006992",1,1,19,0,0,4,1,1,37,-1,-1,-1
"2025000006993",1,8,19,0,0,0,4,1,30,1797,8,10
"2025000006994",1,9,14,1,0,0,1,2,23,-1,-1,-1
"2025000006995",1,9,5,6,0,0,1,1,21,1229,1,11
"2025000006996",1,5,19,0,0,10,1,1,52,748,1,29
"2025000006997",1,9,9,5,0,0,1,2,45,998,1,22
"2025000006998",1,9,19,0,0,0,1,2,52,1580,8,0
"2025000006999",2,9,19,8,0,0,1,2,32,-1,-1,-1
"2025000006999",1,1,19,8,0,0,4,2,26,-1,-1,-1
"2025000007000",1,9,99,9,9,99,3,1,55,998,1,15
"2025000007001",2,19,-1,0,0,0,1,1,60,2402,2,17
"2025000007001",1,9,-1,0,0,0,1,1,42,-1,-1,-1
"2025000007002",2,9,2,0,0,0,1,2,21,1910,2,16
"2025000007002",1,9,5,0,0,0,1,1,32,1968,2,8
"2025000007003",2,21,11,0,0,0,4,1,-1,12740,2,8
"2025000007003",1,9,19,0,0,0,3,1,29,1200,1,7
"2025000007004",1,9,5,6,0,10,3,1,81,2199,2,11
"2025000007005",1,9,19,1,0,0,1,1,23,1968,2,4
"2025000007006",2,9,99,9,9,99,9,3,-1,1390,1,12
"2025000007006",1,9,99,9,9,99,9,1,27,-1,-1,-1
"2025000007007",1,9,19,0,0,0,2,1,23,1332,1,2
"2025000007007",2,11,19,0,0,0,1,1,55,6700,2,13
"2025000007008",1,2,19,1,5,0,0,2,39,49,1,1
"2025000007009",2,11,2,0,0,0,2,1,54,5132,2,7
"2025000007009",1,11,19,0,0,4,1,1,37,-1,3,2
"2025000007010",2,9,99,9,9,99,9,3,-1,-1,-1,-1
"2025000007010",1,1,99,9,9,99,2,1,54,-1,-1,-1
"2025000007011",1,9,19,1,0,-1,1,1,44,4663,1,8
"2025000007012",3,9,5,1,0,0,1,1,54,1595,1,7
"2025000007012",2,4,5,1,0,0,2,1,27,125,1,0
"2025000007012",1,8,5,1,0,0,1,1,52,1968,2,5
"2025000007013",2,9,19,0,0,0,1,1,52,2720,2,17
"2025000007013",3,9,19,0,0,0,0,1,68,1591,1,2
"2025000007013",1,9,19,0,0,0,1,1,43,1968,2,15
"2025000007014",2,3,19,0,0,0,0,1,24,124,1,1
"2025000007014",1,9,6,0,0,0,0,1,29,2148,2,17
"2025000007015",2,23,19,1,1,0,1,1,19,-1,-1,-1
"2025000007015",1,9,9,8,0,0,0,2,51,1388,1,13
"2025000007016",1,9,9,5,0,0,1,1,68,1997,2,10
"2025000007017",1,9,19,0,0,0,1,1,59,1598,2,6
"2025000007017",2,1,19,0,0,0,2,1,26,-1,-1,-1
"2025000007018",1,9,19,0,0,0,3,1,46,1956,2,7
"2025000007019",1,97,14,0,0,0,4,3,-1,-1,-1,-1
"2025000007020",2,9,19,8,0,0,4,2,31,1242,1,5
"2025000007020",1,9,9,8,0,0,3,1,37,999,1,2
"2025000007021",1,3,99,9,9,99,1,1,20,125,1,1
"2025000007021",2,9,99,9,9,99,1,3,-1,1798,8,7
"2025000007022",2,1,19,6,0,0,4,1,18,-1,-1,-1
"2025000007022",1,9,19,3,0,0,1,1,81,998,1,0
"2025000007023",1,3,99,0,9,99,9,1,30,125,1,1
"2025000007023",2,19,99,0,9,99,9,3,-1,1498,2,3
"2025000007024",2,11,4,8,0,0,0,1,58,4461,2,11
"2025000007024",1,9,9,8,0,0,0,3,-1,-1,-1,-1
"2025000007025",1,9,9,0,0,0,1,2,42,1496,2,5
"2025000007026",2,19,5,0,0,0,1,1,38,-1,-1,-1
"2025000007026",1,19,19,0,0,0,4,2,36,1896,2,15
"2025000007027",1,9,19,1,0,0,1,1,45,1685,2,8
"2025000007027",2,19,19,2,0,0,3,2,36,-1,-1,-1
"2025000007028",1,1,3,0,9,99,9,1,27,-1,-1,-1
"2025000007028",2,23,99,0,9,99,9,1,-1,-1,-1,-1
"2025000007029",1,9,19,2,0,0,4,1,71,1598,2,9
"2025000007030",2,21,19,8,0,0,3,1,38,12419,2,4
"2025000007030",1,9,9,6,0,0,3,2,68,2720,2,17
"2025000007031",1,9,19,0,0,0,1,1,46,1560,2,15
"2025000007031",2,19,19,0,0,0,2,1,40,1500,2,4
"2025000007032",1,21,19,0,5,0,1,1,56,12742,2,5
"2025000007033",2,1,19,4,0,0,4,1,50,-1,-1,-1
"2025000007033",1,9,19,4,0,0,1,2,49,1329,1,7
"2025000007034",1,9,15,0,1,0,4,1,23,1984,1,17
"2025000007034",2,9,19,0,0,0,3,2,23,1560,2,11
"2025000007035",2,9,99,0,0,0,1,3,-1,-1,-1,-1
"2025000007035",1,1,19,0,5,0,3,1,31,-1,-1,-1
"2025000007036",2,9,14,1,0,0,4,1,41,1500,2,1
"2025000007036",1,1,19,1,2,0,1,1,43,-1,-1,-1
"2025000007037",1,3,9,1,0,0,4,1,17,124,1,2
"2025000007037",2,1,19,1,0,0,1,1,35,-1,-1,-1
"2025000007038",1,9,19,0,1,0,1,1,21,1968,2,10
"2025000007038",2,9,4,0,0,0,3,2,32,1968,2,6
"2025000007039",1,9,19,0,5,10,1,1,22,1198,1,16
"2025000007040",2,21,19,2,1,0,2,1,27,10837,2,3
"2025000007040",1,9,19,2,1,11,1,1,39,2925,2,4
"2025000007041",1,9,19,8,0,0,1,1,18,1398,1,7
"2025000007041",2,9,19,8,1,0,4,1,69,999,1,7
"2025000007042",1,9,19,1,0,0,1,1,50,1995,2,16
"2025000007043",1,19,99,9,9,99,9,1,31,1968,2,3
"2025000007043",2,9,99,9,9,99,1,3,-1,1499,1,2
"2025000007044",1,9,6,2,0,0,3,1,18,1197,1,12
"2025000007044",2,3,13,2,2,0,1,1,50,125,1,6
"2025000007045",1,9,19,1,0,0,1,2,54,1582,2,8
"2025000007046",2,9,19,1,0,0,4,2,49,1198,1,7
"2025000007046",1,9,7,6,0,0,1,3,36,2497,2,16
"2025000007047",1,9,19,0,0,0,1,2,69,1198,1,13
"2025000007047",2,9,19,0,0,0,1,1,73,1998,1,0
"2025000007048",2,11,7,1,0,0,3,1,27,-1,3,0
"2025000007048",1,11,9,1,0,0,3,1,20,6700,2,11
"2025000007049",1,5,19,0,0,0,1,1,31,599,1,19
"2025000007050",1,9,19,2,0,0,1,1,42,1598,1,17
"2025000007051",1,19,19,8,0,0,3,3,-1,1995,2,3
"2025000007051",2,9,3,8,0,0,2,2,39,1360,1,11
"2025000007052",2,1,5,1,0,0,2,1,43,-1,-1,-1
"2025000007052",1,3,19,1,0,0,1,1,34,125,1,0
"2025000007053",2,1,19,8,5,0,4,1,26,-1,-1,-1
"2025000007053",1,9,19,8,0,0,1,3,-1,-1,-1,-1
"2025000007054",1,9,14,0,0,4,1,2,39,1240,1,17
"2025000007054",2,9,2,0,0,0,4,3,-1,2143,2,7
"2025000007055",1,9,9,5,5,10,4,1,18,1995,2,16
"2025000007056",1,9,9,4,0,0,1,1,51,-1,-1,-1
"2025000007056",2,9,19,8,0,0,1,2,48,-1,-1,-1
"2025000007057",2,9,99,9,9,99,1,1,34,1598,1,9
"2025000007057",1,3,99,9,9,99,9,1,22,125,1,4
"2025000007058",1,9,19,0,0,0,4,3,-1,-1,-1,-1
"2025000007059",1,9,19,0,0,0,1,1,51,1197,1,10
"2025000007059",2,9,3,0,0,0,2,2,72,1200,1,2
"2025000007060",1,21,9,0,0,0,1,1,49,12777,2,2
"2025000007060",2,20,19,0,0,0,1,1,65,-1,-1,-1
"2025000007061",7,9,4,0,0,0,3,1,21,1200,1,6
"2025000007061",3,9,4,0,0,0,2,2,23,1598,2,3
"2025000007061",2,9,4,0,0,0,2,1,21,1461,2,3
"2025000007061",4,9,4,0,0,0,2,2,43,1368,1,3
"2025000007061",5,19,4,0,0,0,1,1,21,1248,2,6
"2025000007061",6,9,4,0,0,0,1,1,40,1997,2,11
"2025000007061",1,9,4,0,0,0,2,1,40,1461,2,3
"2025000007062",2,9,2,2,0,0,2,1,52,1910,2,16
"2025000007062",1,5,19,5,0,4,1,-1,-1,847,1,5