"collision_index","vehicle_reference","vehicle_type","vehicle_manoeuvre","junction_location","skidding_and_overturning","hit_object_in_carriageway","first_point_of_impact","sex_of_driver","age_of_driver","engine_capacity_cc","propulsion_code","age_of_vehicle"
"2025000007292",2,-1,99,9,0,99,9,2,66,-1,-1,-1
"2025000007292",1,8,99,9,9,99,9,3,-1,-1,3,2
"2025000007293",1,9,9,8,0,0,3,2,22,1598,2,2
"2025000007293",2,9,9,6,0,0,1,2,63,999,1,2
"2025000007294",2,9,19,0,0,0,1,3,30,2967,2,12
"2025000007294",1,9,3,0,0,0,2,2,23,1395,1,4
"2025000007295",1,8,3,1,0,0,2,1,57,-1,3,6
"2025000007295",2,9,19,8,0,0,1,3,-1,-1,-1,-1
"2025000007296",1,9,19,0,0,0,1,1,21,998,1,20
"2025000007297",2,9,2,0,0,4,1,1,65,2199,2,7
"2025000007297",3,9,2,0,0,4,2,1,30,2295,1,23
"2025000007297",4,9,2,0,0,0,1,2,34,1498,1,1
"2025000007297",1,9,19,0,0,4,1,1,72,1910,2,14
"2025000007298",2,19,99,9,9,99,9,1,57,1995,2,2
"2025000007298",1,1,99,9,9,99,9,1,39,-1,-1,-1
"2025000007299",2,97,15,8,0,0,3,1,19,-1,-1,-1
"2025000007299",1,9,9,5,0,0,4,1,52,1240,1,19
"2025000007300",1,9,19,1,0,0,1,2,83,1798,1,10
"2025000007301",1,9,19,2,0,0,1,1,35,1341,1,1
"2025000007302",1,19,4,0,0,0,1,1,38,1753,2,11
"2025000007302",2,9,4,0,0,0,2,1,35,998,1,18
"2025000007303",1,9,99,9,9,99,9,3,-1,-1,-1,-1
"2025000007304",1,8,99,9,9,99,2,3,-1,1968,2,7
"2025000007305",2,3,19,0,0,0,1,1,27,125,1,2
"2025000007305",1,9,19,0,0,0,1,1,33,1395,1,4
"2025000007306",2,9,99,9,9,99,9,3,-1,1597,1,12
"2025000007306",1,3,99,9,9,99,9,1,25,125,1,7
"2025000007307",1,9,19,8,2,0,4,1,46,2499,1,18
"2025000007308",1,3,99,9,9,99,2,1,23,124,1,13
"2025000007308",2,3,99,9,9,99,1,3,24,125,1,4
"2025000007309",1,9,19,4,0,0,1,1,66,2400,12,5
"2025000007310",1,9,99,9,9,99,1,3,53,1595,1,10
"2025000007311",1,9,5,1,0,0,1,2,22,1248,2,13
"2025000007311",2,9,19,1,0,0,4,1,68,1349,1,14
"2025000007312",1,9,4,4,0,9,1,2,24,999,1,5
"2025000007313",2,9,19,1,0,0,1,1,52,2204,2,15
"2025000007313",1,9,9,1,0,0,1,2,21,1242,1,9
"2025000007314",2,9,19,0,0,0,0,1,75,1997,2,7
"2025000007314",1,4,19,0,2,10,1,1,41,471,1,8
"2025000007315",2,1,19,1,0,0,1,1,63,-1,-1,-1
"2025000007315",1,9,9,6,0,0,1,2,19,998,1,7
"2025000007316",2,9,3,1,0,0,1,3,-1,-1,-1,-1
"2025000007316",1,9,4,1,0,0,1,3,22,1329,1,9
"2025000007317",1,9,19,2,0,0,3,1,55,1995,2,1
"2025000007317",2,19,11,2,0,0,1,1,41,1995,2,3
"2025000007318",2,19,19,0,1,0,1,1,31,1598,2,5
"2025000007318",1,9,6,0,1,0,3,1,30,1998,1,18
"2025000007319",1,9,9,8,0,0,1,1,27,1999,2,7
"2025000007319",2,3,14,8,0,0,1,1,22,125,1,2
"2025000007320",2,3,19,1,0,0,1,1,39,125,1,4
"2025000007320",1,9,12,1,0,0,2,2,50,1198,1,8
"2025000007321",1,9,19,0,1,0,4,1,19,1796,1,13
"2025000007322",2,9,99,9,9,99,1,1,28,-1,-1,-1
"2025000007322",1,9,99,9,9,99,2,1,30,1398,1,5
"2025000007323",1,9,7,8,0,0,3,2,57,-1,-1,-1
"2025000007323",2,9,19,1,1,0,1,1,56,1560,2,15
"2025000007324",1,9,4,0,0,0,0,3,-1,-1,-1,-1
"2025000007324",2,11,4,0,0,0,0,1,38,8268,2,14
"2025000007325",1,9,19,8,0,0,1,1,45,-1,-1,-1
"2025000007326",1,9,19,0,0,0,1,1,72,1497,1,21
"2025000007327",1,9,99,0,9,99,2,1,25,998,1,19
"2025000007327",2,9,99,0,9,99,9,1,51,1995,2,4
"2025000007328",1,9,19,0,2,0,1,1,19,1399,1,5
"2025000007329",2,9,9,0,0,0,3,1,67,-1,-1,-1
"2025000007329",1,23,13,0,0,0,4,1,24,-1,3,0
"2025000007330",1,19,19,0,0,0,1,1,50,1968,2,4
"2025000007330",2,9,8,0,0,0,2,2,28,999,1,0
"2025000007331",1,9,19,8,0,0,1,1,58,-1,-1,-1
"2025000007331",2,9,10,8,0,0,2,2,35,1997,2,13
"2025000007332",1,9,19,1,0,0,1,2,51,999,1,4
"2025000007332",2,9,19,1,0,0,1,2,42,1248,1,7
"2025000007333",1,1,19,1,0,0,3,1,21,-1,-1,-1
"2025000007333",2,9,4,1,0,0,4,2,54,998,1,13
"2025000007334",1,11,19,1,0,0,0,1,67,4500,2,11
"2025000007335",2,9,19,0,0,0,3,1,43,1998,8,6
"2025000007335",1,9,12,0,0,0,1,1,83,1951,2,21
"2025000007336",1,11,19,9,0,0,9,1,51,9000,2,10
"2025000007337",1,9,9,4,0,0,3,1,46,1596,1,9
"2025000007337",2,98,12,8,0,0,4,1,-1,-1,-1,-1
"2025000007338",2,1,19,1,0,0,3,1,65,-1,-1,-1
"2025000007338",1,9,19,1,0,0,1,2,44,1798,8,9
"2025000007339",1,9,99,9,9,99,9,1,27,1198,1,10
"2025000007339",2,9,99,9,9,99,9,3,-1,1968,2,5
"2025000007340",1,3,99,9,9,99,2,2,25,113,1,1
"2025000007340",2,9,99,9,9,99,1,3,-1,1332,8,1
"2025000007341",1,11,2,1,0,0,0,2,39,6700,2,9
"2025000007342",2,1,19,3,0,0,3,1,43,-1,-1,-1
"2025000007342",1,9,5,4,0,0,1,2,65,1398,1,2
"2025000007343",2,19,4,1,0,0,1,1,32,2143,2,4
"2025000007343",1,11,19,2,0,0,1,1,48,5132,2,2
"2025000007344",3,19,19,2,0,0,4,3,-1,-1,-1,-1
"2025000007344",1,9,12,2,0,0,3,1,65,1364,1,16
"2025000007344",2,9,4,2,0,0,0,2,-1,-1,-1,-1
"2025000007345",2,3,19,0,0,0,2,1,31,-1,-1,-1
"2025000007345",1,9,19,0,0,0,1,1,26,-1,-1,-1
"2025000007346",1,19,19,0,0,0,1,1,22,1560,2,1
"2025000007346",2,19,19,0,0,0,2,1,36,2299,2,2
"2025000007346",3,19,19,0,0,0,2,1,30,1598,2,3
"2025000007347",3,10,10,8,0,0,0,3,-1,-1,-1,-1
"2025000007347",1,9,9,8,0,0,1,1,54,1598,1,8
"2025000007347",2,19,19,8,0,0,3,1,38,2402,2,13
"2025000007348",2,9,9,1,0,0,1,2,26,1398,1,12
"2025000007348",1,3,19,1,0,0,3,1,32,125,1,2
"2025000007349",1,19,15,1,0,0,3,1,73,2198,2,10
"2025000007350",1,9,19,0,0,0,-1,3,-1,-1,-1,-1
"2025000007350",2,9,19,0,1,0,3,2,29,1968,2,0
"2025000007351",1,19,19,1,0,0,3,1,25,1968,2,3
"2025000007351",2,4,19,1,0,0,3,1,63,499,1,17
"2025000007352",3,9,2,0,0,0,1,3,-1,1200,1,4
"2025000007352",1,9,19,0,0,0,4,1,18,1995,2,5
"2025000007352",2,9,2,0,0,0,3,3,-1,1995,2,2
"2025000007353",1,9,19,4,0,0,1,3,-1,-1,-1,-1
"2025000007353",2,1,19,8,0,0,4,1,24,-1,-1,-1
"2025000007354",1,9,13,0,0,0,2,2,30,2488,8,2
"2025000007354",2,9,13,0,0,0,1,1,53,1248,1,12
"2025000007355",1,9,7,8,1,0,1,2,21,1242,1,14
"2025000007356",2,9,2,0,0,0,0,3,-1,-1,-1,-1
"2025000007356",3,9,2,0,0,0,0,3,-1,-1,-1,-1
"2025000007356",1,9,19,0,0,0,0,1,22,-1,-1,-1
"2025000007357",3,9,4,1,0,0,2,2,62,1388,1,13
"2025000007357",2,9,4,1,0,0,2,2,29,1560,2,9
"2025000007357",4,9,10,8,0,0,2,2,34,1956,2,10
"2025000007357",1,19,19,1,1,0,1,1,23,2299,2,4
"2025000007358",1,9,19,0,1,0,3,1,71,2495,2,30
"2025000007358",2,11,19,0,0,0,1,1,64,6700,2,9
"2025000007359",2,19,2,0,0,0,2,1,45,1560,2,8
"2025000007359",1,9,19,0,0,4,1,1,86,1560,2,13
"2025000007360",1,98,19,0,0,0,1,1,45,-1,-1,-1
"2025000007361",1,9,10,9,9,99,9,2,27,-1,-1,-1
"2025000007361",2,97,19,9,0,99,9,1,-1,-1,-1,-1
"2025000007362",2,9,99,9,9,99,9,1,45,1341,1,17
"2025000007362",1,9,99,9,9,99,9,1,35,1956,2,9
"2025000007363",2,9,19,0,0,0,0,-1,-1,-1,-1,-1
"2025000007363",1,9,19,0,0,10,1,1,59,-1,-1,-1
"2025000007364",1,19,19,0,0,0,1,1,23,-1,-1,-1
"2025000007364",2,9,4,0,0,0,2,1,32,1997,2,13
"2025000007365",2,98,99,9,9,99,9,3,-1,-1,-1,-1
"2025000007365",1,8,99,9,9,99,9,1,35,-1,3,2
"2025000007366",1,9,5,6,1,0,1,2,22,1968,2,3
"2025000007366",2,19,19,8,0,0,3,1,49,2198,2,5
"2025000007367",2,9,19,1,0,0,1,1,25,1364,1,13
"2025000007367",1,9,4,2,0,0,1,1,64,1598,1,12
"2025000007368",2,3,19,1,0,0,1,1,31,124,1,2
"2025000007368",1,9,9,8,0,0,3,1,36,1498,1,8
"2025000007369",2,9,5,0,0,0,2,2,33,1461,2,7
"2025000007369",1,9,19,0,0,0,1,1,55,1598,2,9
"2025000007370",3,9,3,0,0,0,2,1,-1,-1,3,0
"2025000007370",2,9,3,0,0,0,2,1,45,1388,1,11
"2025000007370",1,11,3,0,0,0,1,1,32,6370,2,13
"2025000007371",2,9,19,1,0,0,1,1,42,1968,2,5
"2025000007371",1,9,-1,-1,-1,-1,-1,3,-1,1997,2,14
"2025000007372",2,9,5,0,0,0,1,2,35,1598,1,13
"2025000007372",1,9,19,0,5,0,1,1,60,1596,1,12
"2025000007373",1,5,19,0,0,0,1,1,41,1254,1,1
"2025000007374",2,8,99,9,9,99,9,1,62,1364,1,6
"2025000007374",1,1,99,9,9,99,9,3,29,-1,-1,-1
"2025000007375",1,21,12,8,0,0,3,3,-1,-1,-1,-1
"2025000007375",2,9,19,8,0,0,4,2,33,1598,1,18
"2025000007376",1,11,19,6,0,0,1,1,43,6700,2,3
"2025000007376",2,9,5,8,0,0,4,1,37,1598,2,6
"2025000007377",2,19,19,0,0,0,2,1,48,2198,2,5
"2025000007377",1,9,19,0,0,0,1,1,41,1229,1,10
"2025000007378",1,9,9,8,0,0,1,1,23,-1,-1,-1
"2025000007378",2,1,19,8,0,0,4,1,69,-1,-1,-1
"2025000007379",1,9,19,0,0,0,1,2,26,1598,2,10
"2025000007380",2,9,19,1,0,0,4,2,51,1968,2,9
"2025000007380",1,9,19,1,0,0,1,1,35,2967,2,13
"2025000007381",1,9,19,0,0,0,3,1,38,1995,1,14
"2025000007381",2,9,19,0,0,0,3,1,56,1797,8,8
"2025000007382",1,3,99,9,9,99,1,3,-1,125,1,3
"2025000007383",1,9,9,1,0,0,1,1,30,1461,2,7
"2025000007383",2,8,5,1,0,0,3,1,38,2487,8,2
"2025000007384",2,1,4,1,0,0,1,1,45,-1,-1,-1
"2025000007384",1,9,1,1,0,0,2,1,31,2993,2,3
"2025000007384",3,1,4,1,0,0,1,2,48,-1,-1,-1
"2025000007385",1,9,11,3,0,0,4,1,75,1598,1,14
"2025000007385",2,4,19,8,0,0,3,1,19,124,1,5
"2025000007386",1,9,5,6,0,0,3,1,35,-1,-1,-1
"2025000007386",2,19,19,1,0,0,1,2,47,2298,2,6
"2025000007387",1,21,4,1,0,0,1,1,-1,-1,-1,-1
"2025000007387",2,90,4,1,0,0,2,2,30,2287,2,5
"2025000007388",4,9,2,0,0,0,1,3,-1,1461,2,9
"2025000007388",3,9,2,0,0,0,1,3,-1,1596,1,13
"2025000007388",1,11,19,0,0,0,3,1,32,4500,2,10
"2025000007388",2,19,2,0,0,0,1,3,-1,2198,2,8
"2025000007389",2,9,19,0,0,0,3,1,49,1246,1,14
"2025000007389",1,5,13,0,0,0,3,1,25,599,1,17
"2025000007390",1,9,19,0,0,0,4,2,40,1984,1,21
"2025000007391",1,9,14,0,0,0,1,3,-1,-1,-1,-1
"2025000007392",1,9,7,6,0,7,1,1,81,1598,1,16
"2025000007393",1,9,14,0,0,0,4,1,-1,-1,-1,-1
"2025000007394",1,9,9,8,0,10,1,2,20,1248,1,11
"2025000007395",1,9,19,4,0,0,1,2,48,1396,1,14
"2025000007395",2,-1,19,8,0,0,1,1,-1,-1,-1,-1
"2025000007396",1,20,19,0,0,0,2,3,-1,-1,-1,-1
"2025000007397",2,9,9,5,0,0,0,3,-1,-1,-1,-1
"2025000007397",1,11,19,1,0,0,0,1,53,6692,2,13
"2025000007398",2,-1,19,1,0,0,1,2,24,-1,-1,-1
"2025000007398",1,1,7,8,0,0,1,1,24,-1,-1,-1
"2025000007399",3,9,3,1,0,0,2,1,25,1991,1,9
"2025000007399",5,10,19,2,0,0,1,1,35,-1,-1,-1
"2025000007399",4,9,19,2,0,0,2,2,-1,1598,2,10
"2025000007399",2,9,4,1,0,0,2,1,41,1998,1,6
"2025000007399",1,21,19,1,0,0,1,1,59,4485,2,7
"2025000007400",1,8,19,5,0,0,1,1,21,2143,2,4
"2025000007401",1,9,13,0,0,0,1,1,27,-1,-1,-1
"2025000007401",2,9,9,0,0,0,3,2,46,2143,2,5
"2025000007402",1,9,9,3,1,10,1,1,19,1596,1,17
"2025000007403",2,9,11,0,0,0,4,3,-1,1498,1,3
"2025000007403",1,9,19,0,0,0,3,2,18,1198,1,10
"2025000007404",2,9,3,1,0,0,2,2,38,1461,2,6
"2025000007404",1,9,19,1,0,0,1,2,29,1798,1,13
"2025000007405",1,9,19,0,0,0,1,1,33,998,1,22
"2025000007405",3,9,19,0,0,0,2,1,37,1968,2,12
"2025000007405",2,19,19,0,0,0,2,1,53,1560,2,4
"2025000007406",1,19,19,0,0,0,4,1,65,-1,-1,-1
"2025000007407",1,9,99,9,9,99,1,3,-1,-1,-1,-1
"2025000007408",3,9,2,1,0,0,2,3,-1,-1,-1,-1
"2025000007408",2,9,19,1,0,0,3,1,30,1950,2,2
"2025000007408",1,9,14,1,0,0,4,1,41,2143,2,6
"2025000007409",1,11,4,0,0,0,1,1,55,6700,2,7
"2025000007409",2,11,2,0,0,0,2,2,30,6700,2,7
"2025000007410",2,8,9,6,0,0,4,1,57,1798,8,3
"2025000007410",1,11,19,8,0,0,1,1,26,4500,2,8
"2025000007411",2,5,19,0,5,0,4,1,22,689,1,7
"2025000007411",1,9,11,0,0,0,3,1,36,1399,2,15
"2025000007412",2,9,5,0,0,8,4,1,39,1968,2,11
"2025000007412",1,11,19,0,0,8,1,2,60,4500,2,5
"2025000007413",2,21,19,0,0,0,1,1,31,16353,2,3
"2025000007413",1,9,19,0,1,0,2,2,21,1397,1,14
"2025000007414",2,1,19,1,1,0,0,2,55,-1,-1,-1
"2025000007414",1,9,5,1,0,0,0,1,56,1998,8,5
"2025000007415",1,9,1,0,0,0,2,1,36,1956,2,11
"2025000007416",2,1,19,1,0,0,1,1,15,-1,-1,-1
"2025000007416",1,9,19,1,0,0,1,2,27,1560,2,5
"2025000007417",1,9,19,0,2,0,1,1,38,4196,1,25
"2025000007418",2,9,5,8,0,0,1,1,39,1339,1,11
"2025000007418",1,3,19,1,1,0,1,1,19,124,1,3
"2025000007419",1,19,9,2,0,0,4,1,34,1995,2,1
"2025000007419",2,11,19,1,0,0,1,1,56,6700,2,2
"2025000007420",1,9,6,1,0,0,2,2,32,1390,1,11
"2025000007420",2,1,19,1,2,0,1,1,30,-1,-1,-1
"2025000007421",2,1,19,6,0,0,1,1,54,-1,-1,-1
"2025000007421",1,19,9,6,0,0,1,1,64,1995,2,4
"2025000007422",1,9,19,0,0,0,1,1,53,1910,2,17
"2025000007423",2,98,19,0,0,0,2,1,51,-1,-1,-1
"2025000007423",1,21,19,0,1,0,1,1,64,5880,2,10
"2025000007424",1,9,5,1,0,0,3,1,66,1399,2,12
"2025000007424",2,23,19,1,2,0,1,1,26,-1,-1,-1
"2025000007425",2,9,19,1,0,0,1,1,49,2198,2,11
"2025000007425",1,9,5,1,0,0,2,1,77,998,1,24
"2025000007426",1,9,19,1,0,4,1,2,32,1968,2,16
"2025000007426",2,9,2,1,0,0,1,1,59,1388,1,7
"2025000007427",1,21,19,0,0,0,1,1,-1,12777,2,1
"2025000007428",1,21,19,8,5,0,0,1,38,12809,2,5
"2025000007429",1,9,19,1,0,0,-1,1,77,3199,1,17
"2025000007430",2,9,19,0,1,0,1,1,47,-1,3,1
"2025000007430",1,8,19,0,1,0,1,1,63,1461,2,8
"2025000007431",1,1,19,0,0,0,1,1,49,-1,-1,-1
"2025000007432",2,9,19,1,0,0,4,1,42,1968,2,17
"2025000007432",1,9,9,6,0,0,4,2,71,998,1,7
"2025000007433",1,9,2,0,0,0,0,3,-1,1995,2,10
"2025000007433",2,1,19,0,0,0,1,1,32,-1,-1,-1
"2025000007434",4,9,19,0,0,0,2,1,30,1968,2,14
"2025000007434",1,19,12,0,0,0,1,1,30,2198,2,8
"2025000007434",2,9,19,0,0,0,2,2,25,-1,-1,-1
"2025000007434",3,9,19,0,0,0,2,1,27,1968,2,12
"2025000007435",1,9,1,8,0,0,2,1,53,1968,2,9
"2025000007436",2,9,5,6,0,0,3,1,53,2000,2,13
"2025000007436",1,9,19,1,1,4,1,1,23,1968,2,9
"2025000007437",2,19,13,0,0,0,4,1,50,2143,2,3
"2025000007437",1,-1,19,0,0,0,3,1,23,-1,-1,-1
"2025000007438",1,9,7,1,0,11,1,1,23,1242,1,17
"2025000007439",1,9,5,0,0,0,1,2,55,898,1,2
"2025000007439",2,2,19,0,5,0,4,1,16,49,1,6
"2025000007440",1,9,19,1,0,0,1,2,76,-1,-1,-1
"2025000007441",1,9,19,1,0,0,4,2,20,1360,1,23
"2025000007441",2,9,9,6,0,0,3,1,23,999,1,6
"2025000007442",1,9,4,1,0,0,2,2,50,1364,1,13
"2025000007442",2,9,3,1,0,0,1,2,46,1598,1,10
"2025000007443",1,8,19,0,0,0,1,3,-1,1798,7,10
"2025000007444",2,9,3,4,0,0,2,1,19,999,1,5
"2025000007444",1,9,3,4,0,0,2,2,37,1398,1,12
"2025000007444",3,9,4,4,0,4,1,3,-1,2720,2,17
"2025000007445",1,9,19,0,0,0,1,2,71,1499,2,9
"2025000007445",2,9,19,0,0,0,1,1,18,1242,1,17
"2025000007446",2,19,4,0,0,0,2,1,39,2198,2,7
"2025000007446",1,9,19,0,0,0,1,1,27,1242,1,10
"2025000007447",2,11,-1,0,-1,-1,0,1,31,7300,2,11
"2025000007447",1,9,19,0,-1,-1,-1,3,-1,-1,-1,-1
"2025000007448",2,9,10,1,0,0,2,1,36,1248,1,6
"2025000007448",1,9,5,1,0,0,1,3,-1,-1,-1,-1
"2025000007449",2,9,9,6,0,0,3,1,-1,1995,2,4
"2025000007449",1,9,19,1,0,0,1,2,30,1999,2,6
"2025000007450",2,9,99,9,9,99,0,3,-1,-1,-1,-1
"2025000007450",1,3,99,9,9,99,1,1,18,125,1,4
"2025000007451",1,9,99,9,9,99,2,1,48,-1,-1,-1
"2025000007452",1,9,19,0,0,0,1,2,80,-1,3,4
"2025000007453",2,9,19,8,1,0,1,2,54,1461,2,5
"2025000007453",1,21,5,6,0,0,0,1,61,10677,2,3
"2025000007454",1,9,19,0,2,10,1,1,22,4999,1,4
"2025000007455",1,9,5,0,0,0,1,2,78,1498,1,12
"2025000007456",1,9,9,0,0,0,1,1,19,1598,1,11
"2025000007456",2,5,19,0,0,0,3,1,59,937,1,1
"2025000007457",2,9,19,8,0,0,0,2,-1,1500,2,3
"2025000007457",1,2,9,1,1,0,0,1,24,125,1,5
"2025000007458",1,9,9,1,0,0,1,3,-1,-1,-1,-1
"2025000007458",2,1,19,1,0,0,1,1,16,-1,-1,-1
"2025000007459",1,9,19,3,0,10,1,1,18,-1,-1,-1
"2025000007460",2,11,5,0,0,0,-1,1,35,6700,2,6
"2025000007460",1,9,19,0,0,0,-1,3,-1,2993,2,9
"2025000007461",2,5,10,1,0,0,2,1,29,782,1,16
"2025000007461",1,9,19,1,0,0,1,1,-1,-1,-1,-1
"2025000007462",2,9,19,1,0,0,1,1,66,1596,1,12
"2025000007462",1,9,9,6,0,0,4,1,41,2967,2,6
"2025000007463",2,9,99,9,9,99,9,2,36,1498,1,18
"2025000007463",1,9,99,9,9,99,1,1,30,1998,1,17
"2025000007464",1,9,5,8,0,0,1,3,-1,-1,-1,-1
"2025000007465",2,9,19,8,0,10,1,2,19,1499,1,5
"2025000007465",1,19,9,5,0,0,1,1,58,-1,-1,-1
"2025000007466",1,9,19,4,0,0,4,3,-1,2993,2,11
"2025000007466",2,1,19,4,0,0,3,1,22,-1,-1,-1
"2025000007467",2,9,19,0,0,0,1,2,26,998,1,14
"2025000007467",3,9,19,0,0,0,2,1,62,-1,-1,-1
"2025000007467",1,9,13,0,5,0,1,1,22,1498,1,6
"2025000007468",1,9,19,0,1,0,2,1,20,1395,1,5
"2025000007469",1,9,9,1,0,4,1,1,52,1995,1,16
"2025000007469",2,9,19,1,0,0,4,2,28,1598,2,4
"2025000007469",3,9,2,2,0,0,3,3,-1,4806,1,11
"2025000007470",1,9,-1,0,-1,-1,-1,2,17,-1,-1,-1
"2025000007470",2,9,-1,0,-1,-1,-1,2,78,1339,1,7
"2025000007471",2,9,3,8,0,0,3,1,68,2143,2,7
"2025000007471",1,3,13,4,0,0,4,1,19,124,1,6
"2025000007472",3,19,10,6,0,0,1,1,26,1598,2,12
"2025000007472",1,9,9,5,5,0,4,1,25,1242,1,5
"2025000007472",2,9,19,8,0,0,1,2,18,1388,1,10
"2025000007473",1,9,19,0,0,0,1,2,62,1461,2,9
"2025000007474",2,9,19,8,0,0,1,1,56,1950,2,3
"2025000007474",1,19,9,6,0,0,0,1,31,2198,2,11
"2025000007475",2,9,19,8,1,0,1,1,32,2967,2,0
"2025000007475",1,9,5,4,0,0,4,2,57,1596,1,6
"2025000007476",2,9,9,8,5,0,3,2,24,999,1,3
"2025000007476",1,9,19,8,0,0,1,1,39,1595,1,13
"2025000007477",2,1,10,8,0,0,2,2,28,-1,-1,-1
"2025000007477",1,9,15,8,0,0,4,3,-1,-1,-1,-1
"2025000007478",1,9,19,0,0,0,1,2,29,-1,-1,-1
"2025000007479",2,9,19,2,0,0,2,2,39,1461,2,10
"2025000007479",1,9,9,6,0,0,1,2,59,1398,1,5
"2025000007480",1,3,99,9,9,99,9,1,23,125,1,1
"2025000007480",2,9,99,9,9,99,9,3,-1,1229,1,8
"2025000007481",1,9,-1,-1,-1,-1,-1,3,-1,-1,-1,-1
"2025000007481",2,1,7,3,5,0,4,1,49,-1,-1,-1
"2025000007482",1,9,19,2,0,0,1,1,37,998,1,16
"2025000007483",1,1,19,9,9,99,9,1,29,-1,-1,-1
"2025000007483",2,9,11,9,9,99,9,3,-1,-1,3,0
"2025000007484",2,5,19,1,1,0,1,1,31,799,1,2
"2025000007484",1,9,9,6,0,0,1,2,57,3342,1,4
"2025000007485",2,9,7,6,2,0,1,1,25,1950,2,8
"2025000007485",1,9,19,8,0,0,1,2,29,1987,8,1
"2025000007486",1,11,7,6,0,0,0,1,43,-1,3,3
"2025000007486",2,1,19,8,0,0,0,2,24,-1,-1,-1
"2025000007487",1,1,19,0,0,0,0,1,17,-1,-1,-1
"2025000007488",1,9,13,0,0,0,1,1,33,1968,2,14
"2025000007488",2,9,3,0,0,0,2,2,54,1200,1,5
"2025000007489",1,1,99,9,9,99,9,2,46,-1,-1,-1
"2025000007489",2,19,99,9,9,99,0,3,-1,-1,-1,-1
"2025000007490",3,9,2,0,0,0,4,3,-1,-1,-1,-1
"2025000007490",4,9,2,0,0,0,4,3,-1,998,1,9
"2025000007490",1,9,19,0,5,4,1,2,39,999,1,1
"2025000007490",2,9,2,0,0,0,1,3,-1,2996,1,14
"2025000007491",3,9,3,0,0,0,2,1,60,1498,8,0
"2025000007491",1,9,4,0,0,0,1,2,50,1499,2,0
"2025000007491",2,9,3,0,0,0,2,2,52,1199,1,3
"2025000007492",1,9,19,0,0,0,4,2,42,2495,2,22
"2025000007492",2,9,19,0,0,0,4,2,52,1598,1,13
"2025000007493",2,9,9,8,0,0,2,1,34,2143,12,9
"2025000007493",1,9,15,8,0,0,1,1,24,1956,2,8
"2025000007494",2,9,4,0,0,0,2,1,35,1598,2,3
"2025000007494",1,9,19,0,0,0,1,1,43,1991,8,2
"2025000007495",1,9,19,2,0,0,1,1,88,1461,2,7
"2025000007496",1,9,7,6,0,0,3,2,31,1968,2,8
"2025000007496",2,1,19,8,0,0,1,1,52,-1,-1,-1
"2025000007497",1,1,19,8,0,0,1,1,31,-1,-1,-1
"2025000007498",1,9,19,1,0,0,-1,1,17,1368,1,12
"2025000007499",1,9,19,2,0,0,3,3,-1,-1,-1,-1
"2025000007499",2,9,19,1,1,0,4,2,29,1999,1,14
"2025000007500",1,19,20,4,0,0,1,1,49,1995,2,2
"2025000007500",2,9,19,4,0,0,2,2,24,1248,1,12
"2025000007501",2,1,19,3,0,0,-1,1,34,-1,-1,-1
"2025000007501",1,9,19,3,0,0,-1,3,-1,1200,1,6
"2025000007502",2,9,99,9,9,99,9,3,-1,1796,1,15
"2025000007502",1,3,99,9,9,99,1,1,29,125,1,2
"2025000007503",1,9,5,8,0,4,2,1,34,1598,1,14
"2025000007503",3,9,4,8,0,0,3,1,-1,1499,2,1
"2025000007503",4,9,4,8,0,0,1,1,27,1341,1,3
"2025000007503",2,3,4,8,0,0,3,1,39,125,1,9
"2025000007504",2,9,19,1,0,0,1,1,-1,2495,2,26
"2025000007504",1,9,3,1,0,0,2,2,21,1368,1,12
"2025000007505",1,9,19,0,1,0,1,1,18,1398,1,8
"2025000007506",1,11,19,2,0,0,1,1,59,5132,2,7
"2025000007507",2,9,5,4,0,0,1,1,54,1797,8,10
"2025000007507",1,1,19,4,0,0,4,1,23,-1,-1,-1
"2025000007508",1,9,19,8,5,7,1,1,30,1796,1,16
"2025000007508",2,19,19,1,0,0,3,1,41,1995,2,1
"2025000007509",1,9,7,1,0,0,1,2,69,1968,2,7
"2025000007510",2,9,19,7,9,0,1,3,-1,999,1,4
"2025000007510",1,9,3,1,0,0,2,2,47,1149,1,12
"2025000007511",1,20,9,2,0,0,0,1,54,2999,2,3
"2025000007511",2,9,19,1,0,0,1,1,38,1798,1,13
"2025000007512",2,3,19,2,0,0,1,1,39,1170,1,17
"2025000007512",1,9,6,1,0,0,4,1,76,1796,1,19
"2025000007513",1,9,19,0,2,0,1,2,19,1248,1,7
"2025000007514",2,8,19,0,0,0,2,1,59,1968,2,7
"2025000007514",1,9,19,0,0,0,1,1,29,1596,1,12
"2025000007515",1,19,1,0,0,0,2,3,-1,1560,2,11
"2025000007515",2,9,19,0,0,0,1,2,31,1248,1,10
"2025000007516",1,9,19,0,0,0,3,1,47,899,1,7
"2025000007517",1,9,3,4,0,0,1,1,-1,1998,8,2
"2025000007517",2,5,19,4,0,0,2,1,46,2340,1,28
"2025000007518",2,9,19,7,1,0,1,1,42,1560,2,10
"2025000007518",1,9,11,7,0,0,2,1,41,1598,1,12
"2025000007519",2,9,7,0,0,0,2,1,59,898,1,5
"2025000007519",1,9,19,0,0,0,1,1,30,-1,-1,-1
"2025000007520",2,4,19,0,0,10,1,1,41,798,1,15