"collision_index","vehicle_reference","vehicle_type","vehicle_manoeuvre","junction_location","skidding_and_overturning","hit_object_in_carriageway","first_point_of_impact","sex_of_driver","age_of_driver","engine_capacity_cc","propulsion_code","age_of_vehicle"
"2025000007520",1,19,11,0,0,0,4,1,61,1598,2,4
"2025000007521",2,1,19,1,2,0,1,1,19,-1,-1,-1
"2025000007521",1,9,9,6,0,0,1,1,53,1332,1,2
"2025000007522",1,21,19,0,0,11,1,1,29,10677,2,2
"2025000007523",1,9,19,1,0,0,3,2,44,1364,1,7
"2025000007523",2,9,2,1,0,0,3,1,41,1461,2,15
"2025000007524",1,9,7,6,0,0,4,2,29,1595,1,6
"2025000007524",2,-1,19,8,9,0,1,3,-1,-1,-1,-1
"2025000007525",2,9,3,0,0,0,2,2,61,1490,1,0
"2025000007525",1,9,19,0,0,0,1,1,-1,-1,-1,-1
"2025000007526",2,9,9,8,0,0,2,1,37,1968,2,4
"2025000007526",1,9,19,8,0,0,1,1,37,1560,2,11
"2025000007527",1,2,5,8,2,0,3,1,33,313,1,4
"2025000007527",2,19,9,8,0,0,3,3,-1,1968,2,7
"2025000007528",2,9,4,0,0,0,2,1,22,1968,2,7
"2025000007528",1,9,19,0,0,0,1,3,-1,1896,2,17
"2025000007529",1,9,19,9,9,99,9,3,-1,999,1,3
"2025000007530",1,9,5,0,0,0,1,1,56,1968,2,16
"2025000007531",1,9,19,0,5,0,4,1,79,1896,2,15
"2025000007531",2,9,2,0,0,0,1,3,-1,1197,1,11
"2025000007532",1,9,3,0,0,0,1,1,30,1590,1,19
"2025000007532",2,9,1,0,0,0,2,1,-1,2967,2,7
"2025000007533",2,9,8,1,0,0,2,2,25,898,1,8
"2025000007533",1,9,5,1,0,0,1,2,46,1395,1,5
"2025000007534",1,9,19,0,0,0,1,2,85,1197,8,2
"2025000007534",2,9,19,0,0,0,1,1,35,1339,1,17
"2025000007535",1,9,4,0,0,0,2,1,42,1797,8,12
"2025000007535",2,3,19,0,0,0,1,1,27,125,1,3
"2025000007536",2,9,7,8,0,0,1,3,-1,-1,-1,-1
"2025000007536",1,11,19,1,0,0,0,1,39,6700,2,8
"2025000007537",1,9,19,0,0,0,1,1,82,2148,2,13
"2025000007538",1,19,19,0,0,0,4,3,-1,-1,-1,-1
"2025000007539",2,9,2,1,0,0,4,1,34,1248,1,11
"2025000007539",1,9,1,1,0,4,2,2,52,1296,1,18
"2025000007540",2,9,2,0,0,0,4,2,49,1685,2,5
"2025000007540",1,9,14,0,0,0,1,1,72,1388,1,15
"2025000007541",2,3,4,0,0,0,3,1,25,124,1,1
"2025000007541",1,9,19,0,0,0,0,2,28,1598,2,6
"2025000007542",1,9,19,1,0,4,1,1,27,1242,1,6
"2025000007542",2,9,2,1,0,0,1,3,-1,2494,1,17
"2025000007543",1,9,99,9,9,99,9,2,67,1330,8,10
"2025000007543",2,9,99,9,9,99,9,3,52,2967,2,17
"2025000007544",1,20,19,0,0,0,2,1,62,2287,2,4
"2025000007544",2,19,19,0,0,0,1,1,40,-1,-1,-1
"2025000007545",2,1,19,0,0,0,1,1,24,-1,-1,-1
"2025000007545",1,8,6,0,0,0,2,1,26,1797,8,7
"2025000007546",1,9,4,0,2,11,3,1,18,1240,1,18
"2025000007547",2,1,19,8,5,0,1,2,43,-1,-1,-1
"2025000007547",1,9,19,8,0,0,4,1,44,-1,-1,-1
"2025000007548",1,19,19,1,1,0,1,1,40,2298,2,7
"2025000007548",2,9,3,1,0,0,2,1,32,1995,2,16
"2025000007549",2,9,4,0,0,0,2,1,79,999,1,3
"2025000007549",1,5,19,0,2,0,1,2,61,1251,1,4
"2025000007550",1,9,19,1,0,0,1,1,83,998,1,12
"2025000007551",1,19,19,8,0,0,4,2,30,-1,-1,-1
"2025000007552",1,9,19,0,0,11,0,2,30,1388,1,14
"2025000007553",1,9,19,1,5,0,1,1,17,1124,1,18
"2025000007554",2,9,5,1,0,0,1,2,37,-1,-1,-1
"2025000007554",3,9,2,1,0,0,3,3,-1,1968,2,11
"2025000007554",1,4,19,1,2,0,1,1,19,125,1,5
"2025000007555",1,9,9,1,0,0,1,1,54,-1,-1,-1
"2025000007555",2,9,19,1,0,0,1,1,75,-1,-1,-1
"2025000007556",1,9,19,0,0,0,1,1,23,1229,1,17
"2025000007557",2,9,19,1,0,0,1,1,43,1984,1,15
"2025000007557",1,9,5,1,0,0,2,2,17,1686,2,13
"2025000007558",1,9,5,6,0,0,3,2,61,1248,2,9
"2025000007558",2,5,19,8,0,0,1,1,38,689,1,0
"2025000007559",2,9,19,4,0,0,3,2,26,1686,2,10
"2025000007559",1,9,19,3,1,0,1,1,26,2987,2,4
"2025000007560",1,9,19,1,0,0,1,3,-1,-1,-1,-1
"2025000007561",2,1,19,8,0,0,3,1,16,-1,-1,-1
"2025000007561",1,9,9,8,0,0,3,2,50,1598,1,11
"2025000007562",2,3,19,1,0,0,3,1,-1,124,1,17
"2025000007562",1,9,10,1,0,0,4,2,32,1969,2,7
"2025000007563",1,9,19,8,0,0,3,2,19,999,1,3
"2025000007563",2,9,9,8,0,0,1,1,28,1598,1,14
"2025000007564",1,9,19,2,0,0,4,2,-1,1332,1,4
"2025000007565",2,9,-1,-1,-1,-1,-1,1,23,1595,1,8
"2025000007565",1,9,-1,-1,-1,-1,-1,1,-1,1498,1,0
"2025000007566",1,9,5,6,0,0,1,2,88,1499,1,4
"2025000007566",2,9,19,1,0,0,4,2,55,999,1,7
"2025000007567",1,9,19,0,2,0,1,1,58,-1,-1,-1
"2025000007568",1,9,19,1,0,0,1,1,17,1242,1,15
"2025000007568",2,9,19,1,0,0,1,2,60,1968,2,11
"2025000007569",2,9,9,8,0,0,1,3,25,1995,2,17
"2025000007569",1,1,19,1,0,0,1,1,35,-1,-1,-1
"2025000007570",1,9,19,8,0,0,4,1,58,1242,1,18
"2025000007570",2,9,19,1,0,0,1,1,30,1995,2,12
"2025000007571",1,3,19,1,0,0,1,1,22,125,1,1
"2025000007571",2,9,9,1,0,0,1,2,-1,1242,1,13
"2025000007572",1,9,9,2,0,0,1,1,60,1951,2,21
"2025000007572",3,11,5,1,0,0,3,1,51,9360,2,17
"2025000007572",2,9,19,2,0,0,4,2,31,1596,1,10
"2025000007573",2,9,19,0,5,0,2,1,31,1591,1,4
"2025000007573",1,9,19,0,0,0,1,2,39,-1,-1,-1
"2025000007574",2,9,9,8,1,0,1,1,21,1498,1,3
"2025000007574",1,9,19,8,1,0,1,1,45,2494,8,7
"2025000007575",1,9,7,8,0,10,1,1,18,1398,1,10
"2025000007576",1,3,7,5,1,0,4,1,17,124,1,0
"2025000007577",2,9,99,9,9,99,1,3,-1,-1,-1,-1
"2025000007577",1,1,99,9,9,99,1,1,33,-1,-1,-1
"2025000007578",2,9,99,9,9,99,2,3,-1,1390,1,15
"2025000007578",1,9,99,9,9,99,2,2,46,999,1,8
"2025000007579",1,9,5,1,0,0,1,1,50,-1,-1,-1
"2025000007579",2,9,3,2,0,0,2,2,17,1343,1,21
"2025000007580",1,9,19,2,0,0,3,1,82,1318,1,4
"2025000007580",2,9,15,1,0,0,1,1,66,1399,1,17
"2025000007581",1,5,19,0,0,0,1,1,33,689,1,5
"2025000007581",2,19,3,0,0,0,2,1,71,1560,2,15
"2025000007582",1,9,99,9,9,99,1,2,46,1969,12,2
"2025000007582",2,1,99,9,9,99,9,3,-1,-1,-1,-1
"2025000007583",1,11,19,1,0,0,1,1,60,4250,2,10
"2025000007584",2,1,13,0,1,0,4,1,31,-1,-1,-1
"2025000007584",1,9,5,0,0,0,4,1,28,1991,1,8
"2025000007585",2,4,19,8,0,0,3,1,44,330,1,1
"2025000007585",1,9,7,1,0,0,4,1,40,1968,2,18
"2025000007586",2,1,19,1,0,0,1,1,66,-1,-1,-1
"2025000007586",1,9,5,1,0,0,1,1,68,1598,1,3
"2025000007587",1,-1,19,0,0,7,1,3,-1,-1,-1,-1
"2025000007587",2,22,19,0,5,0,1,2,82,-1,-1,-1
"2025000007588",1,9,99,9,9,99,9,3,-1,-1,-1,-1
"2025000007588",2,-1,99,1,9,0,3,1,15,-1,-1,-1
"2025000007589",1,9,19,2,0,0,1,2,47,-1,3,0
"2025000007589",2,19,19,1,0,0,1,1,46,2143,2,3
"2025000007590",2,4,13,0,0,0,1,1,28,125,1,12
"2025000007590",1,9,9,0,0,0,3,1,61,1200,1,8
"2025000007591",1,3,19,8,0,0,1,1,23,125,1,6
"2025000007591",2,19,9,5,0,0,3,1,41,1995,2,5
"2025000007592",2,9,10,0,0,0,2,2,-1,1598,8,0
"2025000007592",1,9,19,0,0,0,1,1,-1,1596,1,6
"2025000007593",1,9,19,8,0,0,4,3,-1,-1,-1,-1
"2025000007594",1,19,1,0,0,0,0,2,38,1995,2,2
"2025000007595",2,9,2,2,0,0,2,1,44,-1,-1,-1
"2025000007595",1,9,19,2,0,4,1,2,30,-1,-1,-1
"2025000007596",1,9,19,0,2,0,1,2,18,1248,2,15
"2025000007597",1,5,13,1,1,0,1,1,40,781,1,20
"2025000007597",2,9,9,1,0,0,3,2,46,1149,1,10
"2025000007598",1,9,1,0,0,0,2,3,45,2497,2,6
"2025000007598",2,9,2,0,0,0,2,2,29,1499,1,1
"2025000007599",1,3,99,9,9,99,9,1,23,125,1,1
"2025000007599",2,9,99,9,9,99,1,3,-1,1200,1,1
"2025000007600",1,9,19,0,0,0,3,1,18,1242,1,16
"2025000007600",2,19,2,0,0,0,3,-1,-1,2198,2,12
"2025000007601",2,9,19,1,0,0,2,1,28,1229,1,9
"2025000007601",1,9,9,1,0,0,1,3,30,2143,2,7
"2025000007602",1,9,19,8,1,9,3,1,49,1798,8,8
"2025000007603",2,9,9,8,0,0,4,1,46,1490,8,1
"2025000007603",1,9,19,8,0,0,1,1,35,2143,2,7
"2025000007604",2,9,19,1,0,0,3,1,44,1798,1,19
"2025000007604",1,9,19,1,1,0,1,1,17,1149,1,12
"2025000007605",1,97,19,0,0,0,1,1,19,-1,-1,-1
"2025000007606",1,9,19,0,0,0,1,2,42,-1,-1,-1
"2025000007606",2,1,19,0,0,0,2,1,60,-1,-1,-1
"2025000007607",1,9,9,6,0,0,1,1,73,848,1,45
"2025000007607",2,9,19,1,0,0,1,1,57,1896,2,18
"2025000007608",4,9,4,0,0,0,2,1,36,1910,2,14
"2025000007608",5,9,19,0,0,0,1,1,21,1198,1,14
"2025000007608",1,9,4,0,0,0,0,-1,-1,-1,-1,-1
"2025000007608",2,9,4,0,0,0,2,2,22,-1,-1,-1
"2025000007608",3,9,4,0,0,0,2,1,67,-1,-1,-1
"2025000007609",2,9,19,8,0,0,1,3,-1,1398,1,8
"2025000007609",1,5,9,8,0,0,3,2,17,-1,-1,-1
"2025000007610",1,9,4,0,0,0,4,2,60,1498,1,2
"2025000007611",4,9,19,0,0,0,3,1,77,1956,2,8
"2025000007611",5,9,19,0,0,0,3,1,48,1598,1,14
"2025000007611",3,9,19,0,0,0,3,1,43,1618,1,4
"2025000007611",1,9,19,0,0,0,1,1,22,1997,2,17
"2025000007611",2,9,19,0,0,0,0,1,24,1200,1,5
"2025000007612",1,9,19,0,0,0,4,2,57,999,1,1
"2025000007613",1,9,9,8,0,0,1,1,-1,-1,-1,-1
"2025000007613",2,1,19,8,2,0,1,1,11,-1,-1,-1
"2025000007614",1,9,19,1,0,0,0,2,46,1499,1,8
"2025000007615",1,21,13,0,0,0,4,1,49,5193,2,1
"2025000007615",2,1,19,0,0,0,1,2,-1,-1,-1,-1
"2025000007616",1,9,12,0,0,0,1,1,28,1399,1,8
"2025000007616",2,9,19,0,1,0,2,2,43,1496,2,8
"2025000007617",2,9,19,0,0,0,4,1,26,999,1,2
"2025000007617",1,9,8,0,0,0,1,1,53,-1,-1,-1
"2025000007618",1,11,9,6,0,0,1,1,44,5900,2,12
"2025000007618",2,9,19,8,0,0,3,2,29,1339,1,6
"2025000007619",1,9,1,2,0,0,2,2,-1,-1,-1,-1
"2025000007620",2,9,12,1,0,0,4,3,82,2987,2,17
"2025000007620",1,9,19,1,0,0,4,1,21,1598,1,9
"2025000007621",2,9,99,4,9,99,1,3,34,1591,1,3
"2025000007621",1,3,3,4,9,99,2,3,30,125,1,2
"2025000007622",1,9,19,0,0,0,3,2,48,1598,1,7
"2025000007622",2,9,19,0,0,0,3,2,56,1968,2,11
"2025000007623",1,9,19,8,0,0,3,2,45,2967,1,13
"2025000007623",2,19,9,6,0,0,1,1,36,1995,2,2
"2025000007624",1,9,9,1,0,0,1,2,62,998,1,10
"2025000007624",2,3,19,2,1,0,1,1,26,110,1,1
"2025000007625",1,-1,19,0,0,0,1,2,-1,-1,-1,-1
"2025000007626",2,9,5,1,0,0,3,2,27,1995,1,16
"2025000007626",1,90,19,8,0,0,1,1,18,-1,-1,-1
"2025000007627",1,9,-1,6,0,0,1,1,54,2993,2,8
"2025000007627",2,1,-1,1,5,0,1,1,43,-1,-1,-1
"2025000007628",1,1,7,8,1,0,1,1,36,-1,-1,-1
"2025000007629",1,19,4,0,0,0,4,1,43,2148,2,12
"2025000007630",2,9,19,4,0,0,3,1,36,1329,1,13
"2025000007630",1,9,19,4,0,0,1,1,24,1248,1,14
"2025000007631",1,11,19,0,0,11,1,1,53,6700,2,12
"2025000007632",1,9,99,9,9,99,9,2,43,1968,2,0
"2025000007633",1,9,19,0,0,0,1,1,44,1905,2,22
"2025000007633",2,9,2,0,0,0,2,1,-1,1242,1,5
"2025000007633",3,9,2,0,0,0,2,1,-1,1198,1,9
"2025000007634",3,9,1,0,0,0,0,1,63,998,1,10
"2025000007634",2,9,2,0,0,0,0,3,-1,1998,1,5
"2025000007634",1,9,2,0,0,0,0,3,-1,1242,1,9
"2025000007634",4,9,19,0,0,0,1,3,55,-1,-1,-1
"2025000007635",2,9,19,1,0,0,1,2,50,1197,1,7
"2025000007635",1,9,9,1,0,0,4,2,18,999,1,1
"2025000007636",1,5,19,0,2,0,3,1,40,598,1,23
"2025000007637",1,11,99,0,9,99,1,1,26,-1,3,0
"2025000007637",2,9,99,0,9,99,2,3,34,1997,1,6
"2025000007638",2,9,-1,0,-1,-1,-1,3,42,998,1,9
"2025000007638",1,9,19,0,0,0,2,3,-1,-1,-1,-1
"2025000007639",1,9,19,1,0,0,3,1,55,1200,1,6
"2025000007639",2,8,19,1,0,0,1,1,53,1598,2,6
"2025000007640",1,9,4,8,0,0,1,2,22,998,1,11
"2025000007640",2,9,19,8,0,0,1,2,49,1498,1,0
"2025000007641",1,4,15,2,0,0,0,1,35,125,1,1
"2025000007641",2,9,6,2,0,0,3,1,39,1390,1,12
"2025000007642",1,4,5,1,1,0,1,1,37,999,1,11
"2025000007643",1,9,19,1,0,4,1,2,60,1998,8,0
"2025000007643",2,9,2,1,0,0,1,3,35,-1,-1,-1
"2025000007644",2,9,9,6,0,0,1,2,44,-1,3,1
"2025000007644",1,9,19,2,1,0,3,1,42,998,1,8
"2025000007645",1,19,19,4,0,0,1,3,-1,-1,-1,-1
"2025000007645",2,9,19,4,0,0,2,1,79,1242,1,6
"2025000007646",1,8,4,0,0,0,3,1,28,-1,-1,-1
"2025000007646",2,3,15,0,0,0,4,1,31,-1,-1,-1
"2025000007647",1,9,9,4,0,0,1,2,39,1388,1,16
"2025000007647",2,1,19,8,0,0,2,1,60,-1,-1,-1
"2025000007648",1,11,19,0,0,0,1,1,50,6700,2,15
"2025000007648",2,9,4,0,0,0,2,2,45,1339,1,15
"2025000007649",1,9,19,0,0,0,1,1,72,2198,2,18
"2025000007650",2,1,19,1,5,0,1,1,47,-1,-1,-1
"2025000007650",1,19,7,5,0,0,3,1,38,1598,2,14
"2025000007651",2,3,19,1,5,0,1,1,28,124,1,20
"2025000007651",1,9,9,8,0,0,1,1,33,1364,2,14
"2025000007652",1,9,19,1,0,0,1,3,-1,-1,-1,-1
"2025000007653",2,9,3,0,0,0,2,2,22,1399,2,16
"2025000007653",1,9,19,0,0,0,1,2,54,998,1,2
"2025000007654",4,9,19,0,0,0,1,1,22,-1,-1,-1
"2025000007654",1,9,19,0,0,0,1,2,22,999,1,8
"2025000007654",2,19,4,0,0,0,2,1,22,2143,2,5
"2025000007654",3,9,19,0,0,0,2,2,36,1598,2,3
"2025000007655",2,9,19,1,0,0,3,2,78,999,1,3
"2025000007655",1,9,5,2,0,0,3,1,47,1242,1,16
"2025000007656",2,1,10,1,0,0,2,2,39,-1,-1,-1
"2025000007656",1,11,19,1,0,99,1,1,43,4500,2,7
"2025000007657",1,11,19,8,0,0,1,1,70,5132,2,3
"2025000007658",1,1,19,0,0,0,9,1,-1,-1,-1,-1
"2025000007659",2,9,4,0,0,0,2,1,49,1956,2,9
"2025000007659",1,19,19,0,0,0,1,1,-1,1968,2,7
"2025000007660",1,19,19,2,0,0,1,1,19,2298,2,2
"2025000007660",2,9,19,1,0,0,1,1,47,2720,2,14
"2025000007661",2,1,19,1,0,0,1,1,20,-1,-1,-1
"2025000007661",1,9,3,2,0,0,2,1,40,1984,1,6
"2025000007662",1,9,9,6,0,0,3,1,19,1598,2,7
"2025000007662",2,5,19,8,5,0,1,1,61,1441,1,5
"2025000007663",1,5,19,0,0,0,0,3,64,895,1,2
"2025000007663",2,9,19,0,0,0,0,1,31,1984,1,15
"2025000007664",2,9,3,0,0,0,2,2,38,2143,2,6
"2025000007664",1,21,19,0,0,0,1,3,-1,12419,2,8
"2025000007665",1,9,19,0,0,0,1,2,43,998,1,8
"2025000007666",1,9,19,0,5,0,4,1,34,1496,1,1
"2025000007667",2,19,19,8,0,0,1,1,63,1560,2,5
"2025000007667",1,9,9,8,0,0,4,3,-1,1995,2,14
"2025000007668",1,5,19,0,0,0,4,1,56,800,1,5
"2025000007668",2,98,-1,0,-1,-1,-1,3,-1,-1,-1,-1
"2025000007669",1,9,19,0,0,0,1,1,-1,-1,-1,-1
"2025000007669",2,9,19,0,0,0,-1,1,29,1991,1,0
"2025000007670",1,5,19,0,5,10,4,1,25,750,1,16
"2025000007671",1,19,99,9,9,99,2,1,41,2198,2,6
"2025000007671",3,9,99,9,9,99,2,3,-1,999,1,0
"2025000007671",2,21,99,9,9,99,1,3,-1,5880,2,10
"2025000007672",1,9,14,0,0,0,1,1,57,1461,2,2
"2025000007672",2,11,2,0,0,0,0,1,56,8268,2,16
"2025000007673",2,9,19,8,0,0,1,2,-1,1950,2,2
"2025000007673",1,3,5,8,0,0,4,1,48,124,1,0
"2025000007674",1,9,19,0,0,0,4,1,20,1400,1,22
"2025000007675",1,9,19,4,0,0,1,1,72,2496,1,13
"2025000007675",2,1,19,3,0,0,4,2,27,-1,-1,-1
"2025000007676",2,9,7,8,-1,-1,-1,3,-1,1984,1,6
"2025000007676",1,9,19,8,0,0,1,2,44,1598,2,13
"2025000007677",1,9,19,1,2,0,1,3,-1,1985,1,36
"2025000007678",1,9,4,2,0,0,1,2,92,998,1,7
"2025000007679",1,9,19,8,0,0,1,1,57,1997,2,10
"2025000007679",2,9,19,8,1,0,4,2,42,1242,1,12
"2025000007680",1,9,19,1,0,0,1,1,28,1995,2,10
"2025000007680",2,9,7,6,0,0,3,2,52,1397,1,14
"2025000007681",2,9,19,1,0,0,4,2,48,1461,2,3
"2025000007681",1,3,7,2,0,0,1,1,17,125,1,3
"2025000007682",1,9,19,4,0,0,1,1,85,1995,2,18
"2025000007682",2,9,19,4,0,0,2,2,61,1333,1,1
"2025000007682",3,9,19,8,0,0,4,1,20,1582,2,9
"2025000007683",1,9,19,0,0,0,3,2,20,1198,1,7
"2025000007684",2,9,2,0,0,0,3,-1,-1,1200,1,9
"2025000007684",3,9,2,0,0,4,3,-1,-1,1998,1,22
"2025000007684",1,9,19,0,5,0,1,1,50,1461,2,8
"2025000007684",4,9,2,0,0,4,1,-1,-1,1332,1,1
"2025000007685",2,1,9,2,0,0,4,1,20,-1,-1,-1
"2025000007685",1,5,19,2,1,0,1,1,38,599,1,12
"2025000007686",2,9,99,0,9,99,1,3,-1,1685,2,8
"2025000007686",1,9,99,0,9,99,2,1,44,1499,2,7
"2025000007687",1,11,5,0,0,0,4,3,30,6871,2,12
"2025000007688",1,9,19,1,0,0,1,1,41,1997,2,12
"2025000007688",2,20,19,1,0,0,1,1,30,6700,2,2
"2025000007689",1,9,19,0,0,0,1,1,43,1997,2,9
"2025000007689",2,9,19,0,0,0,0,2,49,-1,-1,-1
"2025000007690",1,98,4,1,0,0,0,3,-1,-1,-1,-1
"2025000007691",2,9,19,0,0,0,2,2,49,1995,2,11
"2025000007691",1,19,19,0,0,0,1,1,28,1896,2,15
"2025000007692",1,9,10,8,0,0,3,2,37,1791,8,13
"2025000007692",2,9,13,8,0,10,1,1,23,1991,1,7
"2025000007693",2,9,3,1,0,0,2,2,39,1596,1,11
"2025000007693",1,9,19,1,0,0,1,3,-1,-1,-1,-1
"2025000007694",2,9,9,1,0,0,3,2,25,1461,2,6
"2025000007694",1,9,10,1,0,0,1,1,32,1797,8,8
"2025000007695",2,9,10,0,0,0,3,2,26,1598,1,13
"2025000007695",1,2,19,0,0,0,1,1,19,49,1,20
"2025000007696",1,8,19,0,0,0,1,1,33,1797,8,9
"2025000007696",2,9,19,0,0,0,1,1,27,1798,8,0
"2025000007697",2,9,19,0,2,0,3,1,29,-1,-1,-1
"2025000007697",1,9,19,0,1,0,1,1,27,-1,-1,-1
"2025000007698",1,9,1,0,0,0,-1,2,62,1799,1,13
"2025000007698",2,22,19,0,5,0,3,2,89,-1,-1,-1
"2025000007699",1,11,19,0,0,0,0,1,54,5132,2,3
"2025000007700",3,9,10,1,0,0,0,2,51,1998,8,6
"2025000007700",2,9,19,2,0,0,1,2,49,1798,8,4
"2025000007700",1,20,19,1,0,0,1,1,48,1950,2,0
"2025000007701",1,9,19,1,0,0,3,1,25,1560,2,11
"2025000007701",2,9,19,1,0,0,4,3,30,-1,-1,-1
"2025000007702",1,3,19,8,0,0,4,1,19,124,1,12
"2025000007702",2,9,19,1,0,0,1,1,30,1950,2,4
"2025000007702",3,9,3,1,0,0,1,1,34,-1,3,0
"2025000007703",1,19,19,1,0,0,2,1,48,2198,2,11
"2025000007703",2,9,19,1,0,0,1,1,27,2143,2,6
"2025000007704",2,9,99,9,9,99,9,3,-1,1798,8,3
"2025000007704",1,3,99,9,9,99,9,1,26,108,1,8
"2025000007705",1,4,99,9,9,99,1,1,22,292,1,2
"2025000007705",2,9,99,9,9,99,1,3,-1,1499,1,2
"2025000007706",1,9,9,0,2,0,1,1,35,2148,2,17
"2025000007707",1,9,19,2,1,0,1,2,24,999,1,4
"2025000007708",1,9,3,1,0,0,2,1,20,1498,1,4
"2025000007708",2,9,19,1,0,0,1,2,18,1461,2,3
"2025000007709",1,9,7,8,0,0,1,3,-1,1999,2,7
"2025000007709",3,9,19,8,0,0,1,1,30,1390,1,16
"2025000007709",2,9,19,8,0,0,1,3,-1,1598,1,19
"2025000007710",1,1,5,1,0,0,1,1,41,-1,-1,-1
"2025000007711",1,9,19,1,2,0,1,1,35,1984,1,2
"2025000007712",1,8,19,0,0,0,1,1,47,1797,8,6
"2025000007713",1,9,19,0,0,0,1,2,36,1995,2,9
"2025000007713",2,9,19,0,0,0,1,1,27,1951,2,18
"2025000007714",2,21,19,0,0,0,3,1,46,12742,2,4
"2025000007714",1,9,19,0,0,0,3,1,41,1560,2,10
"2025000007715",1,1,9,6,0,0,4,2,40,-1,-1,-1
"2025000007715",2,9,5,8,0,0,3,1,69,1995,2,2
"2025000007716",2,8,19,1,0,0,1,1,35,1798,8,11
"2025000007716",1,19,9,5,0,0,4,1,33,1461,2,12
"2025000007717",2,9,4,1,0,0,2,2,19,1560,2,6
"2025000007717",3,9,19,1,0,0,3,1,26,1560,2,10
"2025000007717",1,19,19,1,0,0,1,1,24,2151,2,18
"2025000007718",1,4,19,0,0,0,1,1,25,471,1,8
"2025000007718",2,9,19,0,0,0,1,2,59,1198,1,12
"2025000007719",1,97,19,1,0,0,1,3,-1,-1,-1,-1
"2025000007719",2,1,19,1,0,0,1,1,51,-1,-1,-1
"2025000007720",1,9,19,2,0,0,1,1,54,2993,2,4
"2025000007720",2,9,19,1,0,0,1,2,58,1198,1,5
"2025000007721",3,9,19,1,0,0,3,1,69,1398,1,3
"2025000007721",1,9,19,1,0,0,1,2,83,999,1,6
"2025000007721",2,9,19,1,0,0,1,1,53,2268,2,9
"2025000007722",2,9,19,8,0,0,4,1,59,2993,2,4
"2025000007722",1,9,19,8,0,0,1,1,21,1781,1,22
"2025000007723",1,17,-1,0,-1,-1,-1,3,-1,-1,-1,-1
"2025000007724",2,9,9,8,0,0,1,1,65,1580,8,1
"2025000007724",1,3,19,1,0,0,4,1,31,125,1,6
"2025000007725",1,1,19,1,0,0,1,1,25,-1,-1,-1
"2025000007726",1,9,19,3,0,0,1,1,46,1339,8,10
"2025000007727",1,1,99,9,9,99,1,1,22,-1,-1,-1
"2025000007727",2,9,99,9,9,99,2,1,-1,-1,-1,-1
"2025000007728",1,11,5,0,0,11,0,1,55,4500,2,1
"2025000007729",1,11,19,1,0,0,0,1,29,7300,2,12
"2025000007730",1,3,19,0,0,0,1,1,44,-1,-1,-1
"2025000007730",2,5,19,0,0,0,2,1,57,-1,-1,-1
"2025000007731",1,9,19,0,1,0,1,1,47,698,1,19
"2025000007732",2,9,99,9,9,99,9,3,-1,-1,-1,-1
"2025000007732",1,1,99,9,9,99,1,2,32,-1,-1,-1
"2025000007733",2,9,9,9,9,99,1,3,-1,1498,1,6
"2025000007733",1,1,19,9,9,99,1,1,26,-1,-1,-1
"2025000007734",2,19,19,0,0,0,1,1,40,1996,2,0
"2025000007734",1,9,4,0,0,0,2,2,30,1368,1,13
"2025000007735",1,19,9,0,0,0,1,1,35,1997,2,5
"2025000007735",2,3,13,0,0,0,1,1,54,124,1,9
"2025000007736",1,9,19,9,0,0,9,1,96,1796,1,16
"2025000007737",2,9,19,0,0,0,1,2,-1,1499,1,5
"2025000007737",1,9,19,0,0,0,2,1,-1,1968,2,6
"2025000007738",1,19,5,0,0,0,2,1,27,1461,2,5
"2025000007738",2,9,5,0,0,0,2,2,37,1329,1,15
"2025000007739",1,19,9,8,0,0,2,1,35,2143,2,14
"2025000007739",2,3,19,1,0,0,1,1,52,125,1,0
"2025000007740",1,1,15,0,1,10,1,1,32,-1,-1,-1
"2025000007741",1,9,19,1,0,0,1,2,34,1598,2,7
"2025000007741",2,9,19,2,0,0,1,2,50,1598,1,6
"2025000007742",1,9,19,0,0,0,1,3,-1,-1,-1,-1
"2025000007743",3,9,3,0,0,0,2,1,48,1968,2,8
"2025000007743",2,19,3,0,0,0,2,1,35,1560,2,7
"2025000007743",1,9,19,0,0,0,1,1,70,999,1,1
"2025000007744",2,9,3,0,0,0,2,1,34,2401,2,17
"2025000007744",3,9,3,0,0,0,2,1,21,1598,1,10
"2025000007744",1,10,19,0,0,10,1,1,40,2500,2,13
"2025000007745",1,9,9,8,0,0,4,2,51,1498,1,3
"2025000007746",3,9,10,1,0,0,2,2,41,898,1,4
"2025000007746",1,4,9,1,2,0,3,1,37,292,1,4
"2025000007746",2,9,10,1,0,0,4,2,45,1997,2,4
"2025000007747",1,9,19,0,5,0,4,2,29,999,1,2
"2025000007748",2,8,99,8,0,0,4,3,-1,2143,2,4
"2025000007748",1,9,99,8,0,0,3,1,35,1560,2,12
"2025000007749",2,9,9,8,0,0,1,1,36,1598,1,10
"2025000007749",1,9,7,8,0,0,1,2,21,1398,1,10
"2025000007750",1,19,19,0,0,0,-1,3,-1,-1,-1,-1
"2025000007751",4,9,2,0,0,0,2,3,-1,1499,1,2
"2025000007751",1,9,12,0,-1,-1,-1,3,-1,-1,-1,-1