"collision_index","vehicle_reference","vehicle_type","vehicle_manoeuvre","junction_location","skidding_and_overturning","hit_object_in_carriageway","first_point_of_impact","sex_of_driver","age_of_driver","engine_capacity_cc","propulsion_code","age_of_vehicle"
"2025000007976",1,5,19,1,2,0,3,1,21,649,1,9
"2025000007977",1,3,19,0,0,10,1,2,26,124,1,8
"2025000007978",1,9,19,4,0,0,1,2,-1,1388,1,17
"2025000007978",2,9,19,4,0,0,2,1,34,1248,2,10
"2025000007979",2,1,19,8,5,0,1,1,58,-1,-1,-1
"2025000007979",1,19,3,4,0,0,1,1,55,1560,2,8
"2025000007979",3,19,3,1,0,0,3,2,35,1996,2,0
"2025000007980",1,21,19,0,0,0,1,1,-1,12809,2,3
"2025000007980",2,9,19,0,0,0,2,2,42,1797,1,4
"2025000007981",1,9,4,1,0,0,2,2,68,1200,1,2
"2025000007981",2,19,4,1,0,0,1,1,-1,-1,-1,-1
"2025000007982",1,9,19,2,0,0,1,2,47,1969,8,1
"2025000007983",1,3,99,9,9,99,9,1,39,-1,-1,-1
"2025000007983",2,9,99,9,9,99,1,1,-1,1240,1,16
"2025000007984",1,5,6,0,0,0,4,2,52,1254,1,1
"2025000007985",2,5,19,0,0,0,2,1,25,471,1,8
"2025000007985",1,5,19,0,5,0,1,1,24,649,1,6
"2025000007986",2,9,10,5,0,0,2,1,41,1499,1,6
"2025000007986",1,9,19,8,0,0,1,1,81,1799,1,11
"2025000007987",1,9,19,1,0,0,1,2,20,998,1,8
"2025000007987",2,9,2,1,0,0,2,3,-1,1950,2,1
"2025000007988",2,9,19,2,0,0,4,2,34,1598,2,6
"2025000007988",1,9,2,2,0,0,4,3,-1,1199,1,18
"2025000007989",2,9,12,8,0,0,3,2,29,1390,1,13
"2025000007989",1,9,19,8,0,0,1,1,47,1798,8,3
"2025000007990",1,9,9,2,0,0,1,1,36,1984,1,0
"2025000007991",1,3,14,1,1,0,4,2,32,125,1,3
"2025000007991",2,9,19,1,0,0,1,1,42,1390,1,17
"2025000007992",2,9,19,2,0,4,1,2,84,1598,1,16
"2025000007992",1,9,2,1,0,0,4,3,-1,1296,1,16
"2025000007993",2,9,19,0,1,4,1,1,17,1360,1,31
"2025000007993",1,9,10,0,0,0,2,2,77,1968,2,13
"2025000007994",1,9,19,0,5,0,1,2,59,1298,1,19
"2025000007995",2,19,9,8,0,0,1,1,26,1995,2,1
"2025000007995",1,19,19,8,0,0,1,1,48,1560,2,6
"2025000007996",2,19,99,0,9,99,1,3,-1,2200,2,1
"2025000007996",1,1,99,0,9,99,9,1,28,-1,-1,-1
"2025000007997",1,22,19,0,0,0,1,1,55,-1,-1,-1
"2025000007998",1,19,15,2,0,0,3,1,26,1753,2,13
"2025000007998",2,1,3,2,0,0,1,2,7,-1,-1,-1
"2025000007999",1,11,19,3,0,0,0,1,56,6700,2,12
"2025000008000",1,9,19,0,0,0,1,1,30,-1,3,10
"2025000008001",1,97,19,0,0,0,1,1,14,-1,-1,-1
"2025000008002",1,19,19,1,0,0,4,1,28,2198,2,9
"2025000008002",2,1,19,2,2,0,1,1,57,-1,-1,-1
"2025000008002",3,1,19,1,0,0,0,1,52,-1,-1,-1
"2025000008003",2,9,4,1,0,0,1,1,53,1560,2,8
"2025000008003",1,19,4,1,0,0,2,1,27,1995,2,6
"2025000008003",3,9,4,1,0,0,1,1,35,-1,-1,-1
"2025000008004",1,9,19,1,0,0,3,2,34,1498,1,0
"2025000008005",1,9,99,9,9,99,9,1,38,1992,2,13
"2025000008005",2,9,99,9,9,99,9,3,-1,-1,-1,-1
"2025000008006",2,9,19,1,0,0,1,1,44,1598,1,16
"2025000008006",1,9,4,1,0,0,2,2,73,1199,1,5
"2025000008007",2,9,15,8,0,0,4,1,62,1753,2,15
"2025000008007",1,1,19,8,0,0,3,1,40,-1,-1,-1
"2025000008008",1,9,19,0,0,0,1,1,36,1968,2,9
"2025000008009",2,9,4,8,0,0,2,1,28,1299,1,20
"2025000008009",3,9,4,8,0,0,1,1,47,1198,1,11
"2025000008009",1,9,3,8,0,0,2,1,55,1595,1,6
"2025000008010",2,9,2,0,0,0,2,3,-1,1997,2,14
"2025000008010",1,9,19,0,0,0,1,1,21,1396,1,11
"2025000008011",2,9,5,0,0,0,2,2,41,2997,2,1
"2025000008011",1,9,5,0,0,0,2,1,32,1968,2,6
"2025000008011",3,9,5,0,0,0,2,2,36,-1,-1,-1
"2025000008012",3,9,19,0,0,0,1,1,34,1598,1,16
"2025000008012",1,9,19,0,1,0,1,1,25,1900,2,15
"2025000008012",2,9,19,0,0,0,3,2,21,1390,1,8
"2025000008013",2,1,19,8,0,0,4,2,33,-1,-1,-1
"2025000008013",1,19,7,8,0,0,1,3,40,-1,-1,-1
"2025000008014",2,9,19,0,0,10,4,2,26,1598,1,10
"2025000008014",1,9,19,0,0,10,4,1,17,1560,2,16
"2025000008015",2,9,9,8,0,0,1,3,30,-1,-1,-1
"2025000008015",1,1,19,8,0,0,0,1,37,-1,-1,-1
"2025000008016",1,9,19,8,0,4,1,1,23,2360,8,5
"2025000008016",3,9,2,1,0,0,3,3,-1,999,1,5
"2025000008016",5,9,2,1,0,0,0,3,-1,1995,2,10
"2025000008016",2,9,2,8,1,0,2,3,-1,1490,8,1
"2025000008016",4,9,2,8,0,0,2,3,-1,2987,2,12
"2025000008017",2,9,99,9,9,99,2,3,-1,1595,1,14
"2025000008017",1,3,99,9,9,99,1,1,29,125,1,8
"2025000008018",1,9,19,4,0,0,1,2,24,1598,1,11
"2025000008018",2,9,19,8,0,0,4,1,35,1968,2,3
"2025000008019",2,9,19,0,1,0,3,1,57,1798,8,2
"2025000008019",1,9,19,0,1,0,1,1,20,-1,-1,-1
"2025000008020",2,19,19,1,0,0,1,1,43,1995,2,2
"2025000008020",1,9,19,1,1,0,1,1,24,1753,2,16
"2025000008021",1,9,2,1,0,0,3,1,91,1791,8,10
"2025000008022",1,9,19,0,0,0,2,1,45,1997,2,10
"2025000008022",3,-1,19,0,0,0,0,3,-1,-1,-1,-1
"2025000008022",2,9,19,0,0,0,1,1,47,2143,2,5
"2025000008023",2,1,15,0,2,0,1,1,47,-1,-1,-1
"2025000008023",1,9,4,0,0,0,4,3,30,1796,1,15
"2025000008024",2,9,99,4,0,0,9,3,-1,-1,-1,-1
"2025000008024",1,9,99,4,0,99,9,1,49,1598,2,5
"2025000008025",2,5,7,3,0,0,1,1,65,948,1,4
"2025000008025",1,21,19,8,0,0,1,1,44,12742,2,1
"2025000008026",1,19,19,0,0,11,1,1,26,1995,2,3
"2025000008026",2,9,19,0,0,0,2,1,51,1200,1,5
"2025000008026",3,9,19,0,0,0,2,2,-1,898,1,6
"2025000008027",2,23,19,9,0,0,1,1,68,-1,-1,-1
"2025000008027",1,19,99,9,0,0,3,1,35,1950,2,2
"2025000008028",2,9,19,8,0,0,3,1,61,1242,1,6
"2025000008028",1,9,19,4,0,0,1,1,36,1984,1,7
"2025000008029",1,9,99,9,9,99,2,2,21,1199,1,1
"2025000008030",2,9,99,9,9,99,9,3,-1,1797,8,9
"2025000008030",1,9,99,9,9,99,4,1,25,999,1,6
"2025000008031",1,9,19,0,1,0,4,1,17,1560,2,17
"2025000008032",1,9,19,2,0,99,4,3,-1,-1,-1,-1
"2025000008033",1,9,7,8,0,0,1,1,47,1461,2,11
"2025000008033",2,9,19,8,0,0,4,2,40,1461,2,14
"2025000008033",3,11,19,1,0,0,1,2,27,4250,2,17
"2025000008034",2,11,2,0,0,0,2,1,35,4461,2,10
"2025000008034",1,9,19,0,1,0,1,1,31,-1,-1,-1
"2025000008035",1,9,2,2,0,0,1,1,32,1999,2,9
"2025000008035",2,23,19,2,1,0,1,1,29,-1,-1,-1
"2025000008036",1,9,-1,0,5,0,1,1,43,-1,-1,-1
"2025000008036",2,9,-1,0,0,0,1,1,67,1991,2,16
"2025000008037",2,1,19,6,2,0,3,1,47,-1,-1,-1
"2025000008037",1,9,19,2,0,0,1,1,54,1560,2,13
"2025000008038",2,9,19,0,0,0,1,3,30,1995,2,10
"2025000008038",1,9,19,0,0,0,2,1,27,1368,1,6
"2025000008039",1,9,19,0,0,0,1,3,-1,1395,1,6
"2025000008039",2,9,4,0,0,0,2,1,28,1364,1,5
"2025000008040",2,9,7,8,0,0,1,1,28,1197,1,8
"2025000008040",1,9,19,8,0,0,4,1,53,1328,1,14
"2025000008041",1,11,4,0,0,0,1,1,59,6000,2,21
"2025000008042",1,9,19,0,1,0,1,1,24,1995,2,6
"2025000008043",1,90,99,9,9,99,9,3,-1,2298,2,1
"2025000008043",2,1,99,9,9,99,9,1,61,-1,-1,-1
"2025000008044",1,9,1,0,0,0,2,2,30,-1,-1,-1
"2025000008045",1,9,19,0,1,0,4,1,66,1984,1,9
"2025000008046",1,9,19,6,0,0,1,2,24,1242,1,19
"2025000008046",2,9,19,8,0,0,1,1,41,1598,1,18
"2025000008047",1,9,19,0,0,0,1,2,44,1598,2,7
"2025000008048",1,19,19,1,1,0,1,1,20,1598,2,2
"2025000008048",3,9,19,1,0,0,1,2,48,3311,8,13
"2025000008048",2,9,9,5,0,0,1,1,19,999,1,0
"2025000008049",1,3,99,9,9,99,1,1,30,125,1,0
"2025000008049",2,9,99,9,9,99,9,2,59,1499,1,0
"2025000008050",1,23,19,0,0,0,1,1,22,-1,-1,-1
"2025000008051",1,9,19,8,0,0,4,1,55,998,1,10
"2025000008052",1,9,4,0,0,0,2,1,55,1968,2,11
"2025000008052",2,9,19,0,0,0,1,2,22,1390,1,11
"2025000008053",1,9,19,0,0,0,1,2,40,1498,1,3
"2025000008054",1,9,19,0,0,0,1,1,30,1598,8,0
"2025000008054",2,9,19,0,0,0,2,2,53,999,1,2
"2025000008055",1,9,4,0,1,0,2,1,54,1242,1,10
"2025000008055",2,9,19,0,1,4,1,1,64,1798,1,6
"2025000008056",2,9,19,8,0,0,3,2,24,998,1,19
"2025000008056",1,9,19,8,0,0,1,2,54,2993,2,16
"2025000008057",2,9,99,6,9,99,9,3,45,1497,8,1
"2025000008057",1,9,99,1,9,99,9,1,33,3456,8,14
"2025000008058",1,9,19,0,0,0,1,2,21,1560,2,13
"2025000008059",2,2,19,0,1,0,3,3,46,50,1,34
"2025000008059",1,9,19,0,0,0,1,1,39,1968,2,9
"2025000008060",1,9,19,5,0,4,1,1,21,1595,1,8
"2025000008060",2,9,19,5,0,0,2,1,29,-1,-1,-1
"2025000008061",1,9,9,0,0,0,2,1,38,1900,2,18
"2025000008061",2,5,19,0,0,0,1,1,60,1052,1,29
"2025000008062",1,3,-1,0,-1,-1,-1,1,40,114,1,10
"2025000008062",2,9,-1,0,-1,-1,-1,3,-1,1200,1,5
"2025000008063",2,5,13,0,0,0,1,1,68,1170,1,4
"2025000008063",1,9,6,0,0,0,3,2,54,1968,2,5
"2025000008064",1,3,19,0,0,0,1,1,20,124,1,11
"2025000008064",2,3,4,0,0,0,2,1,19,125,1,9
"2025000008065",2,1,19,1,0,0,1,1,22,-1,-1,-1
"2025000008065",1,9,19,8,0,0,1,2,27,1956,2,9
"2025000008066",1,9,9,1,0,0,1,2,23,1994,2,14
"2025000008067",1,9,19,0,0,0,1,1,68,2987,2,4
"2025000008068",2,9,5,0,0,0,3,1,18,1229,1,7
"2025000008068",1,9,19,0,0,0,1,3,-1,1896,2,19
"2025000008069",2,9,13,8,0,0,1,1,19,1896,2,19
"2025000008069",1,9,9,5,0,0,3,1,63,1275,1,27
"2025000008070",1,9,19,1,0,0,3,2,-1,-1,-1,-1
"2025000008071",1,19,-1,-1,-1,-1,-1,3,-1,2402,2,16
"2025000008071",2,1,-1,-1,-1,-1,-1,1,13,-1,-1,-1
"2025000008072",1,9,-1,0,-1,-1,-1,3,-1,-1,-1,-1
"2025000008072",2,9,19,0,0,0,2,1,21,1598,2,10
"2025000008073",2,9,19,0,0,0,0,1,20,1360,1,17
"2025000008073",1,2,19,0,2,0,1,2,36,125,1,1
"2025000008074",1,9,19,0,2,0,1,1,49,-1,3,1
"2025000008075",2,9,19,8,0,0,1,2,30,1998,2,0
"2025000008075",1,9,9,8,0,0,1,2,32,1461,2,14
"2025000008076",1,9,9,8,0,0,4,1,21,999,1,11
"2025000008076",2,1,19,8,0,0,1,1,23,-1,-1,-1
"2025000008077",2,1,13,0,0,0,4,1,54,-1,-1,-1
"2025000008077",1,9,19,0,0,0,3,2,26,1995,2,7
"2025000008078",3,-1,19,0,0,0,1,3,-1,-1,-1,-1
"2025000008078",2,-1,19,0,0,0,1,3,-1,-1,-1,-1
"2025000008078",1,9,19,0,0,0,2,1,20,1198,1,10
"2025000008079",1,11,5,6,0,0,0,1,50,5132,2,8
"2025000008080",1,11,19,2,0,0,0,1,39,4500,2,3
"2025000008081",1,9,-1,0,-1,-1,-1,3,-1,-1,-1,-1
"2025000008082",1,9,19,0,0,0,1,1,71,1998,1,0
"2025000008082",2,9,12,0,0,0,2,3,-1,-1,-1,-1
"2025000008083",1,21,19,4,0,0,1,1,-1,12902,2,1
"2025000008083",2,9,19,4,0,0,1,2,62,998,1,20
"2025000008084",2,9,14,1,0,0,1,1,22,-1,-1,-1
"2025000008084",1,9,5,6,0,0,1,1,30,2494,8,4
"2025000008085",1,5,19,0,0,0,0,1,40,680,1,16
"2025000008086",1,11,19,1,0,0,4,2,38,6700,2,8
"2025000008087",2,19,99,9,9,99,9,3,29,2198,2,8
"2025000008087",1,9,99,9,9,99,2,2,33,1598,1,17
"2025000008088",1,23,13,8,0,0,4,1,24,-1,-1,-1
"2025000008088",2,9,9,1,0,0,3,1,23,1364,1,6
"2025000008089",1,3,99,9,9,99,2,1,30,124,1,10
"2025000008089",2,9,99,9,9,99,1,1,45,1598,1,9
"2025000008090",2,9,19,8,0,0,1,1,39,2497,1,15
"2025000008090",1,9,9,8,0,0,3,1,18,1598,1,13
"2025000008091",1,4,19,8,0,0,3,1,17,125,1,5
"2025000008091",2,9,9,5,0,0,1,1,19,-1,-1,-1
"2025000008092",1,9,3,0,0,0,2,2,23,1339,1,16
"2025000008092",2,9,19,0,0,0,1,2,-1,999,1,3
"2025000008093",1,22,19,0,0,0,1,1,75,-1,-1,-1
"2025000008094",2,9,2,1,0,0,0,3,-1,2755,2,2
"2025000008094",1,9,19,1,0,0,1,1,24,998,1,10
"2025000008095",1,9,19,8,0,0,1,1,22,999,1,7
"2025000008095",2,9,19,8,0,0,2,2,52,1461,2,8
"2025000008096",1,9,19,0,0,0,3,1,34,-1,-1,-1
"2025000008097",3,19,2,8,0,0,1,3,-1,1997,2,2
"2025000008097",1,9,4,1,1,0,2,1,35,1461,2,8
"2025000008097",2,1,19,1,0,0,1,2,22,-1,-1,-1
"2025000008098",1,9,9,2,0,0,3,1,78,1198,1,6
"2025000008098",2,4,19,1,0,0,1,1,31,400,1,33
"2025000008099",1,9,19,2,0,0,1,1,34,1124,1,16
"2025000008100",1,9,19,1,0,0,1,2,57,999,1,3
"2025000008100",2,22,5,1,0,0,4,2,56,-1,-1,-1
"2025000008101",1,9,19,0,5,0,1,1,19,1598,2,9
"2025000008102",3,9,13,0,0,0,0,1,41,1499,2,4
"2025000008102",1,19,4,0,1,0,1,1,23,1968,2,3
"2025000008102",4,17,19,0,0,0,0,3,-1,-1,-1,-1
"2025000008102",2,9,4,0,0,0,2,2,25,998,1,11
"2025000008103",2,3,19,8,0,0,1,1,38,125,1,11
"2025000008103",1,9,19,4,0,0,3,2,60,1199,1,19
"2025000008104",1,9,19,1,0,0,1,2,63,1398,1,6
"2025000008105",2,8,19,1,0,0,1,1,62,1560,2,6
"2025000008105",1,1,19,1,0,0,4,1,19,-1,-1,-1
"2025000008106",1,2,19,0,0,0,1,1,24,49,1,2
"2025000008107",1,9,4,4,0,0,1,2,61,1598,2,8
"2025000008107",2,9,3,4,0,0,2,2,60,1398,1,5
"2025000008108",1,9,11,8,0,0,0,1,-1,1600,2,14
"2025000008108",2,11,19,8,0,0,0,1,63,9000,2,9
"2025000008109",1,4,19,0,0,0,4,1,23,125,1,1
"2025000008110",1,11,19,1,0,0,0,1,56,4500,2,10
"2025000008111",1,9,19,0,0,0,1,1,52,-1,-1,-1
"2025000008111",3,9,3,0,0,0,2,1,72,999,1,2
"2025000008111",2,9,4,0,5,0,2,1,34,1339,1,9
"2025000008112",1,9,8,4,0,0,1,1,38,1968,2,7
"2025000008112",2,9,3,4,0,0,2,1,45,1598,2,8
"2025000008113",1,3,99,9,9,99,9,1,28,125,1,5
"2025000008113",2,9,99,9,9,99,1,3,47,1149,1,8
"2025000008114",2,9,19,4,0,0,1,2,-1,1248,2,7
"2025000008114",1,9,19,3,0,0,4,1,32,1296,1,15
"2025000008115",1,9,19,0,0,0,1,1,31,1997,2,10
"2025000008116",2,1,99,9,9,99,9,3,-1,-1,-1,-1
"2025000008116",1,9,99,9,9,99,9,2,52,1496,1,0
"2025000008117",1,9,4,4,0,0,1,1,42,1598,1,14
"2025000008117",2,9,3,4,0,0,2,2,38,1968,2,2
"2025000008118",1,1,19,1,0,0,0,1,21,-1,-1,-1
"2025000008119",1,20,19,0,0,0,1,1,54,4500,2,2
"2025000008119",2,11,19,0,0,0,2,1,42,-1,-1,-1
"2025000008120",1,11,19,1,0,0,0,1,31,-1,-1,-1
"2025000008121",1,9,9,0,0,0,1,2,20,1248,2,13
"2025000008121",2,9,19,0,0,0,4,1,45,1997,2,10
"2025000008122",1,9,19,0,0,0,4,2,46,1950,2,1
"2025000008123",2,1,19,8,0,0,1,1,34,-1,-1,-1
"2025000008123",1,9,19,8,0,0,3,3,30,1598,2,7
"2025000008124",2,9,19,8,0,0,4,2,26,1242,1,12
"2025000008124",1,9,19,4,0,7,3,2,31,1396,1,11
"2025000008125",2,9,19,8,0,0,1,1,26,2993,2,6
"2025000008125",1,21,19,8,0,0,1,1,61,12809,2,6
"2025000008126",1,9,19,0,0,0,1,1,20,1422,2,21
"2025000008126",2,9,3,0,0,0,2,1,46,2179,2,10
"2025000008127",1,9,9,8,0,0,1,1,53,1598,1,17
"2025000008127",2,5,19,8,0,0,1,1,30,999,1,11
"2025000008128",1,9,3,0,0,0,4,1,55,1248,1,15
"2025000008128",2,9,1,0,0,0,2,1,37,1596,1,9
"2025000008129",4,9,19,0,0,0,1,1,34,1560,2,7
"2025000008129",7,9,19,0,0,0,2,1,33,1870,2,8
"2025000008129",5,19,19,0,0,0,2,1,32,-1,-1,-1
"2025000008129",2,9,19,0,0,0,1,2,53,1968,2,5
"2025000008129",8,9,19,0,0,0,0,2,75,1390,1,16
"2025000008129",6,9,19,0,0,0,2,2,36,1198,1,7
"2025000008129",3,9,19,0,0,0,2,2,32,1686,2,6
"2025000008129",1,9,19,0,0,0,2,1,24,1398,1,8
"2025000008130",1,9,19,0,1,0,1,1,29,1995,2,15
"2025000008130",2,19,19,0,0,0,1,1,71,1598,2,6
"2025000008131",1,19,19,8,0,0,3,1,29,2198,2,15
"2025000008132",1,11,9,8,0,0,1,1,62,9600,2,25
"2025000008132",2,1,19,8,5,0,1,1,33,-1,-1,-1
"2025000008133",1,5,19,0,0,10,4,1,67,675,1,11
"2025000008134",1,19,19,1,0,0,3,1,24,2143,2,6
"2025000008134",2,9,19,1,0,0,3,1,56,2967,2,1
"2025000008134",3,9,19,1,0,0,3,2,38,1685,2,8
"2025000008135",1,9,5,4,0,0,1,2,73,1199,1,3
"2025000008136",1,9,8,5,0,0,3,1,70,-1,-1,-1
"2025000008137",2,9,5,0,0,0,1,1,26,1197,1,4
"2025000008137",1,9,19,0,0,0,4,2,45,1500,2,0
"2025000008138",1,9,19,0,0,0,1,3,-1,998,1,5
"2025000008138",2,9,3,0,0,0,2,1,75,1986,2,16
"2025000008139",2,11,19,1,0,0,2,1,73,6700,2,12
"2025000008139",1,9,19,1,0,0,1,1,44,1969,2,4
"2025000008140",2,9,19,0,0,0,3,2,27,999,1,3
"2025000008140",1,98,11,0,0,0,4,3,-1,-1,-1,-1
"2025000008141",2,9,9,8,0,0,1,1,50,1598,1,15
"2025000008141",1,5,19,8,0,0,1,1,36,1198,1,11
"2025000008142",1,9,5,0,0,0,3,1,30,1997,2,6
"2025000008142",2,9,19,0,0,0,1,2,23,1242,1,13
"2025000008143",2,19,10,8,0,0,2,1,48,1598,2,7
"2025000008143",1,1,19,8,0,0,1,1,17,-1,-1,-1
"2025000008144",1,9,19,1,2,0,4,1,27,1339,1,15
"2025000008145",1,90,19,0,0,0,1,1,12,-1,-1,-1
"2025000008145",2,9,19,0,0,0,3,2,54,1240,1,17
"2025000008146",1,9,9,5,0,0,1,1,52,1242,1,14
"2025000008146",2,4,19,1,0,0,1,1,21,49,1,11
"2025000008147",2,9,99,9,9,99,9,3,-1,1968,2,5
"2025000008147",1,9,99,9,9,99,1,3,-1,1997,1,18
"2025000008148",1,9,11,0,2,0,4,1,34,1995,2,8
"2025000008148",2,9,19,0,1,0,3,1,20,1950,2,4
"2025000008149",3,9,19,0,0,0,2,1,45,-1,3,2
"2025000008149",1,9,19,0,1,0,1,1,48,2993,2,9
"2025000008149",2,9,19,0,0,0,2,2,39,1461,2,4
"2025000008150",1,9,19,2,0,0,3,2,44,1498,8,1
"2025000008151",1,9,19,2,0,0,1,1,53,1396,1,13
"2025000008152",1,11,19,0,0,0,4,2,60,5132,2,6
"2025000008153",3,9,19,1,0,0,1,1,-1,2191,2,8
"2025000008153",1,8,19,8,0,0,1,1,34,1790,8,7
"2025000008153",2,5,19,8,0,0,1,1,43,998,1,18
"2025000008154",1,9,19,0,0,4,1,3,-1,2993,1,3
"2025000008154",2,21,2,0,0,0,2,1,28,6728,2,6
"2025000008155",1,11,15,0,0,0,0,1,-1,-1,-1,-1
"2025000008155",2,1,19,0,0,0,0,1,59,-1,-1,-1
"2025000008156",1,9,5,0,0,0,1,1,33,1124,1,14
"2025000008157",2,9,-1,8,0,0,4,2,35,1582,2,15
"2025000008157",1,1,-1,8,5,0,3,1,29,-1,-1,-1
"2025000008158",2,9,19,1,0,0,1,2,25,1398,1,5
"2025000008158",1,-1,19,1,0,0,1,1,47,-1,-1,-1
"2025000008159",2,9,99,6,9,99,9,3,-1,2143,2,7
"2025000008159",1,3,99,1,9,99,9,3,29,125,1,1
"2025000008160",1,9,4,0,0,0,0,1,40,1500,2,2
"2025000008160",2,1,19,0,0,0,1,2,39,-1,-1,-1
"2025000008161",2,9,99,0,9,99,9,3,-1,1461,2,6
"2025000008161",1,5,99,0,9,99,1,1,38,599,1,15
"2025000008162",1,9,19,1,0,0,1,1,36,-1,-1,-1
"2025000008163",1,9,9,6,0,0,1,2,19,999,1,9
"2025000008163",2,9,19,1,0,0,1,2,25,999,1,1
"2025000008163",3,9,2,2,0,0,4,-1,24,1896,2,16
"2025000008164",1,9,99,4,9,99,9,1,35,1397,1,12
"2025000008164",2,9,99,4,9,12,4,1,31,1796,1,13
"2025000008165",1,9,19,0,0,0,3,1,41,1398,1,6
"2025000008165",2,1,19,0,0,0,1,2,10,-1,-1,-1
"2025000008166",2,9,99,0,9,99,9,3,-1,1396,1,12
"2025000008166",1,9,99,0,9,99,9,2,49,1332,1,4
"2025000008167",1,9,19,0,1,0,1,1,20,999,1,2
"2025000008168",1,9,19,0,0,0,1,2,-1,1498,1,13
"2025000008169",1,9,19,8,0,0,0,1,45,1499,1,1
"2025000008170",2,19,13,1,0,0,0,1,59,2198,2,7
"2025000008170",1,4,19,1,1,0,0,1,22,125,1,9
"2025000008171",1,9,19,8,1,0,4,1,34,1596,1,11
"2025000008171",2,9,19,8,0,0,1,2,27,1968,2,6
"2025000008172",1,19,19,1,0,0,4,1,52,2200,2,1
"2025000008173",2,9,3,1,0,0,2,1,30,1998,8,6
"2025000008173",3,9,3,1,0,0,2,2,30,999,1,7
"2025000008173",1,11,4,1,0,0,1,1,56,4500,2,9
"2025000008174",1,9,19,1,0,0,4,2,40,1997,2,9
"2025000008174",2,16,4,1,0,0,4,2,40,-1,-1,-1
"2025000008175",1,9,5,2,0,0,1,2,21,1598,1,8
"2025000008176",1,9,19,0,0,0,1,1,61,1580,8,0
"2025000008177",2,9,19,1,5,0,1,2,60,1395,1,5
"2025000008177",1,9,19,1,0,0,2,1,38,1332,1,1
"2025000008178",1,3,5,1,5,0,3,1,23,125,1,3
"2025000008178",2,1,19,8,5,0,4,1,50,-1,-1,-1
"2025000008179",1,9,11,0,0,0,1,1,61,1598,2,11
"2025000008180",1,9,19,2,0,0,1,1,61,1499,1,7
"2025000008180",2,19,14,8,0,0,1,1,48,2987,2,8
"2025000008181",2,9,19,0,0,0,1,1,62,-1,3,1
"2025000008181",1,9,19,0,0,0,1,2,25,1591,1,13
"2025000008182",3,5,2,0,0,0,4,-1,-1,-1,-1,-1
"2025000008182",4,4,2,0,0,0,4,-1,-1,249,1,13
"2025000008182",1,9,4,0,0,4,1,1,74,1199,1,4
"2025000008182",2,9,2,0,0,0,3,-1,-1,1461,2,16
"2025000008183",1,9,19,0,0,0,1,1,43,2987,2,9
"2025000008184",2,1,19,8,0,0,1,1,36,-1,-1,-1
"2025000008184",1,9,7,8,0,0,3,2,59,998,1,7
"2025000008185",2,9,19,0,0,0,1,1,18,999,1,1
"2025000008185",1,8,14,0,0,0,1,1,31,1968,2,10
"2025000008186",2,1,19,1,5,0,4,1,48,-1,-1,-1
"2025000008186",1,9,7,8,0,0,1,1,44,-1,-1,-1
"2025000008187",2,9,19,8,0,0,3,1,61,1998,8,9
"2025000008187",1,9,5,8,0,0,1,2,22,1997,2,6
"2025000008188",1,9,19,0,1,0,1,1,20,1200,1,5
"2025000008189",2,9,99,9,9,99,9,1,69,1598,1,18
"2025000008189",1,9,99,9,9,99,1,1,30,998,1,11
"2025000008190",2,21,19,0,0,0,2,1,44,9290,5,3
"2025000008190",1,9,19,0,0,0,1,1,23,1396,1,13
"2025000008191",1,9,19,8,0,0,3,1,35,1363,2,18
"2025000008191",2,9,9,8,0,0,1,2,64,1910,2,17
"2025000008192",2,1,19,5,0,10,4,1,29,-1,-1,-1
"2025000008192",1,98,7,5,0,0,4,3,-1,-1,-1,-1
"2025000008193",1,3,13,8,0,0,1,1,-1,-1,-1,-1
"2025000008193",2,19,9,8,0,0,3,1,50,1500,2,3
"2025000008194",1,9,19,1,0,0,1,1,45,1596,1,9
"2025000008195",1,9,4,8,0,0,0,1,42,1560,2,15
"2025000008195",2,11,4,8,0,0,0,1,36,9360,2,10
"2025000008196",1,9,19,0,0,0,4,1,19,1390,1,12
"2025000008197",1,9,19,8,0,0,1,1,19,1968,2,2
"2025000008198",1,9,9,6,0,0,3,2,47,1598,1,12
"2025000008198",2,9,19,8,0,0,1,1,23,2495,2,20
"2025000008199",1,11,4,1,0,0,0,1,43,4500,2,7
"2025000008200",1,9,19,1,0,0,1,1,20,998,1,5
"2025000008200",2,9,4,1,0,0,2,1,37,1198,1,9
"2025000008201",2,9,7,3,0,0,4,2,40,1969,8,1
"2025000008201",1,4,19,3,1,0,3,1,60,-1,-1,-1
"2025000008202",1,3,19,1,2,0,3,1,27,125,1,4
"2025000008203",1,21,3,1,0,0,2,1,30,12742,2,5
"2025000008203",2,19,19,1,0,0,1,1,59,1996,2,0
"2025000008204",1,1,19,0,0,0,2,2,42,-1,-1,-1
"2025000008204",2,9,19,0,0,0,1,3,-1,-1,-1,-1
"2025000008205",2,9,4,0,0,0,2,2,32,1368,1,12
"2025000008205",1,19,19,0,0,0,1,1,26,1499,2,2
"2025000008206",1,3,14,0,1,0,0,1,31,124,1,0
"2025000008207",1,3,-1,3,1,0,3,1,23,124,1,11