"collision_index","vehicle_reference","vehicle_type","vehicle_manoeuvre","junction_location","skidding_and_overturning","hit_object_in_carriageway","first_point_of_impact","sex_of_driver","age_of_driver","engine_capacity_cc","propulsion_code","age_of_vehicle"
"2025000008208",1,9,5,8,0,0,1,2,43,-1,-1,-1
"2025000008209",2,9,19,8,0,0,4,2,20,1390,1,16
"2025000008209",1,21,9,8,0,0,4,1,51,12777,2,8
"2025000008210",2,9,3,4,0,0,2,1,19,1197,1,7
"2025000008210",1,21,5,4,0,0,1,1,48,12902,2,10
"2025000008211",1,19,10,2,0,0,3,1,47,1995,2,5
"2025000008211",2,9,19,1,0,0,1,1,22,1995,2,16
"2025000008212",2,9,7,1,0,0,1,1,91,998,1,7
"2025000008212",1,9,9,1,0,0,1,2,50,1580,8,1
"2025000008213",2,1,19,1,0,0,1,1,56,-1,-1,-1
"2025000008213",1,19,7,1,0,0,4,1,46,-1,-1,-1
"2025000008214",1,11,2,0,0,0,0,1,35,9000,5,6
"2025000008215",1,9,19,8,0,0,1,1,38,1598,1,21
"2025000008215",2,9,9,6,0,0,1,1,20,1248,2,8
"2025000008216",2,9,7,1,0,0,4,1,32,2993,2,1
"2025000008216",1,1,19,1,0,0,1,1,19,-1,-1,-1
"2025000008217",2,20,2,0,0,0,2,1,57,12900,2,11
"2025000008217",1,9,19,0,0,4,1,1,73,505,1,15
"2025000008218",1,8,99,0,9,99,1,3,46,-1,3,3
"2025000008219",1,9,19,1,0,0,1,1,63,-1,3,3
"2025000008220",1,9,19,1,0,0,4,1,-1,-1,-1,-1
"2025000008221",1,1,9,5,1,0,1,1,60,-1,-1,-1
"2025000008221",2,1,9,1,1,0,1,1,56,-1,-1,-1
"2025000008222",2,9,19,0,0,0,1,2,52,1149,1,12
"2025000008222",1,19,19,0,1,0,4,1,32,1968,2,8
"2025000008223",2,9,2,0,0,0,1,3,-1,1339,1,17
"2025000008223",1,9,19,0,0,0,1,2,28,1968,2,11
"2025000008224",1,9,19,0,0,0,3,2,66,1968,2,2
"2025000008225",1,9,2,0,0,0,3,2,77,1339,1,21
"2025000008225",2,1,19,0,0,8,1,1,18,-1,-1,-1
"2025000008226",1,9,19,1,0,0,1,1,33,-1,-1,-1
"2025000008226",2,90,19,1,0,0,3,1,33,-1,-1,-1
"2025000008227",1,9,4,8,0,0,1,1,26,1950,2,3
"2025000008228",1,9,4,4,0,0,1,1,32,1598,1,11
"2025000008228",2,9,4,4,0,9,2,1,28,1995,2,8
"2025000008229",2,9,2,0,0,0,1,3,-1,996,1,11
"2025000008229",1,9,19,0,0,10,1,1,31,-1,-1,-1
"2025000008230",4,9,2,0,0,0,1,-1,-1,1995,2,6
"2025000008230",1,9,19,0,0,4,1,1,88,998,1,14
"2025000008230",2,9,2,0,0,4,1,-1,-1,1995,2,10
"2025000008230",3,9,2,0,0,4,2,-1,-1,998,1,1
"2025000008231",1,90,-1,-1,-1,-1,-1,3,-1,-1,-1,-1
"2025000008232",1,11,4,0,0,0,0,1,50,4500,2,7
"2025000008233",1,9,5,1,0,0,4,1,35,998,1,2
"2025000008234",2,-1,19,0,0,8,1,1,25,-1,-1,-1
"2025000008234",1,9,2,0,0,0,3,3,-1,1339,1,16
"2025000008235",2,9,13,0,0,0,4,1,80,-1,-1,-1
"2025000008235",1,5,19,0,2,0,3,2,58,948,1,5
"2025000008236",2,9,19,0,0,0,2,2,90,1395,1,7
"2025000008236",1,9,19,0,0,0,2,1,43,1598,2,10
"2025000008237",1,1,99,9,9,99,1,1,44,-1,-1,-1
"2025000008237",2,9,99,9,9,99,9,3,44,-1,-1,-1
"2025000008238",2,9,19,2,0,0,1,1,-1,-1,-1,-1
"2025000008238",1,9,4,2,0,0,2,1,33,-1,3,1
"2025000008239",2,9,19,4,0,0,1,1,20,1995,2,5
"2025000008239",1,9,4,4,0,0,2,2,40,1798,8,5
"2025000008240",1,9,19,0,0,0,4,3,-1,-1,-1,-1
"2025000008241",1,9,19,0,0,0,1,2,35,-1,-1,-1
"2025000008241",2,9,19,0,0,0,2,1,24,1598,2,4
"2025000008241",3,9,19,0,0,0,2,1,26,1968,2,9
"2025000008242",2,1,19,0,0,0,1,1,75,-1,-1,-1
"2025000008242",1,20,2,0,0,0,2,1,32,-1,-1,-1
"2025000008243",2,9,19,6,0,0,4,2,38,1498,1,4
"2025000008243",1,9,19,8,0,0,1,1,82,1598,2,12
"2025000008244",1,9,4,0,0,0,2,2,21,1248,2,8
"2025000008244",3,9,4,0,0,0,1,1,21,999,1,5
"2025000008244",2,9,4,0,0,0,1,2,41,-1,-1,-1
"2025000008245",2,9,99,0,9,99,3,3,43,1497,8,15
"2025000008245",1,1,99,0,9,99,9,1,30,-1,-1,-1
"2025000008246",1,1,14,2,0,4,4,1,57,-1,-1,-1
"2025000008246",2,9,2,2,0,0,3,1,48,1149,1,15
"2025000008247",2,11,19,8,0,0,1,1,35,6700,2,13
"2025000008247",1,10,19,8,0,11,4,1,31,-1,-1,-1
"2025000008248",2,19,19,0,0,0,1,1,26,1995,2,3
"2025000008248",1,9,19,0,1,0,1,1,33,1199,1,0
"2025000008249",2,11,99,9,9,99,0,1,41,10837,2,4
"2025000008249",1,9,99,9,9,99,9,1,19,1199,1,1
"2025000008250",1,11,99,9,9,99,9,3,-1,-1,-1,-1
"2025000008251",1,9,19,1,0,0,1,2,26,1499,2,1
"2025000008251",2,8,6,6,0,0,3,1,63,1798,8,2
"2025000008252",1,3,19,0,1,0,3,1,32,125,1,4
"2025000008252",2,9,15,0,0,0,4,1,30,1395,8,6
"2025000008253",1,9,9,1,0,0,3,1,74,1199,1,1
"2025000008254",1,9,19,0,0,0,1,1,-1,2993,2,6
"2025000008254",2,1,19,0,0,0,1,1,24,-1,-1,-1
"2025000008255",2,9,3,8,0,0,2,2,35,1685,2,10
"2025000008255",1,9,19,8,0,0,1,3,-1,-1,-1,-1
"2025000008256",3,9,2,1,0,0,4,3,-1,1598,1,10
"2025000008256",2,9,3,1,0,0,3,2,20,2143,12,7
"2025000008256",1,19,19,2,0,0,1,1,58,1598,2,8
"2025000008257",2,9,99,9,0,99,9,1,53,2999,8,0
"2025000008257",1,1,99,9,9,99,9,1,39,-1,-1,-1
"2025000008258",2,1,19,0,0,0,1,1,36,-1,-1,-1
"2025000008258",1,9,6,0,0,0,3,1,55,-1,3,1
"2025000008259",2,9,19,0,1,0,1,1,28,1198,1,13
"2025000008259",1,9,2,0,0,0,2,2,66,2597,1,19
"2025000008260",2,9,99,9,9,99,9,3,-1,1600,1,18
"2025000008260",1,3,99,9,9,99,9,1,36,125,1,4
"2025000008261",1,9,9,5,0,0,1,1,80,1199,1,2
"2025000008262",2,19,19,0,0,0,3,1,67,1968,2,5
"2025000008262",1,9,13,0,1,7,1,1,24,1600,1,33
"2025000008263",2,9,19,8,0,0,1,1,23,998,8,0
"2025000008263",1,19,19,5,0,0,3,1,64,-1,-1,-1
"2025000008264",2,3,19,0,0,0,1,1,20,125,1,8
"2025000008264",1,9,19,0,0,7,1,2,58,-1,-1,-1
"2025000008265",2,9,99,9,9,99,1,3,-1,2143,2,8
"2025000008265",1,3,99,9,9,99,9,1,37,125,1,0
"2025000008266",1,9,9,1,0,0,3,2,24,1598,1,14
"2025000008266",2,9,19,1,0,0,1,1,47,-1,3,1
"2025000008267",2,9,9,8,0,0,3,2,73,1395,8,3
"2025000008267",1,3,19,8,0,0,1,1,28,-1,-1,-1
"2025000008268",1,9,12,7,0,0,2,2,23,1242,1,10
"2025000008268",2,98,19,8,0,0,1,3,-1,-1,-1,-1
"2025000008269",1,9,19,1,0,0,1,1,41,1598,1,17
"2025000008269",2,9,5,6,1,0,4,2,39,1995,2,10
"2025000008270",2,1,19,1,0,0,1,1,15,-1,-1,-1
"2025000008270",1,9,9,2,0,0,1,1,71,1598,1,19
"2025000008271",2,19,19,8,0,0,1,2,48,1560,2,6
"2025000008271",1,9,19,8,0,0,1,2,26,1598,2,13
"2025000008272",1,19,19,8,0,10,1,1,45,1950,2,1
"2025000008273",2,9,19,0,0,0,1,2,32,1398,1,8
"2025000008273",1,19,19,0,0,0,1,1,40,1461,2,4
"2025000008274",1,9,19,0,0,0,3,1,75,1896,2,19
"2025000008275",1,9,19,0,0,0,1,1,82,1598,2,7
"2025000008275",2,9,19,0,0,0,4,2,51,1685,2,7
"2025000008276",2,9,19,0,0,0,3,1,38,1991,1,5
"2025000008276",1,9,11,0,0,0,4,1,86,2393,1,11
"2025000008277",1,9,12,6,0,0,1,1,65,1560,2,13
"2025000008277",2,9,19,1,0,0,4,2,76,998,1,10
"2025000008278",1,9,19,0,0,0,4,1,18,999,1,1
"2025000008279",2,9,19,8,0,0,1,1,41,2987,2,10
"2025000008279",1,3,19,8,0,0,1,1,28,125,1,0
"2025000008280",2,9,19,8,0,0,1,1,35,1984,8,0
"2025000008280",1,1,19,8,0,0,4,1,20,-1,-1,-1
"2025000008281",2,1,19,8,0,0,1,1,30,-1,-1,-1
"2025000008281",1,9,6,8,0,0,4,2,45,1896,2,20
"2025000008282",1,9,19,0,2,0,4,1,31,2148,2,17
"2025000008283",1,9,9,2,0,0,1,2,-1,-1,-1,-1
"2025000008284",2,5,19,0,0,0,1,1,38,599,1,24
"2025000008284",1,9,5,0,0,0,1,1,59,1328,1,15
"2025000008285",2,9,19,8,0,0,1,2,35,1598,2,7
"2025000008285",1,19,9,5,0,0,4,1,30,2143,2,10
"2025000008286",1,9,5,6,2,0,3,1,37,1199,1,3
"2025000008286",2,9,19,8,0,0,1,2,47,1242,1,10
"2025000008287",1,11,4,0,0,0,0,3,-1,6692,2,9
"2025000008288",1,9,9,2,0,0,1,1,33,1798,8,7
"2025000008289",2,-1,19,1,0,0,3,1,42,-1,-1,-1
"2025000008289",1,9,19,1,0,0,1,1,40,1560,2,11
"2025000008290",1,9,9,1,0,0,1,1,49,2360,8,3
"2025000008290",2,19,19,1,0,0,1,1,65,1753,2,16
"2025000008291",1,9,4,0,1,0,1,1,62,-1,-1,-1
"2025000008291",4,9,4,0,0,0,1,1,49,2993,2,17
"2025000008291",2,9,4,0,0,0,2,1,21,1995,2,10
"2025000008291",3,9,4,0,0,0,2,1,38,1956,2,13
"2025000008292",1,9,5,8,1,0,3,1,50,1797,8,11
"2025000008293",2,9,5,1,0,0,1,2,42,1242,1,17
"2025000008293",1,-1,19,8,0,0,4,1,12,-1,-1,-1
"2025000008294",1,1,19,0,0,0,1,3,-1,-1,-1,-1
"2025000008295",1,1,4,0,1,0,1,1,51,-1,-1,-1
"2025000008296",1,9,5,4,0,0,4,2,52,1997,1,9
"2025000008296",2,9,5,4,0,0,1,2,51,-1,3,1
"2025000008297",2,1,19,2,0,0,1,1,48,-1,-1,-1
"2025000008297",1,9,19,2,0,0,3,1,32,1395,1,8
"2025000008298",3,9,19,0,0,0,1,1,61,1598,2,8
"2025000008298",2,9,19,0,0,0,1,2,51,1199,1,3
"2025000008298",4,19,19,0,0,0,2,1,39,2143,2,8
"2025000008298",5,19,19,0,1,0,1,1,25,2143,2,11
"2025000008298",1,90,19,0,0,0,-1,3,-1,-1,-1,-1
"2025000008299",2,9,19,0,0,0,3,1,23,-1,-1,-1
"2025000008299",1,9,19,0,0,0,1,1,51,2198,2,18
"2025000008299",3,9,19,0,0,0,1,1,38,1968,2,7
"2025000008300",1,9,19,8,0,0,4,1,28,1995,2,6
"2025000008300",2,9,19,4,0,0,1,1,42,1364,1,15
"2025000008301",1,9,19,1,0,4,1,1,19,1797,8,9
"2025000008301",2,10,2,1,0,4,2,3,-1,-1,-1,-1
"2025000008301",3,9,2,1,0,0,2,3,-1,1995,2,5
"2025000008302",1,9,19,8,0,0,1,2,22,999,1,7
"2025000008302",2,9,19,7,0,0,1,1,27,1332,1,5
"2025000008303",1,1,19,0,1,0,1,1,30,-1,-1,-1
"2025000008304",1,9,19,0,5,0,1,1,20,1390,1,12
"2025000008305",1,9,19,9,9,99,2,1,20,1798,1,14
"2025000008305",2,9,19,9,9,99,1,1,18,1398,1,7
"2025000008306",2,9,19,3,0,0,3,2,47,1197,1,7
"2025000008306",1,21,19,3,0,0,4,1,64,-1,-1,-1
"2025000008307",1,9,19,0,0,0,1,1,25,1229,1,10
"2025000008307",2,9,19,0,0,0,1,2,51,998,1,0
"2025000008308",1,9,19,1,0,0,3,2,32,1197,1,5
"2025000008309",1,9,19,0,0,0,1,1,39,1968,2,15
"2025000008309",2,9,19,0,1,0,1,1,18,-1,-1,-1
"2025000008310",1,9,19,0,0,0,1,2,-1,999,1,2
"2025000008311",3,9,19,0,0,0,2,1,30,1390,1,12
"2025000008311",1,19,19,0,0,0,1,2,33,1499,2,0
"2025000008311",2,9,19,0,0,0,2,2,20,1598,1,14
"2025000008312",1,9,19,1,0,0,1,1,51,-1,-1,-1
"2025000008312",2,9,4,1,0,0,2,2,31,1498,1,1
"2025000008313",3,5,3,0,5,0,2,1,54,937,1,2
"2025000008313",1,19,19,0,1,0,1,1,59,1753,2,18
"2025000008313",2,9,19,0,0,0,1,1,31,1794,1,22
"2025000008314",1,97,19,8,0,0,1,1,-1,-1,-1,-1
"2025000008314",2,9,7,8,0,0,2,1,19,998,1,0
"2025000008315",2,9,19,1,1,0,3,2,32,1598,1,8
"2025000008315",1,9,9,1,1,0,1,2,22,1398,1,8
"2025000008316",2,1,7,1,0,0,1,1,37,-1,-1,-1
"2025000008316",1,9,19,1,0,0,1,1,34,1390,1,16
"2025000008317",1,9,5,0,0,4,1,1,32,1397,1,19
"2025000008317",2,9,2,0,0,0,0,1,43,1796,1,13
"2025000008318",1,9,99,9,9,99,9,3,-1,-1,-1,-1
"2025000008319",1,1,99,9,9,99,9,1,10,-1,-1,-1
"2025000008319",2,19,19,8,0,99,9,3,-1,2148,2,15
"2025000008320",2,19,3,1,0,0,1,1,44,2287,2,12
"2025000008320",1,9,3,1,0,0,2,1,46,1580,8,6
"2025000008321",1,19,9,6,0,0,1,1,28,1995,2,8
"2025000008321",2,1,4,1,0,0,1,1,24,-1,-1,-1
"2025000008322",1,9,19,0,0,0,0,2,56,1998,1,5
"2025000008322",3,9,19,0,0,0,1,1,26,1796,1,18
"2025000008322",2,9,19,0,0,0,2,1,68,2487,8,2
"2025000008323",2,9,4,0,0,0,2,1,21,-1,-1,-1
"2025000008323",1,8,4,0,0,0,1,1,33,1968,2,4
"2025000008324",1,9,9,8,0,0,4,2,45,-1,3,1
"2025000008324",2,1,19,8,0,0,1,2,37,-1,-1,-1
"2025000008325",1,9,7,8,0,0,1,2,40,1200,1,18
"2025000008325",2,9,8,8,0,0,2,2,49,998,1,1
"2025000008326",2,9,19,0,1,0,3,1,20,1498,8,0
"2025000008326",1,9,19,0,1,0,3,1,64,1968,2,6
"2025000008327",1,19,19,0,0,0,1,1,55,2143,2,2
"2025000008328",1,9,19,0,2,10,1,1,39,-1,-1,-1
"2025000008329",1,9,19,0,0,0,1,1,22,1598,2,12
"2025000008329",2,9,19,0,0,0,2,2,38,1984,2,10
"2025000008330",1,1,9,5,0,4,4,2,20,-1,-1,-1
"2025000008330",2,19,2,2,0,0,3,2,59,1560,2,13
"2025000008331",2,22,19,0,0,0,1,2,75,-1,-1,-1
"2025000008331",1,20,1,0,0,0,2,1,23,-1,-1,-1
"2025000008332",2,9,19,0,0,0,1,2,21,1598,2,9
"2025000008332",1,9,19,0,0,0,3,1,67,2982,2,10
"2025000008333",1,9,19,4,0,0,3,2,57,1995,2,5
"2025000008333",2,1,9,8,0,0,1,1,29,-1,-1,-1
"2025000008334",1,8,9,8,0,0,1,1,49,1968,2,7
"2025000008334",2,1,19,1,0,0,3,1,46,-1,-1,-1
"2025000008335",1,-1,19,0,1,0,1,1,34,-1,-1,-1
"2025000008336",1,9,9,6,0,0,1,2,53,1995,2,8
"2025000008336",2,3,5,1,0,0,1,1,19,124,1,33
"2025000008337",1,9,19,0,0,0,1,1,37,1461,2,8
"2025000008338",1,11,4,1,0,0,1,1,68,8268,2,19
"2025000008338",2,9,2,1,0,0,2,1,-1,999,1,7
"2025000008339",2,9,9,0,0,0,1,1,47,-1,3,2
"2025000008339",1,4,14,0,0,0,3,1,18,125,1,7
"2025000008340",1,9,19,0,2,0,3,1,48,4999,1,7
"2025000008341",1,9,19,1,0,0,1,1,39,1200,1,8
"2025000008342",1,9,19,8,0,0,1,1,-1,2996,1,6
"2025000008342",2,8,19,8,0,0,3,1,55,2143,2,7
"2025000008343",2,9,4,8,0,0,1,1,70,1560,2,13
"2025000008343",1,9,9,6,0,0,3,2,54,3199,1,17
"2025000008344",2,9,99,0,9,99,9,3,-1,1968,2,7
"2025000008344",1,3,99,0,9,99,1,1,32,125,1,4
"2025000008345",2,1,19,1,0,0,1,1,16,-1,-1,-1
"2025000008345",1,9,19,1,0,0,1,3,33,-1,-1,-1
"2025000008346",2,9,99,0,9,99,9,3,-1,-1,-1,-1
"2025000008346",1,1,99,0,9,99,0,1,52,-1,-1,-1
"2025000008347",2,9,99,5,9,99,9,3,-1,1798,8,10
"2025000008347",1,3,99,1,9,99,9,3,23,124,1,3
"2025000008348",1,9,19,8,5,0,1,1,40,1108,1,15
"2025000008348",2,9,19,8,0,0,1,1,39,-1,3,6
"2025000008349",1,1,19,0,0,0,1,1,40,-1,-1,-1
"2025000008350",2,9,-1,8,-1,-1,-1,3,-1,2493,1,18
"2025000008350",1,1,19,8,0,0,4,1,23,-1,-1,-1
"2025000008351",2,1,19,8,0,0,1,1,16,-1,-1,-1
"2025000008351",1,9,7,5,0,0,4,1,57,1598,8,0
"2025000008352",1,3,19,0,5,0,4,2,27,125,1,1
"2025000008352",2,9,15,0,0,0,3,3,-1,-1,-1,-1
"2025000008353",2,9,19,1,0,0,3,1,54,1995,12,1
"2025000008353",1,9,19,1,0,0,1,2,30,1364,1,15
"2025000008354",1,19,99,8,0,0,3,1,27,1995,2,5
"2025000008355",1,3,99,1,9,99,9,2,42,125,1,7
"2025000008355",2,9,99,1,9,99,2,3,31,1395,1,9
"2025000008356",1,11,19,1,0,0,1,2,21,6700,2,12
"2025000008356",2,9,9,1,0,0,1,1,56,1991,2,13
"2025000008357",2,9,4,2,0,0,2,2,42,998,1,9
"2025000008357",1,21,19,2,0,0,1,1,50,12809,2,2
"2025000008358",1,9,19,0,2,0,3,1,21,2998,1,5
"2025000008359",2,9,19,1,0,0,1,2,58,1998,1,2
"2025000008359",1,9,19,6,0,0,3,2,76,1390,1,16
"2025000008360",1,9,19,6,1,0,1,1,41,1560,2,11
"2025000008360",2,9,19,8,0,0,4,1,63,1598,2,5
"2025000008361",3,9,19,0,0,0,1,1,65,4196,1,15
"2025000008361",4,9,19,0,0,0,1,2,35,999,1,0
"2025000008361",1,9,2,0,0,0,1,1,59,2401,2,15
"2025000008361",2,9,19,0,1,0,1,1,49,-1,-1,-1
"2025000008362",1,9,9,6,0,0,1,2,45,1598,2,12
"2025000008362",2,5,13,1,0,0,1,1,69,847,1,6
"2025000008363",2,9,19,0,0,0,4,1,40,1598,8,0
"2025000008363",1,9,-1,0,-1,-1,-1,3,-1,1968,2,15
"2025000008364",1,9,9,6,0,0,1,3,-1,1200,1,2
"2025000008364",2,9,19,1,0,0,1,2,48,1490,1,4
"2025000008365",2,3,19,1,0,0,1,1,49,125,1,2
"2025000008365",1,9,9,8,0,0,4,2,52,1364,1,4
"2025000008366",1,9,5,8,0,0,1,1,53,-1,-1,-1
"2025000008366",2,4,19,8,0,0,1,1,17,125,1,0
"2025000008367",1,9,7,0,1,0,1,1,20,2979,1,15
"2025000008368",1,19,2,0,0,0,2,1,35,1560,2,4
"2025000008368",2,1,19,0,5,0,1,2,53,-1,-1,-1
"2025000008369",1,9,19,0,0,0,3,1,48,-1,3,4
"2025000008370",2,9,4,1,0,0,1,3,-1,-1,-1,-1
"2025000008370",1,9,8,1,0,0,2,2,42,1796,1,13
"2025000008371",2,1,19,8,0,0,3,1,36,-1,-1,-1
"2025000008371",1,9,-1,-1,-1,-1,-1,3,30,-1,-1,-1
"2025000008372",2,9,19,0,0,0,0,1,55,1799,1,13
"2025000008372",1,5,9,0,0,0,1,1,58,998,1,5
"2025000008373",1,19,19,1,0,0,1,1,-1,1995,2,2
"2025000008373",3,9,19,1,0,0,1,2,50,1598,2,10
"2025000008373",2,9,19,1,0,0,2,2,38,2776,2,17
"2025000008374",1,21,8,1,0,0,4,1,-1,7698,2,7
"2025000008374",2,9,9,1,0,0,3,2,41,1498,1,4
"2025000008375",1,4,99,9,9,99,1,1,30,125,1,9
"2025000008375",2,9,99,9,9,99,1,2,38,1598,1,9
"2025000008376",1,98,1,6,0,0,2,3,-1,-1,-1,-1
"2025000008376",2,9,19,8,0,0,4,2,64,998,1,1
"2025000008377",1,9,19,0,0,0,1,2,65,999,1,5
"2025000008378",1,9,9,6,0,0,1,1,52,1596,1,13
"2025000008378",2,9,19,8,0,0,1,2,55,999,1,2
"2025000008379",1,10,5,4,0,0,1,1,65,2998,2,3
"2025000008379",2,9,4,4,0,0,2,1,42,1686,2,10
"2025000008380",1,9,19,6,0,0,1,2,44,-1,-1,-1
"2025000008381",2,9,9,8,0,0,2,1,59,1390,1,15
"2025000008381",1,9,19,8,0,0,1,1,29,-1,-1,-1
"2025000008381",3,9,19,8,0,0,1,2,49,998,1,12
"2025000008382",1,9,11,0,0,0,1,2,20,999,1,2
"2025000008382",2,9,19,0,0,0,1,1,54,1794,1,16
"2025000008382",3,9,19,0,0,0,2,1,32,1499,2,2
"2025000008383",4,19,19,0,0,0,2,1,41,2143,2,4
"2025000008383",3,9,19,0,0,0,2,1,23,1198,1,15
"2025000008383",1,9,19,0,0,0,1,1,31,-1,-1,-1
"2025000008383",2,9,19,0,0,0,2,2,53,1591,1,3
"2025000008384",1,11,19,0,0,0,0,1,51,6700,2,3
"2025000008385",1,9,19,0,0,0,1,1,92,998,1,5
"2025000008386",2,19,19,1,0,0,1,1,29,1968,2,17
"2025000008386",1,8,7,2,0,0,1,1,42,1798,8,4
"2025000008387",1,11,19,1,0,0,0,1,49,6700,2,11
"2025000008388",1,9,19,0,0,0,1,1,40,1598,1,11
"2025000008388",2,9,19,0,0,0,3,1,65,1998,1,1
"2025000008389",1,9,19,8,0,0,4,2,36,1461,2,7
"2025000008389",2,9,-1,-1,-1,-1,-1,3,-1,-1,-1,-1
"2025000008390",1,9,19,1,0,0,1,2,46,1998,8,3
"2025000008390",2,9,10,1,0,0,2,2,31,1686,2,13
"2025000008391",1,9,19,8,0,0,1,1,26,2993,2,4
"2025000008391",2,9,19,8,0,0,1,1,58,1490,1,3
"2025000008392",1,9,19,1,0,0,1,2,43,-1,-1,-1
"2025000008393",2,8,99,9,9,99,9,1,44,1580,8,4
"2025000008393",1,1,99,9,9,99,1,1,35,-1,-1,-1
"2025000008394",1,9,19,0,0,0,1,1,72,999,1,0
"2025000008395",2,9,19,2,0,0,3,1,31,1598,1,12
"2025000008395",1,2,19,1,0,0,1,1,29,125,1,2
"2025000008396",2,5,19,1,5,0,1,1,52,900,1,6
"2025000008396",1,9,5,6,0,0,1,2,38,1685,2,9
"2025000008397",2,9,-1,8,0,0,1,1,34,1199,1,6
"2025000008397",3,9,4,1,0,0,1,2,53,1796,1,18
"2025000008397",4,9,3,1,0,0,1,2,76,998,1,10
"2025000008397",1,9,-1,8,0,0,1,1,45,1995,2,5
"2025000008398",1,3,99,9,9,99,9,1,31,125,1,0
"2025000008398",2,9,99,9,9,99,2,3,-1,990,1,13
"2025000008399",1,3,99,9,9,99,2,1,36,125,1,5
"2025000008400",1,9,19,0,0,0,1,2,21,1598,2,9
"2025000008401",1,3,99,9,9,99,1,1,18,125,1,3
"2025000008401",2,9,99,9,9,99,1,3,-1,1368,1,1
"2025000008402",1,9,19,0,2,0,1,1,33,1388,1,18
"2025000008402",3,9,19,0,0,0,0,1,33,2993,2,3
"2025000008402",2,9,19,0,0,0,0,1,36,2993,2,4
"2025000008403",1,-1,19,0,0,0,1,2,31,-1,-1,-1
"2025000008403",2,9,4,0,0,0,1,1,52,1598,2,6
"2025000008404",1,9,9,6,0,0,1,1,69,1910,2,17
"2025000008404",2,5,19,1,1,0,1,1,50,744,1,43
"2025000008405",2,1,19,0,0,0,1,1,36,-1,-1,-1
"2025000008405",1,19,5,0,0,0,3,1,28,1995,2,5
"2025000008406",1,19,19,0,0,0,1,1,63,1499,2,2
"2025000008407",2,1,19,2,0,0,1,1,29,-1,-1,-1
"2025000008407",1,11,19,2,0,0,2,1,59,6700,2,12
"2025000008408",2,9,6,1,0,0,1,1,23,1332,1,3
"2025000008408",1,2,19,2,0,0,1,1,29,125,1,5
"2025000008409",1,9,19,3,0,0,0,2,24,-1,3,8
"2025000008410",1,9,9,5,0,0,4,2,33,1969,2,10
"2025000008410",2,9,19,1,0,0,1,1,51,1395,8,2
"2025000008411",2,9,4,1,0,0,1,1,28,1997,2,5
"2025000008411",1,1,19,1,0,0,3,1,16,-1,-1,-1
"2025000008412",1,19,19,0,0,4,1,1,43,1968,2,2
"2025000008412",2,9,2,0,0,0,2,2,43,-1,-1,-1
"2025000008413",1,9,19,0,0,0,1,2,54,999,1,1
"2025000008414",2,-1,19,0,0,8,1,1,31,-1,-1,-1
"2025000008414",1,9,4,0,0,0,4,2,53,1242,1,2
"2025000008415",2,-1,19,8,0,0,0,3,-1,-1,-1,-1
"2025000008415",1,11,19,2,0,0,0,1,45,5132,2,7
"2025000008416",1,2,19,1,0,0,1,3,-1,-1,-1,-1
"2025000008417",2,9,4,8,0,0,2,1,41,1339,1,16
"2025000008417",1,9,19,2,0,0,1,1,40,1998,1,1
"2025000008417",3,9,4,8,0,0,1,1,45,1984,1,11
"2025000008418",1,9,5,1,0,0,1,1,55,2720,2,16
"2025000008418",2,9,5,1,0,0,2,2,30,1200,1,3
"2025000008419",2,9,3,1,0,0,2,2,73,1560,2,16
"2025000008419",1,9,7,1,0,0,1,3,30,1397,1,12
"2025000008420",2,9,10,1,0,0,2,2,35,1995,2,14
"2025000008420",1,9,19,1,0,0,1,2,38,898,1,8
"2025000008421",1,9,19,1,0,0,4,1,69,1968,2,6
"2025000008422",1,9,19,8,1,0,3,1,20,2792,1,31
"2025000008422",2,9,9,8,0,0,2,2,73,1968,2,9
"2025000008423",1,21,19,1,0,11,4,1,50,-1,-1,-1
"2025000008424",1,9,10,1,0,0,1,2,60,1497,1,15
"2025000008425",2,9,19,1,0,0,1,1,53,1398,2,11
"2025000008425",1,9,19,1,0,0,2,1,38,-1,3,2
"2025000008426",1,9,19,8,0,0,1,1,63,998,1,10
"2025000008426",2,9,19,8,0,0,1,1,85,998,1,10
"2025000008427",2,9,5,0,0,0,0,1,-1,1598,2,6
"2025000008427",1,5,13,0,1,0,0,1,53,1170,1,16
"2025000008428",1,9,19,0,0,0,1,1,20,1399,2,12
"2025000008429",1,9,19,0,1,0,1,1,55,3200,2,22
"2025000008429",2,9,19,0,0,0,4,2,76,1496,1,5
"2025000008430",2,1,15,8,5,0,3,1,47,-1,-1,-1
"2025000008430",1,9,7,8,0,0,4,2,46,998,1,4
"2025000008431",1,9,19,1,0,0,1,1,68,1968,2,17
"2025000008431",2,-1,-1,2,0,0,-1,1,-1,-1,-1,-1
"2025000008432",1,9,11,0,0,0,1,2,34,1199,1,5
"2025000008432",2,9,19,0,0,0,3,1,31,1149,1,18
"2025000008433",1,9,-1,0,-1,-1,-1,3,-1,-1,-1,-1
"2025000008434",1,9,19,1,0,0,1,2,46,998,1,16
"2025000008435",2,9,19,8,0,0,1,2,23,1199,1,4
"2025000008435",1,9,9,6,0,0,1,1,28,999,1,8
"2025000008436",2,9,19,1,0,0,1,2,37,1560,2,11
"2025000008436",1,9,4,1,0,0,2,1,36,1968,2,17