"collision_index","vehicle_reference","vehicle_type","vehicle_manoeuvre","junction_location","skidding_and_overturning","hit_object_in_carriageway","first_point_of_impact","sex_of_driver","age_of_driver","engine_capacity_cc","propulsion_code","age_of_vehicle"
"2025000008437",1,9,19,2,0,0,1,1,45,1997,2,13
"2025000008438",1,1,7,1,0,0,0,2,48,-1,-1,-1
"2025000008439",2,11,19,6,0,0,1,1,-1,9360,2,6
"2025000008439",1,11,19,6,0,0,4,1,28,9000,2,9
"2025000008440",1,9,-1,0,1,4,1,1,20,1229,1,11
"2025000008440",2,9,2,0,0,0,4,2,47,2179,2,14
"2025000008441",1,19,19,1,0,0,0,3,-1,2143,2,4
"2025000008442",2,1,19,0,0,0,0,1,18,-1,-1,-1
"2025000008442",1,9,4,0,0,0,0,1,46,1600,2,10
"2025000008443",2,9,7,1,0,0,4,1,38,1991,1,5
"2025000008443",1,1,19,1,0,0,3,1,40,-1,-1,-1
"2025000008444",2,1,19,0,0,0,1,1,52,-1,-1,-1
"2025000008444",1,9,1,0,0,0,2,2,77,1328,1,16
"2025000008445",3,9,19,0,0,0,3,2,45,1999,1,19
"2025000008445",1,5,13,0,0,0,3,1,29,1037,1,2
"2025000008445",2,9,19,0,0,0,3,1,36,2143,2,8
"2025000008446",1,9,10,1,0,0,3,2,39,1995,2,8
"2025000008446",2,9,19,1,0,0,1,1,38,1956,2,10
"2025000008447",2,9,9,1,0,0,1,2,32,1242,1,5
"2025000008447",1,9,9,1,0,0,3,1,55,1560,2,15
"2025000008448",1,9,19,4,0,0,1,1,85,1461,2,6
"2025000008448",2,9,19,8,0,0,4,1,51,1498,1,3
"2025000008449",1,9,19,0,0,0,3,2,28,999,1,3
"2025000008450",1,19,19,1,0,0,2,1,54,2402,2,17
"2025000008450",2,9,4,1,0,0,2,1,67,1149,1,19
"2025000008451",1,3,19,1,0,0,1,1,19,125,1,1
"2025000008451",2,9,10,1,0,0,1,1,27,1998,1,7
"2025000008452",1,9,13,1,0,0,4,1,37,1991,8,5
"2025000008452",2,1,19,1,0,0,3,1,23,-1,-1,-1
"2025000008452",3,9,2,1,0,0,3,3,-1,1995,2,6
"2025000008453",2,1,19,0,0,0,2,1,37,-1,-1,-1
"2025000008453",1,9,19,0,0,0,4,1,59,1995,2,6
"2025000008454",2,3,19,8,0,10,1,1,22,124,1,8
"2025000008454",1,9,5,6,0,0,1,1,53,1968,2,1
"2025000008455",2,9,9,6,0,0,3,2,60,1242,1,6
"2025000008455",1,3,19,8,0,0,4,1,47,125,1,0
"2025000008456",1,9,19,0,1,0,1,2,17,998,1,9
"2025000008457",1,9,99,9,9,99,9,2,39,1798,8,5
"2025000008457",2,3,19,1,9,0,1,1,30,125,1,3
"2025000008458",1,9,9,0,0,0,1,2,32,1598,2,5
"2025000008458",2,5,5,0,0,0,1,1,72,1520,1,34
"2025000008459",1,9,19,4,0,0,2,2,40,1390,1,15
"2025000008459",2,9,19,4,0,0,1,1,28,1499,8,0
"2025000008460",1,9,19,0,1,0,1,1,35,-1,-1,-1
"2025000008461",1,21,5,1,0,0,1,1,31,12902,2,5
"2025000008462",1,9,99,8,0,0,1,3,36,1997,2,5
"2025000008462",2,9,99,9,9,0,9,1,52,1798,8,9
"2025000008463",2,9,9,6,0,0,1,1,54,1968,2,5
"2025000008463",1,9,9,1,0,0,2,1,49,1461,2,4
"2025000008464",2,9,3,1,0,0,2,3,-1,-1,-1,-1
"2025000008464",1,11,19,1,0,0,1,3,-1,-1,-1,-1
"2025000008465",1,9,13,0,0,0,3,1,44,999,1,1
"2025000008465",2,5,13,0,1,0,1,1,37,1164,1,22
"2025000008466",1,9,19,0,0,0,1,3,-1,1968,2,5
"2025000008466",2,22,5,0,0,0,3,1,71,-1,-1,-1
"2025000008467",1,9,19,2,0,0,1,1,-1,-1,-1,-1
"2025000008467",2,9,19,1,0,0,1,1,62,998,1,7
"2025000008467",3,9,6,1,0,0,0,1,40,2993,2,6
"2025000008468",1,4,19,0,0,0,1,1,29,125,1,1
"2025000008468",2,9,6,0,0,0,3,1,48,2231,2,11
"2025000008469",1,9,19,1,0,0,1,1,33,1997,2,11
"2025000008470",1,9,9,8,0,0,3,1,43,1498,1,6
"2025000008470",2,9,19,8,0,0,3,1,35,1968,2,15
"2025000008471",2,8,3,2,0,0,2,1,46,1997,2,6
"2025000008471",7,9,2,1,0,0,2,3,-1,1124,1,18
"2025000008471",5,9,3,2,0,0,2,1,48,1199,1,3
"2025000008471",6,9,3,2,0,0,2,1,47,2969,2,13
"2025000008471",4,9,2,1,0,0,2,3,-1,1969,2,6
"2025000008471",1,19,19,2,0,4,1,1,24,2299,2,7
"2025000008471",3,9,2,1,0,0,3,3,-1,2231,2,15
"2025000008472",1,17,11,8,0,0,1,1,30,4910,2,6
"2025000008472",2,9,3,8,0,0,2,2,40,1499,1,4
"2025000008473",1,4,19,1,0,0,1,1,24,125,1,4
"2025000008474",2,5,19,8,1,0,1,1,54,-1,-1,-1
"2025000008474",1,9,9,5,0,0,3,1,38,-1,-1,-1
"2025000008475",1,9,5,8,0,0,3,1,21,1896,2,13
"2025000008475",2,9,19,8,0,0,1,2,26,-1,-1,-1
"2025000008476",1,99,19,0,0,0,1,3,-1,-1,-1,-1
"2025000008477",1,9,19,2,0,0,1,1,34,1598,2,7
"2025000008478",1,11,3,2,0,0,0,1,42,11967,2,13
"2025000008479",2,9,99,1,0,0,1,1,-1,1362,1,9
"2025000008479",1,9,99,1,0,0,2,1,-1,1498,1,5
"2025000008480",2,21,2,0,0,0,2,1,48,7698,2,3
"2025000008480",1,19,19,0,0,4,1,1,43,1995,2,4
"2025000008481",1,9,19,0,0,0,1,1,32,1998,1,2
"2025000008482",1,5,19,0,1,0,0,1,69,998,1,1
"2025000008483",1,19,19,8,0,0,1,1,30,1248,2,1
"2025000008483",4,9,10,8,0,0,2,2,53,1598,2,1
"2025000008483",2,9,4,8,0,0,2,2,35,1995,2,7
"2025000008483",3,9,4,8,0,0,2,1,32,1910,2,10
"2025000008484",2,1,19,8,0,0,1,1,30,-1,-1,-1
"2025000008484",1,9,9,5,0,0,1,1,40,1398,1,13
"2025000008485",2,9,9,8,0,0,1,2,37,1798,8,5
"2025000008485",1,1,5,8,0,0,3,1,17,-1,-1,-1
"2025000008486",1,11,7,2,0,0,1,1,46,-1,3,6
"2025000008487",1,9,19,0,0,0,4,1,70,1998,1,6
"2025000008488",1,11,19,1,0,0,0,2,38,4500,2,4
"2025000008489",2,9,19,1,0,0,2,2,39,1598,2,12
"2025000008489",1,9,19,6,0,0,1,2,52,998,1,5
"2025000008490",2,9,99,6,9,99,9,3,-1,2996,1,13
"2025000008490",1,1,99,1,9,99,1,1,31,-1,-1,-1
"2025000008491",2,9,6,0,0,0,1,1,-1,-1,3,1
"2025000008491",1,5,19,0,0,0,3,1,32,999,1,1
"2025000008492",1,2,19,0,0,0,0,2,15,-1,-1,-1
"2025000008493",1,9,19,0,0,0,1,2,61,1586,1,6
"2025000008494",1,9,-1,-1,-1,-1,-1,2,55,1229,1,11
"2025000008495",1,9,4,2,0,0,1,1,25,1995,2,3
"2025000008496",1,9,2,0,0,0,2,1,24,1596,1,14
"2025000008496",2,9,14,0,0,0,1,1,32,1399,2,15
"2025000008497",1,19,19,0,1,7,1,1,42,1995,2,6
"2025000008498",2,9,13,0,0,0,4,1,-1,1199,1,2
"2025000008498",1,1,19,0,1,0,3,1,17,-1,-1,-1
"2025000008499",1,9,19,0,0,0,1,2,19,-1,-1,-1
"2025000008500",1,9,19,0,0,0,1,2,49,1995,2,1
"2025000008501",2,9,9,8,0,0,2,1,77,1598,8,3
"2025000008501",1,9,19,8,0,0,1,2,31,1999,2,9
"2025000008502",3,9,19,0,1,7,4,2,46,1499,1,4
"2025000008502",1,19,12,0,1,0,4,1,26,2287,2,2
"2025000008502",2,17,19,0,5,0,3,1,39,3298,2,4
"2025000008503",2,9,19,1,0,0,1,2,63,1586,1,6
"2025000008503",1,9,9,6,0,0,1,2,42,1998,1,3
"2025000008504",3,9,19,0,0,0,2,1,63,1477,8,2
"2025000008504",1,9,19,0,0,0,1,1,25,1560,2,11
"2025000008504",2,9,19,0,0,0,2,2,25,1390,1,19
"2025000008505",1,9,99,0,9,99,2,2,39,1329,1,9
"2025000008505",2,9,99,0,9,99,1,3,-1,-1,3,1
"2025000008506",1,9,4,4,0,0,2,1,49,1240,1,18
"2025000008506",2,9,4,4,0,0,1,1,56,1997,1,11
"2025000008507",1,9,19,6,0,0,4,2,39,1591,1,4
"2025000008507",2,19,19,8,0,0,1,1,86,2198,2,10
"2025000008508",2,19,12,0,0,0,1,1,36,1560,2,2
"2025000008508",1,19,11,0,1,0,3,1,52,2402,2,12
"2025000008509",2,9,9,6,1,0,1,1,19,2993,2,17
"2025000008509",1,9,2,2,0,0,1,3,-1,1242,1,9
"2025000008510",1,11,19,1,0,0,1,1,55,4760,2,6
"2025000008510",2,3,19,1,0,0,1,1,31,125,1,1
"2025000008511",2,9,19,0,0,0,-1,2,25,1968,2,13
"2025000008511",1,9,3,0,0,0,1,1,-1,1598,1,13
"2025000008512",2,9,19,1,0,0,4,1,27,1242,1,12
"2025000008512",1,3,11,1,1,0,3,1,22,108,1,1
"2025000008513",1,9,9,1,0,0,4,2,34,2199,2,7
"2025000008513",2,1,19,1,0,0,1,1,59,-1,-1,-1
"2025000008514",1,19,19,0,0,0,4,1,-1,1995,2,2
"2025000008515",1,9,19,0,0,0,1,1,30,999,1,14
"2025000008515",2,9,3,0,0,0,1,2,40,1984,1,4
"2025000008516",2,1,99,9,9,99,1,3,-1,-1,-1,-1
"2025000008516",1,1,99,9,9,99,9,1,42,-1,-1,-1
"2025000008517",2,1,19,0,0,0,0,1,40,-1,-1,-1
"2025000008517",1,9,-1,0,-1,-1,-1,2,67,1332,1,4
"2025000008518",1,9,19,0,0,0,1,2,78,1298,1,15
"2025000008519",1,1,19,2,0,0,4,1,18,-1,-1,-1
"2025000008519",2,9,19,2,0,0,1,1,-1,-1,-1,-1
"2025000008520",2,21,19,1,0,0,1,1,48,12777,2,2
"2025000008520",1,9,3,1,0,0,2,2,23,1248,1,4
"2025000008521",2,9,3,4,0,0,2,2,24,1395,1,5
"2025000008521",1,3,19,4,0,0,1,1,31,125,1,8
"2025000008522",1,9,19,2,0,7,1,1,81,1997,1,11
"2025000008523",1,9,9,1,0,0,3,2,35,1968,2,15
"2025000008524",1,9,9,8,0,0,1,1,28,998,1,14
"2025000008524",2,5,19,8,0,0,3,1,50,948,1,2
"2025000008525",2,9,4,2,0,0,1,1,43,999,1,2
"2025000008525",1,9,2,2,0,0,0,3,-1,1329,1,12
"2025000008526",1,9,4,0,0,0,2,2,26,1598,2,9
"2025000008526",2,9,19,0,0,0,1,1,-1,1364,1,17
"2025000008527",1,11,19,0,0,4,1,1,58,6696,2,8
"2025000008527",2,9,2,0,0,0,2,2,29,1242,1,10
"2025000008527",3,9,2,0,0,0,2,2,28,1242,1,4
"2025000008528",2,9,19,8,0,0,1,2,41,1242,1,10
"2025000008528",1,19,19,6,0,0,1,1,34,1997,2,1
"2025000008529",1,9,3,1,0,0,2,2,39,998,1,5
"2025000008529",2,9,4,1,0,0,1,1,23,1364,1,15
"2025000008530",1,9,9,5,0,0,1,2,59,1498,1,12
"2025000008530",2,1,19,1,5,0,1,1,26,-1,-1,-1
"2025000008531",2,9,2,0,0,0,3,3,-1,1998,1,5
"2025000008531",1,9,19,0,0,0,4,2,77,999,1,13
"2025000008532",1,9,99,9,9,99,9,3,-1,-1,-1,-1
"2025000008533",1,9,-1,0,-1,-1,-1,3,-1,-1,-1,-1
"2025000008533",2,2,19,0,0,0,2,2,16,50,1,5
"2025000008534",1,9,19,1,0,0,1,1,57,-1,-1,-1
"2025000008535",2,1,19,6,0,4,1,1,49,-1,-1,-1
"2025000008535",1,11,2,8,0,0,3,1,58,5132,2,5
"2025000008536",2,5,19,8,0,0,4,1,41,903,1,13
"2025000008536",1,9,19,4,0,0,3,1,62,1461,2,4
"2025000008537",3,2,15,0,2,0,1,1,23,125,1,7
"2025000008537",2,2,19,0,5,0,2,1,52,125,1,8
"2025000008537",1,9,19,0,0,0,1,2,51,1798,1,10
"2025000008538",1,9,19,0,0,0,1,2,44,1597,2,6
"2025000008538",2,21,19,0,0,0,0,1,27,-1,-1,-1
"2025000008539",2,9,13,0,0,0,1,1,40,1796,1,19
"2025000008539",1,-1,19,0,0,0,1,1,23,-1,-1,-1
"2025000008540",1,11,4,0,0,0,0,1,47,4760,2,11
"2025000008541",1,9,19,1,0,0,1,2,35,2000,2,17
"2025000008541",2,9,19,1,0,0,1,1,55,1497,8,16
"2025000008542",1,9,19,0,0,0,1,1,64,-1,-1,-1
"2025000008542",2,9,19,0,1,0,1,1,49,-1,-1,-1
"2025000008543",1,19,19,0,2,0,1,1,37,-1,-1,-1
"2025000008544",1,9,5,6,0,0,1,2,49,1995,2,9
"2025000008544",2,98,19,1,0,0,1,1,57,7698,2,1
"2025000008545",2,19,19,0,0,0,3,1,55,-1,-1,-1
"2025000008545",1,9,19,0,0,0,1,2,19,-1,-1,-1
"2025000008546",1,9,19,0,0,0,1,1,14,1968,2,8
"2025000008546",2,9,19,0,0,0,1,1,23,1560,2,9
"2025000008547",1,3,19,8,0,0,1,1,17,124,1,6
"2025000008547",2,9,4,8,0,0,2,1,59,1598,1,15
"2025000008548",1,9,19,1,0,0,4,3,-1,2996,1,4
"2025000008548",3,9,19,1,0,0,0,1,37,1984,1,2
"2025000008548",2,9,4,1,0,0,3,1,32,1991,2,11
"2025000008549",1,9,19,0,0,0,2,1,29,1997,2,6
"2025000008549",2,9,19,0,0,0,1,2,30,1499,1,1
"2025000008550",1,9,99,8,0,0,0,1,64,1389,1,15
"2025000008550",2,90,99,9,9,99,9,1,-1,-1,-1,-1
"2025000008551",1,9,19,0,0,0,1,1,33,-1,-1,-1
"2025000008552",1,9,5,6,0,0,4,2,57,1332,1,26
"2025000008552",2,11,19,1,0,0,3,1,73,13000,2,19
"2025000008553",1,9,5,1,0,0,0,3,-1,1399,2,16
"2025000008554",2,19,2,2,0,0,4,3,-1,2198,2,11
"2025000008554",1,9,19,2,0,4,4,2,82,1299,1,17
"2025000008555",2,9,19,8,0,0,1,1,42,1797,8,7
"2025000008555",1,9,19,8,0,0,1,1,-1,1461,2,7
"2025000008556",2,11,99,9,9,99,9,1,57,4500,2,5
"2025000008556",1,9,99,9,9,99,9,1,45,1968,2,4
"2025000008557",1,9,5,8,0,0,4,2,37,1242,1,11
"2025000008558",2,9,9,0,0,0,4,2,62,1598,1,14
"2025000008558",3,9,19,0,0,0,0,1,38,1798,8,8
"2025000008558",1,9,19,0,0,0,1,2,29,1997,1,18
"2025000008559",2,19,19,8,0,7,1,1,33,1753,2,15
"2025000008559",1,19,9,8,0,0,3,1,68,1870,2,15
"2025000008560",1,9,19,0,0,0,1,1,47,998,1,15
"2025000008561",1,9,9,2,0,0,1,1,33,2993,2,4
"2025000008561",2,9,19,1,5,0,1,2,34,1580,8,5
"2025000008562",2,9,5,4,0,0,2,2,39,1995,2,13
"2025000008562",1,9,5,1,0,0,1,1,55,998,8,1
"2025000008563",1,9,19,6,0,0,1,1,47,1991,1,5
"2025000008564",1,9,19,0,0,0,1,2,31,1998,8,6
"2025000008565",1,9,9,6,0,10,4,1,40,1968,2,11
"2025000008565",2,9,19,8,0,10,1,2,26,1999,2,4
"2025000008566",1,9,19,1,0,0,1,1,-1,-1,-1,-1
"2025000008567",1,3,99,0,9,99,9,3,30,125,1,2
"2025000008567",2,9,99,0,9,99,9,3,-1,1499,1,2
"2025000008568",1,9,19,0,0,0,3,1,24,1598,1,13
"2025000008568",3,19,10,0,0,0,2,1,39,1995,2,3
"2025000008568",2,9,19,0,0,0,1,2,23,1240,1,16
"2025000008569",1,9,19,1,0,0,1,3,-1,2393,2,5
"2025000008569",2,9,3,1,0,0,2,2,21,1398,1,6
"2025000008570",1,9,5,0,0,7,4,3,-1,2000,1,18
"2025000008571",3,9,3,1,0,0,2,1,42,1998,1,2
"2025000008571",1,9,4,1,0,0,1,1,32,1560,2,14
"2025000008571",2,9,3,1,0,0,2,1,22,999,1,5
"2025000008572",1,9,19,0,0,0,0,1,57,1997,2,12
"2025000008573",2,9,19,0,0,0,1,2,68,1798,8,6
"2025000008573",1,9,19,0,0,0,1,1,59,1596,1,8
"2025000008574",1,-1,19,0,0,4,1,3,-1,-1,-1,-1
"2025000008575",2,9,19,1,0,0,-1,3,-1,-1,-1,-1
"2025000008575",1,9,19,1,0,0,3,3,-1,1998,1,4
"2025000008576",2,9,19,1,0,0,3,2,35,1199,1,0
"2025000008576",1,21,4,8,0,0,1,1,32,4462,2,10
"2025000008577",1,9,19,0,0,0,1,1,21,1995,2,15
"2025000008577",2,9,19,0,0,0,2,1,72,1598,2,5
"2025000008578",1,9,4,1,0,0,4,1,42,999,1,0
"2025000008578",2,9,7,5,0,0,1,1,17,1598,2,9
"2025000008579",2,9,99,9,9,99,9,3,46,1997,1,11
"2025000008579",1,9,99,9,9,99,9,2,49,998,1,10
"2025000008580",2,9,5,8,0,0,1,1,-1,998,1,9
"2025000008580",1,9,3,8,0,0,2,1,39,1580,8,4
"2025000008581",1,9,19,0,0,0,1,1,25,1968,2,9
"2025000008582",2,5,3,0,0,0,2,1,27,599,1,13
"2025000008582",1,9,19,0,0,0,1,2,57,999,1,8
"2025000008583",2,9,-1,0,-1,-1,-1,1,-1,-1,-1,-1
"2025000008583",1,9,-1,0,-1,-1,-1,1,21,1229,1,7
"2025000008584",1,97,19,0,0,0,1,1,19,-1,-1,-1
"2025000008584",2,20,2,0,0,0,4,1,33,2143,2,2
"2025000008585",2,5,99,9,9,99,9,3,32,599,1,11
"2025000008585",1,1,99,9,9,99,9,1,39,-1,-1,-1
"2025000008586",2,9,-1,8,0,0,1,1,45,1560,2,11
"2025000008586",1,9,-1,6,0,0,4,2,80,1496,1,6
"2025000008587",1,9,7,3,0,0,1,2,23,1398,1,4
"2025000008587",2,19,19,3,0,0,4,1,25,1560,2,3
"2025000008588",1,5,19,0,0,10,4,1,59,-1,-1,-1
"2025000008589",2,8,99,9,9,99,1,1,43,1968,2,7
"2025000008589",1,1,99,9,9,99,9,2,33,-1,-1,-1
"2025000008590",2,9,19,1,9,99,1,3,-1,1992,2,16
"2025000008590",1,9,99,9,9,99,2,2,30,1332,1,14
"2025000008591",1,9,19,0,0,0,1,1,46,-1,-1,-1
"2025000008592",1,9,19,0,0,0,1,1,38,1560,2,9
"2025000008593",2,9,4,1,0,0,2,2,29,998,1,12
"2025000008593",3,9,10,1,0,0,2,2,55,998,1,10
"2025000008593",1,9,4,1,0,0,1,2,47,1968,2,10
"2025000008594",2,9,19,0,0,0,2,2,51,1969,2,3
"2025000008594",1,9,19,0,0,0,1,2,20,1400,1,17
"2025000008595",2,9,19,8,0,0,1,2,64,2143,2,7
"2025000008595",1,9,7,6,0,0,1,1,35,1242,1,7
"2025000008596",2,9,19,0,0,0,2,2,34,1997,2,6
"2025000008596",3,9,19,0,0,0,2,1,24,1400,2,12
"2025000008596",1,19,19,0,0,0,1,1,18,2198,2,4
"2025000008597",1,3,99,9,9,99,1,1,45,125,1,2
"2025000008597",2,9,99,9,9,99,9,3,-1,1395,1,7
"2025000008598",4,9,3,0,0,0,3,2,56,1598,1,11
"2025000008598",3,9,4,0,0,0,4,1,28,1598,1,12
"2025000008598",1,9,9,0,0,11,2,3,-1,-1,-1,-1
"2025000008598",5,9,3,0,0,0,3,1,60,-1,-1,-1
"2025000008598",2,9,9,0,0,0,1,1,-1,1969,8,1
"2025000008599",1,9,19,1,0,0,3,1,45,2993,2,8
"2025000008599",2,1,7,2,0,0,1,1,-1,-1,-1,-1
"2025000008600",1,19,13,1,0,0,3,1,38,1598,2,11
"2025000008600",2,9,9,1,0,0,3,2,80,1386,1,15
"2025000008601",2,9,-1,0,-1,-1,2,1,24,1248,1,3
"2025000008601",1,21,-1,0,-1,-1,-1,3,-1,-1,-1,-1
"2025000008602",1,3,99,0,9,99,1,1,37,125,1,2
"2025000008602",2,9,99,0,9,99,9,3,-1,2362,1,15
"2025000008603",1,9,19,0,0,0,1,2,-1,-1,-1,-1
"2025000008604",3,9,2,2,0,0,2,-1,-1,1199,1,1
"2025000008604",1,9,5,6,0,0,3,1,60,1560,2,12
"2025000008604",2,90,19,8,0,0,1,1,77,2446,2,23
"2025000008605",1,9,9,8,0,0,1,1,38,1598,1,17
"2025000008606",1,9,19,6,0,0,4,1,35,-1,-1,-1
"2025000008606",3,9,2,1,0,0,1,3,-1,-1,-1,-1
"2025000008606",2,9,19,8,0,0,1,1,32,1197,1,3
"2025000008607",1,9,7,8,0,0,3,1,54,1956,2,12
"2025000008607",2,1,19,8,0,0,1,1,54,-1,-1,-1
"2025000008608",2,1,19,9,9,99,9,2,-1,-1,-1,-1
"2025000008608",1,10,99,9,9,99,1,3,-1,2143,2,4
"2025000008609",2,9,19,1,0,0,1,1,45,-1,-1,-1
"2025000008609",1,9,3,1,0,0,2,2,41,-1,-1,-1
"2025000008610",1,9,9,5,0,0,0,1,25,1753,2,15
"2025000008611",2,3,19,0,0,0,4,1,27,125,1,6
"2025000008611",1,9,9,0,0,0,1,1,18,999,1,1
"2025000008612",1,9,19,0,2,0,1,1,55,1896,2,18
"2025000008612",2,1,19,0,0,0,3,2,13,-1,-1,-1
"2025000008613",1,10,1,0,0,0,1,2,63,-1,-1,-1
"2025000008614",1,9,1,0,9,99,9,1,38,2487,8,3
"2025000008615",2,1,19,8,2,0,2,1,49,-1,-1,-1
"2025000008615",1,8,5,4,0,0,1,1,65,1998,8,8
"2025000008616",1,9,9,6,0,0,1,1,23,1984,1,6
"2025000008616",2,9,-1,8,2,0,4,1,66,999,1,9
"2025000008617",1,9,19,0,2,0,1,3,-1,1910,2,17
"2025000008618",1,9,7,0,0,0,1,2,52,1598,1,14
"2025000008619",1,9,19,0,1,0,1,1,51,1149,1,17
"2025000008619",2,9,19,0,0,0,1,2,76,1968,2,13
"2025000008620",4,19,9,4,0,0,1,3,-1,2198,2,5
"2025000008620",2,9,9,4,0,0,2,1,29,1591,1,3
"2025000008620",3,19,9,4,0,0,1,3,-1,1598,2,3
"2025000008620",1,21,12,4,0,0,0,3,-1,-1,-1,-1
"2025000008621",2,4,19,8,0,0,1,1,24,125,1,0
"2025000008621",1,9,9,6,0,0,4,2,54,998,1,7
"2025000008622",1,9,9,5,0,0,1,1,39,1896,2,13
"2025000008622",2,9,7,6,0,0,1,2,38,1598,2,5
"2025000008623",2,9,19,1,0,0,3,2,32,2401,2,14
"2025000008623",1,9,9,8,0,0,1,2,24,1398,2,10
"2025000008624",2,9,4,2,0,0,2,1,46,1968,2,12
"2025000008624",1,9,19,2,0,0,1,1,36,1595,1,17
"2025000008625",1,9,19,1,0,0,1,1,34,-1,-1,-1
"2025000008625",2,1,19,1,0,10,3,1,31,-1,-1,-1
"2025000008626",1,9,5,8,0,0,1,2,76,980,1,33
"2025000008626",2,1,19,8,0,0,4,1,37,-1,-1,-1
"2025000008627",1,9,19,0,0,12,1,2,34,1499,1,7
"2025000008628",1,19,9,2,0,0,1,1,32,1461,2,1
"2025000008629",2,9,5,2,0,0,1,1,46,1598,2,9
"2025000008629",1,19,5,2,0,0,2,-1,40,2200,2,4
"2025000008630",1,9,19,0,0,0,1,2,31,1499,2,5
"2025000008631",2,9,19,8,0,0,1,2,37,1200,1,5
"2025000008631",1,9,9,6,0,0,3,1,74,1461,2,8
"2025000008632",2,9,19,0,0,0,3,1,65,1396,1,9
"2025000008632",1,9,19,0,0,0,4,1,30,-1,-1,-1
"2025000008633",1,9,19,0,0,0,1,2,40,-1,-1,-1
"2025000008633",2,9,19,0,0,0,1,1,40,1999,8,1
"2025000008634",1,3,19,0,0,0,1,1,65,125,1,4
"2025000008634",2,20,19,0,0,0,1,1,36,4500,2,3
"2025000008635",1,9,19,4,5,10,4,2,75,-1,-1,-1
"2025000008636",1,9,19,0,1,0,1,1,31,1390,1,12
"2025000008636",2,21,19,0,0,0,1,1,67,12809,2,7
"2025000008637",2,9,19,0,0,0,1,1,67,-1,-1,-1
"2025000008637",1,9,19,0,0,0,1,2,33,-1,-1,-1
"2025000008638",1,-1,19,2,0,0,1,1,-1,-1,-1,-1
"2025000008639",1,3,19,4,1,0,0,1,57,-1,-1,-1
"2025000008640",1,9,19,0,0,0,3,1,20,1328,1,13
"2025000008640",2,9,19,0,0,0,3,2,26,999,1,8
"2025000008641",2,9,19,0,0,0,4,1,36,-1,-1,-1
"2025000008641",1,9,19,0,0,0,4,1,40,1686,2,11
"2025000008642",5,19,19,0,0,0,3,1,25,2967,2,5
"2025000008642",2,9,19,0,0,0,2,1,48,1498,1,6
"2025000008642",1,9,19,0,0,0,1,1,26,1956,2,10
"2025000008642",4,19,19,0,0,0,2,1,38,1995,2,2
"2025000008642",3,9,19,0,0,0,2,2,25,999,1,2
"2025000008643",1,9,19,1,0,0,1,1,45,1968,2,8
"2025000008643",2,9,15,2,0,0,1,1,56,999,1,3
"2025000008644",1,9,19,1,0,0,1,1,62,1339,1,14
"2025000008645",2,9,10,6,0,0,1,1,54,999,1,1
"2025000008645",1,3,19,1,0,0,1,1,20,124,1,8
"2025000008646",2,9,14,0,0,0,2,1,36,2360,8,5
"2025000008646",1,19,5,0,0,0,1,3,-1,2143,2,5
"2025000008647",1,4,19,0,1,0,1,1,17,-1,-1,-1
"2025000008648",1,9,19,0,0,0,1,2,24,999,1,6
"2025000008648",2,9,4,0,0,0,2,1,35,1995,2,8
"2025000008649",2,18,19,0,0,0,1,1,56,-1,-1,-1
"2025000008649",1,1,19,0,0,0,4,1,11,-1,-1,-1
"2025000008650",1,9,19,0,0,0,1,2,52,1998,1,0
"2025000008651",1,19,19,0,0,0,3,1,38,2198,2,6
"2025000008651",2,9,19,0,0,0,3,2,27,1598,1,12
"2025000008652",2,9,9,2,0,0,1,1,70,-1,-1,-1
"2025000008652",1,9,19,1,0,0,1,2,94,1240,1,18
"2025000008653",2,9,2,0,0,0,4,3,-1,1598,2,5
"2025000008653",1,9,19,0,0,4,1,2,81,998,1,2
"2025000008654",1,9,7,5,0,0,4,2,57,1968,2,10
"2025000008654",2,11,19,1,0,0,1,1,45,5132,2,3
"2025000008655",2,19,19,8,0,0,1,1,36,2477,2,11
"2025000008655",1,9,19,6,0,0,1,1,48,998,1,1
"2025000008656",2,19,19,1,0,0,3,1,51,2198,2,6
"2025000008656",1,5,19,1,0,0,3,1,67,676,1,23
"2025000008657",1,9,19,1,0,0,1,1,24,1498,1,2
"2025000008658",1,9,19,0,0,0,1,1,32,999,1,6
"2025000008659",3,9,2,2,0,0,1,3,-1,1968,2,13
"2025000008659",1,9,19,1,0,0,0,2,24,999,1,5
"2025000008659",2,19,1,2,0,0,2,1,51,2143,2,10
"2025000008660",3,9,4,0,0,0,2,1,30,1968,2,10
"2025000008660",2,9,4,0,0,0,2,2,29,1968,2,13
"2025000008660",1,9,19,0,0,0,1,2,38,1364,1,5
"2025000008661",1,9,9,0,0,0,-1,1,50,1390,1,13
"2025000008661",2,9,19,0,0,0,4,1,26,-1,-1,-1
"2025000008662",3,9,9,1,0,0,0,3,-1,-1,-1,-1
"2025000008662",2,1,15,8,0,0,3,2,35,-1,-1,-1
"2025000008662",1,9,19,8,0,0,4,1,36,1997,2,9
"2025000008663",3,9,2,0,0,0,3,3,-1,1968,2,6
"2025000008663",4,9,2,0,0,0,3,3,-1,1461,2,8
"2025000008663",5,9,2,0,0,0,3,3,-1,1968,2,6