"collision_index","vehicle_reference","vehicle_type","vehicle_manoeuvre","junction_location","skidding_and_overturning","hit_object_in_carriageway","first_point_of_impact","sex_of_driver","age_of_driver","engine_capacity_cc","propulsion_code","age_of_vehicle"
"2025000008663",1,9,19,0,5,4,1,2,25,998,1,4
"2025000008663",2,9,2,0,0,0,2,3,-1,1685,2,8
"2025000008664",1,3,19,3,0,0,0,1,19,108,1,2
"2025000008665",1,11,4,4,0,0,0,1,31,6700,2,10
"2025000008666",2,9,19,2,0,0,3,1,40,1968,2,6
"2025000008666",1,3,19,6,0,0,1,1,21,125,1,4
"2025000008667",1,9,19,0,0,0,1,2,51,1560,2,12
"2025000008667",2,1,19,0,2,0,2,1,59,-1,-1,-1
"2025000008668",4,9,19,0,0,0,1,1,48,-1,3,2
"2025000008668",1,9,19,0,2,0,1,1,24,998,1,3
"2025000008668",2,9,2,0,0,0,1,-1,-1,1386,1,14
"2025000008668",3,9,2,0,0,0,3,-1,-1,1798,8,7
"2025000008669",1,19,1,2,0,0,2,1,28,2148,2,14
"2025000008670",2,9,5,6,0,0,1,2,50,2143,2,7
"2025000008670",1,19,19,1,0,0,1,1,49,2143,2,3
"2025000008670",3,9,19,2,0,0,1,1,32,1598,1,15
"2025000008671",1,9,19,8,0,0,1,1,83,1598,1,7
"2025000008672",2,19,2,0,0,0,1,1,-1,-1,-1,-1
"2025000008672",1,5,19,0,0,0,0,3,-1,896,1,4
"2025000008673",1,11,-1,0,-1,-1,0,1,33,4461,2,9
"2025000008674",1,9,19,1,0,10,3,1,65,1797,8,13
"2025000008675",1,9,19,1,0,0,3,2,19,1229,1,11
"2025000008676",1,19,11,8,0,0,4,1,99,1995,2,15
"2025000008676",2,9,19,8,0,0,4,2,22,998,1,14
"2025000008677",2,1,19,0,5,0,3,1,37,-1,-1,-1
"2025000008677",1,19,19,0,0,0,0,3,-1,1560,2,11
"2025000008678",2,9,2,0,0,0,3,3,-1,1598,2,9
"2025000008678",1,9,19,0,0,0,4,3,-1,-1,-1,-1
"2025000008679",1,9,19,0,0,0,1,1,37,1956,2,12
"2025000008680",1,9,3,1,0,0,2,1,28,1398,2,20
"2025000008680",2,9,19,1,0,0,1,2,-1,1248,2,16
"2025000008681",1,9,9,8,0,0,1,1,26,1395,1,10
"2025000008682",1,9,19,8,0,0,1,2,36,1398,1,8
"2025000008682",2,19,10,1,0,0,2,1,51,-1,-1,-1
"2025000008683",2,19,99,0,9,99,2,3,-1,1995,2,5
"2025000008683",1,9,99,0,9,99,1,2,-1,1984,1,4
"2025000008684",2,9,99,9,9,99,9,3,-1,-1,-1,-1
"2025000008684",1,1,99,9,9,99,9,1,67,-1,-1,-1
"2025000008685",1,9,19,1,0,0,1,1,22,1498,1,7
"2025000008685",2,9,8,8,0,0,1,1,60,1798,8,7
"2025000008686",1,9,19,6,0,10,1,1,29,1395,8,6
"2025000008687",2,9,19,8,0,0,1,1,69,1364,1,5
"2025000008687",1,1,9,6,0,0,1,1,16,-1,-1,-1
"2025000008688",1,9,19,8,0,0,1,2,59,1995,2,11
"2025000008689",1,9,4,1,0,8,4,2,45,-1,3,1
"2025000008689",2,1,19,1,0,8,4,1,51,-1,-1,-1
"2025000008690",2,9,99,9,9,99,9,3,-1,-1,-1,-1
"2025000008690",1,9,99,9,9,99,9,1,52,-1,-1,-1
"2025000008691",2,9,10,8,0,0,2,2,21,-1,-1,-1
"2025000008691",1,19,19,8,0,0,1,1,33,2179,2,2
"2025000008692",1,9,2,0,0,0,2,1,25,998,1,0
"2025000008692",2,19,19,0,0,4,1,2,22,1598,2,4
"2025000008693",2,9,3,0,0,0,2,2,56,1968,2,13
"2025000008693",1,9,19,0,0,0,1,1,74,1499,1,7
"2025000008694",1,9,19,0,0,0,1,2,39,2199,2,9
"2025000008695",1,9,99,9,9,99,0,1,61,1591,1,2
"2025000008695",3,9,99,9,9,99,9,3,-1,-1,-1,-1
"2025000008695",2,9,99,9,9,99,0,3,-1,-1,-1,-1
"2025000008696",1,11,19,1,0,0,0,1,28,4500,2,5
"2025000008696",2,9,19,1,0,0,0,3,-1,-1,-1,-1
"2025000008697",1,9,19,0,1,0,1,1,37,1995,2,12
"2025000008698",1,9,9,5,0,0,1,1,22,1339,1,15
"2025000008698",2,9,19,1,0,0,1,1,45,1995,2,7
"2025000008699",2,1,19,0,2,0,2,2,37,-1,-1,-1
"2025000008699",1,9,19,0,0,0,4,1,78,1580,8,3
"2025000008700",2,3,19,1,0,0,1,2,19,125,1,2
"2025000008700",1,9,9,8,0,0,4,1,28,1388,1,21
"2025000008701",1,19,11,0,0,0,4,3,-1,-1,-1,-1
"2025000008701",2,9,19,0,0,0,3,1,36,1461,2,5
"2025000008702",1,21,5,0,0,0,1,1,32,12902,2,5
"2025000008703",1,9,19,0,1,0,4,1,32,2996,1,17
"2025000008704",1,4,99,0,9,99,1,1,20,292,1,4
"2025000008704",2,9,99,0,9,99,1,3,-1,1497,8,2
"2025000008705",1,9,4,1,0,0,1,3,-1,-1,-1,-1
"2025000008706",1,8,19,0,0,0,0,1,46,1997,2,8
"2025000008707",1,9,9,5,0,0,4,2,49,-1,-1,-1
"2025000008707",2,1,19,8,0,0,1,1,58,-1,-1,-1
"2025000008708",1,9,19,8,0,0,4,1,18,1149,1,16
"2025000008709",2,1,99,9,9,99,9,1,44,-1,-1,-1
"2025000008709",1,9,99,9,9,99,1,2,34,1200,1,2
"2025000008710",1,9,4,3,0,0,2,2,40,1598,1,11
"2025000008710",3,19,4,3,0,0,2,1,-1,-1,-1,-1
"2025000008710",2,9,13,3,0,0,1,3,-1,2179,2,11
"2025000008711",1,9,2,0,0,0,4,3,-1,-1,-1,-1
"2025000008711",2,9,19,0,0,0,3,3,-1,-1,-1,-1
"2025000008712",1,9,19,0,1,0,3,2,54,1995,2,12
"2025000008713",1,9,13,0,2,0,4,1,34,1596,1,9
"2025000008714",1,9,99,9,9,99,2,1,51,1968,2,16
"2025000008714",2,19,99,9,9,99,1,3,-1,2198,2,9
"2025000008715",1,9,4,1,0,0,1,1,58,1498,8,1
"2025000008715",2,1,19,2,0,0,3,1,16,-1,-1,-1
"2025000008716",1,9,19,0,0,0,1,1,82,1686,2,11
"2025000008717",2,3,19,8,2,0,1,1,13,-1,-1,-1
"2025000008717",1,9,7,6,0,0,2,3,-1,-1,-1,-1
"2025000008718",2,9,13,0,1,0,0,1,19,1200,1,4
"2025000008718",1,11,19,0,0,0,1,1,41,11967,2,9
"2025000008719",1,9,19,1,0,0,1,1,27,2143,2,4
"2025000008720",1,9,19,2,0,0,1,2,36,2179,2,6
"2025000008720",2,9,19,8,0,0,4,1,17,1796,1,19
"2025000008721",1,9,19,1,0,0,1,1,29,999,1,4
"2025000008721",2,9,19,1,0,0,1,2,84,1390,1,17
"2025000008722",1,9,6,6,0,0,0,1,43,2442,2,5
"2025000008722",2,-1,19,1,0,0,1,1,49,-1,-1,-1
"2025000008723",1,9,19,0,0,0,1,1,23,1349,1,12
"2025000008724",1,11,19,1,0,0,0,1,-1,5132,2,4
"2025000008725",2,9,10,1,0,0,3,2,24,1395,1,5
"2025000008725",1,3,15,1,0,0,4,1,29,125,1,0
"2025000008726",2,9,19,3,0,0,1,1,21,1956,2,12
"2025000008726",1,4,19,4,0,0,1,1,21,-1,-1,-1
"2025000008727",1,1,19,8,0,0,1,1,24,-1,-1,-1
"2025000008727",2,8,9,5,0,0,4,2,-1,1798,8,4
"2025000008728",1,1,19,1,0,0,4,2,29,-1,-1,-1
"2025000008728",2,9,7,1,0,0,1,2,27,1498,1,1
"2025000008729",1,11,4,8,0,0,0,1,44,4500,2,6
"2025000008730",1,9,9,2,0,0,3,1,18,1598,1,16
"2025000008730",2,9,5,2,0,0,3,1,17,1339,1,12
"2025000008731",2,8,-1,0,-1,-1,-1,3,-1,-1,-1,-1
"2025000008731",1,9,-1,0,-1,-1,-1,3,-1,-1,-1,-1
"2025000008732",2,9,4,0,0,0,2,2,60,-1,-1,-1
"2025000008732",3,9,4,0,0,0,1,1,28,1598,2,11
"2025000008732",1,21,4,0,1,0,0,1,61,12777,2,1
"2025000008733",2,1,19,0,0,0,4,1,85,-1,-1,-1
"2025000008733",1,9,9,0,0,0,1,3,27,998,1,13
"2025000008734",2,3,5,4,0,0,2,1,20,125,1,1
"2025000008734",1,9,5,8,0,0,1,1,22,1461,2,7
"2025000008735",1,11,19,1,9,99,1,1,58,-1,-1,-1
"2025000008736",2,4,19,1,0,0,1,1,26,125,1,15
"2025000008736",1,9,9,1,0,0,3,1,62,1496,2,8
"2025000008737",2,9,9,1,0,0,3,1,23,1598,2,10
"2025000008737",1,3,19,1,5,0,1,1,17,124,1,10
"2025000008738",2,9,1,2,0,0,2,1,37,2295,1,27
"2025000008738",1,9,4,2,0,0,1,2,41,1598,2,13
"2025000008739",4,9,2,0,0,0,2,1,17,1242,1,11
"2025000008739",1,9,19,0,0,0,1,1,53,-1,-1,-1
"2025000008739",3,9,2,0,0,0,2,1,53,2204,2,16
"2025000008739",2,9,2,0,0,0,4,2,48,1997,2,6
"2025000008740",2,1,19,1,0,0,1,1,48,-1,-1,-1
"2025000008740",1,9,5,1,0,0,1,1,-1,2191,2,8
"2025000008741",1,9,19,2,0,0,1,2,40,1364,1,7
"2025000008741",2,9,3,2,0,0,2,2,56,1956,2,5
"2025000008742",2,9,19,1,0,0,0,2,26,1390,1,13
"2025000008742",1,11,4,1,0,0,0,1,25,4500,2,4
"2025000008743",1,9,9,8,0,0,3,1,42,1997,1,1
"2025000008743",2,4,19,8,0,0,1,1,21,124,1,11
"2025000008744",2,3,19,0,0,0,1,1,48,125,1,2
"2025000008744",1,8,1,0,0,0,2,1,41,1598,2,6
"2025000008745",2,9,19,0,0,0,1,2,41,1995,2,6
"2025000008745",1,9,19,0,0,0,1,1,19,1198,1,16
"2025000008746",1,4,-1,-1,-1,-1,-1,1,26,125,1,5
"2025000008746",2,3,-1,-1,-1,-1,-1,3,-1,125,1,8
"2025000008747",2,9,11,8,0,0,3,1,38,1498,1,21
"2025000008747",1,1,19,6,1,0,1,1,35,-1,-1,-1
"2025000008748",2,9,9,1,0,0,3,2,57,1360,1,17
"2025000008748",1,3,13,1,0,0,1,1,17,125,1,4
"2025000008749",1,9,9,6,0,0,1,1,31,1796,1,11
"2025000008750",2,9,19,0,0,0,1,1,58,1997,2,8
"2025000008750",1,9,15,0,0,0,1,3,-1,1956,2,12
"2025000008751",2,9,3,1,0,0,2,1,43,1398,1,9
"2025000008751",1,9,19,1,0,0,1,2,64,1586,1,10
"2025000008752",1,9,6,0,0,0,1,2,23,1197,1,4
"2025000008752",2,3,19,0,0,0,4,1,17,125,1,0
"2025000008753",1,19,19,0,0,0,2,3,-1,2287,2,2
"2025000008753",2,9,19,0,0,0,1,1,21,1198,1,3
"2025000008754",1,9,19,0,0,0,1,1,32,2143,2,2
"2025000008755",1,9,19,0,0,0,0,1,22,1499,1,0
"2025000008755",2,9,19,0,0,0,0,1,22,-1,-1,-1
"2025000008755",3,9,19,0,0,0,0,1,22,1275,1,23
"2025000008755",4,9,19,0,0,0,1,1,22,1364,1,4
"2025000008756",2,8,19,4,0,0,1,1,32,1598,2,7
"2025000008756",1,19,19,8,0,0,1,1,41,2143,2,6
"2025000008757",1,9,19,0,1,0,3,2,31,-1,-1,-1
"2025000008757",3,9,19,0,0,0,2,2,23,1390,1,10
"2025000008757",2,21,19,0,0,0,1,1,39,10837,2,2
"2025000008757",5,9,19,0,0,0,1,2,27,1997,2,13
"2025000008757",4,9,19,0,1,0,2,1,37,2179,2,4
"2025000008758",1,9,19,0,0,0,1,2,53,1998,2,17
"2025000008758",2,5,19,0,2,0,1,1,35,782,1,15
"2025000008759",3,19,19,0,0,0,1,1,37,1995,2,5
"2025000008759",2,19,19,0,0,0,3,1,55,2198,2,11
"2025000008759",1,9,19,0,1,0,4,1,32,1598,1,17
"2025000008760",1,9,9,6,0,10,3,1,59,1560,2,12
"2025000008760",2,9,19,1,1,0,3,2,20,1386,1,14
"2025000008761",1,19,1,0,0,0,2,1,49,1995,2,0
"2025000008762",1,19,19,1,0,0,1,1,21,2298,2,6
"2025000008762",2,9,10,5,0,0,2,1,74,1686,2,14
"2025000008763",2,19,19,0,0,0,1,1,40,1870,2,18
"2025000008763",1,9,7,0,0,10,4,1,36,4395,1,0
"2025000008764",1,9,19,0,0,4,1,3,-1,-1,-1,-1
"2025000008764",2,9,2,0,0,4,3,3,-1,2143,2,8
"2025000008765",1,9,99,0,9,99,2,1,26,1598,1,12
"2025000008765",2,20,99,0,9,99,9,3,-1,-1,-1,-1
"2025000008766",1,9,19,1,0,0,1,2,25,1499,1,0
"2025000008766",2,9,4,1,0,0,2,2,46,1598,2,9
"2025000008767",2,19,1,0,0,0,2,1,25,2143,2,7
"2025000008767",1,9,3,0,0,0,2,2,66,999,1,7
"2025000008768",2,21,19,0,0,0,2,1,-1,12809,2,5
"2025000008768",1,9,12,0,1,7,1,2,26,1995,2,8
"2025000008769",1,9,19,1,0,0,3,2,56,1498,1,2
"2025000008770",3,19,2,0,0,0,3,1,-1,1995,2,4
"2025000008770",1,11,19,0,0,4,1,1,55,9000,2,13
"2025000008770",2,9,2,0,0,0,1,3,-1,1386,1,9
"2025000008771",1,9,19,0,0,0,1,2,71,1997,2,8
"2025000008772",1,9,14,0,0,8,3,1,61,-1,-1,-1
"2025000008773",1,21,11,0,0,0,1,3,30,12902,2,4
"2025000008773",2,9,19,0,1,0,2,1,29,1968,2,9
"2025000008774",1,9,19,0,0,0,3,1,21,998,1,5
"2025000008774",2,21,11,0,0,0,4,1,35,12742,2,1
"2025000008775",1,9,5,4,0,0,3,2,76,998,1,0
"2025000008775",2,9,19,8,0,0,1,1,50,2179,2,14
"2025000008776",1,9,13,0,0,0,1,1,49,-1,-1,-1
"2025000008776",2,9,19,0,0,0,1,1,28,-1,-1,-1
"2025000008776",3,21,4,0,0,0,0,1,43,10837,2,8
"2025000008777",2,2,19,8,0,0,1,2,52,471,1,1
"2025000008777",1,9,19,8,0,0,4,2,26,998,1,5
"2025000008778",2,19,6,1,0,0,3,1,55,1499,2,3
"2025000008778",1,9,19,1,0,0,1,1,29,1595,1,6
"2025000008779",1,3,15,2,0,11,1,2,20,125,1,2
"2025000008780",2,9,9,8,0,0,1,3,30,2696,2,15
"2025000008780",1,1,19,8,0,0,2,1,36,-1,-1,-1
"2025000008781",1,2,14,8,0,0,1,1,21,125,1,0
"2025000008781",2,9,9,8,0,0,1,2,26,1390,1,12
"2025000008782",2,9,2,0,0,0,3,2,46,999,1,6
"2025000008782",1,9,19,0,0,0,4,1,83,1198,1,7
"2025000008783",1,9,19,0,1,0,2,1,35,875,1,7
"2025000008784",2,9,9,8,0,0,4,2,39,1968,2,6
"2025000008784",1,9,9,4,0,0,3,3,-1,-1,-1,-1
"2025000008785",2,9,4,2,0,0,2,2,35,1200,1,0
"2025000008785",1,19,3,2,0,0,1,2,22,1995,2,2
"2025000008786",4,9,19,2,0,0,3,1,55,3628,2,11
"2025000008786",2,9,19,1,0,0,4,1,29,2967,2,1
"2025000008786",3,9,19,2,0,0,2,1,38,2993,2,3
"2025000008786",1,9,19,2,0,0,4,1,51,1995,2,15
"2025000008787",2,1,4,0,0,0,2,1,25,-1,-1,-1
"2025000008787",1,1,19,0,5,0,1,1,53,-1,-1,-1
"2025000008788",2,9,99,9,9,99,0,3,-1,1995,2,10
"2025000008788",1,3,99,9,9,99,1,1,34,125,1,3
"2025000008789",1,9,19,0,0,0,1,1,48,1950,2,5
"2025000008790",1,1,19,8,1,0,1,1,24,-1,-1,-1
"2025000008790",2,9,7,5,0,0,4,2,-1,1796,2,10
"2025000008791",2,1,19,8,0,0,3,1,26,-1,-1,-1
"2025000008791",1,9,7,5,0,0,4,2,60,-1,-1,-1
"2025000008792",1,3,99,9,9,99,9,1,22,125,1,1
"2025000008792",2,9,99,9,9,99,1,3,-1,1798,8,10
"2025000008793",2,9,7,8,0,0,2,1,17,998,1,9
"2025000008793",1,9,3,8,0,0,1,2,-1,1999,2,6
"2025000008794",3,9,19,1,0,0,1,2,32,1461,2,9
"2025000008794",1,9,19,1,0,0,2,1,25,1339,1,19
"2025000008794",2,9,19,1,0,0,1,2,-1,1339,1,12
"2025000008795",2,9,19,2,0,0,1,3,-1,-1,-1,-1
"2025000008795",1,3,19,2,1,0,2,1,52,124,1,2
"2025000008796",1,9,13,0,0,7,3,1,39,1975,1,19
"2025000008796",2,9,19,0,0,0,4,1,21,1198,1,9
"2025000008797",2,9,19,0,1,0,2,1,72,1560,2,4
"2025000008797",1,9,19,0,1,0,4,1,36,1560,2,9
"2025000008798",2,9,99,9,9,99,9,3,34,1595,1,14
"2025000008798",1,1,99,9,9,99,1,1,41,-1,-1,-1
"2025000008799",1,9,99,9,9,99,9,2,45,1799,1,13
"2025000008800",2,9,19,0,0,0,1,1,29,1398,1,7
"2025000008800",1,9,19,0,1,0,3,1,43,1364,1,15
"2025000008801",1,3,3,1,0,0,1,1,30,125,1,2
"2025000008801",2,9,5,1,0,0,1,3,-1,2996,1,3
"2025000008802",2,9,19,8,0,0,1,2,56,1496,2,1
"2025000008802",1,9,19,6,0,0,3,1,61,2393,1,8
"2025000008803",2,9,99,9,9,99,9,2,-1,1968,2,13
"2025000008803",1,3,99,9,9,99,1,1,33,125,1,2
"2025000008804",2,9,19,1,0,0,4,1,33,2979,1,5
"2025000008804",1,9,9,1,0,0,3,1,-1,1200,1,8
"2025000008805",1,9,19,0,0,10,1,1,19,1390,1,11
"2025000008806",2,9,19,1,0,0,1,2,46,1586,1,5
"2025000008806",1,9,9,1,0,0,4,1,21,-1,-1,-1
"2025000008807",2,11,19,0,0,0,1,1,25,4500,2,4
"2025000008807",1,9,19,0,0,0,0,2,43,1598,2,5
"2025000008807",3,3,15,0,0,0,2,1,23,125,1,3
"2025000008808",1,9,7,6,0,0,1,2,65,1950,2,1
"2025000008808",2,1,19,1,0,0,1,2,38,-1,-1,-1
"2025000008809",2,3,19,2,2,0,1,1,42,-1,-1,-1
"2025000008809",1,9,9,1,0,0,4,3,-1,-1,-1,-1
"2025000008810",2,9,19,0,0,0,3,2,28,1995,2,14
"2025000008810",1,9,19,0,0,0,1,2,45,1590,1,8
"2025000008811",1,9,9,5,0,0,1,3,-1,-1,-1,-1
"2025000008811",3,9,3,1,0,0,4,1,29,1380,1,11
"2025000008811",2,3,19,8,0,0,1,1,33,980,1,43
"2025000008812",2,9,7,1,0,0,1,2,64,999,1,4
"2025000008812",1,21,19,1,0,0,4,1,23,12902,2,0
"2025000008813",1,9,19,8,0,0,1,1,76,-1,-1,-1
"2025000008813",2,21,4,5,0,0,2,1,45,12740,2,10
"2025000008814",1,9,99,9,9,99,9,3,-1,1229,1,5
"2025000008814",2,9,99,9,9,99,9,1,27,-1,-1,-1
"2025000008815",2,9,19,8,0,0,1,2,47,1368,1,2
"2025000008815",1,9,19,6,0,0,1,3,-1,1242,1,8
"2025000008815",3,9,19,1,0,0,2,1,-1,1398,2,16
"2025000008816",1,9,19,0,0,0,1,1,55,1390,1,16
"2025000008816",2,9,4,0,0,0,2,1,45,999,8,1
"2025000008817",1,9,19,0,5,10,1,1,28,1968,2,11
"2025000008818",1,9,19,0,0,0,1,2,53,1596,1,18
"2025000008819",1,11,5,0,0,0,0,1,58,4500,2,5
"2025000008820",2,9,19,0,1,4,1,1,42,1598,1,15
"2025000008820",1,11,2,0,0,0,2,1,39,4461,2,5
"2025000008821",1,9,5,4,0,0,0,1,44,2993,2,2
"2025000008821",2,1,19,3,1,0,0,1,17,-1,-1,-1
"2025000008822",2,9,2,0,0,0,3,1,-1,1560,2,8
"2025000008822",1,9,19,0,0,4,4,1,67,1796,1,8
"2025000008823",2,9,19,0,0,0,1,3,-1,1998,1,31
"2025000008823",1,9,19,0,0,0,2,1,32,1248,2,12
"2025000008824",1,9,7,0,0,0,1,2,45,1699,1,15
"2025000008824",2,11,10,0,0,0,1,2,64,4500,2,4
"2025000008825",1,9,19,8,0,0,1,3,-1,1560,2,14
"2025000008825",2,9,5,8,0,0,0,2,33,1968,2,8
"2025000008826",1,90,19,0,1,0,1,3,12,-1,-1,-1
"2025000008827",2,9,19,1,0,0,3,1,31,1998,1,5
"2025000008827",1,1,3,2,0,0,1,1,-1,-1,-1,-1
"2025000008828",1,9,19,1,2,10,1,1,18,1198,1,18
"2025000008829",2,9,3,0,0,0,2,2,45,1198,1,12
"2025000008829",1,9,19,0,0,0,1,3,-1,-1,-1,-1
"2025000008830",1,9,19,0,0,0,1,1,30,-1,-1,-1
"2025000008831",2,19,99,9,9,99,1,3,60,2298,2,1
"2025000008831",1,9,99,9,9,99,2,1,42,998,1,1
"2025000008832",1,9,11,1,0,0,1,3,-1,-1,-1,-1
"2025000008832",2,-1,19,1,0,0,2,1,43,-1,-1,-1
"2025000008833",1,9,99,9,9,99,9,1,33,-1,3,1
"2025000008833",2,9,99,9,9,99,9,2,-1,1799,1,14
"2025000008834",1,11,19,0,1,0,1,1,20,6700,2,6
"2025000008835",1,9,19,0,1,0,1,2,23,999,1,6
"2025000008835",2,9,19,0,0,0,1,1,32,1328,1,19
"2025000008836",1,9,7,5,0,0,1,2,48,-1,-1,-1
"2025000008837",2,9,19,1,0,0,1,1,84,-1,-1,-1
"2025000008837",1,9,9,6,0,0,3,2,29,2143,2,7
"2025000008838",1,9,7,3,0,0,1,2,45,1685,2,9
"2025000008838",2,90,19,6,0,0,4,1,7,-1,-1,-1
"2025000008839",3,9,19,0,0,0,1,2,35,1560,2,11
"2025000008839",1,9,19,0,0,0,3,2,27,2987,2,9
"2025000008839",2,19,19,0,0,0,1,1,36,2402,2,8
"2025000008840",1,19,4,0,0,0,1,1,38,2143,2,3
"2025000008840",2,9,3,0,0,0,2,2,42,998,1,5
"2025000008841",2,9,19,2,0,0,1,1,48,1497,2,8
"2025000008841",1,9,9,6,0,0,1,2,93,1149,1,7
"2025000008842",2,9,3,1,0,0,2,1,38,1598,2,12
"2025000008842",1,1,19,1,0,0,1,1,40,-1,-1,-1
"2025000008843",2,9,3,1,0,0,2,2,41,1998,1,21
"2025000008843",1,9,19,1,0,0,1,1,-1,1999,1,16
"2025000008844",2,9,99,9,9,99,9,3,-1,1199,1,19
"2025000008844",1,3,99,9,9,99,9,1,34,125,1,8
"2025000008845",2,9,19,0,0,0,1,1,-1,1242,1,6
"2025000008845",1,9,19,0,0,0,1,1,29,1997,2,13
"2025000008846",2,9,99,9,9,99,9,3,-1,2995,1,5
"2025000008846",1,1,99,9,9,99,9,2,28,-1,-1,-1
"2025000008847",1,9,19,1,0,0,1,1,42,1998,8,5
"2025000008848",2,9,99,4,9,99,9,2,47,1500,2,1
"2025000008848",1,9,99,9,9,99,9,3,26,1995,2,4
"2025000008849",1,9,19,8,0,0,1,1,34,1956,2,10
"2025000008849",2,2,19,8,0,0,1,1,16,49,1,13
"2025000008850",1,99,-1,0,-1,-1,-1,3,-1,-1,-1,-1
"2025000008851",1,9,19,8,0,0,1,1,45,1398,1,8
"2025000008851",2,1,9,8,0,0,1,1,61,-1,-1,-1
"2025000008852",1,9,19,0,0,0,1,1,70,-1,-1,-1
"2025000008852",2,21,19,0,0,0,1,1,59,12419,2,9
"2025000008853",1,19,19,0,2,0,0,1,52,1995,2,8
"2025000008854",2,5,14,1,0,0,4,1,38,1441,1,7
"2025000008854",1,9,9,8,0,0,3,3,34,998,1,22
"2025000008855",1,9,19,0,5,0,1,1,43,1560,2,9
"2025000008855",2,9,19,0,1,0,1,2,60,1598,1,17
"2025000008856",1,9,19,4,0,0,1,1,-1,1968,2,7
"2025000008856",2,9,9,5,0,0,4,1,46,1461,2,12
"2025000008857",1,-1,2,0,0,0,0,1,27,-1,-1,-1
"2025000008858",2,9,19,0,0,0,1,1,33,2987,2,14
"2025000008858",1,1,19,0,0,0,2,1,19,-1,-1,-1
"2025000008859",1,19,9,6,0,0,1,2,56,-1,3,3
"2025000008860",2,9,99,9,9,99,9,3,-1,1497,8,5
"2025000008860",1,3,99,9,9,99,1,1,28,125,1,0
"2025000008861",1,9,5,1,0,0,1,3,34,-1,-1,-1
"2025000008862",3,9,3,1,0,0,2,2,55,1198,1,16
"2025000008862",1,9,19,1,0,0,1,2,46,-1,-1,-1
"2025000008862",4,9,3,1,0,0,2,2,44,1242,1,4
"2025000008862",2,9,3,1,0,0,2,2,45,1997,2,6
"2025000008863",1,9,99,9,9,99,9,1,37,1984,1,9
"2025000008863",2,9,99,9,9,99,9,3,-1,1591,1,6
"2025000008864",1,8,5,6,0,10,2,1,32,1797,8,11
"2025000008864",2,19,19,8,0,0,1,3,-1,1870,2,17
"2025000008865",1,9,4,0,0,11,1,1,39,1242,1,16
"2025000008865",2,9,4,0,0,0,2,2,72,1388,1,11
"2025000008866",1,3,99,9,9,99,9,1,34,125,1,2
"2025000008866",2,19,99,9,9,99,1,1,34,1995,2,2
"2025000008867",1,9,19,0,0,0,1,1,51,1398,1,8
"2025000008868",1,9,19,6,0,0,1,2,46,1199,1,3
"2025000008868",2,9,9,6,0,0,1,2,62,1783,1,19
"2025000008869",2,1,19,1,0,0,1,1,23,-1,-1,-1
"2025000008869",1,9,7,8,0,0,4,1,71,1498,1,7
"2025000008870",2,9,19,0,0,0,1,2,53,1229,1,14
"2025000008870",1,9,19,0,0,0,1,2,50,2993,2,6
"2025000008871",2,9,99,9,9,99,9,2,32,-1,-1,-1
"2025000008871",1,1,99,9,9,99,0,1,38,-1,-1,-1
"2025000008872",1,9,4,1,1,0,1,1,23,1248,1,13
"2025000008872",2,90,19,1,0,0,1,1,44,-1,-1,-1
"2025000008873",1,9,7,6,0,0,1,2,45,1995,2,13
"2025000008874",1,9,9,5,0,0,1,2,41,1242,1,5
"2025000008875",1,9,99,9,9,99,2,2,34,2143,12,8
"2025000008876",1,9,1,8,0,0,4,1,47,2993,2,11
"2025000008877",2,9,19,2,0,0,1,2,27,1242,1,11
"2025000008877",1,9,19,2,0,0,1,1,19,1197,1,8
"2025000008878",1,9,19,8,0,0,1,1,73,1995,2,18
"2025000008879",3,9,19,0,0,0,2,1,54,2487,8,0
"2025000008879",1,9,19,0,0,0,1,2,49,1598,1,11
"2025000008879",2,9,19,0,0,0,2,2,25,998,1,3
"2025000008880",1,9,11,0,0,0,2,2,79,1242,1,7
"2025000008880",2,9,19,0,0,0,3,2,25,1999,2,6
"2025000008881",1,9,19,8,0,0,4,1,29,-1,-1,-1
"2025000008881",2,1,15,1,0,10,4,1,61,-1,-1,-1
"2025000008882",1,11,4,1,0,0,0,1,39,-1,3,4
"2025000008883",1,1,19,0,0,0,0,2,52,-1,-1,-1
"2025000008884",1,90,19,0,0,0,1,3,-1,-1,-1,-1
"2025000008885",1,5,19,0,2,10,1,1,39,750,1,12
"2025000008885",2,9,19,0,0,0,0,1,39,2993,2,4
"2025000008886",1,9,19,0,0,0,1,1,85,1398,1,9
"2025000008886",2,1,19,0,5,0,2,1,56,-1,-1,-1
"2025000008886",3,1,19,0,5,0,2,1,54,-1,-1,-1
"2025000008887",1,9,19,0,0,0,1,1,34,1388,1,17
"2025000008887",2,9,11,0,0,0,2,1,33,2191,2,7
"2025000008888",2,1,19,0,0,0,3,2,61,-1,-1,-1
"2025000008888",1,9,14,0,0,0,1,1,70,999,1,3
"2025000008888",3,9,2,0,0,0,0,3,-1,1560,2,7
"2025000008889",2,3,19,1,0,0,1,1,17,124,1,1
"2025000008889",1,19,5,6,0,0,-1,3,-1,-1,-1,-1
"2025000008890",1,9,19,0,5,0,4,1,45,1686,2,13
"2025000008891",1,1,19,0,0,0,0,1,53,-1,-1,-1