"collision_index","vehicle_reference","vehicle_type","vehicle_manoeuvre","junction_location","skidding_and_overturning","hit_object_in_carriageway","first_point_of_impact","sex_of_driver","age_of_driver","engine_capacity_cc","propulsion_code","age_of_vehicle"
"2025000009347",1,9,19,0,0,0,1,3,-1,-1,-1,-1
"2025000009348",1,9,-1,-1,-1,-1,-1,3,-1,-1,-1,-1
"2025000009349",1,9,19,0,0,0,1,1,65,1686,2,9
"2025000009350",1,9,19,2,0,0,1,1,78,999,1,2
"2025000009350",2,9,19,2,0,0,0,1,49,2298,2,6
"2025000009351",1,9,19,4,1,0,1,1,30,1995,2,13
"2025000009351",2,9,19,4,0,0,1,1,31,1997,1,13
"2025000009352",1,19,19,0,0,0,1,1,29,1995,2,0
"2025000009353",1,9,19,0,2,10,1,2,27,1364,1,16
"2025000009354",2,1,9,8,0,0,4,2,65,-1,-1,-1
"2025000009354",1,9,9,4,0,0,3,1,48,1753,2,13
"2025000009355",1,11,19,2,0,0,4,1,32,4500,2,10
"2025000009356",1,9,99,0,9,99,2,3,-1,1598,1,15
"2025000009357",1,9,19,8,0,0,1,1,53,1968,2,5
"2025000009357",2,1,19,6,0,0,3,1,9,-1,-1,-1
"2025000009358",2,1,19,1,5,0,4,2,33,-1,-1,-1
"2025000009358",1,9,19,4,0,0,1,1,23,2393,2,2
"2025000009359",2,9,7,5,0,0,3,1,38,1364,1,8
"2025000009359",1,-1,19,1,2,0,1,1,9,-1,-1,-1
"2025000009360",1,9,1,1,0,0,2,2,26,1197,1,5
"2025000009360",2,23,19,1,0,0,4,1,57,-1,-1,-1
"2025000009361",2,9,19,0,1,0,2,2,25,1242,1,6
"2025000009361",1,9,19,0,1,4,1,1,51,-1,-1,-1
"2025000009362",1,9,1,0,0,0,2,2,31,1461,2,5
"2025000009363",1,9,19,5,0,0,1,1,20,1199,1,1
"2025000009364",1,9,19,8,0,0,2,2,26,1598,2,2
"2025000009364",2,9,19,8,0,0,1,3,-1,1200,1,6
"2025000009365",1,9,19,4,0,0,1,1,-1,1339,1,10
"2025000009365",2,1,19,8,0,0,1,1,43,-1,-1,-1
"2025000009366",1,9,9,8,0,0,3,2,39,1598,1,8
"2025000009366",2,9,19,8,0,0,1,1,31,1968,2,15
"2025000009367",2,9,2,0,0,0,3,2,57,1685,2,9
"2025000009367",1,9,12,0,0,0,1,2,67,1490,1,13
"2025000009368",1,9,99,9,9,99,1,1,28,1791,8,11
"2025000009368",2,9,99,9,9,99,1,3,-1,1968,2,3
"2025000009369",2,9,19,1,0,0,1,1,25,1596,1,12
"2025000009369",1,9,5,2,0,0,3,2,39,1499,2,1
"2025000009370",2,1,19,8,0,0,1,1,18,-1,-1,-1
"2025000009370",1,19,5,6,0,0,4,1,24,2143,2,6
"2025000009371",1,9,19,8,0,0,1,1,80,998,1,12
"2025000009372",1,9,19,0,0,0,4,2,67,999,1,1
"2025000009373",2,9,3,0,0,0,0,1,40,-1,-1,-1
"2025000009373",1,11,3,0,0,0,1,2,60,7300,2,16
"2025000009374",1,3,99,9,9,99,2,1,33,125,1,4
"2025000009374",2,9,99,9,9,99,9,3,-1,1598,1,13
"2025000009375",1,9,19,0,2,0,1,1,22,1229,1,12
"2025000009375",2,9,19,0,0,0,1,2,54,-1,-1,-1
"2025000009376",1,-1,19,0,0,0,1,1,-1,-1,-1,-1
"2025000009377",3,9,19,0,0,0,1,1,38,1995,2,9
"2025000009377",2,9,19,0,0,0,4,1,50,1998,1,16
"2025000009377",1,9,19,0,1,0,3,1,26,2143,2,6
"2025000009378",1,9,19,8,0,4,1,1,20,1997,2,13
"2025000009378",4,9,2,2,0,0,2,1,39,2987,2,13
"2025000009378",2,9,19,8,0,0,4,2,43,1968,2,6
"2025000009378",3,9,2,2,0,0,2,3,-1,1995,2,5
"2025000009379",1,21,19,1,0,0,1,1,54,12740,2,7
"2025000009380",1,9,19,1,0,0,1,3,-1,-1,-1,-1
"2025000009380",2,1,19,2,0,0,3,2,55,-1,-1,-1
"2025000009381",1,9,1,0,0,0,2,3,-1,-1,-1,-1
"2025000009382",2,9,3,0,0,0,2,1,51,1969,2,3
"2025000009382",3,9,3,0,0,0,2,2,50,999,1,6
"2025000009382",1,19,4,0,0,0,1,1,27,1995,2,1
"2025000009383",1,3,19,1,0,0,1,1,32,125,1,2
"2025000009384",1,9,19,0,0,0,1,2,42,1242,1,12
"2025000009385",1,19,19,0,5,0,1,1,36,1968,2,2
"2025000009385",3,9,19,0,0,0,2,1,52,1686,2,10
"2025000009385",2,19,19,0,0,0,1,1,25,1499,2,7
"2025000009386",1,9,9,8,0,0,1,1,30,1598,1,11
"2025000009387",3,9,19,0,0,0,3,1,38,1969,1,3
"2025000009387",2,9,19,0,0,0,1,2,59,1591,1,4
"2025000009387",1,9,19,0,1,0,1,1,44,2993,1,1
"2025000009388",1,9,19,1,0,0,1,1,41,2143,2,8
"2025000009388",2,9,7,5,0,0,2,1,36,1896,2,17
"2025000009389",1,9,19,0,0,0,1,1,43,1950,2,4
"2025000009389",2,3,19,0,0,0,1,3,-1,125,1,2
"2025000009390",2,9,9,3,0,0,1,2,19,1368,1,13
"2025000009390",1,19,19,5,0,0,1,1,35,2198,2,8
"2025000009391",1,8,99,9,9,99,9,1,46,1798,8,4
"2025000009391",2,9,99,9,0,0,9,3,-1,1991,8,6
"2025000009392",1,9,11,3,0,0,4,2,35,1999,2,3
"2025000009392",2,9,19,3,0,0,3,2,22,1995,2,7
"2025000009393",2,9,3,2,0,0,3,1,22,2967,1,20
"2025000009393",1,9,19,1,2,10,1,1,37,1364,1,10
"2025000009394",1,1,2,0,0,0,1,1,40,-1,-1,-1
"2025000009394",2,19,2,0,0,0,3,1,55,2998,2,7
"2025000009395",3,9,4,0,0,0,2,2,34,1242,1,12
"2025000009395",1,9,19,0,0,0,1,1,24,1998,1,9
"2025000009395",2,9,4,0,0,0,2,1,29,1797,8,14
"2025000009396",1,5,19,0,0,0,0,1,31,998,1,16
"2025000009397",2,9,4,0,0,0,2,1,29,1968,2,0
"2025000009397",1,9,4,0,0,4,1,2,36,1461,2,8
"2025000009398",2,9,19,1,0,0,1,2,51,1598,2,6
"2025000009398",1,19,9,8,0,0,4,1,40,1968,2,2
"2025000009399",1,19,19,1,0,0,3,1,45,1968,2,2
"2025000009399",2,9,7,1,0,0,4,1,49,1797,8,13
"2025000009400",2,9,19,0,0,0,1,2,50,1398,1,6
"2025000009400",1,9,19,0,0,10,1,3,-1,2000,2,17
"2025000009401",1,1,19,0,0,0,1,1,50,-1,-1,-1
"2025000009401",2,9,3,0,0,0,2,2,33,1618,1,7
"2025000009402",2,9,2,1,0,0,1,1,55,1397,1,14
"2025000009402",1,9,19,1,2,4,1,2,44,2993,2,6
"2025000009403",2,19,1,2,0,0,2,3,-1,1995,2,16
"2025000009403",1,4,19,2,0,0,1,1,20,125,1,1
"2025000009404",1,9,11,5,0,10,1,2,39,-1,3,0
"2025000009405",1,5,14,8,0,0,1,1,44,954,1,19
"2025000009405",2,9,9,5,0,0,3,1,47,1956,2,11
"2025000009406",3,9,4,0,0,0,2,1,37,1699,1,15
"2025000009406",1,19,3,0,0,0,2,1,27,2198,2,5
"2025000009406",2,19,4,0,1,0,1,1,34,1995,2,5
"2025000009407",1,9,9,8,0,0,1,1,73,1193,1,11
"2025000009408",1,9,19,1,0,0,1,1,18,998,8,1
"2025000009408",2,9,9,8,0,0,1,1,49,-1,-1,-1
"2025000009409",2,9,19,0,0,0,1,1,57,1956,2,10
"2025000009409",1,9,19,0,0,0,1,2,36,1329,1,9
"2025000009410",1,3,14,8,0,0,4,1,26,108,1,1
"2025000009411",2,1,99,1,9,99,9,1,-1,-1,-1,-1
"2025000009411",1,9,99,1,9,0,9,1,80,1998,1,6
"2025000009412",1,3,9,1,0,0,2,1,43,-1,-1,-1
"2025000009412",2,3,19,1,2,0,1,1,27,124,1,1
"2025000009413",1,11,19,0,0,0,1,3,-1,-1,-1,-1
"2025000009413",2,22,19,0,0,0,1,1,55,-1,-1,-1
"2025000009414",1,19,19,0,0,4,1,1,64,1598,2,2
"2025000009414",2,21,2,0,0,0,2,1,64,12742,2,0
"2025000009415",2,9,9,0,0,0,2,1,41,1798,8,9
"2025000009415",1,9,19,0,0,0,1,3,-1,1984,1,1
"2025000009416",2,9,15,0,0,0,1,1,36,998,1,9
"2025000009416",1,19,4,0,0,0,4,1,32,1995,2,6
"2025000009417",2,9,10,8,0,0,2,1,66,1956,2,8
"2025000009417",1,9,19,1,0,0,1,2,20,2143,2,5
"2025000009418",1,9,5,1,0,0,1,1,40,1984,1,15
"2025000009418",2,8,3,1,0,0,2,1,40,1798,8,5
"2025000009419",1,21,19,8,0,12,1,1,39,12742,2,5
"2025000009420",1,9,99,9,9,99,1,1,18,1199,1,1
"2025000009421",1,5,14,1,0,0,1,1,52,1137,1,-1
"2025000009421",2,1,9,5,0,0,3,1,25,-1,-1,-1
"2025000009422",1,9,19,0,0,7,1,1,30,1995,2,10
"2025000009423",1,9,9,6,0,0,1,2,53,1248,1,15
"2025000009423",2,1,19,1,1,0,1,1,46,-1,-1,-1
"2025000009424",1,9,13,0,0,0,4,-1,-1,1968,2,5
"2025000009424",2,1,19,0,0,0,3,1,15,-1,-1,-1
"2025000009425",2,9,19,1,0,0,1,1,46,2993,2,5
"2025000009425",1,9,9,1,0,0,2,1,51,1995,2,15
"2025000009426",1,9,19,0,0,0,1,1,33,2993,2,3
"2025000009427",1,11,19,0,0,0,0,1,58,4500,2,9
"2025000009428",2,9,19,8,0,0,3,1,47,-1,-1,-1
"2025000009428",1,9,19,1,0,0,1,1,24,1798,1,8
"2025000009429",1,9,19,0,0,0,1,2,72,1395,1,6
"2025000009429",3,9,2,0,0,0,3,2,61,1796,1,16
"2025000009429",2,9,2,0,0,0,4,3,-1,1398,1,15
"2025000009429",4,9,2,0,0,0,4,3,-1,999,1,5
"2025000009430",1,9,19,0,0,0,1,1,39,2000,2,12
"2025000009431",2,9,4,2,0,0,2,1,57,1686,2,8
"2025000009431",1,11,19,2,0,0,1,1,30,7300,2,14
"2025000009432",2,9,2,0,0,0,4,3,-1,1498,1,3
"2025000009432",1,9,19,0,5,4,4,1,70,999,1,7
"2025000009433",1,9,19,0,0,0,2,2,49,1956,2,9
"2025000009433",2,9,19,0,0,0,1,1,-1,1360,1,14
"2025000009434",1,9,19,1,0,0,1,1,67,1598,2,8
"2025000009434",2,98,19,6,0,0,1,1,46,-1,-1,-1
"2025000009435",2,11,11,1,0,0,0,1,49,5132,2,2
"2025000009435",1,9,5,2,0,0,0,3,-1,-1,-1,-1
"2025000009436",2,98,19,0,0,0,2,1,59,-1,-1,-1
"2025000009436",1,10,19,0,0,0,1,1,32,-1,-1,-1
"2025000009437",1,19,19,1,0,0,3,1,31,1686,2,12
"2025000009437",2,9,19,1,0,0,3,2,49,-1,-1,-1
"2025000009438",1,19,5,4,0,0,1,1,56,-1,-1,-1
"2025000009438",2,9,19,8,0,10,4,2,23,1598,2,9
"2025000009439",1,9,99,0,9,99,9,2,31,1461,2,8
"2025000009439",2,1,99,0,9,99,1,1,-1,-1,-1,-1
"2025000009440",1,9,5,1,0,0,3,2,64,-1,-1,-1
"2025000009440",2,9,5,1,0,0,1,1,47,1896,2,16
"2025000009441",1,19,9,0,0,0,1,1,29,1968,2,4
"2025000009442",2,9,-1,0,-1,-1,-1,1,35,1997,2,8
"2025000009442",1,9,-1,0,-1,-1,-1,2,37,1596,1,10
"2025000009443",1,9,9,6,0,0,3,2,50,-1,-1,-1
"2025000009443",2,9,19,8,0,0,4,1,58,-1,-1,-1
"2025000009444",1,9,7,3,0,0,4,1,28,2993,2,15
"2025000009444",2,1,19,4,0,0,1,1,44,-1,-1,-1
"2025000009445",1,-1,19,4,0,0,1,3,-1,-1,-1,-1
"2025000009445",2,19,3,4,0,0,2,1,32,2000,2,1
"2025000009446",2,9,99,9,9,99,2,3,29,1598,1,9
"2025000009446",1,3,99,9,9,99,1,1,39,125,1,2
"2025000009447",1,1,99,9,9,99,9,2,29,-1,-1,-1
"2025000009447",2,9,99,9,9,99,9,3,-1,-1,-1,-1
"2025000009448",1,9,19,4,0,0,1,2,44,1339,1,19
"2025000009449",1,9,19,8,0,7,1,2,21,-1,-1,-1
"2025000009449",2,9,19,8,0,0,4,2,75,1560,2,12
"2025000009450",2,9,99,9,9,99,2,3,-1,-1,-1,-1
"2025000009450",1,1,99,9,9,99,9,1,22,-1,-1,-1
"2025000009451",1,9,19,3,0,0,1,1,39,-1,-1,-1
"2025000009452",1,9,9,6,0,0,1,2,77,1499,1,3
"2025000009452",2,9,19,1,0,0,1,1,21,1149,1,12
"2025000009453",1,9,3,0,0,0,2,2,33,1499,1,6
"2025000009453",2,9,3,0,0,0,1,1,28,1969,1,7
"2025000009454",2,9,9,8,0,0,4,2,21,999,1,3
"2025000009454",1,9,19,4,0,0,1,1,83,1388,1,12
"2025000009455",1,19,5,1,0,0,3,1,34,1995,2,2
"2025000009455",2,9,19,1,0,0,4,1,-1,1200,1,1
"2025000009456",1,9,9,6,0,0,1,2,47,1240,1,19
"2025000009456",2,9,19,8,0,0,4,1,24,2996,1,15
"2025000009457",2,3,5,1,0,0,3,1,57,125,1,0
"2025000009457",1,9,3,1,0,0,1,1,43,1968,2,0
"2025000009458",2,9,5,1,0,4,1,1,55,1198,1,7
"2025000009458",1,9,5,1,0,0,1,1,37,1797,8,12
"2025000009459",1,1,19,1,0,10,0,1,62,-1,-1,-1
"2025000009460",1,9,19,0,0,0,2,1,79,1199,1,4
"2025000009460",2,11,5,0,0,0,1,1,26,4500,2,13
"2025000009461",1,9,19,0,5,0,3,1,29,1360,1,22
"2025000009462",1,9,19,0,0,0,1,2,42,1956,2,11
"2025000009463",2,3,19,1,0,0,1,1,23,124,1,9
"2025000009463",1,9,9,1,0,0,4,1,23,1686,2,10
"2025000009464",1,1,99,9,9,99,1,1,38,-1,-1,-1
"2025000009464",2,9,99,9,9,99,9,3,42,1198,1,11
"2025000009465",2,9,2,1,0,0,1,3,-1,1498,1,5
"2025000009465",1,9,19,1,0,0,1,1,67,1595,1,17
"2025000009466",2,1,19,2,0,0,2,1,9,-1,-1,-1
"2025000009466",1,9,19,2,0,0,1,3,-1,-1,-1,-1
"2025000009467",1,9,19,3,1,0,1,2,40,1242,1,7
"2025000009467",2,9,19,8,5,0,4,1,77,1318,1,5
"2025000009468",1,9,19,3,0,0,3,3,-1,-1,-1,-1
"2025000009469",1,22,19,1,0,0,1,2,53,-1,-1,-1
"2025000009470",1,9,9,1,0,0,3,2,40,-1,-1,-1
"2025000009470",2,4,9,1,0,0,1,1,58,348,1,26
"2025000009471",2,9,3,1,0,0,1,1,33,1984,1,6
"2025000009471",1,9,9,1,0,0,1,1,69,1199,1,3
"2025000009471",3,1,19,1,0,0,1,1,45,-1,-1,-1
"2025000009472",3,9,99,0,9,99,9,3,-1,2487,8,3
"2025000009472",1,1,99,0,9,99,2,1,10,-1,-1,-1
"2025000009472",2,1,99,0,9,99,2,3,-1,-1,-1,-1
"2025000009473",1,19,19,0,0,0,1,1,53,2143,2,5
"2025000009473",2,9,3,0,0,0,2,2,38,1499,2,5
"2025000009474",2,98,99,1,9,99,1,3,-1,-1,-1,-1
"2025000009474",1,19,99,1,9,99,2,1,40,1560,2,11
"2025000009475",2,1,19,8,5,0,3,1,44,-1,-1,-1
"2025000009475",1,9,9,5,0,0,1,1,57,1499,1,3
"2025000009476",2,9,13,8,0,10,1,1,47,1248,2,13
"2025000009476",1,9,10,8,0,0,1,1,45,1797,8,13
"2025000009477",1,5,19,8,1,0,1,1,35,998,1,6
"2025000009477",2,9,9,8,0,0,1,1,35,1998,1,0
"2025000009478",1,4,19,8,5,0,4,1,46,124,1,5
"2025000009478",2,19,19,8,0,0,1,1,35,12777,2,1
"2025000009479",1,21,19,0,0,0,1,1,25,10677,2,0
"2025000009479",4,9,3,0,0,0,2,1,61,1461,2,17
"2025000009479",2,21,3,0,0,0,2,1,28,12740,2,3
"2025000009479",3,9,3,0,0,0,2,2,27,998,1,5
"2025000009479",5,9,3,0,0,0,2,2,28,1242,1,7
"2025000009480",1,9,12,8,0,0,3,1,72,2495,2,18
"2025000009480",2,1,9,8,0,0,1,1,43,-1,-1,-1
"2025000009481",1,11,2,0,0,0,0,1,47,4250,2,19
"2025000009482",2,9,9,8,0,0,4,1,36,1598,2,9
"2025000009482",1,5,19,1,0,0,1,1,31,1000,1,18
"2025000009483",2,11,19,1,0,0,4,1,49,4500,2,4
"2025000009483",1,19,5,1,0,0,1,1,43,1248,2,13
"2025000009484",1,19,5,6,0,0,1,1,46,1968,2,14
"2025000009484",2,9,19,8,0,0,4,2,25,998,1,14
"2025000009485",1,9,99,9,9,99,9,1,47,1461,2,9
"2025000009485",2,9,99,9,9,99,9,3,-1,1995,1,11
"2025000009486",1,9,99,9,9,99,2,2,35,1598,1,12
"2025000009487",1,9,7,6,0,0,1,1,65,1998,1,16
"2025000009487",3,9,19,1,0,0,1,2,53,-1,3,2
"2025000009487",2,9,19,8,0,0,4,2,78,2500,1,14
"2025000009488",2,9,15,0,0,0,4,2,42,3628,2,16
"2025000009488",1,9,3,0,0,0,3,2,48,1999,2,7
"2025000009489",2,9,99,9,9,99,1,3,-1,-1,-1,-1
"2025000009489",1,3,99,9,9,99,1,1,31,125,1,1
"2025000009490",1,9,19,8,0,0,1,1,18,1995,2,14
"2025000009490",2,9,7,6,0,0,3,2,19,1198,1,11
"2025000009491",1,90,19,3,0,0,-1,3,-1,-1,-1,-1
"2025000009492",1,9,19,0,0,0,1,1,50,1598,1,17
"2025000009492",2,98,19,0,0,0,1,1,56,-1,-1,-1
"2025000009493",1,19,7,5,0,0,3,1,37,1968,2,7
"2025000009493",2,1,19,1,0,0,1,1,48,-1,-1,-1
"2025000009494",2,9,2,0,0,0,4,3,-1,1686,2,8
"2025000009494",1,9,19,0,5,4,4,1,59,1497,8,1
"2025000009494",3,9,2,0,0,0,1,3,-1,1910,2,15
"2025000009495",1,9,9,5,0,0,1,1,64,1596,1,11
"2025000009496",1,-1,19,0,0,0,0,1,13,-1,-1,-1
"2025000009497",2,9,19,1,0,0,1,1,40,1461,2,9
"2025000009497",1,19,4,1,0,0,2,1,56,2198,2,13
"2025000009498",1,9,19,1,0,10,1,2,22,1229,1,7
"2025000009499",2,5,19,8,0,0,1,1,20,471,1,10
"2025000009499",1,9,9,8,0,0,4,2,38,1596,1,13
"2025000009500",2,1,19,8,0,0,3,2,26,-1,-1,-1
"2025000009500",1,9,7,8,0,0,1,1,34,1968,2,5
"2025000009501",1,9,2,0,0,0,0,3,-1,1596,1,15
"2025000009501",2,1,14,0,0,4,1,2,27,-1,-1,-1
"2025000009502",1,9,9,8,0,0,2,1,78,1399,2,14
"2025000009502",3,9,19,1,0,0,1,1,78,1242,1,9
"2025000009502",2,9,4,1,0,0,2,2,81,1498,1,11
"2025000009503",1,3,99,9,9,99,9,3,23,125,1,1
"2025000009503",2,9,99,9,9,99,9,3,-1,999,1,10
"2025000009504",1,11,19,0,0,0,0,1,54,9000,2,13
"2025000009505",1,9,19,0,0,0,1,2,31,-1,3,0
"2025000009505",3,9,2,0,0,0,1,3,-1,1598,1,14
"2025000009505",4,19,2,0,0,0,1,3,-1,1867,2,17
"2025000009505",2,9,2,0,0,0,1,3,-1,1968,2,14
"2025000009506",2,3,99,8,0,0,2,1,25,125,1,1
"2025000009506",1,9,99,8,0,0,9,1,31,1595,1,14
"2025000009507",2,9,19,0,1,0,3,1,22,998,1,6
"2025000009507",1,9,19,0,3,0,3,1,30,1560,2,8
"2025000009508",2,9,19,0,0,0,4,1,30,1598,2,5
"2025000009508",1,9,12,0,0,0,3,1,52,1968,2,5
"2025000009509",2,3,19,0,0,0,2,1,23,108,1,6
"2025000009509",1,9,19,0,0,0,1,3,98,-1,-1,-1
"2025000009510",1,9,19,8,0,0,1,2,45,1686,2,12
"2025000009511",2,9,19,0,0,0,1,1,-1,-1,-1,-1
"2025000009511",1,9,3,0,0,0,2,2,53,1499,1,6
"2025000009512",1,9,19,0,2,9,1,2,24,1200,1,7
"2025000009513",2,9,4,0,0,0,1,2,26,1598,2,7
"2025000009513",1,11,1,0,0,0,2,1,45,7698,2,1
"2025000009514",1,9,99,9,9,99,2,2,39,1461,2,4
"2025000009514",2,9,99,9,9,99,9,3,-1,1997,2,9
"2025000009515",1,9,19,1,0,0,1,1,35,1999,1,8
"2025000009516",3,9,99,9,9,99,2,2,-1,1995,2,9
"2025000009516",2,19,99,9,9,99,1,3,-1,2442,2,4
"2025000009516",1,9,99,9,9,99,2,2,43,1200,1,4
"2025000009517",2,19,99,0,9,99,9,1,40,1950,2,1
"2025000009517",1,9,99,0,9,99,9,1,32,998,1,18
"2025000009518",1,9,19,4,0,0,4,1,41,1968,2,10
"2025000009518",2,5,19,4,0,0,3,1,52,649,1,5
"2025000009519",1,11,5,8,0,0,1,1,32,4500,2,4
"2025000009520",1,9,19,8,0,0,1,1,41,1329,1,15
"2025000009521",1,9,5,4,0,0,0,1,56,-1,-1,-1
"2025000009521",2,1,19,4,0,0,1,1,60,-1,-1,-1
"2025000009522",2,9,99,9,9,99,9,2,23,1598,1,10
"2025000009522",1,3,99,9,9,99,1,1,32,125,1,3
"2025000009523",2,9,5,0,0,0,3,1,44,1997,2,5
"2025000009523",1,9,5,0,0,0,1,2,76,1108,1,12
"2025000009524",1,9,19,1,0,0,1,2,31,1461,2,4
"2025000009524",2,9,10,1,0,0,2,2,51,998,1,5
"2025000009525",2,9,19,1,0,0,2,2,22,1124,1,21
"2025000009525",1,9,19,1,0,0,1,2,40,1598,1,14
"2025000009526",1,3,99,9,9,99,9,1,21,125,1,1
"2025000009526",2,9,99,9,9,99,0,3,-1,3200,2,19
"2025000009527",1,9,19,1,0,0,1,1,58,1595,2,14
"2025000009527",2,9,19,1,0,0,4,1,28,1896,2,15
"2025000009528",1,9,3,0,0,0,1,1,77,1199,1,20
"2025000009528",2,9,3,0,0,0,2,1,22,1995,2,12
"2025000009529",1,1,19,0,0,0,1,1,-1,-1,-1,-1
"2025000009529",2,9,2,0,0,0,3,3,-1,1580,8,3
"2025000009530",1,9,19,0,0,0,1,1,67,1461,2,12
"2025000009530",3,21,19,0,0,0,0,1,49,10837,2,1
"2025000009530",2,9,19,0,0,11,2,1,34,1984,1,0
"2025000009531",2,9,7,3,0,0,1,1,60,1956,2,11
"2025000009531",1,19,3,3,0,0,2,1,47,1995,2,7
"2025000009532",2,1,19,1,0,0,1,1,52,-1,-1,-1
"2025000009532",1,9,9,5,0,0,4,2,22,4398,1,19
"2025000009533",1,9,5,2,0,0,1,2,24,1329,1,11
"2025000009534",1,9,19,2,0,0,1,2,63,998,1,10
"2025000009535",1,9,19,1,0,0,4,1,32,-1,-1,-1
"2025000009536",1,9,19,0,0,0,1,3,41,-1,3,1
"2025000009537",2,9,19,0,0,0,2,1,59,-1,-1,-1
"2025000009537",1,9,19,0,0,0,1,1,40,1197,1,9
"2025000009538",1,9,-1,0,-1,-1,-1,3,-1,-1,-1,-1
"2025000009539",2,9,7,8,0,0,1,1,60,1461,2,7
"2025000009539",1,1,19,1,0,0,1,2,25,-1,-1,-1
"2025000009540",1,9,99,9,9,99,2,2,30,1108,1,10
"2025000009540",3,21,99,9,9,99,1,3,-1,-1,-1,-1
"2025000009540",2,19,99,9,9,99,9,3,-1,1995,2,1
"2025000009541",2,9,19,8,0,0,1,1,-1,1997,2,12
"2025000009541",1,9,9,8,0,0,1,2,19,1229,1,7
"2025000009542",1,9,99,0,9,99,9,1,60,1197,1,5
"2025000009543",2,19,19,0,0,0,1,1,56,1968,2,11
"2025000009543",1,19,19,0,0,0,1,1,35,1868,2,17
"2025000009544",2,19,19,0,0,0,2,2,23,1896,2,17
"2025000009544",3,9,19,0,0,0,2,2,34,-1,-1,-1
"2025000009544",1,9,19,0,0,0,1,1,33,1598,8,0
"2025000009545",2,9,19,1,0,0,1,1,17,1582,2,14
"2025000009545",1,9,19,8,0,0,4,1,40,1797,8,11
"2025000009546",1,9,2,1,0,0,3,2,74,1318,1,8
"2025000009546",2,19,19,1,0,4,4,1,19,2143,2,4
"2025000009547",1,9,9,0,0,0,1,2,-1,-1,-1,-1
"2025000009548",1,9,8,1,0,0,1,2,66,998,1,5
"2025000009549",1,8,19,2,0,0,4,1,61,-1,-1,-1
"2025000009550",2,11,19,1,0,0,1,1,24,12000,2,17
"2025000009550",1,9,19,1,0,0,1,2,31,1598,8,1
"2025000009551",2,9,5,2,0,0,1,2,32,1198,1,18
"2025000009551",1,19,19,1,0,0,1,1,43,1995,2,3
"2025000009552",2,19,19,8,0,0,1,1,22,1248,2,8
"2025000009552",1,9,9,5,0,0,4,1,30,998,1,10
"2025000009553",1,3,19,1,1,4,1,1,26,125,1,3
"2025000009553",2,9,2,1,0,8,3,3,-1,1995,2,6
"2025000009554",1,9,19,0,0,0,1,1,21,1242,1,14
"2025000009554",2,9,19,0,0,0,1,1,25,2495,2,27
"2025000009555",1,19,13,0,0,4,1,1,42,1968,2,4
"2025000009555",2,90,4,0,0,0,2,1,-1,7698,2,4
"2025000009556",2,9,10,1,0,0,0,2,44,1595,1,5
"2025000009556",1,3,4,1,9,0,1,1,33,125,1,3
"2025000009557",1,9,19,2,0,0,1,2,60,1796,1,23
"2025000009558",2,3,4,8,5,0,3,1,34,125,1,5
"2025000009558",1,9,7,1,0,0,3,1,-1,-1,-1,-1
"2025000009559",1,9,7,8,0,0,1,2,19,3123,1,17
"2025000009559",2,9,19,8,0,0,4,1,31,1598,2,2
"2025000009560",2,4,19,3,0,0,1,2,37,498,1,19
"2025000009560",1,9,9,3,0,0,3,1,38,1968,2,13
"2025000009561",1,9,99,9,9,99,1,2,32,1332,1,1
"2025000009562",1,9,19,1,0,0,0,3,-1,-1,-1,-1
"2025000009562",2,9,19,1,1,0,1,1,24,1798,1,14
"2025000009563",1,20,3,1,0,0,1,1,53,1968,2,3
"2025000009563",2,9,19,1,0,0,1,1,35,1596,1,19
"2025000009564",1,9,19,8,0,0,1,2,57,1598,2,11
"2025000009564",2,9,19,8,0,0,3,2,64,1997,1,6
"2025000009565",2,9,2,1,0,0,2,1,49,-1,-1,-1
"2025000009565",1,9,19,1,0,4,1,1,57,-1,-1,-1
"2025000009566",1,9,99,9,9,99,1,1,-1,-1,-1,-1
"2025000009567",1,9,9,6,0,0,1,2,34,999,1,3
"2025000009567",2,9,19,8,0,0,1,2,47,-1,-1,-1
"2025000009568",2,5,7,1,0,0,3,1,33,900,1,3
"2025000009568",1,9,7,1,0,0,3,1,29,-1,-1,-1
"2025000009569",1,9,19,0,0,0,1,1,66,1560,2,15
"2025000009570",2,9,3,0,0,0,2,1,23,2191,2,7
"2025000009570",1,19,19,0,0,0,1,1,38,2299,2,7
"2025000009570",3,19,3,0,0,0,2,1,25,1560,2,10
"2025000009570",4,19,3,0,0,0,2,1,43,2287,2,4
"2025000009571",2,2,19,1,0,0,2,1,22,49,1,21
"2025000009571",1,9,19,1,0,0,1,1,48,2143,2,9
"2025000009572",1,20,14,0,0,0,0,3,-1,-1,-1,-1
"2025000009572",2,9,19,0,0,0,0,1,72,1373,8,1
"2025000009573",2,9,99,9,9,99,1,3,-1,1995,1,17
"2025000009573",1,9,99,9,9,99,9,2,46,2143,2,6
"2025000009574",1,8,1,1,0,0,2,1,43,2143,2,6
"2025000009575",1,1,19,2,0,0,3,1,41,-1,-1,-1
"2025000009575",2,9,19,2,0,0,1,1,33,1796,1,19