"collision_index","vehicle_reference","vehicle_type","vehicle_manoeuvre","junction_location","skidding_and_overturning","hit_object_in_carriageway","first_point_of_impact","sex_of_driver","age_of_driver","engine_capacity_cc","propulsion_code","age_of_vehicle"
"2025000010025",1,9,7,3,0,10,0,2,54,1329,1,12
"2025000010026",2,9,99,9,9,99,2,3,-1,-1,-1,-1
"2025000010026",1,9,99,9,9,99,1,1,29,1296,1,16
"2025000010027",2,9,2,2,0,0,2,3,-1,1596,1,18
"2025000010027",1,1,19,6,0,4,1,1,32,-1,-1,-1
"2025000010028",1,9,19,8,0,0,1,2,26,998,1,6
"2025000010029",2,21,2,0,0,0,0,1,55,-1,-1,-1
"2025000010029",1,9,14,0,0,0,1,2,25,1388,1,8
"2025000010030",1,9,9,8,0,0,4,1,-1,1798,8,4
"2025000010030",2,1,19,8,0,0,1,1,14,-1,-1,-1
"2025000010031",2,9,-1,0,-1,-1,-1,3,-1,-1,-1,-1
"2025000010031",3,9,-1,0,-1,-1,-1,3,-1,-1,-1,-1
"2025000010031",1,9,19,0,0,0,4,1,54,998,1,8
"2025000010032",4,9,3,1,0,0,2,1,27,1498,1,1
"2025000010032",3,19,3,1,0,0,2,1,33,2198,2,6
"2025000010032",1,9,19,1,0,0,1,1,53,1685,2,11
"2025000010032",6,9,3,1,0,0,2,1,50,2993,2,6
"2025000010032",2,9,19,1,0,0,2,2,42,1395,1,4
"2025000010032",5,19,19,1,0,0,2,1,47,1499,2,5
"2025000010033",2,8,19,1,0,0,4,1,52,1477,8,4
"2025000010033",1,1,19,1,0,0,1,1,-1,-1,-1,-1
"2025000010034",1,9,5,1,0,0,1,1,66,1499,1,6
"2025000010035",2,9,99,9,9,99,2,3,-1,898,1,4
"2025000010035",1,3,99,9,9,99,2,1,33,125,1,0
"2025000010036",2,9,19,0,0,0,1,1,64,999,1,2
"2025000010036",1,9,13,0,1,0,1,2,28,1461,2,11
"2025000010037",1,19,19,8,0,0,1,1,54,2151,2,17
"2025000010038",1,9,19,6,0,0,4,1,45,1598,2,2
"2025000010038",2,9,19,8,0,0,1,1,25,3456,8,15
"2025000010039",1,9,19,2,0,0,4,2,59,998,1,2
"2025000010040",2,9,19,0,0,99,9,1,-1,-1,-1,-1
"2025000010040",1,9,19,0,0,99,9,2,25,-1,-1,-1
"2025000010041",1,11,19,1,0,0,0,1,29,6692,2,8
"2025000010042",1,11,11,0,0,0,0,1,54,5132,2,7
"2025000010043",1,9,19,0,0,0,1,1,18,998,1,5
"2025000010043",2,9,19,0,0,0,2,1,64,998,1,6
"2025000010044",1,9,9,6,0,0,1,1,51,1797,8,12
"2025000010045",1,9,4,1,1,0,1,1,20,1498,1,1
"2025000010045",2,9,3,4,1,0,2,2,41,1198,1,6
"2025000010046",1,3,99,9,9,99,9,3,20,125,1,10
"2025000010046",2,3,99,9,0,99,9,3,-1,125,1,6
"2025000010047",1,9,3,0,0,0,2,2,24,1997,2,11
"2025000010047",2,9,5,0,0,0,1,1,-1,1596,1,7
"2025000010048",1,9,19,1,0,0,0,1,21,1229,1,17
"2025000010049",1,9,4,1,0,0,2,1,49,1560,2,15
"2025000010049",2,9,4,1,0,0,1,2,39,1399,1,13
"2025000010050",1,21,19,0,0,0,1,1,52,12809,2,1
"2025000010051",2,1,19,3,5,0,2,1,45,-1,-1,-1
"2025000010051",1,9,19,4,0,0,1,1,-1,-1,-1,-1
"2025000010052",2,9,19,8,0,0,1,1,24,-1,-1,-1
"2025000010052",1,9,9,6,1,0,3,2,62,1998,1,7
"2025000010053",1,9,99,9,0,99,9,3,-1,-1,-1,-1
"2025000010054",1,19,6,8,0,0,1,1,32,2198,2,7
"2025000010054",2,9,19,8,0,0,1,2,40,999,1,3
"2025000010055",1,9,19,0,0,0,4,2,75,1388,1,20
"2025000010056",2,21,19,1,0,0,1,1,66,10837,2,1
"2025000010056",1,9,9,1,0,0,3,1,22,1388,1,15
"2025000010057",2,1,10,1,0,0,1,1,59,-1,-1,-1
"2025000010057",1,9,9,5,0,0,1,1,88,1229,1,10
"2025000010058",1,9,19,1,0,0,1,1,39,1498,1,6
"2025000010058",2,9,19,8,0,0,4,1,61,1199,1,2
"2025000010059",1,19,19,0,0,0,4,3,-1,1598,2,7
"2025000010060",2,20,5,4,0,0,2,1,30,-1,-1,-1
"2025000010060",1,3,5,3,0,0,1,1,46,125,1,2
"2025000010061",2,9,99,9,9,99,0,3,32,1388,1,12
"2025000010061",1,3,99,9,9,99,1,3,34,125,1,1
"2025000010062",1,9,99,9,9,99,2,1,27,1984,1,14
"2025000010062",2,19,19,1,9,0,1,1,39,2198,2,11
"2025000010063",1,9,19,0,0,0,1,3,-1,999,1,9
"2025000010064",2,5,3,1,0,0,2,1,29,649,1,1
"2025000010064",1,9,4,1,0,0,1,2,21,999,1,8
"2025000010065",1,9,19,0,0,0,1,1,50,-1,-1,-1
"2025000010066",2,9,19,0,0,0,4,1,34,4394,7,17
"2025000010066",1,9,15,0,0,0,3,1,83,1560,2,4
"2025000010067",1,1,19,0,0,0,4,1,30,-1,-1,-1
"2025000010068",1,9,19,0,1,6,4,1,36,3490,1,21
"2025000010069",1,9,5,1,0,0,1,2,37,1242,1,12
"2025000010069",2,9,5,1,0,0,2,2,28,1461,2,5
"2025000010070",1,9,10,0,0,0,2,2,29,1461,2,11
"2025000010070",2,19,19,0,0,0,1,1,62,2298,2,1
"2025000010071",1,3,99,9,9,99,9,1,50,125,1,2
"2025000010072",1,9,9,1,0,0,3,2,38,1396,1,14
"2025000010072",2,5,19,1,0,0,1,1,31,1585,1,10
"2025000010073",1,9,5,2,0,0,1,2,52,-1,3,2
"2025000010074",1,9,19,1,0,0,4,2,59,1560,2,5
"2025000010075",1,9,9,1,0,0,1,2,45,1769,1,21
"2025000010075",2,9,19,1,0,0,1,1,48,999,1,9
"2025000010075",3,9,4,1,0,0,1,2,23,1995,2,7
"2025000010075",4,1,19,1,5,0,1,2,57,-1,-1,-1
"2025000010076",2,3,4,0,5,0,2,1,32,125,1,4
"2025000010076",1,9,19,0,0,0,1,1,19,999,1,8
"2025000010077",3,9,4,1,0,0,1,3,30,-1,-1,-1
"2025000010077",2,9,3,1,0,0,2,1,60,1598,2,7
"2025000010077",1,9,3,1,0,0,2,3,43,1968,2,6
"2025000010078",1,5,19,0,0,0,1,2,29,600,1,18
"2025000010079",1,9,9,1,0,0,4,1,37,-1,-1,-1
"2025000010079",2,9,19,1,0,0,1,2,44,2497,1,13
"2025000010080",1,9,19,0,5,10,4,1,27,1598,2,5
"2025000010080",2,11,19,0,0,0,3,2,51,4500,2,10
"2025000010081",1,90,9,2,0,0,1,1,51,-1,-1,-1
"2025000010082",1,9,19,8,0,0,1,1,-1,1984,1,10
"2025000010082",2,8,19,8,0,0,4,1,34,1797,8,2
"2025000010083",1,9,99,9,9,99,2,1,20,998,1,11
"2025000010084",2,19,2,0,0,0,1,1,64,2200,2,1
"2025000010084",1,9,19,0,1,4,1,1,20,1598,1,10
"2025000010085",1,9,13,0,1,0,1,1,35,1995,2,14
"2025000010085",2,19,19,0,0,0,1,1,30,2198,2,9
"2025000010085",3,19,19,0,0,0,1,1,35,2143,2,10
"2025000010086",2,1,19,4,0,0,1,1,39,-1,-1,-1
"2025000010086",1,9,19,4,0,0,3,2,33,2143,2,6
"2025000010087",1,11,4,1,0,0,0,1,57,-1,-1,-1
"2025000010088",1,9,9,1,0,0,4,1,27,1799,1,17
"2025000010088",2,9,19,1,0,0,4,2,22,999,1,1
"2025000010089",1,9,12,5,0,0,1,1,19,1368,1,7
"2025000010090",2,5,9,1,0,0,1,1,31,998,1,19
"2025000010090",1,9,19,1,0,0,1,1,30,1389,1,17
"2025000010091",1,9,19,0,2,10,4,2,69,1596,1,20
"2025000010092",2,9,19,8,0,0,4,2,61,1364,1,5
"2025000010092",1,9,5,6,0,0,1,1,24,1149,1,15
"2025000010093",1,9,8,1,0,0,2,2,50,-1,3,3
"2025000010093",2,9,5,1,0,0,1,1,21,1229,1,12
"2025000010094",2,19,19,8,0,0,3,1,41,1498,2,3
"2025000010094",1,9,9,6,0,0,1,2,23,1398,1,13
"2025000010095",1,98,99,9,9,99,9,3,48,1968,2,1
"2025000010096",2,9,2,0,0,0,4,1,35,-1,-1,-1
"2025000010096",1,9,7,0,1,0,1,3,-1,-1,-1,-1
"2025000010097",1,21,19,0,0,0,1,3,-1,-1,-1,-1
"2025000010097",2,1,19,0,0,0,1,1,21,-1,-1,-1
"2025000010098",1,9,19,2,0,0,1,2,24,999,1,5
"2025000010099",1,9,5,1,0,0,1,1,46,1995,1,14
"2025000010100",1,9,19,0,0,0,1,1,39,1598,1,19
"2025000010101",1,1,19,0,0,0,1,3,-1,-1,-1,-1
"2025000010102",1,9,19,1,0,0,1,3,-1,-1,-1,-1
"2025000010103",1,9,19,8,0,0,1,2,40,1968,2,7
"2025000010103",2,9,9,8,0,0,1,2,77,1198,1,8
"2025000010104",2,4,5,8,0,0,1,1,27,471,1,8
"2025000010104",1,9,9,8,0,0,1,1,67,1999,2,7
"2025000010105",1,19,9,8,0,0,0,1,-1,-1,-1,-1
"2025000010105",3,9,2,8,0,0,0,3,-1,-1,-1,-1
"2025000010105",2,1,19,8,0,0,1,1,51,-1,-1,-1
"2025000010106",1,3,5,1,0,0,3,2,53,125,1,6
"2025000010107",1,9,4,0,0,0,2,2,63,-1,-1,-1
"2025000010107",2,9,19,0,0,0,1,1,68,1596,1,11
"2025000010108",2,9,19,8,0,0,1,1,21,1968,2,5
"2025000010108",1,9,5,8,0,0,3,1,19,1461,2,8
"2025000010109",1,9,19,0,0,0,3,1,60,1240,1,14
"2025000010110",2,9,99,9,9,99,9,3,47,1999,2,7
"2025000010110",1,9,99,9,9,99,9,1,38,1329,1,15
"2025000010111",2,9,19,0,0,0,2,1,39,1397,1,12
"2025000010111",1,9,19,0,0,0,3,1,-1,1560,2,3
"2025000010111",4,9,2,0,0,0,3,3,-1,1193,1,8
"2025000010111",5,10,19,0,0,0,1,1,55,2143,2,7
"2025000010111",3,9,19,0,0,0,1,1,79,1199,1,1
"2025000010112",1,9,12,0,0,0,1,2,61,1997,8,3
"2025000010112",2,5,19,0,0,0,1,1,64,1254,1,2
"2025000010113",1,1,5,4,0,0,4,2,30,-1,-1,-1
"2025000010113",2,9,5,4,0,0,1,2,-1,-1,-1,-1
"2025000010114",2,9,7,8,0,0,0,3,33,-1,-1,-1
"2025000010114",1,11,19,8,0,0,0,1,56,4500,2,5
"2025000010115",3,90,2,2,0,0,3,3,-1,-1,-1,-1
"2025000010115",1,9,19,8,1,4,3,2,58,1248,1,11
"2025000010115",2,19,5,6,0,0,1,3,-1,-1,3,0
"2025000010116",1,9,19,1,0,0,1,2,26,999,1,9
"2025000010117",1,9,13,0,0,0,1,1,32,1461,2,11
"2025000010117",3,9,10,0,-1,-1,-1,1,32,-1,-1,-1
"2025000010117",2,9,19,0,0,0,1,1,52,1560,2,10
"2025000010118",1,9,19,1,0,0,-1,3,-1,-1,-1,-1
"2025000010119",2,11,19,0,0,4,4,1,-1,6700,2,8
"2025000010119",1,9,2,0,0,0,4,3,-1,1968,2,0
"2025000010120",1,9,6,0,0,0,2,2,44,1598,1,10
"2025000010120",2,1,19,0,0,0,2,1,53,-1,-1,-1
"2025000010121",1,19,12,1,0,0,1,1,34,1995,2,1
"2025000010121",2,9,19,1,0,0,4,2,48,1995,2,12
"2025000010122",1,1,19,1,0,0,1,2,31,-1,-1,-1
"2025000010123",2,9,19,8,0,0,1,1,39,-1,-1,-1
"2025000010123",1,9,9,5,0,0,1,2,19,1995,2,4
"2025000010124",1,9,13,1,5,0,1,1,25,1388,1,15
"2025000010124",2,9,7,7,0,0,1,1,52,-1,-1,-1
"2025000010124",3,9,19,1,0,0,1,2,49,1242,1,16
"2025000010125",1,9,13,0,5,0,4,1,54,1951,2,19
"2025000010125",2,9,13,0,0,0,4,1,43,-1,-1,-1
"2025000010126",2,9,4,1,0,0,2,2,29,1956,2,7
"2025000010126",1,19,19,1,0,0,1,1,48,1560,2,9
"2025000010127",3,9,2,8,0,0,2,3,-1,1242,1,15
"2025000010127",1,9,19,8,0,4,1,1,45,1240,1,13
"2025000010127",2,9,2,8,0,0,2,3,-1,998,1,10
"2025000010128",2,9,19,3,0,0,4,2,50,1798,1,10
"2025000010128",1,9,5,4,0,0,3,1,22,1950,2,4
"2025000010129",2,3,19,8,0,0,1,1,22,-1,-1,-1
"2025000010129",1,9,19,1,0,0,3,1,26,1198,1,10
"2025000010130",2,1,14,2,1,4,1,1,61,-1,-1,-1
"2025000010130",1,9,2,2,0,0,2,-1,-1,1995,2,18
"2025000010131",2,9,19,8,0,0,1,1,32,-1,-1,-1
"2025000010131",1,9,19,8,0,0,1,1,74,1998,1,7
"2025000010132",2,21,4,1,0,0,2,1,33,6700,2,5
"2025000010132",1,21,4,1,0,0,1,1,57,8710,2,8
"2025000010132",3,9,4,1,0,0,2,1,75,2179,2,13
"2025000010133",2,9,99,9,9,99,2,3,-1,-1,-1,-1
"2025000010133",1,9,99,9,9,99,9,1,43,999,1,11
"2025000010134",1,9,4,1,0,0,1,2,47,1969,2,8
"2025000010135",1,9,19,2,0,10,1,1,30,999,1,1
"2025000010136",1,11,19,0,0,0,0,1,61,4250,2,9
"2025000010137",1,9,19,8,0,0,1,2,20,-1,-1,-1
"2025000010138",2,9,9,5,0,0,3,1,72,2143,2,7
"2025000010138",1,9,14,8,0,0,1,1,46,2953,2,18
"2025000010139",1,98,19,1,0,0,0,3,-1,-1,-1,-1
"2025000010140",2,9,19,1,9,0,1,1,-1,1199,1,3
"2025000010140",1,9,99,9,9,99,2,2,31,1999,1,19
"2025000010141",2,1,19,8,2,0,1,1,67,-1,-1,-1
"2025000010141",1,19,7,8,0,0,3,1,37,1870,2,16
"2025000010142",1,19,19,0,0,0,1,1,29,2499,2,5
"2025000010143",1,9,4,6,0,0,2,1,80,1969,1,6
"2025000010143",2,19,5,6,0,0,1,1,33,1499,2,1
"2025000010144",1,9,9,8,0,0,1,3,71,-1,-1,-1
"2025000010144",2,9,19,8,1,0,2,2,19,-1,-1,-1
"2025000010145",2,9,99,9,9,99,9,1,58,2987,2,9
"2025000010145",1,8,19,8,0,0,3,1,41,1997,2,9
"2025000010146",1,2,19,0,1,0,4,1,16,49,1,8
"2025000010147",2,9,4,1,0,0,2,2,35,1582,2,13
"2025000010147",1,9,19,1,0,0,1,2,64,999,1,2
"2025000010148",2,1,19,0,0,0,3,1,37,-1,-1,-1
"2025000010148",1,9,19,0,0,0,4,2,59,2199,2,10
"2025000010149",5,9,2,0,0,0,4,-1,-1,999,1,7
"2025000010149",4,9,19,0,0,0,0,1,36,1398,1,12
"2025000010149",1,9,13,0,1,4,3,1,33,1229,1,14
"2025000010149",2,9,2,0,0,0,1,-1,-1,1999,2,5
"2025000010149",3,9,19,0,0,0,0,1,51,2179,2,15
"2025000010149",6,9,2,0,0,0,1,-1,-1,-1,-1,-1
"2025000010150",1,3,3,0,0,0,1,1,37,125,1,1
"2025000010150",2,19,1,0,0,0,2,3,40,2494,2,19
"2025000010151",1,9,5,1,0,0,1,1,32,1870,2,18
"2025000010151",2,9,9,2,0,0,4,1,53,1560,2,11
"2025000010152",1,9,19,1,5,0,3,1,73,1339,1,7
"2025000010153",1,9,19,0,0,0,1,2,20,1149,1,7
"2025000010154",1,9,19,8,0,0,3,1,37,-1,-1,-1
"2025000010154",2,18,19,8,0,0,1,2,49,-1,-1,-1
"2025000010155",1,9,19,0,0,0,1,1,69,2498,1,2
"2025000010156",1,9,5,6,0,0,1,1,65,898,1,3
"2025000010157",2,9,8,4,0,0,3,2,47,1498,1,0
"2025000010157",1,9,7,4,0,0,4,1,80,1998,1,19
"2025000010158",1,9,99,9,9,99,9,1,25,1198,1,11
"2025000010158",2,19,99,9,9,99,1,3,-1,1995,2,3
"2025000010159",1,9,5,0,0,0,4,1,23,1364,1,13
"2025000010160",1,9,19,0,2,0,1,2,34,1242,1,16
"2025000010160",2,9,19,0,0,0,0,3,-1,-1,-1,-1
"2025000010161",1,9,99,9,9,99,9,2,41,2143,2,14
"2025000010162",1,9,19,0,0,0,1,1,82,1956,2,10
"2025000010163",2,1,19,1,0,0,1,2,35,-1,-1,-1
"2025000010163",1,9,9,8,0,0,1,1,71,-1,-1,-1
"2025000010164",1,9,19,8,0,0,1,1,50,1995,2,6
"2025000010164",2,9,19,8,0,0,2,1,45,1498,8,1
"2025000010165",1,9,19,0,0,0,4,3,-1,-1,-1,-1
"2025000010165",2,-1,19,0,0,0,1,2,15,-1,-1,-1
"2025000010166",1,19,99,9,9,99,2,2,43,1896,2,15
"2025000010166",2,9,99,9,9,99,1,3,-1,2597,1,18
"2025000010167",1,9,19,0,5,0,1,1,18,899,1,9
"2025000010168",1,9,99,9,9,99,2,1,42,-1,-1,-1
"2025000010169",1,23,19,1,2,-1,-1,3,-1,-1,-1,-1
"2025000010170",1,19,19,0,0,0,0,2,-1,2198,2,12
"2025000010171",2,9,9,0,0,0,4,2,49,1242,1,14
"2025000010171",1,19,19,0,0,11,4,1,27,1995,2,6
"2025000010172",1,9,9,5,0,0,1,2,88,1598,1,13
"2025000010172",2,1,19,1,0,0,1,1,56,-1,-1,-1
"2025000010173",1,11,19,0,0,0,0,1,50,5132,2,6
"2025000010174",3,9,19,0,0,0,1,2,54,1969,1,4
"2025000010174",2,9,19,0,0,0,1,2,65,1197,1,9
"2025000010174",1,9,19,0,0,0,1,2,43,2967,2,9
"2025000010175",1,19,19,8,0,0,4,1,54,1499,2,1
"2025000010176",1,9,5,3,0,0,2,1,63,998,1,8
"2025000010176",2,9,5,1,0,0,1,1,82,1498,8,1
"2025000010177",2,1,19,1,0,0,1,1,22,-1,-1,-1
"2025000010177",1,9,4,1,0,0,1,2,45,1400,1,14
"2025000010178",1,19,1,0,0,0,2,1,42,-1,-1,-1
"2025000010179",1,9,19,2,0,0,1,3,-1,-1,-1,-1
"2025000010180",1,4,19,2,0,0,1,2,64,124,1,0
"2025000010181",2,3,19,8,0,10,3,1,30,124,1,4
"2025000010181",1,9,9,5,0,0,1,2,39,998,1,10
"2025000010182",1,1,19,2,0,4,1,1,34,-1,-1,-1
"2025000010182",2,9,4,2,0,0,4,1,59,1968,2,6
"2025000010183",1,9,19,1,0,0,3,1,35,1968,2,8
"2025000010183",2,3,19,1,0,0,1,1,24,125,1,2
"2025000010184",1,3,19,0,0,0,1,1,41,124,1,7
"2025000010184",2,19,19,0,0,0,2,1,25,1560,2,3
"2025000010185",1,9,7,2,0,0,1,1,69,1998,1,2
"2025000010186",1,9,19,0,0,0,3,1,40,1998,2,9
"2025000010186",2,19,7,0,0,0,1,3,30,2402,2,15
"2025000010187",2,9,19,8,0,0,1,1,56,1499,2,0
"2025000010187",1,9,9,6,0,0,1,2,39,2199,2,4
"2025000010188",1,9,3,0,0,0,2,1,32,-1,-1,-1
"2025000010188",2,9,19,0,0,0,1,3,30,-1,-1,-1
"2025000010189",1,11,19,8,0,0,1,1,51,5132,2,4
"2025000010189",2,8,7,8,0,0,3,1,57,1998,2,9
"2025000010190",2,9,19,0,0,0,3,3,-1,-1,-1,-1
"2025000010190",1,9,99,0,9,99,9,1,29,-1,-1,-1
"2025000010191",2,1,19,2,0,0,4,1,38,-1,-1,-1
"2025000010191",1,9,5,1,0,0,4,2,70,1598,1,14
"2025000010192",1,9,19,6,0,0,1,1,42,1968,2,11
"2025000010192",3,8,19,8,0,0,4,1,44,1797,8,10
"2025000010192",2,9,19,6,0,0,1,1,34,1997,2,8
"2025000010193",2,19,19,8,0,0,1,1,60,-1,3,1
"2025000010193",1,9,9,5,0,0,4,2,25,1560,2,13
"2025000010194",1,1,19,0,0,0,0,1,17,-1,-1,-1
"2025000010195",1,9,3,1,0,0,3,3,-1,-1,-1,-1
"2025000010196",1,23,19,0,0,0,1,1,16,-1,-1,-1
"2025000010197",2,1,19,8,0,0,3,2,29,-1,-1,-1
"2025000010197",1,9,19,3,0,0,1,1,85,2143,2,11
"2025000010198",2,9,19,1,0,0,1,1,24,1598,1,21
"2025000010198",1,9,3,1,0,0,2,2,20,999,1,10
"2025000010199",1,19,1,9,9,99,2,3,46,1499,2,1
"2025000010200",1,9,19,0,0,7,3,1,69,-1,-1,-1
"2025000010200",2,9,19,0,1,7,1,3,-1,2993,2,10
"2025000010201",1,3,14,2,0,0,1,1,49,125,1,15
"2025000010202",1,9,19,1,0,0,1,3,-1,1388,1,19
"2025000010202",2,9,3,1,0,0,2,1,42,-1,3,0
"2025000010203",1,9,19,0,0,0,1,1,31,1997,2,14
"2025000010203",2,19,19,0,0,0,2,1,27,1498,2,4
"2025000010204",1,9,19,0,0,0,1,2,40,1461,2,8
"2025000010205",2,21,19,0,0,0,1,1,57,12902,2,3
"2025000010205",1,9,13,0,0,0,2,2,64,1199,1,2
"2025000010206",2,9,4,1,0,0,2,1,36,1995,2,7
"2025000010206",1,9,19,1,0,0,1,1,28,1995,2,14
"2025000010207",2,9,19,0,0,0,3,1,76,1388,1,13
"2025000010207",1,21,11,0,0,0,1,1,52,12419,2,1
"2025000010208",2,9,2,2,0,0,3,1,49,1390,1,16
"2025000010208",1,9,19,2,0,0,1,1,77,1560,2,8
"2025000010209",1,9,19,1,0,0,4,3,-1,-1,-1,-1
"2025000010210",2,9,6,1,0,0,4,2,35,1388,1,17
"2025000010210",1,3,15,1,0,0,1,1,34,108,1,6
"2025000010211",2,9,19,0,0,0,3,2,53,1242,1,3
"2025000010211",1,21,19,0,0,0,4,3,52,12902,2,5
"2025000010212",1,9,5,0,0,0,0,3,-1,-1,-1,-1
"2025000010212",2,1,19,0,0,0,0,1,51,-1,-1,-1
"2025000010213",1,9,19,0,0,0,1,1,27,898,1,4
"2025000010214",1,9,19,0,0,0,3,1,52,-1,3,2
"2025000010214",2,1,19,0,0,0,3,1,45,-1,-1,-1
"2025000010215",2,9,2,0,0,0,2,2,37,1200,1,9
"2025000010215",1,9,19,0,0,0,1,2,18,-1,-1,-1
"2025000010216",2,-1,9,6,0,0,3,1,35,-1,-1,-1
"2025000010216",1,9,19,8,0,0,1,2,23,1242,1,12
"2025000010217",1,19,19,1,0,0,4,3,-1,-1,-1,-1
"2025000010218",3,9,19,0,0,0,1,2,20,1240,1,18
"2025000010218",4,9,19,0,0,0,1,1,28,2993,1,2
"2025000010218",1,9,13,0,0,0,1,1,20,1984,1,7
"2025000010218",2,9,19,0,0,0,0,2,29,2993,2,3
"2025000010219",1,9,4,0,0,0,1,1,29,1560,2,15
"2025000010220",1,9,9,6,0,0,1,2,27,-1,-1,-1
"2025000010220",2,1,19,8,0,0,1,1,19,-1,-1,-1
"2025000010221",1,9,19,2,0,0,4,1,48,1598,1,7
"2025000010221",2,9,8,2,0,0,1,2,61,1598,2,8
"2025000010222",2,8,99,9,9,99,2,1,62,1997,2,10
"2025000010222",1,9,99,9,9,99,2,2,22,1995,2,7
"2025000010223",1,9,19,0,0,0,1,2,60,1998,1,3
"2025000010224",1,19,5,8,0,0,1,2,58,2198,2,13
"2025000010224",2,9,19,2,0,7,2,2,45,1248,1,11
"2025000010225",1,2,19,2,5,0,3,1,37,125,1,2
"2025000010225",2,9,6,2,0,0,1,1,35,1798,8,5
"2025000010226",1,1,99,9,9,99,2,1,22,-1,-1,-1
"2025000010226",2,9,99,9,9,99,1,3,-1,-1,-1,-1
"2025000010227",1,9,19,0,2,0,1,1,45,2993,2,15
"2025000010228",2,9,9,1,0,0,2,2,37,1991,2,13
"2025000010228",1,19,9,1,0,0,1,3,30,2402,2,12
"2025000010229",1,9,5,1,0,0,1,2,65,1497,8,4
"2025000010229",2,1,5,6,0,0,2,2,36,-1,-1,-1
"2025000010230",2,9,19,0,0,0,1,1,39,2967,2,9
"2025000010230",1,9,12,0,0,0,2,2,33,1395,1,8
"2025000010231",1,9,9,6,0,0,1,1,61,-1,-1,-1
"2025000010231",2,1,19,8,0,0,2,1,57,-1,-1,-1
"2025000010232",1,9,14,8,0,0,4,1,26,1798,8,0
"2025000010232",2,11,3,8,0,0,0,3,34,-1,-1,-1
"2025000010233",2,9,19,8,0,0,1,1,21,898,1,3
"2025000010233",1,9,19,8,0,0,3,1,85,-1,-1,-1
"2025000010234",2,21,19,4,0,0,1,1,37,10837,2,0
"2025000010234",1,9,19,4,2,9,1,1,47,2204,2,15
"2025000010235",1,9,9,8,0,0,1,2,29,999,1,6
"2025000010235",2,1,19,8,0,0,1,1,38,-1,-1,-1
"2025000010236",1,8,2,0,0,0,3,1,49,1598,2,8
"2025000010237",4,9,19,0,0,0,4,1,40,1997,2,7
"2025000010237",5,19,19,0,0,0,2,1,43,1499,2,0
"2025000010237",6,19,2,0,0,0,2,1,54,1968,2,4
"2025000010237",1,21,5,0,0,0,2,2,49,12902,2,7
"2025000010237",2,9,19,0,0,0,1,2,36,1896,2,17
"2025000010237",3,9,19,0,0,0,1,1,65,2993,2,5
"2025000010238",1,9,19,0,0,0,1,1,26,2000,2,16
"2025000010239",2,9,19,2,0,0,2,1,40,2993,2,9
"2025000010239",1,19,9,1,0,0,1,3,-1,2402,2,12
"2025000010239",3,9,19,6,0,0,4,2,30,1968,2,10
"2025000010240",2,3,19,0,0,0,1,1,34,-1,-1,-1
"2025000010240",1,9,19,0,0,0,0,1,35,1598,2,3
"2025000010241",1,11,19,0,0,0,0,1,24,4500,2,7
"2025000010242",1,9,7,3,0,10,1,2,19,999,1,8
"2025000010243",1,9,7,6,0,0,1,1,47,1598,2,5
"2025000010243",2,9,19,6,0,0,4,2,43,1984,1,21
"2025000010244",2,11,2,2,0,0,2,1,72,6696,2,9
"2025000010244",1,17,14,2,0,4,1,1,19,-1,-1,-1
"2025000010245",2,19,19,8,0,0,4,1,19,1248,2,11
"2025000010245",1,1,19,6,0,0,1,1,8,-1,-1,-1
"2025000010246",2,97,99,0,9,99,9,3,-1,-1,-1,-1
"2025000010246",1,1,99,0,9,99,9,1,33,-1,-1,-1
"2025000010247",1,9,3,6,0,0,1,3,-1,1699,1,16
"2025000010247",2,1,19,8,0,0,4,1,54,-1,-1,-1
"2025000010248",1,9,19,7,0,0,1,2,19,999,1,8
"2025000010248",2,9,19,7,0,0,2,2,42,998,1,7
"2025000010249",2,9,9,8,0,0,3,2,24,1398,1,6
"2025000010249",1,9,7,8,0,0,1,3,-1,-1,-1,-1
"2025000010250",1,9,19,0,1,0,1,1,23,1781,1,22
"2025000010251",2,98,3,0,0,0,0,3,-1,-1,-1,-1
"2025000010251",1,9,19,0,0,0,1,1,50,1997,2,7
"2025000010252",2,9,19,0,1,0,4,2,29,1499,1,7
"2025000010252",1,98,15,0,0,0,1,3,36,-1,-1,-1
"2025000010253",1,9,99,0,9,99,2,1,44,1998,1,18
"2025000010253",2,9,99,0,9,99,9,3,-1,2400,2,12
"2025000010254",2,9,19,0,0,0,4,2,22,1998,1,6
"2025000010254",1,21,12,0,0,0,3,1,28,-1,-1,-1
"2025000010255",2,9,99,9,9,99,1,1,21,1499,1,3
"2025000010255",1,8,99,9,9,99,2,1,47,1798,8,7
"2025000010256",2,9,2,0,0,0,3,2,28,1598,2,12
"2025000010256",1,19,19,0,0,0,4,3,40,-1,-1,-1
"2025000010257",1,9,4,0,0,0,1,2,86,1329,1,7
"2025000010257",2,90,10,0,0,0,1,3,-1,-1,-1,-1
"2025000010258",1,11,99,9,9,99,9,3,-1,-1,-1,-1
"2025000010259",1,9,19,0,1,0,3,1,53,1289,1,24
"2025000010260",2,9,6,6,0,0,1,1,62,1399,2,15
"2025000010260",1,9,19,2,0,0,4,1,20,1242,1,8
"2025000010261",1,9,9,6,0,0,1,1,60,1499,2,5