"collision_index","vehicle_reference","vehicle_type","vehicle_manoeuvre","junction_location","skidding_and_overturning","hit_object_in_carriageway","first_point_of_impact","sex_of_driver","age_of_driver","engine_capacity_cc","propulsion_code","age_of_vehicle"
"2025000010262",1,9,99,9,9,99,2,2,32,1200,1,6
"2025000010262",2,9,99,9,9,99,0,1,-1,1798,1,11
"2025000010263",1,9,14,0,1,0,2,1,26,1389,1,25
"2025000010263",2,9,2,0,0,0,2,1,42,1329,1,8
"2025000010264",1,9,9,2,5,0,1,1,34,1999,2,0
"2025000010264",2,9,2,2,0,0,2,2,30,-1,-1,-1
"2025000010265",1,9,7,6,0,0,4,1,-1,1999,1,18
"2025000010265",2,9,19,1,0,0,3,1,-1,1995,1,10
"2025000010266",2,8,9,2,0,0,4,1,46,1797,8,7
"2025000010266",1,8,19,1,0,0,4,1,34,1797,8,7
"2025000010267",1,9,19,2,0,0,1,2,74,1248,1,8
"2025000010267",2,21,19,1,0,0,2,1,57,12742,2,1
"2025000010268",1,9,19,8,0,0,1,2,21,1461,2,6
"2025000010268",2,9,2,8,0,0,3,3,-1,1987,8,1
"2025000010269",1,11,19,8,0,0,3,1,75,9000,2,12
"2025000010270",2,9,99,9,9,99,9,1,60,1968,2,5
"2025000010270",1,3,99,9,9,99,1,1,24,125,1,0
"2025000010271",1,5,19,0,1,0,3,1,42,599,1,26
"2025000010272",1,1,19,0,0,0,1,2,60,-1,-1,-1
"2025000010272",2,9,19,0,0,0,3,1,-1,1498,1,2
"2025000010273",1,9,9,1,0,0,4,1,28,1995,2,9
"2025000010273",2,3,19,1,0,0,1,2,45,124,1,8
"2025000010274",4,9,2,0,0,0,1,3,-1,1461,2,4
"2025000010274",1,9,19,0,0,0,1,1,72,1339,1,8
"2025000010274",3,9,2,0,0,0,2,3,-1,1329,1,7
"2025000010274",2,9,2,0,0,0,2,3,-1,1496,1,7
"2025000010275",1,9,19,1,0,0,4,2,65,1999,2,7
"2025000010276",1,9,19,0,0,0,3,1,87,1596,1,23
"2025000010277",2,9,5,1,0,0,1,2,64,1242,1,8
"2025000010277",1,9,8,1,0,0,2,1,28,1197,1,6
"2025000010278",2,9,19,1,0,0,1,1,45,1798,8,5
"2025000010278",1,9,19,8,0,0,4,1,44,1461,2,11
"2025000010279",1,3,19,0,1,0,1,1,24,124,1,0
"2025000010280",1,19,19,0,5,0,1,1,31,1968,2,4
"2025000010281",1,9,19,8,0,0,1,2,24,1598,1,17
"2025000010281",2,9,19,8,0,0,3,1,42,1968,2,15
"2025000010282",1,9,19,0,0,0,4,2,45,-1,-1,-1
"2025000010283",1,9,19,0,0,0,-1,3,25,2987,2,5
"2025000010283",2,9,19,0,0,0,3,1,19,1199,2,10
"2025000010284",2,9,19,0,0,0,2,2,46,1498,1,13
"2025000010284",1,9,19,0,5,0,1,1,77,1199,8,0
"2025000010285",1,19,1,1,0,11,2,1,65,9290,2,7
"2025000010286",2,-1,4,1,5,0,3,1,14,-1,-1,-1
"2025000010286",1,9,6,1,0,0,3,1,51,1797,8,3
"2025000010287",1,9,19,8,0,0,1,1,87,1797,8,9
"2025000010288",2,11,19,0,0,0,3,1,51,10837,2,0
"2025000010288",1,21,19,0,3,0,3,1,51,12419,2,8
"2025000010289",1,19,19,8,0,0,1,1,32,2402,2,19
"2025000010289",2,9,9,8,0,0,1,1,75,1997,2,3
"2025000010290",3,9,19,0,0,0,0,1,32,2998,8,1
"2025000010290",2,9,9,0,0,0,4,1,79,1200,1,4
"2025000010290",1,3,19,0,0,0,1,2,18,125,1,9
"2025000010291",1,9,3,1,0,0,2,2,47,1598,1,11
"2025000010291",2,9,19,1,0,0,2,3,-1,-1,-1,-1
"2025000010292",1,9,19,0,0,0,1,2,88,1360,1,12
"2025000010292",2,9,2,0,0,0,2,1,52,1499,2,1
"2025000010293",1,9,19,8,0,0,3,1,25,3995,1,1
"2025000010293",2,9,9,8,0,0,1,1,-1,1390,1,19
"2025000010294",2,19,19,0,0,0,4,3,-1,-1,-1,-1
"2025000010294",1,9,2,0,0,0,3,1,29,2987,2,6
"2025000010295",2,1,14,2,0,8,4,1,24,-1,-1,-1
"2025000010295",1,9,2,2,0,0,4,3,-1,1995,1,10
"2025000010296",1,9,14,0,0,0,4,2,46,-1,-1,-1
"2025000010296",2,19,2,0,0,0,0,1,51,-1,-1,-1
"2025000010297",2,9,9,8,0,0,1,1,22,1596,1,12
"2025000010297",1,19,14,2,0,0,2,1,33,1995,2,1
"2025000010297",3,9,14,8,0,0,1,1,25,1987,8,1
"2025000010298",2,3,19,1,0,0,1,1,49,125,1,1
"2025000010298",1,9,9,8,0,0,1,1,69,1598,1,11
"2025000010299",2,9,19,1,1,0,4,2,32,1198,1,16
"2025000010299",1,1,19,2,0,0,1,2,31,-1,-1,-1
"2025000010300",1,19,19,3,0,0,1,1,35,1995,2,6
"2025000010300",2,9,9,3,0,0,1,2,22,1395,1,5
"2025000010301",2,3,19,8,0,0,1,1,29,124,1,7
"2025000010301",1,8,9,8,0,0,4,1,63,1798,8,9
"2025000010302",1,11,5,1,0,0,0,2,24,4500,2,6
"2025000010303",1,11,5,0,0,0,0,1,51,4461,2,5
"2025000010304",1,9,19,2,0,10,1,1,19,998,8,0
"2025000010305",1,9,7,8,0,0,1,3,30,-1,-1,-1
"2025000010305",2,1,19,8,0,0,3,1,18,-1,-1,-1
"2025000010306",1,9,19,8,0,0,1,2,27,1349,1,13
"2025000010306",2,19,9,5,0,0,4,1,31,2143,2,5
"2025000010307",2,1,19,4,0,0,1,2,24,-1,-1,-1
"2025000010307",1,9,19,4,0,0,1,1,76,1596,1,8
"2025000010308",2,19,4,0,0,0,2,3,-1,2287,2,17
"2025000010308",1,9,19,0,0,0,1,1,33,1388,1,11
"2025000010309",1,9,19,0,0,0,1,2,39,1991,2,14
"2025000010310",1,9,19,0,0,0,1,1,49,2393,2,3
"2025000010311",2,9,3,1,0,0,2,3,-1,-1,3,2
"2025000010311",3,9,3,1,0,0,2,2,43,1499,1,3
"2025000010311",1,9,19,1,0,0,1,2,-1,1560,2,13
"2025000010312",1,9,14,1,0,0,4,2,24,1199,1,1
"2025000010313",1,9,19,0,5,0,3,2,29,1587,1,17
"2025000010314",2,9,19,8,0,0,4,2,44,999,1,1
"2025000010314",1,19,9,6,0,0,1,1,27,1499,2,5
"2025000010315",1,9,7,5,0,0,4,2,45,-1,-1,-1
"2025000010315",2,1,19,8,0,0,1,1,53,-1,-1,-1
"2025000010316",1,19,19,0,2,10,3,1,27,1753,2,18
"2025000010317",2,11,19,1,0,0,1,3,-1,10667,2,5
"2025000010317",1,9,3,4,0,0,2,2,23,1398,2,13
"2025000010318",2,9,6,8,0,0,3,3,-1,-1,-1,-1
"2025000010318",1,5,13,8,0,0,1,1,34,998,1,18
"2025000010319",2,19,19,2,0,0,3,1,58,2464,2,15
"2025000010319",3,9,2,1,0,0,1,2,27,1997,2,6
"2025000010319",1,9,19,1,0,0,3,2,79,1229,1,5
"2025000010320",2,9,99,9,9,99,9,3,-1,1995,2,16
"2025000010320",1,3,99,9,9,99,9,1,27,125,1,5
"2025000010321",1,9,19,6,0,0,3,1,48,1596,1,16
"2025000010321",2,19,19,8,0,0,1,1,43,1995,2,4
"2025000010322",1,90,19,2,0,0,2,1,25,2987,2,6
"2025000010322",2,9,19,2,0,0,1,1,22,1242,1,9
"2025000010323",2,5,19,8,0,0,1,1,22,918,1,23
"2025000010323",1,9,9,5,0,0,1,2,33,1499,2,4
"2025000010324",1,9,19,1,0,0,1,2,75,1582,2,7
"2025000010325",1,9,5,6,0,0,1,2,-1,1461,2,7
"2025000010326",2,9,19,8,0,0,2,1,47,1422,2,14
"2025000010326",1,9,19,8,0,0,1,2,-1,1596,1,12
"2025000010327",2,19,19,1,0,0,1,1,35,-1,-1,-1
"2025000010327",1,9,19,1,0,0,4,1,30,1396,1,15
"2025000010328",2,21,9,8,0,0,2,1,25,12777,2,9
"2025000010328",1,97,19,1,0,0,1,1,22,-1,-1,-1
"2025000010329",1,1,19,8,0,0,4,1,36,-1,-1,-1
"2025000010329",2,9,12,4,0,0,3,2,27,1598,1,7
"2025000010330",1,21,19,1,0,0,1,1,30,6728,2,5
"2025000010330",3,9,4,1,0,0,2,2,53,998,1,4
"2025000010330",2,9,4,1,0,0,2,2,38,2401,2,15
"2025000010331",1,9,99,9,9,99,2,1,59,-1,-1,-1
"2025000010331",2,9,99,9,9,99,9,3,-1,1598,8,0
"2025000010332",1,9,19,2,0,0,-1,3,-1,1493,2,14
"2025000010332",2,9,4,2,0,0,2,1,27,3500,1,19
"2025000010333",1,21,19,0,0,0,4,1,37,12777,2,4
"2025000010334",1,9,19,1,0,0,1,2,67,1388,1,18
"2025000010334",2,9,3,1,0,0,2,2,41,1560,2,9
"2025000010335",1,9,-1,0,1,0,1,1,27,1198,1,19
"2025000010335",2,9,-1,0,1,0,1,1,59,1998,1,6
"2025000010336",2,1,19,8,0,0,0,1,32,-1,-1,-1
"2025000010336",1,9,9,6,0,0,2,1,29,1199,1,4
"2025000010337",1,3,99,9,9,99,9,3,25,124,1,5
"2025000010337",2,19,99,9,9,99,9,3,-1,2143,2,4
"2025000010338",1,11,19,1,0,0,1,1,49,5132,2,4
"2025000010339",1,9,9,8,0,0,4,1,52,-1,-1,-1
"2025000010339",2,9,19,8,0,0,1,1,31,1995,2,15
"2025000010340",2,9,4,0,0,4,1,2,-1,-1,-1,-1
"2025000010340",1,9,4,0,0,0,2,2,56,1580,8,0
"2025000010341",1,19,5,8,5,0,3,1,20,1968,2,1
"2025000010341",2,9,19,8,0,0,1,2,50,1686,2,12
"2025000010342",2,9,2,0,0,0,2,3,-1,1582,2,10
"2025000010342",1,8,19,0,0,4,1,1,72,1598,2,5
"2025000010343",2,19,19,8,0,0,2,3,-1,-1,-1,-1
"2025000010343",1,1,19,1,0,0,1,2,29,-1,-1,-1
"2025000010344",2,9,5,1,0,0,2,2,39,-1,-1,-1
"2025000010344",1,9,19,1,0,0,1,2,61,-1,-1,-1
"2025000010345",2,9,19,8,0,0,3,2,41,1197,1,8
"2025000010345",1,9,9,8,0,0,1,1,79,2143,2,9
"2025000010346",2,9,13,8,0,0,1,1,50,1997,2,4
"2025000010346",1,19,6,8,0,0,3,1,67,1995,2,0
"2025000010347",1,9,7,6,0,0,2,2,55,1332,1,0
"2025000010347",2,9,19,8,0,0,1,1,64,-1,-1,-1
"2025000010348",1,9,19,0,0,0,1,1,-1,-1,-1,-1
"2025000010348",2,9,2,0,0,0,3,1,-1,-1,-1,-1
"2025000010349",1,9,19,0,0,0,1,2,-1,-1,-1,-1
"2025000010349",2,1,19,0,0,0,1,1,60,-1,-1,-1
"2025000010350",1,9,19,0,0,0,1,2,34,1998,2,12
"2025000010351",1,9,19,0,0,4,1,1,53,1798,8,7
"2025000010351",2,9,2,0,0,4,1,2,36,1490,8,3
"2025000010351",3,9,2,0,0,0,1,1,46,1999,1,22
"2025000010352",1,9,9,8,0,0,1,2,53,1461,2,6
"2025000010352",2,9,19,8,0,0,1,1,69,1198,1,13
"2025000010353",2,9,19,8,1,0,1,1,40,-1,-1,-1
"2025000010353",3,21,19,8,0,0,1,1,56,15256,2,2
"2025000010353",1,9,9,6,0,0,3,1,21,1984,1,4
"2025000010354",1,1,19,3,5,0,4,1,40,-1,-1,-1
"2025000010355",1,8,5,0,0,0,1,1,-1,-1,-1,-1
"2025000010356",1,9,9,5,0,0,1,2,42,1799,1,16
"2025000010357",2,9,19,0,0,0,1,2,25,1998,1,3
"2025000010357",1,9,19,0,0,0,2,1,28,1248,1,8
"2025000010358",2,1,19,6,0,0,1,1,70,-1,-1,-1
"2025000010358",1,9,19,2,0,0,4,2,53,-1,-1,-1
"2025000010359",1,9,19,4,0,0,1,1,42,2171,1,18
"2025000010359",2,9,19,4,0,0,1,1,40,1596,1,11
"2025000010360",4,9,19,0,1,0,1,1,38,-1,-1,-1
"2025000010360",7,21,19,0,1,0,1,1,32,12419,2,3
"2025000010360",6,9,19,0,1,0,1,1,33,1461,2,5
"2025000010360",9,9,19,0,1,0,1,1,-1,-1,-1,-1
"2025000010360",2,9,19,0,1,0,1,2,59,1590,1,22
"2025000010360",5,9,19,0,1,0,1,2,53,1339,1,11
"2025000010360",3,9,19,0,1,0,1,1,55,1197,1,3
"2025000010360",1,9,19,0,1,7,1,1,57,2993,2,3
"2025000010360",8,9,19,0,1,0,1,1,37,-1,-1,-1
"2025000010360",10,9,19,0,1,0,1,1,-1,999,1,1
"2025000010361",2,9,19,0,0,0,4,1,23,-1,3,2
"2025000010361",1,21,19,0,0,0,-1,1,44,12777,2,3
"2025000010362",2,9,19,1,0,0,1,1,21,2487,8,1
"2025000010362",3,9,9,1,0,0,2,1,46,1781,1,18
"2025000010362",1,9,10,1,0,0,2,2,21,-1,-1,-1
"2025000010363",1,11,19,0,0,0,0,2,41,9000,2,17
"2025000010364",2,9,19,1,0,0,2,2,27,1984,1,0
"2025000010364",1,21,19,1,0,0,1,3,-1,12809,2,7
"2025000010365",2,1,19,1,5,0,2,1,57,-1,-1,-1
"2025000010365",1,9,19,1,0,0,1,1,44,1956,2,10
"2025000010366",1,19,99,9,9,99,2,1,39,1968,2,9
"2025000010366",2,8,99,1,0,0,1,3,-1,2499,2,8
"2025000010367",2,3,19,8,0,0,3,1,18,125,1,14
"2025000010367",1,9,9,6,0,0,1,2,36,1598,1,7
"2025000010368",1,9,4,1,0,0,2,2,46,1998,1,6
"2025000010368",2,9,5,1,0,0,1,1,-1,1596,1,15
"2025000010369",1,9,5,1,1,0,1,2,26,1598,1,17
"2025000010369",2,22,19,1,0,0,3,1,61,-1,-1,-1
"2025000010370",2,1,9,3,0,0,4,2,26,-1,-1,-1
"2025000010370",1,9,19,4,0,0,3,2,35,1198,1,15
"2025000010371",1,2,19,1,0,10,1,1,20,125,1,17
"2025000010372",1,9,3,1,0,0,2,1,62,1242,1,2
"2025000010372",2,9,19,1,0,0,1,3,-1,2231,2,12
"2025000010373",1,9,19,0,0,0,1,2,25,1968,2,6
"2025000010374",1,19,1,0,0,0,2,1,45,1248,2,6
"2025000010375",1,9,5,1,0,0,1,1,50,1896,2,14
"2025000010376",1,9,7,0,0,0,1,2,84,1200,1,7
"2025000010377",1,9,19,1,0,0,1,1,18,-1,-1,-1
"2025000010377",2,9,10,1,0,0,2,1,37,1598,1,11
"2025000010378",2,9,19,8,0,0,1,1,30,999,1,5
"2025000010378",1,-1,19,8,5,0,4,1,7,-1,-1,-1
"2025000010379",2,1,10,1,0,0,1,1,59,-1,-1,-1
"2025000010379",1,9,9,8,0,0,1,1,59,999,1,6
"2025000010380",2,9,19,8,1,0,1,1,20,998,1,6
"2025000010380",1,9,9,8,1,0,4,1,18,1229,1,18
"2025000010381",2,9,5,4,0,0,2,1,66,-1,3,0
"2025000010381",1,9,19,1,0,10,1,2,18,1242,1,13
"2025000010382",1,9,9,6,0,0,1,1,44,-1,3,0
"2025000010382",3,9,3,8,0,0,3,2,48,1798,1,13
"2025000010382",2,9,19,8,0,0,1,2,81,998,1,10
"2025000010383",2,11,5,6,0,0,0,1,40,6700,2,1
"2025000010383",1,9,19,8,0,0,0,3,-1,-1,-1,-1
"2025000010384",2,1,19,8,0,0,4,1,55,-1,-1,-1
"2025000010384",1,9,7,6,0,0,1,2,30,1582,2,12
"2025000010385",2,9,19,1,0,0,1,1,30,1461,2,15
"2025000010385",1,9,3,8,0,0,2,2,34,1595,1,11
"2025000010386",2,3,19,8,0,0,4,3,27,124,1,1
"2025000010386",1,9,7,1,0,0,1,2,67,1498,8,1
"2025000010387",2,9,2,0,1,0,3,2,35,1950,12,1
"2025000010387",1,9,19,0,0,0,1,1,38,1398,1,9
"2025000010388",1,3,99,9,9,99,1,1,36,125,1,5
"2025000010388",2,9,99,9,9,99,2,3,43,1798,1,12
"2025000010389",1,9,19,0,5,0,1,2,18,1299,1,14
"2025000010390",1,9,1,0,0,0,2,1,25,1248,2,8
"2025000010391",2,19,19,0,0,0,1,1,36,2298,2,11
"2025000010391",1,9,19,0,0,0,2,1,41,1498,1,3
"2025000010392",2,9,19,0,0,0,2,2,43,1995,2,3
"2025000010392",1,9,19,0,0,0,1,1,33,1995,2,3
"2025000010393",1,1,14,0,0,0,4,1,46,-1,-1,-1
"2025000010393",2,9,5,0,0,99,3,3,-1,-1,-1,-1
"2025000010394",5,19,19,0,0,11,3,1,26,2198,2,5
"2025000010394",1,21,19,0,0,0,0,1,50,10837,2,3
"2025000010394",4,9,19,0,0,11,1,1,47,1998,1,16
"2025000010394",2,9,19,0,0,11,4,1,46,1498,1,9
"2025000010394",3,9,19,0,0,11,1,2,35,2993,2,18
"2025000010395",1,9,6,0,0,0,1,2,53,1229,1,12
"2025000010395",2,2,19,0,0,0,1,1,16,49,1,6
"2025000010396",1,1,19,1,5,0,1,1,12,-1,-1,-1
"2025000010396",2,9,19,3,0,0,4,1,42,-1,-1,-1
"2025000010397",2,9,9,1,0,0,2,2,41,-1,-1,-1
"2025000010397",1,9,19,1,0,0,1,1,24,1560,2,3
"2025000010398",1,9,19,4,0,0,1,2,36,1999,1,3
"2025000010398",2,1,9,4,0,0,1,1,33,-1,-1,-1
"2025000010399",2,9,7,0,0,0,1,1,73,1968,2,9
"2025000010399",1,9,19,0,0,0,1,1,50,1999,2,6
"2025000010400",1,19,7,1,0,0,0,1,44,1995,2,1
"2025000010400",2,9,9,1,0,0,0,2,27,1149,1,14
"2025000010401",3,9,19,0,1,10,4,1,35,999,1,1
"2025000010401",2,9,19,0,0,0,0,1,34,2993,12,1
"2025000010401",1,9,19,0,0,10,1,1,44,1999,1,11
"2025000010401",4,19,19,0,0,0,3,1,25,1560,2,5
"2025000010402",2,19,99,9,9,99,9,1,60,1995,2,0
"2025000010402",1,1,99,9,9,99,9,1,38,-1,-1,-1
"2025000010403",1,9,19,0,0,0,1,2,38,1968,2,4
"2025000010403",2,9,12,0,0,0,3,3,-1,-1,-1,-1
"2025000010404",1,9,9,1,0,0,1,2,56,-1,-1,-1
"2025000010404",2,1,19,1,2,0,1,1,50,-1,-1,-1
"2025000010405",1,9,19,0,0,0,1,1,40,1461,2,10
"2025000010406",2,1,9,5,5,0,1,1,18,-1,-1,-1
"2025000010406",1,10,19,5,0,0,1,1,33,-1,-1,-1
"2025000010407",1,2,99,9,9,99,3,1,23,108,1,5
"2025000010407",2,9,99,9,9,99,9,3,31,1997,1,18
"2025000010408",1,9,9,1,0,0,4,1,58,999,1,1
"2025000010408",2,5,19,1,0,0,1,1,28,999,1,8
"2025000010409",2,9,7,0,0,0,2,1,37,1997,2,11
"2025000010409",1,19,19,0,0,0,1,1,40,2464,2,15
"2025000010410",1,5,14,1,0,0,4,1,24,745,1,8
"2025000010410",2,98,7,2,0,0,2,3,-1,-1,-1,-1
"2025000010411",1,9,19,0,0,0,1,1,64,1333,1,2
"2025000010412",1,9,19,2,5,0,4,1,82,1699,1,18
"2025000010413",1,9,19,0,5,0,0,1,61,1399,2,17
"2025000010414",2,1,19,0,5,0,2,1,35,-1,-1,-1
"2025000010414",1,9,19,0,0,0,4,3,-1,-1,-1,-1
"2025000010415",1,9,19,0,2,0,1,2,17,998,1,16
"2025000010416",3,9,19,0,0,0,1,1,53,1997,2,6
"2025000010416",2,9,19,0,0,0,3,1,36,1598,1,17
"2025000010416",1,9,19,0,0,0,1,2,67,-1,-1,-1
"2025000010417",2,9,19,1,0,0,0,2,23,1968,2,4
"2025000010417",1,9,9,6,0,0,1,3,-1,1797,8,6
"2025000010418",1,9,19,0,0,0,1,2,70,1396,1,9
"2025000010419",1,9,19,0,0,0,1,1,37,1499,1,3
"2025000010419",2,9,19,0,0,0,0,1,24,1498,1,3
"2025000010420",1,9,19,8,0,0,1,1,39,-1,-1,-1
"2025000010420",2,9,19,8,0,0,3,2,20,-1,-1,-1
"2025000010421",1,9,19,8,0,9,3,2,32,1598,2,3
"2025000010422",1,9,5,2,0,0,1,3,-1,-1,-1,-1
"2025000010422",2,9,3,2,0,0,2,1,78,998,1,11
"2025000010423",2,9,99,9,9,99,9,3,-1,1318,1,2
"2025000010423",1,3,99,9,9,99,9,1,23,125,1,6
"2025000010424",1,9,13,0,1,0,1,3,28,1995,2,5
"2025000010424",2,9,2,0,0,0,3,1,53,1560,2,12
"2025000010425",1,1,19,1,0,0,3,1,19,-1,-1,-1
"2025000010425",2,9,13,1,0,0,1,3,-1,-1,-1,-1
"2025000010426",1,9,19,1,0,0,1,1,32,1995,2,5
"2025000010427",1,11,4,8,0,0,0,1,27,5132,2,2
"2025000010428",1,9,19,0,0,0,1,2,22,1598,2,8
"2025000010429",1,9,19,0,0,4,1,1,49,1796,1,21
"2025000010429",2,9,2,0,0,0,2,1,39,2997,2,2
"2025000010430",3,9,19,0,0,0,1,2,18,-1,-1,-1
"2025000010430",2,19,19,0,0,0,1,1,36,3198,2,3
"2025000010430",1,9,19,0,0,0,1,2,29,1390,1,7
"2025000010431",1,9,19,0,0,7,1,2,74,1499,1,2
"2025000010432",1,9,19,0,0,0,1,2,50,1349,1,15
"2025000010432",2,9,3,0,0,0,2,1,23,998,1,19
"2025000010433",1,2,4,1,1,0,1,1,25,124,1,17
"2025000010434",1,9,19,2,0,0,1,1,30,1598,2,7
"2025000010435",1,3,19,0,1,0,1,1,19,124,1,5
"2025000010436",2,3,14,1,0,0,1,1,49,124,1,14
"2025000010436",1,9,9,6,0,0,1,1,28,1598,2,4
"2025000010437",2,9,99,0,9,99,2,3,-1,-1,-1,-1
"2025000010437",1,9,99,0,9,99,2,2,25,-1,-1,-1
"2025000010438",1,9,99,9,9,99,9,2,30,999,1,5
"2025000010439",1,9,11,4,9,0,1,2,28,1497,8,3
"2025000010439",2,9,3,1,0,0,2,2,77,2771,1,20
"2025000010440",2,11,5,6,0,0,1,1,56,4250,2,14
"2025000010440",1,9,19,1,0,0,1,1,73,1798,8,1
"2025000010441",2,3,-1,-1,-1,-1,-1,2,27,125,1,7
"2025000010441",1,9,-1,-1,-1,-1,-1,1,-1,2000,2,17
"2025000010442",1,9,19,0,0,0,1,3,-1,-1,-1,-1
"2025000010442",2,1,19,0,0,0,2,1,29,-1,-1,-1
"2025000010443",1,9,5,1,0,0,1,2,65,1598,1,7
"2025000010443",2,9,2,1,0,0,2,1,62,1598,2,5
"2025000010444",1,9,9,8,0,0,1,1,20,1950,2,5
"2025000010444",2,19,19,8,0,0,1,1,56,1499,2,4
"2025000010445",1,9,4,0,0,0,-1,3,99,-1,-1,-1
"2025000010445",2,11,19,0,0,0,0,1,55,4250,2,9
"2025000010446",1,8,19,0,0,0,4,1,42,-1,-1,-1
"2025000010447",1,9,19,0,0,0,1,2,66,1997,2,7
"2025000010447",2,1,19,0,5,0,1,2,34,-1,-1,-1
"2025000010448",1,9,19,0,0,0,1,1,23,998,1,15
"2025000010449",2,9,19,1,0,0,1,1,22,-1,-1,-1
"2025000010449",1,2,5,6,5,0,3,2,16,49,1,2
"2025000010450",1,9,19,3,0,0,1,1,65,1329,1,12
"2025000010451",1,3,19,0,0,0,1,1,20,798,1,7
"2025000010452",1,23,8,1,0,0,2,1,38,-1,-1,-1
"2025000010452",2,9,5,6,0,0,1,1,21,2497,1,17
"2025000010453",1,9,5,0,0,0,3,1,49,-1,3,2
"2025000010454",1,9,5,1,0,0,1,2,66,1339,1,15
"2025000010455",1,9,3,0,0,0,1,1,40,2979,1,16
"2025000010455",2,19,3,0,0,0,2,1,22,1995,2,5
"2025000010456",1,9,19,1,0,0,1,2,52,1248,1,15
"2025000010456",2,90,19,2,0,0,1,1,22,2184,2,2
"2025000010457",1,9,99,8,0,0,9,1,60,875,1,8
"2025000010458",1,9,9,6,0,0,1,1,48,999,1,0
"2025000010459",1,11,19,2,0,0,3,1,60,4461,2,11
"2025000010460",2,9,4,1,0,0,2,1,36,1395,1,3
"2025000010460",1,11,19,1,0,0,1,1,21,5132,2,5
"2025000010461",1,9,19,2,0,0,3,1,54,1598,2,8
"2025000010461",2,11,19,2,0,0,4,1,37,4760,2,13
"2025000010462",2,9,3,1,0,0,2,2,45,2993,2,6
"2025000010462",1,3,5,4,0,0,1,1,33,125,1,0
"2025000010463",1,9,12,1,0,0,3,1,28,-1,-1,-1
"2025000010463",2,3,19,1,0,0,1,1,31,-1,-1,-1
"2025000010464",1,9,19,1,0,0,1,1,33,1598,2,10
"2025000010464",2,20,19,1,0,0,1,1,30,4580,2,2
"2025000010465",2,9,19,8,0,0,1,1,45,999,1,7
"2025000010465",1,-1,19,8,0,0,3,1,21,-1,-1,-1
"2025000010466",2,19,19,0,0,0,0,3,-1,-1,-1,-1
"2025000010466",1,5,19,0,1,11,1,1,63,998,1,16
"2025000010467",1,1,19,6,0,0,1,1,39,-1,-1,-1
"2025000010467",2,9,19,8,0,0,1,2,22,1398,1,7
"2025000010468",3,9,3,0,0,0,2,1,40,-1,-1,-1
"2025000010468",1,9,3,0,0,0,2,1,25,998,1,3
"2025000010468",2,9,19,0,0,0,1,2,51,3189,1,18
"2025000010469",2,9,19,0,0,0,1,1,17,1199,1,1
"2025000010469",1,9,19,0,1,0,1,1,19,1198,1,17
"2025000010470",2,9,7,1,0,0,2,1,40,2499,1,14
"2025000010470",1,3,19,1,0,0,1,1,22,108,1,5
"2025000010471",1,9,1,0,0,0,2,3,-1,-1,-1,-1
"2025000010472",2,9,19,0,0,0,4,2,76,1591,1,13
"2025000010472",1,9,19,0,0,0,3,1,38,1685,2,10
"2025000010473",1,9,19,1,0,0,-1,3,-1,-1,-1,-1
"2025000010474",2,4,19,2,0,0,1,1,53,-1,-1,-1
"2025000010474",1,11,19,2,0,0,4,1,51,4500,2,7
"2025000010475",1,21,19,0,2,0,3,1,25,12900,2,9
"2025000010476",2,9,19,8,0,0,3,2,37,2993,2,18
"2025000010476",1,19,19,8,0,0,4,1,75,1998,2,18
"2025000010476",5,9,2,1,0,0,3,1,72,1199,1,4
"2025000010476",3,9,4,1,0,0,3,2,37,1229,1,8
"2025000010476",4,9,4,1,0,0,3,1,27,2143,2,8
"2025000010477",1,19,4,6,0,0,1,1,41,1997,2,1
"2025000010477",2,9,19,8,0,0,1,1,47,2204,2,11
"2025000010478",1,19,99,9,0,99,9,1,29,1968,2,7
"2025000010478",2,9,99,9,0,99,9,3,-1,1598,1,9
"2025000010479",1,9,10,0,0,0,0,3,-1,-1,-1,-1
"2025000010479",2,3,19,0,0,0,0,1,39,125,1,2
"2025000010480",1,9,19,0,0,0,4,1,73,1398,1,7
"2025000010481",1,9,19,8,0,0,4,1,40,1598,1,13
"2025000010481",2,9,9,8,0,0,1,1,33,998,1,3
"2025000010482",1,9,19,0,0,0,1,2,18,1242,1,10
"2025000010482",2,19,19,0,0,0,2,1,37,2143,2,2
"2025000010483",2,9,19,1,0,0,1,2,60,1598,8,2
"2025000010483",1,19,19,8,0,0,1,1,45,2198,2,8
"2025000010484",1,1,19,0,0,2,1,1,60,-1,-1,-1
"2025000010485",2,9,-1,-1,-1,-1,-1,1,55,1686,2,16
"2025000010485",1,9,-1,-1,-1,-1,-1,3,-1,2993,2,8
"2025000010486",1,9,5,0,0,0,1,1,29,1995,2,10
"2025000010486",2,9,19,0,0,0,4,1,83,1497,8,6
"2025000010487",2,9,19,8,0,0,4,2,53,1598,2,4
"2025000010487",1,9,19,8,0,0,3,1,60,-1,-1,-1
"2025000010488",1,9,19,8,0,0,4,2,47,1499,1,8
"2025000010488",2,9,7,1,0,0,2,1,46,1497,8,17
"2025000010489",1,9,10,1,0,0,1,1,57,1368,1,3
"2025000010490",1,9,5,1,0,0,3,2,54,-1,-1,-1