"collision_index","vehicle_reference","vehicle_type","vehicle_manoeuvre","junction_location","skidding_and_overturning","hit_object_in_carriageway","first_point_of_impact","sex_of_driver","age_of_driver","engine_capacity_cc","propulsion_code","age_of_vehicle"
"2025000010940",2,9,19,0,0,0,1,1,51,1986,2,12
"2025000010941",1,9,19,2,0,4,9,3,-1,-1,-1,-1
"2025000010941",2,9,19,2,0,0,4,1,67,1969,1,8
"2025000010942",2,9,19,8,0,0,1,1,25,1956,2,11
"2025000010942",1,9,3,8,0,0,1,1,31,1360,1,21
"2025000010943",1,9,19,2,0,0,2,1,42,1364,1,8
"2025000010943",2,9,19,2,0,0,1,2,19,1248,1,14
"2025000010944",1,3,99,9,9,99,1,1,30,124,1,0
"2025000010944",2,9,99,9,9,99,9,3,-1,1997,8,3
"2025000010945",2,9,2,1,0,4,4,3,-1,1794,1,16
"2025000010945",1,9,19,1,5,4,1,1,49,1229,1,9
"2025000010946",2,1,19,1,0,0,1,1,-1,-1,-1,-1
"2025000010946",1,1,19,1,0,0,1,2,-1,-1,-1,-1
"2025000010947",2,11,15,1,0,0,1,3,-1,-1,-1,-1
"2025000010947",1,1,19,1,0,0,4,2,40,-1,-1,-1
"2025000010948",1,11,4,1,0,0,0,1,40,6700,2,15
"2025000010949",2,19,1,0,0,0,2,1,22,2402,2,15
"2025000010949",1,9,4,0,0,0,3,1,29,1499,1,7
"2025000010950",1,5,19,0,0,0,1,1,20,647,1,10
"2025000010951",1,11,4,1,0,0,0,1,28,4461,2,8
"2025000010951",2,9,9,6,0,0,0,3,21,999,1,3
"2025000010952",1,9,3,2,0,0,3,1,33,-1,-1,-1
"2025000010952",2,5,19,2,0,0,1,1,63,755,1,1
"2025000010953",1,9,-1,1,0,0,4,2,20,998,1,15
"2025000010954",2,9,19,0,0,0,1,1,28,2231,2,15
"2025000010954",1,9,6,0,0,0,4,2,55,1499,2,1
"2025000010955",1,9,9,2,0,0,1,2,38,1229,1,8
"2025000010956",2,9,99,9,9,99,9,3,51,1797,8,6
"2025000010956",1,3,99,9,9,99,1,1,31,125,1,0
"2025000010957",1,9,9,1,0,0,4,1,54,1997,2,13
"2025000010958",2,9,19,8,0,0,1,1,43,-1,-1,-1
"2025000010958",1,19,19,6,0,0,3,1,22,2299,2,4
"2025000010959",2,9,2,0,0,0,2,2,-1,998,1,12
"2025000010959",1,9,5,0,0,4,1,2,62,-1,-1,-1
"2025000010960",1,9,19,4,5,9,1,1,29,1598,1,18
"2025000010961",2,9,99,9,9,99,9,3,-1,1596,1,16
"2025000010961",1,8,99,9,9,99,2,1,35,1995,12,1
"2025000010962",2,9,19,0,0,0,1,1,55,1968,2,10
"2025000010962",1,9,19,0,0,0,1,1,23,1596,1,14
"2025000010963",1,9,19,1,0,0,1,3,-1,-1,-1,-1
"2025000010964",1,9,19,2,0,0,3,2,55,1686,2,14
"2025000010965",2,9,19,0,0,0,1,2,27,-1,-1,-1
"2025000010965",1,9,19,0,2,0,1,1,26,1591,1,9
"2025000010966",2,9,9,6,0,0,1,1,20,998,1,9
"2025000010966",1,3,19,8,0,0,1,1,45,125,1,5
"2025000010967",1,9,13,1,5,0,1,1,28,2191,2,9
"2025000010967",2,17,9,1,0,0,3,1,56,6728,2,10
"2025000010968",1,9,19,8,0,0,3,1,56,1796,1,11
"2025000010968",2,5,7,8,1,0,4,1,65,1202,1,4
"2025000010969",2,9,14,8,0,0,1,1,20,-1,-1,-1
"2025000010969",1,9,9,8,0,0,4,1,19,2143,2,12
"2025000010970",2,3,5,2,5,0,2,1,22,125,1,6
"2025000010970",1,9,3,2,0,0,1,1,45,2143,2,9
"2025000010971",1,19,9,6,0,0,3,1,38,1950,2,0
"2025000010971",2,9,19,8,0,0,1,1,68,1997,2,11
"2025000010972",1,19,19,1,1,0,1,1,18,2198,2,14
"2025000010972",2,3,9,1,2,0,2,1,58,125,1,6
"2025000010973",1,1,99,9,9,99,9,2,39,-1,-1,-1
"2025000010973",2,9,99,9,9,99,9,3,64,1580,8,7
"2025000010974",1,9,10,0,0,0,3,2,42,1390,1,13
"2025000010974",2,21,19,0,0,0,4,1,60,12902,2,1
"2025000010975",2,9,9,8,0,0,1,3,-1,1984,1,2
"2025000010975",1,9,5,2,0,0,1,1,41,1498,1,1
"2025000010976",2,9,4,0,0,0,2,1,59,2457,1,12
"2025000010976",1,9,19,0,0,0,1,3,30,1598,2,8
"2025000010977",1,1,99,9,9,99,1,1,30,-1,-1,-1
"2025000010977",2,9,99,9,9,99,1,3,-1,-1,3,3
"2025000010978",1,9,9,0,0,0,1,3,-1,-1,-1,-1
"2025000010978",2,1,19,0,0,0,1,1,13,-1,-1,-1
"2025000010979",1,9,19,1,1,0,3,1,25,2998,1,3
"2025000010980",1,19,19,0,0,0,4,1,36,1461,2,10
"2025000010980",2,1,19,0,0,0,1,1,36,-1,-1,-1
"2025000010981",2,1,19,0,0,0,3,1,51,-1,-1,-1
"2025000010981",1,9,1,0,0,0,2,1,36,2231,2,15
"2025000010982",2,9,19,6,0,0,1,1,51,1995,2,12
"2025000010982",1,21,19,8,0,0,1,1,37,-1,-1,-1
"2025000010983",1,9,7,3,0,0,1,2,31,1968,2,12
"2025000010983",2,21,19,8,0,0,3,1,47,-1,-1,-1
"2025000010984",2,19,99,9,9,99,2,3,-1,2287,2,12
"2025000010984",1,9,99,9,9,99,2,2,22,998,1,11
"2025000010985",1,9,4,1,0,0,2,2,32,1598,1,10
"2025000010985",3,9,10,1,0,0,0,1,50,-1,3,0
"2025000010985",2,9,4,1,0,0,2,2,57,998,1,11
"2025000010986",2,1,3,1,0,0,2,1,63,-1,-1,-1
"2025000010986",1,19,3,1,0,0,1,3,-1,-1,-1,-1
"2025000010987",2,9,19,0,0,0,1,2,55,1998,1,5
"2025000010987",1,9,19,0,0,0,1,1,19,1598,1,14
"2025000010988",2,9,19,0,0,0,1,1,31,1598,1,9
"2025000010988",1,9,3,0,0,0,2,1,32,-1,-1,-1
"2025000010989",2,9,19,9,9,99,2,1,-1,1496,2,4
"2025000010989",1,9,19,9,9,99,2,2,48,2993,2,4
"2025000010990",2,9,4,0,0,0,2,2,-1,1198,1,7
"2025000010990",1,9,19,0,0,0,1,1,24,1124,1,17
"2025000010991",1,1,19,1,0,0,1,2,39,-1,-1,-1
"2025000010992",2,9,3,1,0,0,2,2,38,1995,2,9
"2025000010992",1,9,19,1,0,0,1,1,18,-1,-1,-1
"2025000010993",2,1,19,6,0,0,4,2,26,-1,-1,-1
"2025000010993",1,3,19,2,0,0,1,1,20,125,1,6
"2025000010994",2,9,19,1,0,0,1,1,31,1499,2,5
"2025000010994",1,9,7,6,0,0,1,2,55,1498,1,3
"2025000010995",2,20,19,0,0,0,1,1,45,-1,-1,-1
"2025000010995",1,21,19,0,1,0,1,1,54,12777,2,1
"2025000010996",1,8,3,0,0,0,1,1,47,1797,8,7
"2025000010996",2,9,19,0,0,0,1,1,39,1368,1,12
"2025000010997",2,9,4,0,0,0,3,2,55,998,1,5
"2025000010997",1,9,19,0,0,0,0,2,62,899,1,8
"2025000010998",2,1,19,1,0,0,3,1,22,-1,-1,-1
"2025000010998",1,9,9,5,0,0,1,1,53,2497,1,13
"2025000010999",1,9,14,0,0,0,1,1,71,1560,2,10
"2025000011000",1,9,19,2,0,0,1,1,74,1198,1,11
"2025000011000",2,9,19,1,0,0,1,1,56,1598,1,10
"2025000011001",3,9,19,4,0,0,0,2,23,1598,2,3
"2025000011001",2,9,4,4,1,4,1,2,18,1198,1,11
"2025000011001",1,9,2,4,0,10,2,1,20,-1,-1,-1
"2025000011002",1,9,19,1,2,0,1,1,75,1995,2,8
"2025000011003",1,1,19,8,0,0,1,2,45,-1,-1,-1
"2025000011004",2,9,19,0,0,0,2,1,53,1498,1,6
"2025000011004",1,11,19,0,0,0,1,1,54,9000,2,11
"2025000011004",3,9,19,0,0,0,2,2,29,-1,-1,-1
"2025000011005",1,9,5,6,0,0,3,2,35,1242,1,8
"2025000011005",2,9,19,1,0,0,1,1,49,1496,1,2
"2025000011006",2,9,19,0,0,0,1,1,45,1582,2,9
"2025000011006",1,9,19,0,0,0,3,1,22,1398,1,11
"2025000011007",1,9,9,0,0,0,3,1,31,1499,2,4
"2025000011007",2,5,19,0,2,0,4,1,48,1170,1,4
"2025000011008",1,9,19,1,1,0,1,2,-1,1591,1,4
"2025000011008",2,9,3,1,0,0,2,2,40,1995,2,15
"2025000011009",1,9,19,1,5,0,1,1,34,1498,1,5
"2025000011009",2,9,19,1,5,0,3,2,37,1461,2,8
"2025000011010",2,9,99,9,9,99,9,2,38,1596,1,18
"2025000011010",1,5,99,9,9,99,9,1,40,649,1,2
"2025000011011",2,1,19,1,0,0,1,1,32,-1,-1,-1
"2025000011011",1,9,9,1,0,0,1,1,48,1998,8,5
"2025000011012",1,9,7,1,0,0,3,2,69,1197,1,6
"2025000011013",3,19,19,0,0,0,1,1,59,-1,-1,-1
"2025000011013",4,19,19,0,0,0,1,1,23,2198,2,4
"2025000011013",1,19,3,0,0,0,2,1,71,-1,-1,-1
"2025000011013",2,19,3,0,0,0,2,1,19,12777,2,8
"2025000011014",1,9,19,0,0,0,1,3,-1,-1,-1,-1
"2025000011014",2,1,19,0,0,0,2,1,35,-1,-1,-1
"2025000011015",1,5,19,1,0,0,1,1,53,850,1,23
"2025000011016",2,9,99,9,9,99,9,3,-1,-1,-1,-1
"2025000011016",1,9,19,9,5,99,9,1,30,599,1,20
"2025000011017",1,3,7,1,0,0,1,1,43,124,1,2
"2025000011018",2,9,9,1,0,0,3,1,50,2487,8,1
"2025000011018",1,3,14,1,0,0,1,1,24,124,1,8
"2025000011019",1,8,7,6,0,0,4,1,82,1560,2,8
"2025000011020",2,9,99,9,9,99,9,1,34,-1,-1,-1
"2025000011020",1,5,99,9,9,99,9,1,20,-1,-1,-1
"2025000011021",2,9,19,0,0,0,2,2,36,1332,1,1
"2025000011021",1,9,19,0,0,0,1,1,48,-1,-1,-1
"2025000011022",1,9,5,8,0,0,1,2,28,1598,1,9
"2025000011022",2,9,19,8,0,0,4,1,52,1984,1,11
"2025000011023",2,5,13,0,0,0,1,1,75,748,1,18
"2025000011023",1,9,5,0,0,0,1,1,67,4235,1,-1
"2025000011024",1,19,14,8,0,0,1,2,19,1399,2,12
"2025000011024",2,9,19,8,0,0,3,2,28,1461,2,8
"2025000011025",1,8,19,0,0,0,1,1,56,1598,2,9
"2025000011026",1,8,19,8,0,0,1,1,53,2143,2,5
"2025000011026",2,1,19,8,0,0,3,1,30,-1,-1,-1
"2025000011027",2,9,19,0,0,0,2,2,54,1199,1,0
"2025000011027",1,9,19,0,0,0,1,2,29,1598,1,12
"2025000011028",1,9,19,1,0,0,0,2,62,1998,2,1
"2025000011029",1,9,19,2,0,0,1,1,26,1997,2,5
"2025000011029",3,21,19,2,0,0,3,1,59,12777,2,3
"2025000011029",2,9,19,2,0,0,2,1,39,1199,1,0
"2025000011030",1,9,12,0,0,0,3,2,-1,1956,2,12
"2025000011030",2,5,19,0,0,0,1,1,31,652,1,16
"2025000011031",2,9,9,8,0,0,1,2,48,1968,2,10
"2025000011031",1,9,19,1,0,0,1,2,62,1798,8,3
"2025000011032",1,9,19,2,0,0,1,1,52,999,1,2
"2025000011033",3,9,19,1,0,0,1,2,40,1999,1,13
"2025000011033",2,3,19,1,0,0,1,1,52,124,1,34
"2025000011033",1,9,19,1,0,0,1,2,75,1198,1,6
"2025000011034",1,9,7,1,0,0,4,1,48,-1,-1,-1
"2025000011035",2,9,99,9,9,99,9,3,58,1580,8,7
"2025000011035",1,1,99,9,9,99,1,1,25,-1,-1,-1
"2025000011036",1,1,99,0,9,99,9,1,32,-1,-1,-1
"2025000011036",2,19,99,0,9,99,1,2,63,-1,-1,-1
"2025000011037",1,9,99,9,9,99,9,2,51,1598,8,2
"2025000011038",1,19,19,8,0,0,4,1,57,1950,2,2
"2025000011038",2,19,19,8,0,0,1,1,67,2198,2,11
"2025000011039",1,9,19,1,0,0,1,1,62,-1,3,0
"2025000011040",1,9,19,0,0,0,1,3,-1,-1,-1,-1
"2025000011041",1,11,5,0,0,0,4,1,54,6700,2,6
"2025000011042",1,5,9,8,5,10,4,1,63,-1,-1,-1
"2025000011043",1,9,19,1,0,0,1,1,49,1329,1,14
"2025000011043",2,3,19,1,0,0,3,1,29,125,1,2
"2025000011044",2,11,19,8,0,0,1,1,60,6696,2,11
"2025000011044",1,9,9,8,0,0,4,1,61,1398,1,7
"2025000011045",2,19,19,0,0,0,2,2,35,1997,2,2
"2025000011045",1,9,19,0,0,0,1,2,76,1199,1,3
"2025000011046",2,19,19,8,0,0,1,1,35,2143,2,3
"2025000011046",1,9,19,8,0,0,1,1,31,1598,2,5
"2025000011047",1,3,19,-1,0,0,-1,1,27,125,1,2
"2025000011047",2,9,19,-1,0,0,-1,2,40,898,1,9
"2025000011048",1,3,19,2,1,0,0,1,57,125,1,0
"2025000011049",2,9,99,9,9,99,9,3,-1,-1,-1,-1
"2025000011049",1,9,99,9,9,99,1,1,42,-1,-1,-1
"2025000011050",2,1,19,0,0,0,4,1,51,-1,-1,-1
"2025000011050",1,9,11,0,0,0,3,1,57,999,1,2
"2025000011051",1,3,19,1,0,0,1,1,25,124,1,5
"2025000011051",2,9,9,5,0,0,3,3,-1,-1,-1,-1
"2025000011052",3,1,15,1,0,0,4,3,-1,-1,-1,-1
"2025000011052",2,9,4,1,0,0,3,3,-1,-1,-1,-1
"2025000011052",1,3,19,1,0,0,1,1,33,125,1,5
"2025000011053",2,9,19,8,0,0,4,1,77,1242,1,15
"2025000011053",1,9,5,4,0,0,1,1,52,2261,1,5
"2025000011054",1,9,19,0,0,0,1,3,-1,2143,2,7
"2025000011055",1,9,19,1,0,11,1,2,49,998,1,9
"2025000011056",1,9,7,6,0,11,1,2,51,1951,2,18
"2025000011057",1,9,9,0,0,0,1,1,24,1997,2,13
"2025000011057",2,9,9,0,0,0,4,1,58,1799,1,13
"2025000011058",2,9,3,1,0,0,2,1,21,1395,1,9
"2025000011058",1,9,19,1,0,0,1,1,-1,2143,2,10
"2025000011059",1,19,13,0,0,0,4,1,49,1870,2,16
"2025000011059",2,1,19,0,0,0,3,2,56,-1,-1,-1
"2025000011060",1,9,5,8,0,0,4,1,37,1598,1,16
"2025000011060",2,11,19,8,0,0,1,1,49,4249,2,4
"2025000011061",1,9,13,0,0,0,4,2,-1,-1,-1,-1
"2025000011061",2,1,19,0,0,0,3,1,40,-1,-1,-1
"2025000011062",2,9,19,1,1,4,3,2,21,996,1,11
"2025000011062",3,19,2,2,0,0,1,3,-1,1753,2,19
"2025000011062",1,9,19,1,0,0,1,1,36,1329,1,12
"2025000011063",2,1,19,0,2,0,3,1,27,-1,-1,-1
"2025000011063",1,9,19,0,0,0,1,3,-1,-1,-1,-1
"2025000011064",1,90,9,8,0,0,1,1,51,-1,-1,-1
"2025000011064",2,9,19,8,0,0,3,1,58,1242,1,9
"2025000011065",2,9,9,8,0,0,3,2,19,1598,1,16
"2025000011065",1,19,14,1,0,0,1,1,63,1560,2,11
"2025000011066",1,20,19,1,0,0,1,1,30,5132,2,7
"2025000011066",2,9,2,1,0,0,2,1,60,1598,2,8
"2025000011066",3,9,3,1,0,0,2,2,31,1995,2,6
"2025000011067",1,21,19,0,0,0,2,1,36,12902,2,5
"2025000011067",3,9,19,0,0,0,0,1,27,-1,-1,-1
"2025000011067",2,9,19,0,0,0,1,1,34,-1,-1,-1
"2025000011068",1,97,19,2,5,0,1,1,26,-1,-1,-1
"2025000011068",2,9,5,1,0,0,3,2,19,1242,1,14
"2025000011069",1,9,9,5,0,0,3,1,26,1986,2,17
"2025000011069",2,4,-1,1,0,0,4,1,55,225,1,41
"2025000011070",2,9,9,2,0,0,1,1,22,2143,2,6
"2025000011070",1,9,19,1,0,0,4,1,67,998,1,15
"2025000011071",2,9,19,0,0,0,4,2,52,998,1,3
"2025000011071",1,9,-1,0,1,-1,-1,3,-1,-1,-1,-1
"2025000011072",1,9,9,6,0,0,1,1,82,2987,2,15
"2025000011072",2,1,19,8,0,0,3,2,59,-1,-1,-1
"2025000011073",4,9,4,1,0,0,0,1,63,2996,1,6
"2025000011073",2,9,4,1,0,0,0,1,26,1332,1,1
"2025000011073",1,9,19,1,0,0,1,1,27,1598,2,9
"2025000011073",3,11,4,1,0,0,0,1,42,6700,2,4
"2025000011074",1,9,19,8,0,0,4,2,32,1200,1,7
"2025000011074",2,9,9,5,0,0,3,3,-1,-1,-1,-1
"2025000011075",2,9,19,0,0,0,2,1,30,1390,1,10
"2025000011075",1,99,19,0,0,0,1,3,30,-1,-1,-1
"2025000011076",1,9,4,1,0,0,1,2,30,1998,8,1
"2025000011077",2,9,19,4,0,9,3,2,62,998,1,3
"2025000011077",1,9,19,8,0,0,1,3,48,1598,2,8
"2025000011078",2,9,9,6,0,0,4,1,36,1968,2,1
"2025000011078",1,1,19,8,0,0,1,1,33,-1,-1,-1
"2025000011079",1,9,3,3,0,0,2,1,24,999,1,4
"2025000011079",2,4,15,3,0,0,1,1,21,108,1,1
"2025000011080",1,4,19,0,0,0,1,1,43,125,1,0
"2025000011081",2,9,19,1,0,0,1,1,40,1582,2,13
"2025000011081",1,9,9,1,0,0,1,1,55,2143,2,7
"2025000011082",2,2,19,0,0,0,1,2,17,-1,-1,-1
"2025000011082",1,9,2,0,0,0,3,2,58,-1,-1,-1
"2025000011083",1,9,7,0,0,0,4,2,50,1596,1,21
"2025000011083",2,1,19,0,0,0,3,1,42,-1,-1,-1
"2025000011084",2,9,9,8,0,0,2,1,59,1086,1,14
"2025000011084",1,3,13,1,5,0,1,1,31,125,1,1
"2025000011085",1,9,19,1,0,0,1,1,30,1388,1,14
"2025000011085",2,90,19,1,0,0,2,2,25,2287,2,2
"2025000011086",3,9,9,5,0,0,2,1,66,1498,8,0
"2025000011086",2,9,3,1,0,0,2,2,36,1596,1,12
"2025000011086",1,21,19,8,0,0,1,1,26,12742,2,1
"2025000011086",4,9,19,8,5,0,1,1,49,-1,-1,-1
"2025000011087",1,9,19,0,0,12,1,2,31,1329,1,8
"2025000011088",2,9,13,0,0,0,4,1,73,1199,1,1
"2025000011088",1,1,12,0,0,0,3,1,15,-1,-1,-1
"2025000011089",1,9,7,1,0,0,-1,1,48,-1,-1,-1
"2025000011089",2,1,7,1,0,10,0,1,36,-1,-1,-1
"2025000011090",2,20,19,0,0,11,1,1,32,4580,2,13
"2025000011090",1,19,19,0,0,0,0,3,30,2198,2,7
"2025000011091",1,19,5,4,0,0,1,1,53,1200,1,6
"2025000011091",2,9,5,4,0,0,2,1,67,2993,2,12
"2025000011092",1,1,99,9,9,99,2,1,30,-1,-1,-1
"2025000011092",2,1,99,9,9,99,1,3,-1,-1,-1,-1
"2025000011093",1,1,99,9,9,99,9,1,39,-1,-1,-1
"2025000011093",2,3,99,9,9,99,1,3,-1,125,1,2
"2025000011094",2,9,19,0,2,0,1,2,55,-1,-1,-1
"2025000011094",1,9,19,0,1,0,1,2,89,1197,1,10
"2025000011094",3,9,19,0,0,0,1,1,51,1991,1,4
"2025000011095",1,9,19,0,0,0,4,2,82,2198,2,19
"2025000011096",1,1,99,9,9,99,9,2,25,-1,-1,-1
"2025000011096",2,9,99,9,9,99,9,1,-1,-1,-1,-1
"2025000011097",1,11,15,1,0,0,1,1,35,-1,-1,-1
"2025000011098",2,1,19,0,2,0,3,1,22,-1,-1,-1
"2025000011098",1,19,19,0,0,0,4,1,68,1248,2,9
"2025000011099",1,9,19,0,1,0,4,1,21,1995,2,5
"2025000011100",2,9,19,1,0,0,2,1,50,999,7,0
"2025000011100",3,9,2,1,0,0,2,3,40,1968,2,8
"2025000011100",1,9,19,1,0,0,1,1,85,1586,1,13
"2025000011101",1,9,9,1,1,0,3,2,24,1398,1,12
"2025000011101",2,9,19,1,0,0,1,1,33,2999,2,21
"2025000011102",1,9,1,0,0,0,2,1,48,999,1,11
"2025000011102",2,1,19,0,0,0,1,2,56,-1,-1,-1
"2025000011103",1,9,9,2,0,0,1,1,57,2143,2,3
"2025000011103",2,2,19,1,0,0,1,1,63,108,1,2
"2025000011104",1,11,2,0,0,0,0,3,-1,5132,2,5
"2025000011105",1,9,12,0,0,0,1,2,49,998,1,13
"2025000011106",2,9,19,0,0,0,3,1,80,-1,-1,-1
"2025000011106",3,9,19,0,0,0,2,1,51,-1,-1,-1
"2025000011106",1,9,19,0,0,0,1,1,50,-1,-1,-1
"2025000011107",1,1,99,9,9,99,9,1,29,-1,-1,-1
"2025000011107",2,9,99,9,9,99,9,1,-1,1595,1,9
"2025000011108",1,9,19,0,0,0,1,1,60,1200,1,7
"2025000011109",1,9,19,0,0,0,1,3,28,998,1,18
"2025000011110",2,3,19,8,0,0,1,1,17,125,1,3
"2025000011110",1,9,9,6,0,0,3,1,74,1999,2,6
"2025000011111",1,9,5,3,0,0,0,1,67,1968,2,2
"2025000011111",2,9,5,3,0,0,0,1,21,998,1,9
"2025000011112",2,90,5,8,0,0,1,2,29,2287,2,5
"2025000011112",1,9,5,8,0,0,4,1,38,1797,8,14
"2025000011113",2,9,19,0,0,0,1,1,38,1229,1,8
"2025000011113",1,1,19,0,0,0,3,1,12,-1,-1,-1
"2025000011114",2,9,3,0,0,0,2,1,41,-1,-1,-1
"2025000011114",1,9,19,0,0,0,3,1,63,1390,1,16
"2025000011115",1,9,4,0,0,0,1,1,64,1997,2,8
"2025000011115",2,9,4,0,0,0,2,2,41,-1,-1,-1
"2025000011115",3,9,4,0,0,0,2,2,19,-1,-1,-1
"2025000011116",1,1,9,2,0,0,1,1,30,-1,-1,-1
"2025000011116",2,9,19,1,0,0,1,2,37,998,1,6
"2025000011117",1,9,19,0,-1,-1,-1,1,43,1149,1,15
"2025000011117",2,9,19,0,-1,-1,-1,2,36,1956,2,12
"2025000011118",1,19,7,8,5,0,3,1,27,1995,2,1
"2025000011119",1,9,9,6,1,0,3,1,27,1242,1,10
"2025000011119",2,9,19,8,0,0,1,2,26,1596,1,11
"2025000011120",2,9,99,0,9,99,1,3,-1,1248,1,5
"2025000011120",1,9,99,0,9,99,2,1,30,1995,1,13
"2025000011121",2,9,5,4,0,0,1,1,60,3490,1,16
"2025000011121",1,8,10,4,0,0,1,2,34,1598,2,2
"2025000011122",1,1,19,0,0,0,2,1,33,-1,-1,-1
"2025000011123",2,19,11,1,0,0,4,1,27,2198,2,13
"2025000011123",1,3,19,1,2,10,3,1,47,125,1,5
"2025000011124",1,3,19,8,1,0,3,1,35,125,1,1
"2025000011124",2,9,19,7,0,0,1,1,-1,1497,8,14
"2025000011125",1,9,7,6,0,0,3,2,63,2993,2,11
"2025000011125",2,2,14,1,0,0,1,1,17,49,1,1
"2025000011126",2,9,19,8,0,0,3,3,-1,-1,-1,-1
"2025000011126",1,4,19,8,0,0,3,1,27,125,1,0
"2025000011127",2,9,10,1,0,0,2,1,62,1560,2,9
"2025000011127",1,19,19,1,0,0,1,1,30,1560,2,9
"2025000011128",1,9,9,2,0,0,1,1,42,1968,2,6
"2025000011129",1,1,99,0,9,99,9,1,18,-1,-1,-1
"2025000011129",2,9,99,0,9,99,9,1,39,2967,2,12
"2025000011130",1,5,9,1,1,0,1,1,49,1050,1,15
"2025000011131",2,9,19,8,0,0,1,2,41,1499,2,0
"2025000011131",1,9,9,8,0,0,1,1,26,2143,2,4
"2025000011132",1,9,19,4,0,0,1,2,70,998,1,15
"2025000011133",1,3,3,1,5,0,1,1,47,125,1,5
"2025000011133",2,9,3,1,0,0,2,1,33,1598,1,16
"2025000011134",1,9,19,8,0,0,1,1,72,1749,1,18
"2025000011135",2,9,13,0,1,0,4,2,27,1984,1,15
"2025000011135",1,21,19,0,0,0,-1,3,-1,-1,-1,-1
"2025000011136",1,9,19,1,0,0,1,2,32,1995,2,15
"2025000011137",2,9,19,0,0,0,2,1,35,-1,3,1
"2025000011137",1,19,19,0,0,0,1,1,46,1686,2,18
"2025000011138",1,9,19,8,0,0,1,3,-1,-1,-1,-1
"2025000011139",1,11,19,0,0,10,0,1,58,5132,2,2
"2025000011140",1,9,19,0,0,0,1,2,42,-1,-1,-1
"2025000011140",2,9,4,0,0,0,2,2,39,2720,2,17
"2025000011140",3,19,19,0,0,0,1,1,55,1997,2,7
"2025000011141",1,9,19,1,0,0,1,3,-1,-1,-1,-1
"2025000011142",1,9,7,1,0,0,4,1,31,2143,2,9
"2025000011142",2,1,19,1,0,0,3,1,24,-1,-1,-1
"2025000011143",2,9,3,4,0,0,2,2,49,-1,-1,-1
"2025000011143",1,9,-1,4,-1,0,1,1,-1,1498,1,4
"2025000011144",1,5,14,0,0,0,1,1,56,599,1,20
"2025000011144",2,9,6,0,0,0,3,1,20,898,1,4
"2025000011145",1,9,19,0,1,0,1,1,18,-1,-1,-1
"2025000011145",2,9,19,0,0,0,1,1,18,1496,8,2
"2025000011146",1,9,19,0,0,0,2,1,18,1396,1,24
"2025000011146",2,9,19,0,0,0,1,1,37,1461,2,5
"2025000011147",2,3,15,8,0,0,1,1,38,125,1,15
"2025000011147",1,9,9,6,0,0,1,1,29,999,1,6
"2025000011148",1,9,3,0,0,0,2,1,32,1995,2,5
"2025000011148",2,9,4,0,0,0,1,1,46,1997,2,9
"2025000011149",1,4,7,8,0,0,4,1,72,471,1,0
"2025000011149",2,9,19,8,0,0,1,2,57,1499,2,5
"2025000011150",1,9,19,0,0,0,1,1,68,-1,-1,-1
"2025000011150",2,9,3,0,0,0,2,1,23,1560,2,7
"2025000011151",1,9,19,0,0,0,1,2,39,1997,2,9
"2025000011152",2,9,3,1,0,0,2,1,50,1896,2,20
"2025000011152",1,9,4,1,0,0,1,1,-1,-1,-1,-1
"2025000011153",2,9,9,6,0,0,1,3,-1,-1,-1,-1
"2025000011153",1,9,19,8,0,0,4,2,27,998,1,5
"2025000011154",1,9,7,5,0,0,4,3,-1,1798,8,6
"2025000011155",2,9,19,1,0,0,2,1,31,1685,2,5
"2025000011155",1,9,19,1,0,0,1,1,36,1339,1,19
"2025000011156",2,9,19,1,0,0,1,2,21,1498,1,0
"2025000011156",1,9,6,6,0,0,3,1,35,1598,2,3
"2025000011157",1,9,7,3,0,0,4,3,-1,-1,-1,-1
"2025000011157",2,1,19,1,0,0,1,1,17,-1,-1,-1
"2025000011158",1,9,19,1,0,0,1,1,32,1499,2,1
"2025000011158",2,9,8,4,0,0,2,2,42,1587,1,14
"2025000011159",1,9,19,1,0,0,1,1,30,1368,1,6
"2025000011159",2,9,3,1,0,0,2,1,43,1598,2,6
"2025000011160",2,21,19,0,0,4,1,1,63,10800,2,7
"2025000011160",1,9,2,0,5,0,2,1,64,1956,2,10
"2025000011161",1,9,19,0,0,0,1,1,80,1984,1,5
"2025000011162",2,9,2,0,0,0,1,3,-1,1598,2,11
"2025000011162",1,9,19,0,0,4,1,1,31,1498,1,1
"2025000011163",1,19,19,8,0,0,1,1,26,1499,2,4
"2025000011163",2,9,19,8,0,0,3,1,57,1498,1,2
"2025000011164",1,1,99,9,9,99,1,1,27,-1,-1,-1
"2025000011164",2,9,99,9,9,99,1,3,40,1618,1,6
"2025000011165",2,1,19,8,0,0,1,1,51,-1,-1,-1
"2025000011165",1,9,9,4,0,0,1,1,42,2204,2,16
"2025000011166",1,11,99,9,9,99,0,1,38,4760,2,12
"2025000011167",1,9,15,0,1,10,4,1,30,2996,1,7
"2025000011167",3,19,19,0,0,0,4,1,32,1995,2,7
"2025000011167",2,9,15,0,1,0,4,1,25,-1,-1,-1
"2025000011168",1,9,7,6,0,0,1,1,70,1598,2,3
"2025000011168",2,19,19,1,0,0,1,1,49,2198,2,14