"collision_index","vehicle_reference","vehicle_type","vehicle_manoeuvre","junction_location","skidding_and_overturning","hit_object_in_carriageway","first_point_of_impact","sex_of_driver","age_of_driver","engine_capacity_cc","propulsion_code","age_of_vehicle"
"2025000011169",1,9,19,0,0,0,1,2,50,1598,1,20
"2025000011170",2,1,19,1,0,0,3,2,61,-1,-1,-1
"2025000011170",1,9,9,1,0,0,1,1,37,1200,1,9
"2025000011171",2,9,19,8,1,0,1,1,17,1796,1,17
"2025000011171",1,9,19,8,0,0,1,1,51,2143,2,4
"2025000011172",2,9,19,8,0,0,1,1,37,1339,1,15
"2025000011172",1,8,19,8,0,0,2,1,40,1798,8,3
"2025000011173",2,9,4,0,0,0,2,1,55,1596,1,12
"2025000011173",1,11,19,0,0,0,1,1,43,4500,2,5
"2025000011174",1,9,19,0,0,0,1,1,30,1685,2,9
"2025000011174",2,9,2,0,0,0,2,3,-1,1461,2,6
"2025000011175",1,9,9,0,0,0,4,1,26,-1,-1,-1
"2025000011175",2,4,19,0,0,0,1,1,55,-1,-1,-1
"2025000011176",1,9,5,6,0,0,1,1,31,1498,1,14
"2025000011176",2,9,19,8,1,0,3,1,31,1596,1,6
"2025000011177",2,9,19,0,1,0,1,2,20,1598,2,9
"2025000011177",1,9,19,0,1,0,1,1,22,-1,-1,-1
"2025000011178",1,17,9,8,0,0,0,1,20,6788,2,11
"2025000011179",2,1,19,3,0,0,4,1,31,-1,-1,-1
"2025000011179",1,9,19,4,0,0,1,2,31,1995,2,5
"2025000011180",1,11,2,1,0,0,0,1,58,4500,2,9
"2025000011181",1,9,19,4,0,0,1,1,76,1199,8,0
"2025000011181",2,19,2,2,0,0,1,1,28,1995,2,3
"2025000011182",2,1,99,9,9,99,1,3,-1,-1,-1,-1
"2025000011182",1,1,99,9,9,99,9,2,28,-1,-1,-1
"2025000011183",2,9,13,0,0,0,4,1,-1,-1,-1,-1
"2025000011183",1,1,19,0,0,0,2,1,16,-1,-1,-1
"2025000011184",2,9,19,8,0,0,4,1,54,1598,2,8
"2025000011184",1,9,19,6,0,0,1,1,-1,1997,2,11
"2025000011185",1,8,9,8,0,0,1,3,-1,-1,-1,-1
"2025000011185",2,1,19,8,0,0,1,1,60,-1,-1,-1
"2025000011186",1,-1,19,0,0,0,0,1,53,-1,-1,-1
"2025000011187",3,9,19,0,0,0,1,1,41,2993,2,15
"2025000011187",1,19,19,0,0,0,1,1,26,1995,2,3
"2025000011187",2,19,19,0,0,0,3,1,20,1950,2,2
"2025000011188",2,9,9,8,0,0,4,2,35,1496,2,6
"2025000011188",1,9,19,8,0,0,1,2,49,1598,2,8
"2025000011189",1,9,19,0,0,0,-1,3,-1,-1,-1,-1
"2025000011189",2,1,19,0,0,0,2,1,13,-1,-1,-1
"2025000011190",1,9,19,0,0,0,1,1,35,1364,1,9
"2025000011190",2,9,19,0,0,0,2,1,18,-1,-1,-1
"2025000011191",1,1,19,8,0,0,4,1,17,-1,-1,-1
"2025000011191",2,9,5,4,0,0,1,3,-1,1329,1,10
"2025000011192",1,9,10,8,0,0,1,1,61,2497,1,14
"2025000011192",2,9,19,8,0,0,4,1,59,-1,-1,-1
"2025000011193",3,19,2,0,0,0,2,3,-1,2402,2,20
"2025000011193",1,9,19,0,0,4,1,1,40,999,1,0
"2025000011193",2,9,2,0,0,0,2,3,-1,1997,1,23
"2025000011194",3,9,4,0,0,0,2,1,32,999,1,3
"2025000011194",2,9,4,0,0,0,2,1,35,999,1,4
"2025000011194",1,9,19,0,0,0,1,1,68,1199,1,0
"2025000011195",9,9,19,0,1,0,1,2,25,1248,1,10
"2025000011195",23,19,19,0,1,0,1,1,26,1995,2,6
"2025000011195",26,9,19,0,0,0,1,-1,-1,-1,-1,-1
"2025000011195",21,90,19,0,1,0,3,1,30,-1,-1,-1
"2025000011195",20,19,19,0,1,0,2,1,58,-1,-1,-1
"2025000011195",7,19,19,0,1,0,3,1,29,2200,2,2
"2025000011195",13,9,19,0,1,0,2,2,27,1399,2,14
"2025000011195",19,9,19,0,1,0,3,1,29,-1,3,5
"2025000011195",11,9,2,0,0,0,0,-1,-1,-1,-1,-1
"2025000011195",4,9,19,0,0,0,1,1,34,1498,1,5
"2025000011195",3,9,19,0,1,0,2,2,27,1995,2,15
"2025000011195",6,9,19,0,1,0,2,2,49,999,1,5
"2025000011195",24,19,19,0,1,0,1,1,43,-1,-1,-1
"2025000011195",15,9,19,0,1,0,1,2,52,1398,1,11
"2025000011195",18,9,19,0,1,0,1,2,18,999,1,5
"2025000011195",5,9,19,0,1,0,1,2,47,-1,3,5
"2025000011195",12,9,19,0,1,0,1,2,46,2143,2,15
"2025000011195",25,9,19,0,0,1,4,1,80,1969,8,8
"2025000011195",16,9,19,0,1,0,1,2,44,1998,8,9
"2025000011195",22,9,19,0,1,0,1,1,49,1995,2,6
"2025000011195",10,9,19,0,1,0,1,1,24,1595,1,12
"2025000011195",2,9,19,0,1,0,1,1,26,1598,1,15
"2025000011195",14,9,19,0,1,0,2,2,59,1398,1,7
"2025000011195",8,9,19,0,1,0,2,1,55,2967,2,1
"2025000011195",1,9,19,0,1,0,2,1,52,1332,8,2
"2025000011195",17,10,19,0,5,0,1,1,39,-1,-1,-1
"2025000011196",2,1,19,4,0,0,2,2,35,-1,-1,-1
"2025000011196",1,9,19,4,0,0,1,1,34,1685,2,6
"2025000011197",1,9,19,0,1,0,1,1,35,1395,1,5
"2025000011198",1,9,19,0,0,0,4,2,62,898,1,6
"2025000011199",1,9,5,6,0,0,1,2,25,1198,1,10
"2025000011200",2,3,99,0,9,99,1,3,-1,125,1,2
"2025000011200",1,9,99,0,9,99,2,2,39,999,1,5
"2025000011201",1,19,5,8,0,0,3,1,61,1753,2,11
"2025000011201",2,2,5,2,0,0,1,2,25,50,1,1
"2025000011202",1,9,9,1,0,0,4,1,81,999,1,9
"2025000011202",2,9,19,1,0,0,1,1,17,1498,1,0
"2025000011203",2,9,9,5,0,0,4,3,-1,-1,-1,-1
"2025000011203",1,1,19,8,1,0,1,1,62,-1,-1,-1
"2025000011204",1,3,4,0,0,0,1,2,50,125,1,1
"2025000011205",1,9,19,2,0,0,1,2,90,998,1,4
"2025000011206",1,9,-1,0,0,0,4,2,-1,999,1,5
"2025000011207",4,9,4,1,0,4,2,2,50,1198,1,5
"2025000011207",2,19,2,1,0,0,2,1,58,1995,2,6
"2025000011207",3,9,4,1,0,4,2,2,66,1499,2,4
"2025000011207",1,9,19,1,1,4,1,2,36,2143,2,6
"2025000011208",2,9,9,1,0,0,0,2,74,1490,8,0
"2025000011208",1,3,19,8,1,0,0,1,30,108,1,7
"2025000011209",2,9,19,0,0,0,1,1,24,1360,1,15
"2025000011209",1,9,19,0,0,0,1,2,59,1329,1,10
"2025000011210",2,1,19,1,0,0,1,1,24,-1,-1,-1
"2025000011210",1,9,6,1,0,0,4,1,52,1896,2,12
"2025000011211",1,9,19,8,0,0,1,2,52,1242,1,5
"2025000011211",2,9,9,8,0,0,1,2,55,2231,2,10
"2025000011212",1,5,19,0,1,0,0,1,21,600,1,12
"2025000011213",2,11,19,8,0,0,1,1,43,6700,2,15
"2025000011213",1,9,9,5,0,0,3,1,42,1798,8,10
"2025000011214",1,9,4,1,0,0,3,1,49,1798,8,7
"2025000011215",2,1,3,1,0,0,2,1,32,-1,-1,-1
"2025000011215",1,8,3,1,0,0,2,1,22,-1,3,1
"2025000011216",1,9,19,2,0,0,1,1,-1,1968,2,9
"2025000011217",1,19,9,5,0,0,1,1,36,1995,2,6
"2025000011217",2,1,19,1,0,0,1,1,23,-1,-1,-1
"2025000011218",2,9,99,9,9,99,1,2,25,998,1,7
"2025000011218",1,1,99,9,9,99,9,1,39,-1,-1,-1
"2025000011219",2,9,9,0,0,0,1,1,24,1198,1,18
"2025000011219",1,9,19,0,0,0,1,2,28,1995,2,18
"2025000011220",1,1,99,9,9,99,2,1,23,-1,-1,-1
"2025000011220",2,9,99,9,9,99,9,3,-1,1596,1,14
"2025000011221",1,9,19,1,0,0,1,2,35,999,1,2
"2025000011221",2,9,19,1,0,0,2,1,48,1248,2,10
"2025000011222",4,9,4,0,0,0,2,1,44,999,1,2
"2025000011222",1,9,4,0,0,0,1,1,50,1200,1,4
"2025000011222",2,9,4,0,0,0,2,2,39,1598,1,15
"2025000011222",3,9,4,0,0,0,1,1,43,2360,8,3
"2025000011222",5,9,4,0,0,0,1,1,59,2179,2,9
"2025000011222",6,9,4,0,0,0,2,2,23,1197,1,6
"2025000011223",1,9,19,8,0,0,3,1,68,-1,-1,-1
"2025000011223",2,9,19,3,0,0,1,1,57,1798,8,2
"2025000011224",1,9,19,0,0,0,1,1,18,1896,2,18
"2025000011225",2,9,99,9,9,99,9,3,-1,-1,-1,-1
"2025000011225",1,1,99,9,9,99,9,1,48,-1,-1,-1
"2025000011226",3,9,19,0,0,0,1,2,38,1499,8,8
"2025000011226",4,19,19,0,0,0,2,1,53,2299,2,4
"2025000011226",1,19,19,0,0,0,1,1,27,1499,2,1
"2025000011226",2,9,19,0,0,0,1,1,30,1388,1,17
"2025000011227",2,9,9,1,0,0,3,1,53,-1,-1,-1
"2025000011227",1,9,19,1,0,0,1,1,-1,1360,1,20
"2025000011228",2,9,3,8,0,0,1,2,30,1798,8,1
"2025000011228",1,9,3,8,0,0,3,2,35,1598,2,7
"2025000011229",1,9,19,0,0,0,3,1,37,1461,2,12
"2025000011230",1,11,19,0,0,0,2,2,28,5132,2,6
"2025000011231",2,9,3,0,0,0,1,1,28,1339,1,16
"2025000011231",1,9,19,0,0,0,1,1,-1,-1,-1,-1
"2025000011232",2,9,19,0,0,0,1,2,32,1461,2,4
"2025000011232",1,9,19,0,0,0,1,1,18,998,1,7
"2025000011233",1,9,3,0,0,0,3,2,-1,1956,2,8
"2025000011233",2,5,14,0,0,0,1,2,52,1170,1,3
"2025000011234",1,11,99,9,9,99,4,1,26,-1,3,2
"2025000011235",1,9,19,1,1,10,1,1,26,2143,2,9
"2025000011235",2,9,9,6,0,0,0,3,-1,-1,-1,-1
"2025000011236",2,9,19,1,0,0,1,1,76,1968,2,11
"2025000011236",1,9,7,6,0,0,3,1,70,-1,-1,-1
"2025000011237",1,9,19,8,0,0,1,1,54,1598,1,13
"2025000011237",2,1,19,8,0,0,4,1,33,-1,-1,-1
"2025000011238",1,5,19,0,1,0,4,1,65,750,1,24
"2025000011238",2,9,1,0,0,0,0,2,52,1499,8,5
"2025000011239",1,1,99,9,9,99,9,1,34,-1,-1,-1
"2025000011239",2,19,99,9,9,99,9,3,-1,-1,-1,-1
"2025000011240",2,9,19,1,0,0,4,2,18,1242,1,9
"2025000011240",1,9,9,6,0,0,1,2,75,1197,1,5
"2025000011241",1,9,4,1,0,0,1,3,-1,-1,-1,-1
"2025000011241",2,9,8,4,0,0,2,2,60,1461,2,7
"2025000011242",2,9,19,0,0,0,1,2,19,1242,1,10
"2025000011242",1,9,19,0,1,0,1,1,32,2204,2,15
"2025000011243",2,3,14,0,0,0,4,2,30,125,1,1
"2025000011243",1,19,2,0,0,0,3,2,52,1560,2,8
"2025000011244",2,11,19,2,0,0,3,1,52,8300,2,15
"2025000011244",1,19,1,1,0,0,2,1,25,-1,-1,-1
"2025000011245",1,9,4,4,0,0,1,3,-1,1395,1,6
"2025000011245",2,9,3,4,0,0,2,2,71,1596,1,13
"2025000011246",1,9,5,3,0,0,1,1,20,1398,1,5
"2025000011246",2,3,4,1,2,0,2,1,46,110,1,1
"2025000011247",2,9,2,1,0,0,3,3,-1,1388,1,16
"2025000011247",1,9,19,1,0,0,4,1,20,1560,2,4
"2025000011248",2,9,19,8,0,0,1,1,43,1995,2,16
"2025000011248",1,9,19,6,0,0,3,1,86,2985,2,14
"2025000011249",1,19,19,1,0,0,1,1,-1,1248,2,8
"2025000011249",2,9,3,1,0,0,2,1,28,999,1,0
"2025000011250",2,1,19,1,2,0,2,1,13,-1,-1,-1
"2025000011250",1,9,19,1,0,0,1,1,-1,1991,1,2
"2025000011251",2,9,19,0,0,0,2,1,54,2993,2,8
"2025000011251",1,9,19,0,0,0,1,2,37,-1,-1,-1
"2025000011252",1,9,19,0,0,0,1,2,34,1149,1,20
"2025000011252",2,9,2,0,0,0,2,-1,-1,1984,1,13
"2025000011252",3,9,2,0,0,0,3,-1,-1,1984,1,5
"2025000011253",2,9,19,8,0,0,1,3,-1,1984,1,17
"2025000011253",1,9,9,6,0,0,3,2,43,1364,1,16
"2025000011254",1,9,-1,0,0,0,1,1,20,999,1,16
"2025000011255",2,19,4,8,0,0,2,1,34,1968,2,12
"2025000011255",1,3,13,8,0,0,1,1,19,125,1,5
"2025000011256",1,9,19,0,1,2,1,1,18,1995,1,17
"2025000011256",4,9,19,0,0,0,0,1,35,2993,2,3
"2025000011256",2,21,19,0,0,0,3,1,43,-1,-1,-1
"2025000011256",3,9,19,0,0,0,0,2,44,2993,2,3
"2025000011257",1,9,19,4,0,0,1,2,59,999,1,1
"2025000011257",2,9,8,1,0,0,2,2,40,1591,1,0
"2025000011258",1,9,19,3,0,0,1,2,51,1596,1,10
"2025000011258",2,1,19,4,1,0,1,1,22,-1,-1,-1
"2025000011259",2,5,19,1,0,0,4,1,49,888,1,4
"2025000011259",1,9,19,1,0,0,1,2,18,1600,2,13
"2025000011260",1,9,7,1,0,0,1,3,-1,-1,-1,-1
"2025000011261",2,5,19,8,0,0,1,1,61,1200,1,1
"2025000011261",1,9,9,8,0,0,3,2,37,-1,-1,-1
"2025000011262",1,9,19,6,0,0,4,2,31,1229,1,16
"2025000011262",2,3,19,8,0,0,3,1,27,125,1,2
"2025000011263",2,1,19,8,0,0,3,1,35,-1,-1,-1
"2025000011263",1,9,-1,-1,-1,-1,-1,3,-1,-1,-1,-1
"2025000011264",5,9,19,8,0,0,2,1,45,-1,-1,-1
"2025000011264",3,9,19,8,0,0,2,2,22,1398,1,5
"2025000011264",6,9,19,8,0,0,2,1,51,2494,1,22
"2025000011264",4,9,19,8,0,0,2,2,21,1242,1,8
"2025000011264",2,9,19,8,0,0,2,1,35,-1,3,2
"2025000011264",7,9,19,8,0,0,2,1,33,1969,8,3
"2025000011264",1,9,19,8,0,0,1,1,16,1997,2,6
"2025000011265",1,22,19,0,0,0,1,1,48,-1,-1,-1
"2025000011266",1,9,4,1,0,0,1,2,29,1591,1,9
"2025000011266",3,9,4,1,0,0,2,2,25,1499,1,5
"2025000011266",2,9,4,1,0,0,2,2,39,1560,2,3
"2025000011267",1,1,19,1,0,0,2,1,12,-1,-1,-1
"2025000011268",2,4,13,0,0,0,1,1,65,-1,-1,-1
"2025000011268",1,8,6,0,0,0,3,1,59,-1,-1,-1
"2025000011269",1,9,19,0,0,0,1,2,51,2199,2,7
"2025000011270",1,9,19,8,0,0,1,1,44,1582,2,8
"2025000011270",2,19,5,8,0,0,3,1,35,1560,2,7
"2025000011271",2,9,2,0,0,0,2,3,-1,1197,1,7
"2025000011271",1,9,19,0,0,4,1,2,58,1498,1,16
"2025000011272",2,1,19,8,0,0,4,1,76,-1,-1,-1
"2025000011272",1,9,7,8,0,0,1,2,27,1398,1,3
"2025000011273",1,1,7,8,0,0,3,1,46,-1,-1,-1
"2025000011273",2,19,7,8,0,0,4,1,52,2143,2,3
"2025000011274",2,21,3,0,0,0,2,1,50,6728,2,1
"2025000011274",4,21,3,0,0,0,2,1,25,10837,2,2
"2025000011274",1,21,15,0,0,0,1,1,37,10837,2,4
"2025000011274",3,9,3,0,0,0,2,1,32,1995,2,3
"2025000011275",2,9,3,1,0,0,2,2,26,-1,3,0
"2025000011275",4,5,3,1,5,0,2,1,65,1157,1,15
"2025000011275",3,9,3,1,0,0,2,1,58,1598,1,18
"2025000011275",1,9,4,1,0,0,1,1,39,1796,1,13
"2025000011276",1,3,99,9,9,99,2,2,55,124,1,13
"2025000011276",2,9,99,9,9,99,1,3,-1,1598,1,12
"2025000011277",1,20,19,1,0,0,1,1,40,2402,2,11
"2025000011277",2,2,10,1,0,0,2,2,16,50,1,18
"2025000011278",1,9,99,9,9,99,9,1,27,1390,1,11
"2025000011278",3,9,99,9,9,99,9,3,-1,-1,-1,-1
"2025000011278",2,9,99,9,9,99,9,3,-1,1498,1,1
"2025000011279",1,11,5,0,0,0,0,1,36,9000,2,10
"2025000011279",2,19,4,0,0,0,0,1,51,1248,2,11
"2025000011280",1,9,9,5,0,0,4,1,27,1199,8,0
"2025000011280",2,19,19,8,0,0,1,1,31,1498,2,4
"2025000011281",2,5,14,1,0,0,1,1,47,670,1,10
"2025000011281",1,9,9,6,0,0,1,2,65,1968,2,8
"2025000011282",1,9,19,0,0,10,1,1,59,1968,2,7
"2025000011283",1,9,19,0,0,0,2,1,30,1296,1,15
"2025000011284",2,1,19,1,0,0,2,2,37,-1,-1,-1
"2025000011284",1,9,19,1,0,0,1,1,-1,1560,2,12
"2025000011285",2,9,1,0,0,0,2,2,30,1368,1,16
"2025000011285",1,9,19,0,0,0,1,1,59,1399,2,10
"2025000011286",1,9,19,0,0,0,1,1,88,-1,-1,-1
"2025000011286",3,98,19,0,0,0,1,1,52,-1,-1,-1
"2025000011286",2,9,19,0,0,0,1,1,67,-1,-1,-1
"2025000011287",2,1,-1,0,-1,-1,-1,1,10,-1,-1,-1
"2025000011287",1,9,-1,0,-1,-1,-1,1,88,1198,1,14
"2025000011288",2,9,19,6,0,0,3,1,-1,1798,1,14
"2025000011288",1,19,19,1,0,0,1,1,31,1499,2,1
"2025000011289",2,11,2,1,0,0,1,1,27,6700,2,2
"2025000011289",1,9,19,2,0,0,4,1,21,1390,1,15
"2025000011290",1,9,9,4,0,0,1,1,55,2179,2,14
"2025000011290",2,9,19,8,1,0,2,2,52,1395,1,8
"2025000011291",1,11,7,3,-1,-1,1,1,55,9360,2,9
"2025000011292",2,1,15,8,0,0,1,1,48,-1,-1,-1
"2025000011292",1,19,7,8,0,0,2,1,43,1995,2,3
"2025000011293",1,9,9,6,0,0,3,1,54,1956,2,12
"2025000011293",2,9,19,8,0,0,1,1,25,1896,2,20
"2025000011294",1,9,19,4,0,0,1,1,26,1242,1,20
"2025000011295",1,9,19,1,0,0,2,2,63,1596,1,17
"2025000011295",2,9,19,1,0,0,1,3,-1,1984,1,2
"2025000011296",2,19,19,4,0,0,1,1,61,-1,-1,-1
"2025000011296",1,9,19,4,0,0,1,1,35,1461,2,11
"2025000011297",1,9,19,0,0,10,1,1,21,2204,2,15
"2025000011298",1,9,19,0,0,0,0,3,-1,-1,-1,-1
"2025000011298",2,9,19,0,1,0,1,1,18,1368,1,10
"2025000011299",2,9,19,1,0,0,1,3,-1,-1,-1,-1
"2025000011299",1,9,8,1,0,0,2,1,30,1499,2,7
"2025000011300",2,3,19,8,0,0,1,1,31,125,1,10
"2025000011300",1,9,7,5,0,0,3,1,40,1950,2,1
"2025000011301",1,9,99,9,9,99,2,1,48,1598,1,17
"2025000011301",2,19,99,9,9,99,9,3,-1,1870,2,20
"2025000011302",1,9,9,8,0,0,1,1,32,1968,2,4
"2025000011303",2,9,19,0,0,0,2,2,58,998,1,8
"2025000011303",3,9,4,0,0,0,2,1,32,1499,2,7
"2025000011303",1,20,19,0,0,0,1,1,30,-1,-1,-1
"2025000011304",1,11,19,0,0,0,4,1,46,6700,2,11
"2025000011305",2,9,7,1,0,0,4,2,18,-1,-1,-1
"2025000011305",1,1,3,1,0,0,1,1,16,-1,-1,-1
"2025000011306",1,11,19,8,0,0,1,1,33,4500,2,10
"2025000011307",1,9,11,2,0,0,3,1,45,1332,1,2
"2025000011307",2,11,19,2,0,0,1,1,33,6700,2,6
"2025000011308",2,9,19,0,1,0,1,1,42,1896,2,16
"2025000011308",1,19,19,0,1,0,3,1,37,2198,2,12
"2025000011309",1,10,19,1,0,4,4,1,38,2402,2,21
"2025000011309",2,9,2,3,0,0,2,2,32,2179,2,11
"2025000011310",1,9,19,5,0,0,4,1,54,1498,1,3
"2025000011311",1,19,19,2,0,0,3,1,60,2402,2,14
"2025000011311",2,9,19,8,0,0,1,2,48,2179,2,6
"2025000011312",1,9,3,8,0,0,2,1,22,1598,1,13
"2025000011312",2,9,19,8,0,0,1,1,30,1995,2,11
"2025000011313",2,9,19,0,0,0,2,1,63,1686,2,15
"2025000011313",1,11,19,0,0,0,1,1,50,9360,2,8
"2025000011314",1,9,5,1,0,0,4,1,64,1797,8,10
"2025000011314",2,1,12,1,0,0,2,1,20,-1,-1,-1
"2025000011315",1,9,19,8,0,0,1,1,79,1496,1,6
"2025000011315",3,9,5,8,0,0,2,3,-1,1248,1,14
"2025000011315",2,9,19,8,0,0,1,2,67,1197,1,7
"2025000011316",1,9,19,0,0,0,3,1,26,1598,2,9
"2025000011317",1,19,19,0,1,0,1,2,20,-1,-1,-1
"2025000011317",2,9,4,0,1,0,2,2,35,1597,2,8
"2025000011318",2,20,19,0,0,0,4,1,42,-1,-1,-1
"2025000011318",1,9,2,0,0,0,3,3,-1,-1,-1,-1
"2025000011319",1,9,19,4,0,0,1,2,57,1329,1,8
"2025000011319",2,1,19,8,0,0,2,1,41,-1,-1,-1
"2025000011320",1,19,5,0,0,0,2,1,68,4580,2,7
"2025000011320",2,19,12,0,1,0,1,1,63,1560,2,3
"2025000011321",1,9,9,5,0,0,1,1,-1,-1,-1,-1
"2025000011321",2,19,4,1,0,0,1,1,23,1995,2,7
"2025000011322",1,9,19,9,9,99,1,3,-1,-1,-1,-1
"2025000011323",1,19,19,0,2,0,1,1,28,1995,2,1
"2025000011323",4,19,19,0,0,0,3,1,48,1896,2,14
"2025000011323",3,19,3,0,0,0,4,2,27,1870,2,20
"2025000011323",2,9,3,0,0,0,4,1,41,2204,2,14
"2025000011324",4,9,19,0,0,0,2,1,48,1995,2,3
"2025000011324",1,10,19,0,0,0,1,1,33,-1,-1,-1
"2025000011324",2,9,19,0,0,0,2,1,30,1390,1,9
"2025000011324",3,19,19,0,0,0,2,1,49,1499,2,2
"2025000011325",4,9,3,0,0,0,2,1,57,2987,2,8
"2025000011325",5,9,3,0,0,0,2,1,34,1998,1,5
"2025000011325",2,9,4,0,1,0,2,1,26,-1,-1,-1
"2025000011325",3,9,3,0,1,0,2,2,59,1197,1,13
"2025000011325",1,11,4,0,1,0,1,1,42,-1,-1,-1
"2025000011326",3,21,3,4,0,0,1,2,41,-1,-1,-1
"2025000011326",2,9,19,3,0,0,2,1,50,2967,2,6
"2025000011326",1,9,19,3,0,0,1,2,30,1332,1,0
"2025000011327",2,9,19,0,1,10,2,-1,30,2998,1,5
"2025000011327",1,9,19,0,1,10,1,2,34,1598,1,12
"2025000011328",2,9,19,8,0,0,3,2,19,1598,1,13
"2025000011328",1,9,5,8,0,0,1,2,72,1248,2,7
"2025000011329",1,9,19,1,1,0,1,1,21,1968,2,5
"2025000011329",2,9,19,1,0,0,0,1,36,1341,1,1
"2025000011330",2,19,19,1,1,0,2,1,38,1461,2,1
"2025000011330",1,9,19,1,1,0,1,1,54,1968,2,5
"2025000011331",1,11,4,0,0,0,0,1,56,5132,2,7
"2025000011332",1,9,19,2,0,0,1,1,41,999,1,4
"2025000011333",1,9,19,0,0,0,1,3,-1,1242,1,14
"2025000011333",2,9,4,0,0,0,2,2,38,1598,2,8
"2025000011334",1,9,19,0,5,0,4,2,18,1242,1,9
"2025000011335",1,3,7,3,5,0,2,1,26,125,1,3
"2025000011335",2,9,19,8,0,0,1,1,-1,-1,-1,-1
"2025000011336",1,9,19,1,0,7,4,1,39,1896,2,19
"2025000011336",2,9,19,1,0,0,1,1,29,1499,2,0
"2025000011337",2,9,19,0,5,0,3,1,71,998,1,6
"2025000011337",1,9,19,0,0,0,1,1,22,1950,2,4
"2025000011338",1,19,4,0,0,0,1,1,32,1995,2,6
"2025000011338",3,9,19,0,0,0,1,2,52,999,1,1
"2025000011338",2,9,12,0,0,0,3,1,51,1969,1,8
"2025000011339",1,9,9,6,0,0,1,2,65,1591,1,5
"2025000011340",3,9,5,0,0,0,2,1,46,1598,2,12
"2025000011340",2,9,5,0,0,0,2,1,52,1968,2,6
"2025000011340",1,9,5,0,0,0,1,2,24,1242,1,12
"2025000011341",1,9,9,6,0,0,1,2,43,1498,1,7
"2025000011341",2,9,19,1,0,0,1,1,36,1598,2,8
"2025000011342",1,98,12,8,0,0,3,1,37,-1,-1,-1
"2025000011342",2,9,19,8,0,0,4,2,72,1618,1,11
"2025000011343",1,3,99,9,9,99,2,1,26,125,1,2
"2025000011343",2,9,99,9,9,99,1,3,-1,1999,1,17
"2025000011344",1,9,19,8,0,0,4,2,25,-1,-1,-1
"2025000011344",2,8,19,8,0,0,1,1,61,-1,-1,-1
"2025000011345",1,9,19,5,0,0,1,3,-1,2000,2,11
"2025000011346",2,9,19,2,0,0,1,1,65,999,1,8
"2025000011346",1,19,19,2,1,0,1,1,30,1868,2,17
"2025000011347",2,2,19,2,0,0,3,1,16,49,1,9
"2025000011347",1,9,13,2,0,0,4,3,-1,-1,-1,-1
"2025000011348",1,9,11,1,0,0,2,1,25,1950,2,3
"2025000011348",2,5,11,1,0,0,4,1,53,1585,1,11
"2025000011349",1,9,19,4,0,0,3,1,57,1596,1,20
"2025000011349",2,1,19,3,0,0,1,1,47,-1,-1,-1
"2025000011350",1,1,19,9,9,99,9,2,36,-1,-1,-1
"2025000011350",2,9,99,9,9,99,1,1,-1,-1,-1,-1
"2025000011351",1,3,19,2,0,11,1,1,17,-1,3,0
"2025000011352",1,9,19,0,0,0,1,1,31,1398,1,6
"2025000011353",1,19,19,0,0,0,1,1,53,-1,-1,-1
"2025000011353",2,9,19,0,0,0,1,2,19,1461,2,7
"2025000011354",2,2,19,0,0,0,3,1,16,49,1,1
"2025000011354",1,2,19,0,0,0,4,1,16,50,1,16
"2025000011355",1,9,19,1,0,4,1,1,28,1390,1,16
"2025000011355",2,8,8,6,0,0,2,1,58,2143,2,3
"2025000011356",1,-1,19,0,5,0,1,1,17,-1,-1,-1
"2025000011356",2,-1,19,0,5,0,1,1,24,-1,-1,-1
"2025000011357",2,9,99,0,9,99,9,3,29,1984,1,16
"2025000011357",1,8,99,0,9,99,1,1,55,2776,2,7
"2025000011358",2,19,19,8,0,0,1,1,62,1598,2,5
"2025000011358",1,9,9,5,0,0,4,1,32,898,1,6
"2025000011359",1,1,99,9,9,99,9,1,17,-1,-1,-1
"2025000011359",2,9,99,9,9,99,1,3,-1,1950,2,3
"2025000011360",2,19,13,0,0,0,1,1,24,2198,2,9
"2025000011360",3,9,19,0,0,0,3,1,61,1968,2,2
"2025000011360",1,9,13,0,0,0,4,1,54,1969,12,1
"2025000011361",2,1,7,4,1,0,4,1,43,-1,-1,-1
"2025000011361",1,1,7,3,1,0,4,1,41,-1,-1,-1
"2025000011362",1,9,19,0,1,0,1,1,72,3982,1,1
"2025000011363",2,9,19,1,0,0,4,2,35,1560,2,6
"2025000011363",1,9,7,2,0,0,1,1,60,1951,2,18
"2025000011364",2,5,19,8,0,0,3,1,30,599,1,22
"2025000011364",1,9,9,5,0,0,1,1,22,1598,1,14
"2025000011365",2,9,19,0,0,0,2,1,38,1596,1,13
"2025000011365",1,3,19,0,2,0,1,1,20,125,1,9
"2025000011366",2,21,19,0,0,0,1,3,-1,-1,-1,-1
"2025000011366",1,9,19,0,0,0,2,2,52,1242,1,5
"2025000011367",1,9,5,0,0,0,1,2,-1,1586,1,6
"2025000011367",2,9,7,0,0,0,3,1,-1,1398,1,3
"2025000011368",1,9,-1,8,0,0,1,1,21,-1,-1,-1
"2025000011369",2,11,19,0,0,0,1,1,35,4500,2,7
"2025000011369",1,20,19,0,0,0,1,1,37,-1,-1,-1
"2025000011370",2,1,19,0,0,0,1,1,64,-1,-1,-1