"collision_index","vehicle_reference","vehicle_type","vehicle_manoeuvre","junction_location","skidding_and_overturning","hit_object_in_carriageway","first_point_of_impact","sex_of_driver","age_of_driver","engine_capacity_cc","propulsion_code","age_of_vehicle"
"2025000011370",1,9,13,0,0,0,2,1,76,1240,1,15
"2025000011371",1,9,99,9,9,99,2,1,44,1968,2,4
"2025000011371",2,21,99,9,9,99,1,3,-1,4500,2,4
"2025000011372",1,90,5,6,5,0,1,1,10,-1,-1,-1
"2025000011372",2,9,19,8,1,0,3,2,30,1242,1,7
"2025000011373",2,1,19,1,1,0,3,1,26,-1,-1,-1
"2025000011373",1,9,19,1,0,0,4,1,32,1298,1,17
"2025000011374",1,9,9,0,0,0,0,3,37,1596,1,9
"2025000011374",2,5,19,0,1,0,0,1,57,1150,1,14
"2025000011375",1,9,19,0,0,0,4,3,-1,4999,1,5
"2025000011376",1,9,14,0,0,0,1,2,-1,-1,-1,-1
"2025000011376",2,9,19,0,0,10,1,1,60,998,1,2
"2025000011377",2,9,9,6,0,0,3,1,66,-1,-1,-1
"2025000011377",1,9,19,8,0,0,1,1,58,1395,1,6
"2025000011378",2,9,19,8,0,0,1,1,34,1598,2,10
"2025000011378",1,11,9,8,0,0,1,1,82,12000,2,14
"2025000011379",1,9,19,0,1,0,1,2,23,1984,1,1
"2025000011380",1,9,19,0,0,0,1,2,40,2990,1,17
"2025000011380",2,19,4,0,0,0,2,1,-1,-1,-1,-1
"2025000011381",1,9,1,0,0,0,2,1,60,-1,-1,-1
"2025000011382",1,19,99,9,9,99,9,1,37,1461,2,5
"2025000011382",2,9,99,9,9,99,9,1,24,1496,2,7
"2025000011383",1,19,19,8,0,0,1,3,30,2198,2,9
"2025000011383",2,9,9,8,0,0,3,2,19,1398,1,6
"2025000011384",1,9,9,6,0,0,3,1,48,1968,2,6
"2025000011384",2,1,19,8,0,0,1,2,38,-1,-1,-1
"2025000011385",2,21,19,1,0,0,1,1,36,2999,2,2
"2025000011385",1,9,19,1,0,10,3,2,36,1368,1,6
"2025000011386",1,9,19,0,2,0,1,2,29,1560,2,15
"2025000011386",2,21,19,0,0,0,1,1,29,12742,2,3
"2025000011387",1,20,19,0,0,0,0,3,-1,4500,2,6
"2025000011387",2,9,19,0,0,0,1,2,40,1968,2,5
"2025000011388",3,9,4,0,0,0,2,2,69,-1,-1,-1
"2025000011388",2,9,4,0,0,0,2,1,51,1591,1,7
"2025000011388",1,9,19,0,0,0,1,2,43,1604,1,14
"2025000011389",2,11,3,8,0,0,3,1,58,10837,2,2
"2025000011389",1,9,3,8,0,10,4,2,37,1995,2,11
"2025000011390",1,9,19,6,0,0,1,1,75,1198,1,7
"2025000011391",1,9,9,8,0,0,3,2,30,1242,1,6
"2025000011391",2,-1,19,1,0,0,1,1,38,-1,-1,-1
"2025000011392",1,11,-1,4,0,0,1,1,40,6700,2,17
"2025000011392",2,9,-1,8,0,0,4,2,55,999,1,1
"2025000011393",1,9,19,0,0,0,4,1,49,1998,1,18
"2025000011393",2,11,12,0,0,0,3,1,-1,10518,2,10
"2025000011394",1,11,9,8,0,0,0,1,56,9000,2,18
"2025000011395",2,1,19,8,5,0,4,1,73,-1,-1,-1
"2025000011395",1,9,7,2,0,0,4,1,73,2148,2,16
"2025000011396",1,9,19,1,0,0,1,1,43,1499,2,4
"2025000011396",2,19,2,1,0,0,2,1,69,1968,2,5
"2025000011397",2,9,3,0,0,0,2,2,33,1968,2,3
"2025000011397",1,11,4,0,0,0,1,1,44,6700,2,10
"2025000011398",1,9,1,1,0,0,2,3,-1,2184,2,14
"2025000011399",1,9,19,0,0,0,1,1,27,-1,-1,-1
"2025000011400",1,-1,19,2,5,10,1,1,53,-1,-1,-1
"2025000011401",1,19,7,0,0,7,1,1,35,1950,2,3
"2025000011402",1,9,9,6,0,10,3,2,22,1200,1,5
"2025000011402",2,9,19,8,0,0,1,1,38,1364,1,8
"2025000011403",2,9,19,8,0,0,0,3,-1,-1,3,2
"2025000011403",1,9,19,8,0,0,1,3,-1,1598,1,19
"2025000011404",1,5,19,2,1,0,1,1,46,998,1,16
"2025000011404",2,9,19,2,0,0,0,1,50,1333,1,2
"2025000011405",2,1,19,3,2,0,1,2,34,-1,-1,-1
"2025000011405",1,9,9,3,1,0,3,1,45,1598,1,14
"2025000011406",1,9,5,6,0,0,3,1,53,1560,2,14
"2025000011406",2,1,19,8,0,0,1,1,61,-1,-1,-1
"2025000011407",2,19,19,1,1,0,0,1,21,2143,2,2
"2025000011407",1,9,9,1,0,0,0,1,23,1598,2,9
"2025000011408",1,9,4,0,2,0,1,1,26,-1,-1,-1
"2025000011408",2,9,3,0,0,0,2,1,29,-1,-1,-1
"2025000011409",2,9,19,1,0,0,1,2,28,1598,2,9
"2025000011409",1,9,5,2,0,0,4,2,33,1591,1,14
"2025000011410",1,9,19,8,0,0,1,3,-1,-1,-1,-1
"2025000011410",2,5,19,8,0,0,3,1,60,798,1,13
"2025000011411",1,9,19,0,0,0,1,1,65,1598,2,9
"2025000011412",2,5,19,0,0,0,4,1,20,599,1,24
"2025000011412",1,9,5,0,0,0,1,1,36,1390,1,15
"2025000011413",1,5,19,7,1,0,1,1,50,996,1,17
"2025000011414",1,9,5,4,0,0,1,2,21,1591,1,9
"2025000011414",2,5,8,4,0,0,3,1,53,649,1,9
"2025000011415",2,9,19,0,0,0,2,1,30,-1,-1,-1
"2025000011415",1,21,19,0,0,0,1,1,40,12742,2,2
"2025000011416",2,9,19,3,0,0,1,1,22,1950,2,3
"2025000011416",1,1,19,3,5,0,2,1,54,-1,-1,-1
"2025000011417",1,9,10,1,0,0,1,3,50,-1,-1,-1
"2025000011417",2,1,19,1,5,0,2,1,38,-1,-1,-1
"2025000011418",2,22,19,1,0,0,3,2,81,-1,-1,-1
"2025000011418",1,9,19,1,0,0,1,2,58,1229,1,6
"2025000011419",1,9,5,1,0,0,1,2,32,1598,1,5
"2025000011420",2,9,19,0,0,0,2,1,76,1199,1,19
"2025000011420",1,19,14,0,0,7,1,1,33,2198,2,12
"2025000011421",2,11,19,8,0,0,1,1,49,6700,2,13
"2025000011421",1,5,19,8,0,0,1,3,-1,1441,1,6
"2025000011422",1,19,19,2,0,0,4,1,60,1499,2,1
"2025000011423",1,9,19,0,0,0,1,2,83,1246,1,17
"2025000011424",1,9,5,0,5,4,1,1,68,998,1,10
"2025000011424",2,9,2,0,0,0,2,-1,-1,1598,1,21
"2025000011424",3,9,2,0,0,0,2,-1,-1,1968,2,10
"2025000011425",2,9,7,0,0,0,4,1,52,1791,8,11
"2025000011425",1,9,7,0,0,0,1,2,25,1124,1,20
"2025000011426",1,19,19,0,0,0,1,1,50,-1,-1,-1
"2025000011426",2,9,4,0,0,0,2,1,66,1995,2,14
"2025000011427",6,19,19,0,0,7,1,1,39,2198,2,6
"2025000011427",5,9,4,0,0,0,2,2,30,1498,1,3
"2025000011427",3,9,19,0,0,0,3,1,50,1984,1,0
"2025000011427",1,9,19,0,0,0,2,1,28,1498,1,0
"2025000011427",4,9,4,0,0,0,2,2,55,1984,1,5
"2025000011427",2,9,19,0,0,7,2,1,59,-1,3,0
"2025000011428",2,9,4,1,0,0,1,1,21,1598,1,13
"2025000011428",1,9,10,1,0,0,1,2,79,999,1,2
"2025000011428",3,19,19,1,0,0,1,1,32,1560,2,7
"2025000011428",4,9,19,8,0,0,1,1,42,1753,2,12
"2025000011429",1,1,19,1,0,0,1,1,55,-1,-1,-1
"2025000011430",1,9,9,1,0,0,3,1,56,1149,1,10
"2025000011430",2,1,19,1,0,0,1,1,55,-1,-1,-1
"2025000011431",2,9,9,8,0,0,4,1,65,1497,8,17
"2025000011431",1,9,19,8,0,0,1,1,18,1896,2,18
"2025000011432",1,3,99,9,0,99,9,1,28,-1,-1,-1
"2025000011432",2,9,99,9,0,99,9,3,-1,-1,-1,-1
"2025000011433",2,9,19,0,0,0,3,1,86,1968,2,9
"2025000011433",1,9,19,0,0,0,1,1,85,1598,1,12
"2025000011434",2,19,19,1,0,0,3,1,37,1968,2,15
"2025000011434",1,19,19,1,0,0,1,1,47,2198,2,12
"2025000011435",2,9,2,0,0,0,3,3,-1,1595,1,4
"2025000011435",1,9,19,0,0,0,4,2,20,1400,1,18
"2025000011436",2,19,19,0,0,0,2,1,53,2198,2,8
"2025000011436",1,19,19,0,0,0,1,1,32,1968,2,8
"2025000011437",2,9,19,8,1,4,4,1,18,998,1,10
"2025000011437",3,9,2,8,0,0,2,3,-1,1997,2,5
"2025000011437",1,19,10,1,0,0,1,1,31,1598,2,4
"2025000011437",4,9,2,8,0,0,2,3,-1,-1,-1,-1
"2025000011438",3,9,4,0,0,0,2,2,37,1229,1,9
"2025000011438",4,9,4,0,0,0,0,1,-1,2993,2,2
"2025000011438",2,9,4,0,0,0,2,2,31,1000,1,3
"2025000011438",1,9,19,0,0,0,1,1,59,1910,2,15
"2025000011439",1,3,19,1,0,0,1,1,28,125,1,6
"2025000011439",2,9,19,1,0,0,2,2,52,1395,1,5
"2025000011440",2,1,14,1,0,0,3,1,54,-1,-1,-1
"2025000011440",1,9,3,1,0,0,3,1,40,-1,3,0
"2025000011441",1,9,19,0,0,0,2,1,-1,1796,2,9
"2025000011442",1,3,99,9,9,99,2,1,33,125,1,3
"2025000011442",2,19,99,9,9,99,2,3,-1,1498,2,1
"2025000011443",2,2,19,0,0,0,1,1,17,110,1,0
"2025000011443",1,9,9,0,0,0,3,1,18,1390,1,16
"2025000011444",1,9,20,1,0,0,1,1,47,-1,3,0
"2025000011445",2,1,19,1,2,0,1,1,56,-1,-1,-1
"2025000011445",1,9,9,1,0,0,4,2,62,1560,2,12
"2025000011446",1,9,3,0,0,0,1,1,80,1200,1,1
"2025000011447",2,9,19,4,0,0,3,1,41,1798,8,6
"2025000011447",1,1,19,3,1,0,1,2,29,-1,-1,-1
"2025000011448",2,9,9,5,0,0,1,1,56,1200,1,3
"2025000011448",1,-1,19,8,0,0,1,1,15,-1,-1,-1
"2025000011449",1,9,1,2,0,0,2,1,42,1797,8,12
"2025000011450",1,9,5,0,0,4,3,1,44,1997,2,19
"2025000011450",4,9,2,0,0,0,1,-1,-1,1560,2,13
"2025000011450",3,9,2,0,0,0,4,-1,-1,1998,2,14
"2025000011450",5,9,2,0,0,0,1,-1,-1,1968,2,10
"2025000011450",2,9,2,0,0,0,3,-1,-1,1968,2,13
"2025000011451",2,9,9,1,0,0,3,1,20,1998,1,2
"2025000011451",1,4,9,1,0,0,3,1,39,1200,1,2
"2025000011452",2,9,4,0,0,0,1,2,58,1399,1,6
"2025000011452",1,9,3,0,0,0,0,2,61,1499,2,5
"2025000011453",2,9,19,0,0,0,3,1,35,999,1,6
"2025000011453",1,9,19,0,0,0,1,3,-1,1968,2,4
"2025000011454",1,9,19,0,1,0,2,1,36,1598,2,5
"2025000011454",3,19,19,0,1,0,1,1,40,2148,2,15
"2025000011454",2,9,4,0,0,0,2,1,52,1798,1,11
"2025000011455",1,9,1,0,0,0,2,1,30,-1,-1,-1
"2025000011456",2,9,19,0,1,0,1,1,57,2487,8,4
"2025000011456",1,19,12,0,1,0,2,1,21,1968,2,1
"2025000011457",2,9,99,0,9,99,1,3,-1,1997,1,9
"2025000011457",1,9,99,0,9,99,2,2,28,1199,1,1
"2025000011458",1,9,19,0,0,0,2,1,22,2993,2,12
"2025000011458",2,9,19,0,0,0,2,1,75,2199,2,9
"2025000011459",1,9,2,1,0,0,1,1,62,1598,2,4
"2025000011459",2,9,2,1,0,0,1,3,-1,-1,-1,-1
"2025000011460",1,5,19,0,5,0,0,1,67,1170,1,10
"2025000011461",1,9,19,8,0,0,1,1,25,1995,2,16
"2025000011461",2,9,9,6,0,0,3,1,34,1422,2,11
"2025000011462",1,19,9,6,0,0,2,1,63,2143,2,9
"2025000011462",2,9,19,1,0,0,1,1,45,1781,1,17
"2025000011463",1,9,9,5,0,0,3,2,21,1333,1,1
"2025000011463",2,9,9,5,0,0,1,1,18,1084,1,4
"2025000011464",1,9,9,6,0,0,1,2,38,1984,1,4
"2025000011465",2,9,15,0,0,0,1,3,99,1998,1,2
"2025000011465",1,5,19,0,0,0,2,1,55,998,1,5
"2025000011466",2,1,13,4,0,0,3,1,31,-1,-1,-1
"2025000011466",1,9,19,4,0,0,1,1,37,1796,1,18
"2025000011467",1,9,19,0,0,0,1,1,21,1968,2,14
"2025000011467",2,19,19,0,0,0,2,1,32,1499,2,1
"2025000011467",3,9,19,0,0,0,2,1,57,1999,2,6
"2025000011468",1,8,3,8,0,0,2,1,65,1798,8,5
"2025000011468",2,9,12,8,0,0,1,1,34,1600,1,19
"2025000011469",2,9,19,0,0,0,1,1,65,1598,2,9
"2025000011469",1,1,19,0,0,0,1,1,14,-1,-1,-1
"2025000011470",1,9,9,1,0,0,1,1,63,1797,8,3
"2025000011470",2,9,19,1,0,0,3,1,42,1560,2,13
"2025000011471",2,1,7,1,0,0,1,1,45,-1,-1,-1
"2025000011471",1,11,7,1,0,0,4,-1,26,-1,-1,-1
"2025000011472",1,1,19,0,5,0,1,1,-1,-1,-1,-1
"2025000011473",2,1,19,2,0,0,3,1,39,-1,-1,-1
"2025000011473",1,9,19,2,0,0,1,2,56,998,1,2
"2025000011474",1,9,7,6,0,0,1,1,43,1580,8,0
"2025000011474",2,1,19,8,0,0,4,1,31,-1,-1,-1
"2025000011475",1,19,4,0,0,10,3,1,45,1995,2,1
"2025000011476",2,9,19,0,0,0,1,2,24,1339,1,18
"2025000011476",1,9,14,0,0,0,1,1,34,2000,2,17
"2025000011477",2,1,19,2,0,0,1,1,62,-1,-1,-1
"2025000011477",1,9,9,2,0,0,1,1,31,-1,-1,-1
"2025000011478",1,1,19,8,0,0,1,3,-1,-1,-1,-1
"2025000011479",1,3,99,9,9,99,2,3,29,124,1,14
"2025000011479",2,9,99,9,9,99,1,1,23,1995,2,5
"2025000011480",1,9,7,6,0,0,1,1,26,2993,2,13
"2025000011480",2,9,19,1,0,0,3,1,53,1497,8,15
"2025000011481",1,9,19,0,0,0,4,3,-1,-1,-1,-1
"2025000011482",2,9,-1,-1,-1,-1,-1,1,38,1248,1,9
"2025000011482",1,9,-1,-1,-1,-1,-1,1,75,1598,1,14
"2025000011483",2,19,4,0,0,0,2,1,33,1995,2,2
"2025000011483",1,19,19,0,0,0,1,1,26,2198,2,5
"2025000011483",3,9,4,0,0,0,2,2,28,1422,2,13
"2025000011484",1,9,8,1,0,0,1,2,24,1364,1,7
"2025000011484",4,9,-1,1,0,0,1,1,81,1199,1,3
"2025000011484",3,9,9,1,0,0,1,1,44,1598,1,16
"2025000011484",2,9,9,1,0,0,2,2,56,2179,2,9
"2025000011485",2,98,1,2,0,0,-1,1,25,-1,-1,-1
"2025000011485",1,9,2,8,0,0,3,3,-1,1248,2,11
"2025000011486",2,9,5,0,0,0,2,2,21,1229,1,9
"2025000011486",1,1,15,0,0,0,1,1,20,-1,-1,-1
"2025000011487",1,11,19,0,5,0,4,1,70,6700,2,11
"2025000011488",2,3,13,8,1,0,1,1,17,124,1,0
"2025000011488",1,9,6,8,0,0,3,2,62,1242,1,8
"2025000011489",1,11,5,2,0,0,1,1,65,7300,2,11
"2025000011490",1,9,19,8,0,0,1,1,31,1560,2,16
"2025000011490",2,9,19,8,0,0,1,2,69,1364,1,17
"2025000011491",1,3,19,1,1,0,1,1,18,125,1,12
"2025000011491",3,19,3,1,0,0,2,1,36,2198,2,9
"2025000011491",2,9,19,1,0,0,1,1,22,-1,-1,-1
"2025000011492",1,3,4,0,0,0,3,1,59,1170,1,5
"2025000011493",1,9,19,0,0,0,1,1,-1,1398,1,5
"2025000011494",2,9,4,1,0,0,2,2,35,-1,-1,-1
"2025000011494",1,9,4,1,0,0,1,1,51,1969,2,5
"2025000011495",2,9,12,0,0,0,2,2,21,999,1,2
"2025000011495",3,9,12,0,0,0,2,2,71,2000,2,10
"2025000011495",1,9,12,0,0,0,1,1,81,3980,1,26
"2025000011496",1,3,19,0,2,0,4,1,49,124,1,0
"2025000011497",2,9,19,1,0,0,1,1,49,1560,2,14
"2025000011497",1,9,5,6,0,0,1,1,48,1998,8,1
"2025000011498",2,9,19,1,0,0,1,3,-1,-1,-1,-1
"2025000011498",1,1,9,2,0,0,2,1,46,-1,-1,-1
"2025000011499",2,1,99,9,9,0,9,2,57,-1,-1,-1
"2025000011499",1,9,99,9,9,99,9,3,-1,-1,3,1
"2025000011500",2,5,19,2,5,0,3,1,41,892,1,21
"2025000011500",1,9,9,6,0,0,1,2,30,1798,1,15
"2025000011501",1,-1,5,0,0,0,1,1,22,-1,-1,-1
"2025000011501",2,97,19,0,0,0,1,1,-1,-1,-1,-1
"2025000011502",1,9,7,2,0,0,1,1,53,4799,1,14
"2025000011503",2,9,10,0,0,0,1,2,25,2497,1,15
"2025000011503",1,3,19,0,0,0,1,2,35,124,1,1
"2025000011504",1,9,5,1,0,0,1,1,20,1598,1,11
"2025000011505",1,9,19,1,0,0,3,1,-1,-1,-1,-1
"2025000011506",1,19,99,9,9,99,1,1,50,1997,2,2
"2025000011507",1,9,19,2,0,0,4,1,39,1364,2,15
"2025000011508",2,8,19,0,0,0,1,1,49,1499,2,6
"2025000011508",1,5,19,0,0,0,4,1,34,1254,1,3
"2025000011509",1,9,9,1,0,0,4,1,74,998,1,5
"2025000011509",2,3,19,8,0,0,1,1,66,828,1,47
"2025000011510",2,9,9,8,0,0,1,2,26,1332,1,5
"2025000011510",1,9,9,6,0,0,1,1,41,2993,2,7
"2025000011511",2,-1,19,1,0,0,3,2,24,-1,-1,-1
"2025000011511",1,9,5,8,0,0,1,2,54,1242,1,16
"2025000011512",2,9,19,8,0,0,1,1,74,2143,2,10
"2025000011512",1,9,5,6,0,0,1,2,73,998,1,4
"2025000011513",1,9,19,0,1,0,3,1,58,2926,2,18
"2025000011514",3,90,4,0,0,0,1,3,40,-1,-1,-1
"2025000011514",2,19,4,0,0,0,2,1,33,1499,2,1
"2025000011514",1,9,19,0,0,0,9,3,40,1968,2,8
"2025000011515",1,9,19,0,0,0,3,2,33,998,1,9
"2025000011516",2,9,19,0,0,0,1,1,66,1390,1,8
"2025000011516",1,9,19,0,0,0,1,2,21,1598,1,17
"2025000011517",1,9,19,0,0,0,3,1,82,1998,1,21
"2025000011517",2,9,19,0,0,0,3,1,74,1500,2,1
"2025000011518",1,19,19,0,5,4,1,1,29,1598,2,7
"2025000011518",2,9,2,0,0,0,2,3,-1,1398,1,10
"2025000011519",1,19,12,0,0,0,1,1,61,1560,2,13
"2025000011519",2,9,19,0,0,0,1,2,30,1490,1,0
"2025000011520",2,9,19,0,0,0,1,1,47,-1,3,1
"2025000011520",1,2,19,0,0,0,1,1,16,108,1,10
"2025000011521",2,9,19,1,0,0,1,1,-1,-1,-1,-1
"2025000011521",1,1,19,6,0,0,1,1,20,-1,-1,-1
"2025000011522",1,9,19,0,0,0,4,2,24,1390,1,16
"2025000011522",2,11,2,0,0,0,0,3,-1,9000,2,8
"2025000011523",2,5,19,8,0,0,1,1,60,-1,-1,-1
"2025000011523",1,9,9,8,0,0,1,1,27,-1,-1,-1
"2025000011524",1,9,19,0,5,0,1,1,20,1560,2,14
"2025000011525",1,19,9,0,0,0,1,1,45,1997,2,3
"2025000011526",1,8,9,6,0,0,3,1,36,1997,7,14
"2025000011527",1,8,99,9,9,99,2,1,40,1798,8,10
"2025000011528",2,3,13,1,0,0,1,1,54,125,1,1
"2025000011528",1,9,6,1,0,0,3,1,35,-1,-1,-1
"2025000011529",1,9,19,1,0,0,1,2,18,1598,2,8
"2025000011530",1,9,19,0,1,0,1,1,66,1598,1,13
"2025000011531",1,9,19,0,0,0,4,2,28,1199,1,0
"2025000011532",3,9,2,8,0,0,1,3,-1,1796,1,9
"2025000011532",1,9,19,8,1,10,1,3,-1,1399,2,12
"2025000011532",2,9,5,6,1,4,2,2,56,1598,1,16
"2025000011533",2,9,19,8,0,0,4,2,38,1149,1,16
"2025000011533",1,8,9,5,0,0,1,1,35,1968,2,0
"2025000011534",1,9,19,1,0,0,1,3,-1,-1,-1,-1
"2025000011534",2,9,7,3,0,0,2,2,20,1461,2,6
"2025000011535",1,23,19,1,0,0,3,1,18,-1,-1,-1
"2025000011535",2,19,19,1,0,0,3,3,-1,-1,-1,-1
"2025000011536",2,10,3,8,0,0,2,1,55,2402,2,12
"2025000011536",1,1,19,8,0,0,1,1,14,-1,-1,-1
"2025000011537",1,9,19,8,0,0,1,2,79,-1,-1,-1
"2025000011537",2,9,19,4,0,0,4,1,71,-1,-1,-1
"2025000011538",1,9,9,8,0,0,1,2,87,2982,2,12
"2025000011538",2,5,19,8,0,0,1,1,31,948,1,1
"2025000011539",1,9,19,1,0,0,4,1,25,1296,1,15
"2025000011540",2,1,19,0,0,4,1,2,36,-1,-1,-1
"2025000011540",1,9,2,0,0,0,2,3,-1,1995,2,2
"2025000011541",2,9,9,8,0,0,1,2,66,1499,1,3
"2025000011541",1,1,19,8,1,0,1,1,33,-1,-1,-1
"2025000011542",2,1,19,8,0,0,4,2,35,-1,-1,-1
"2025000011542",1,9,7,1,0,0,4,1,39,1997,2,5
"2025000011543",1,1,19,0,0,0,1,2,48,-1,-1,-1
"2025000011544",1,11,3,8,0,0,2,1,58,4500,2,6
"2025000011544",2,1,19,8,0,4,1,1,25,-1,-1,-1
"2025000011545",2,9,13,0,0,0,4,1,38,1598,1,11
"2025000011545",1,1,19,0,0,0,3,2,22,-1,-1,-1
"2025000011546",1,9,1,6,0,0,2,1,51,1956,2,5
"2025000011547",1,9,5,1,0,0,1,1,60,-1,-1,-1
"2025000011547",2,1,19,1,0,0,3,1,16,-1,-1,-1
"2025000011548",2,1,19,8,0,0,1,1,31,-1,-1,-1
"2025000011548",1,9,9,5,0,0,1,2,18,-1,-1,-1
"2025000011549",1,9,19,0,0,0,1,1,-1,1318,1,5
"2025000011550",2,1,19,0,0,10,4,1,60,-1,-1,-1
"2025000011550",1,21,13,0,0,0,0,1,-1,-1,-1,-1
"2025000011551",2,1,19,8,0,0,1,2,58,-1,-1,-1
"2025000011551",1,19,9,5,0,0,4,1,59,1598,2,8
"2025000011552",1,9,13,1,0,0,3,2,20,-1,-1,-1
"2025000011552",2,1,9,1,0,0,4,1,50,-1,-1,-1
"2025000011553",2,9,19,0,0,0,1,1,60,1499,8,3
"2025000011553",1,9,-1,0,-1,-1,-1,1,62,2143,2,8
"2025000011553",3,9,19,0,0,0,3,1,32,1461,2,9
"2025000011554",2,1,19,0,0,0,3,1,45,-1,-1,-1
"2025000011554",1,9,5,0,0,0,1,2,33,1997,2,5
"2025000011555",1,9,8,8,0,0,1,1,52,1796,1,13
"2025000011555",2,9,8,1,0,0,2,2,55,1598,2,5
"2025000011556",1,9,9,2,0,0,3,1,57,1968,2,8
"2025000011556",2,1,5,8,0,0,1,1,32,-1,-1,-1
"2025000011557",2,1,19,1,0,0,3,1,30,-1,-1,-1
"2025000011557",1,11,19,1,0,0,4,1,50,-1,-1,-1
"2025000011558",2,1,19,0,0,0,4,2,6,-1,-1,-1
"2025000011558",1,19,5,0,0,0,1,1,39,2298,2,9
"2025000011559",2,9,9,1,0,0,0,2,76,124,1,9
"2025000011559",1,3,-1,1,1,0,1,1,36,1598,1,14
"2025000011560",2,9,19,6,0,0,1,3,-1,-1,-1,-1
"2025000011560",1,1,19,8,0,0,3,1,50,-1,-1,-1
"2025000011561",2,9,3,0,0,0,4,1,36,-1,-1,-1
"2025000011561",1,5,19,0,5,0,1,1,31,599,1,25
"2025000011562",1,9,9,2,0,0,1,1,48,1598,1,5
"2025000011562",2,9,19,2,0,0,1,2,20,1364,1,15
"2025000011563",1,9,19,0,0,0,3,2,53,1587,1,17
"2025000011564",1,11,19,0,0,0,1,1,32,6871,2,14
"2025000011564",2,9,4,0,0,0,2,1,-1,1968,2,4
"2025000011565",1,9,19,1,0,0,1,1,75,1586,1,13
"2025000011565",2,9,10,1,0,0,2,2,62,1997,2,5
"2025000011566",2,5,19,1,0,0,1,1,53,865,1,11
"2025000011566",1,9,9,1,0,0,3,1,21,1995,1,17
"2025000011567",2,9,19,0,1,0,4,1,30,2480,1,12
"2025000011567",3,9,19,0,0,0,0,2,30,2480,1,11
"2025000011567",1,19,19,0,2,0,1,1,27,1968,2,14
"2025000011567",4,21,19,0,1,0,1,1,52,12777,2,2
"2025000011568",1,9,5,2,0,0,3,1,55,1956,2,8
"2025000011569",2,19,19,0,0,0,1,1,40,1968,2,7
"2025000011569",1,98,4,0,0,0,2,1,67,-1,-1,-1
"2025000011570",2,9,3,0,0,0,0,1,83,1598,1,13
"2025000011570",1,9,19,0,0,0,1,1,58,1461,2,5
"2025000011570",3,9,19,0,0,0,2,1,-1,1968,2,4
"2025000011570",4,9,19,0,0,0,1,1,67,1199,1,5
"2025000011571",1,9,3,0,0,0,2,1,36,-1,-1,-1
"2025000011571",2,9,19,0,0,0,1,2,81,-1,-1,-1
"2025000011572",1,9,19,0,0,0,1,2,54,1328,1,13
"2025000011572",2,9,3,0,0,0,2,1,-1,1499,1,4
"2025000011573",1,9,19,0,1,0,1,1,30,1500,2,2
"2025000011574",1,9,5,0,0,0,1,1,64,-1,-1,-1
"2025000011574",2,9,5,0,0,0,1,1,38,1796,1,13
"2025000011574",3,9,5,0,0,0,1,1,43,1969,2,8
"2025000011575",1,9,11,0,0,0,1,1,35,-1,-1,-1
"2025000011575",2,9,19,0,0,0,2,1,29,1499,1,6
"2025000011576",1,9,19,0,0,11,1,2,68,1395,1,5
"2025000011577",3,9,2,2,0,0,4,3,-1,1197,1,7
"2025000011577",2,9,19,4,0,0,3,2,79,1198,1,6
"2025000011577",1,9,19,3,0,4,1,1,90,1598,1,25
"2025000011578",2,9,-1,0,-1,-1,-1,2,35,1968,2,15
"2025000011578",1,9,-1,0,-1,-1,-1,1,36,2402,2,14
"2025000011579",2,3,19,3,0,0,1,1,27,125,1,2
"2025000011579",1,9,5,4,0,0,2,1,62,1398,1,20
"2025000011580",1,9,19,6,0,0,1,1,54,1388,1,18
"2025000011580",2,1,19,8,0,0,4,2,50,-1,-1,-1
"2025000011581",1,9,19,0,0,0,4,2,33,1995,2,9
"2025000011582",1,9,9,2,0,0,1,1,38,1968,2,3
"2025000011582",2,9,19,1,0,0,1,2,35,1560,2,10
"2025000011583",2,1,19,1,0,0,1,1,58,-1,-1,-1
"2025000011583",1,19,9,1,0,0,1,1,38,1995,2,2
"2025000011584",1,9,9,5,0,0,4,2,50,999,1,6
"2025000011584",3,9,3,2,0,0,1,1,74,1997,1,17
"2025000011584",2,9,19,5,0,0,1,1,39,2993,2,15
"2025000011585",1,3,19,1,0,0,1,3,25,125,1,4
"2025000011585",2,9,19,1,0,0,3,1,19,1200,1,10
"2025000011586",1,5,19,0,1,0,1,1,36,599,1,20
"2025000011586",2,9,19,0,0,0,1,1,60,1997,2,5
"2025000011587",1,1,19,0,0,0,0,1,51,-1,-1,-1
"2025000011587",2,9,15,0,1,0,4,2,29,999,1,11
"2025000011588",1,9,9,5,0,0,3,1,46,1968,2,11
"2025000011588",2,1,19,8,0,0,1,1,18,-1,-1,-1
"2025000011589",1,19,9,2,1,0,1,1,22,2143,2,0
"2025000011589",2,9,19,1,1,0,4,1,60,1499,2,3
"2025000011590",1,9,19,6,0,0,3,2,64,1596,1,13
"2025000011590",2,9,19,8,0,0,1,1,22,1994,1,19
"2025000011591",1,9,19,0,2,0,1,2,17,-1,-1,-1
"2025000011592",2,1,19,2,0,0,1,1,44,-1,-1,-1
"2025000011592",1,9,7,2,0,0,3,1,46,1896,2,16
"2025000011593",2,9,3,0,0,0,2,2,24,999,1,1
"2025000011593",1,4,19,0,0,0,1,1,-1,349,1,0