"collision_index","vehicle_reference","vehicle_type","vehicle_manoeuvre","junction_location","skidding_and_overturning","hit_object_in_carriageway","first_point_of_impact","sex_of_driver","age_of_driver","engine_capacity_cc","propulsion_code","age_of_vehicle"
"2025000011594",1,19,1,0,0,0,2,1,42,-1,-1,-1
"2025000011595",2,9,19,8,0,0,3,1,57,1598,1,14
"2025000011595",1,9,19,2,0,0,4,2,42,1368,1,7
"2025000011596",1,19,19,1,0,0,1,1,35,1995,2,11
"2025000011596",2,9,4,1,0,0,2,1,43,999,1,6
"2025000011597",1,9,19,1,0,0,-1,3,-1,-1,-1,-1
"2025000011598",2,9,3,2,0,0,1,2,-1,1242,1,8
"2025000011598",1,19,1,2,9,99,9,3,-1,2299,2,3
"2025000011599",1,5,13,0,0,0,1,1,75,1050,1,7
"2025000011599",2,9,19,0,0,0,2,2,81,1598,1,17
"2025000011600",2,11,14,1,0,0,0,3,-1,-1,-1,-1
"2025000011600",1,1,19,2,0,0,0,2,55,-1,-1,-1
"2025000011601",3,9,19,1,0,0,3,1,40,1498,1,5
"2025000011601",1,9,19,1,0,0,1,1,29,1499,1,2
"2025000011601",2,9,1,1,0,0,2,3,-1,1796,1,16
"2025000011602",2,1,13,1,0,0,1,2,47,-1,-1,-1
"2025000011602",1,9,1,6,0,0,2,2,30,1390,1,13
"2025000011603",1,9,9,2,0,0,3,1,72,1796,1,12
"2025000011603",2,9,19,2,0,0,3,1,60,999,1,7
"2025000011604",2,9,19,1,0,0,3,2,26,1461,2,8
"2025000011604",1,9,19,8,0,0,1,2,79,998,1,10
"2025000011605",1,19,19,0,0,0,1,1,47,1500,2,2
"2025000011606",1,9,9,6,0,0,1,1,55,899,1,11
"2025000011606",2,3,19,8,1,0,2,1,24,125,1,2
"2025000011607",1,9,9,6,0,0,1,1,77,1591,1,3
"2025000011608",1,9,19,2,0,0,1,1,56,1995,2,7
"2025000011609",2,9,19,0,0,0,1,2,51,998,1,3
"2025000011609",1,9,19,0,0,0,1,2,76,1248,1,4
"2025000011610",1,9,19,0,0,0,1,2,41,1598,1,18
"2025000011610",2,9,2,0,0,0,2,1,20,1368,1,12
"2025000011611",2,9,3,0,0,0,2,1,34,1200,1,4
"2025000011611",3,9,3,0,0,0,1,1,52,1991,1,6
"2025000011611",1,9,19,0,0,0,1,1,39,2993,2,4
"2025000011612",1,1,19,4,0,0,1,1,27,-1,-1,-1
"2025000011613",1,5,19,1,0,0,1,1,24,689,1,1
"2025000011614",2,9,19,1,0,0,1,1,64,999,1,1
"2025000011614",1,9,4,8,0,0,2,2,-1,1997,2,8
"2025000011615",1,9,19,8,0,0,4,1,19,1229,1,13
"2025000011615",2,3,12,8,0,0,3,1,31,125,1,1
"2025000011616",1,9,19,2,0,0,1,2,40,1596,1,12
"2025000011617",2,19,13,0,0,0,0,3,-1,-1,-1,-1
"2025000011617",1,1,19,0,0,0,0,2,57,-1,-1,-1
"2025000011618",2,9,4,0,0,0,3,1,64,1969,2,5
"2025000011618",3,9,4,0,0,0,2,1,45,2993,12,0
"2025000011618",1,9,19,0,2,0,1,1,24,1200,1,0
"2025000011619",2,9,3,0,0,0,2,2,49,1197,1,10
"2025000011619",1,3,19,0,2,0,1,1,26,125,1,7
"2025000011620",2,9,4,0,0,0,1,2,25,998,1,5
"2025000011620",1,9,4,0,0,0,2,1,28,1995,2,2
"2025000011620",3,9,4,0,0,0,1,1,25,1332,1,4
"2025000011620",4,9,4,0,0,0,1,2,36,1149,1,13
"2025000011621",1,9,99,9,9,99,2,1,46,1999,1,15
"2025000011621",2,19,99,9,9,99,1,3,36,1598,2,9
"2025000011622",2,9,10,1,0,0,2,2,47,1598,1,3
"2025000011622",1,9,19,1,0,0,1,1,38,2143,2,5
"2025000011623",1,9,19,1,0,0,0,3,-1,-1,-1,-1
"2025000011623",2,1,19,1,0,0,1,1,13,-1,-1,-1
"2025000011624",2,5,13,8,0,0,1,1,65,1450,1,17
"2025000011624",1,9,9,5,0,0,4,2,17,1197,1,9
"2025000011625",1,9,19,1,0,0,4,1,26,1398,1,6
"2025000011626",2,9,19,8,0,0,1,3,-1,-1,-1,-1
"2025000011626",1,1,10,5,0,0,2,2,64,-1,-1,-1
"2025000011627",1,3,19,0,0,0,1,1,46,125,1,5
"2025000011627",2,9,19,0,0,0,2,1,23,1395,1,5
"2025000011628",1,9,19,0,2,0,1,1,39,998,8,0
"2025000011628",3,9,19,0,1,0,2,1,56,998,1,4
"2025000011628",2,9,19,0,0,0,0,1,-1,1998,1,0
"2025000011628",4,9,19,0,0,0,1,2,76,1969,1,5
"2025000011629",1,9,9,6,0,0,1,1,46,1781,1,20
"2025000011629",2,9,19,1,0,0,4,1,56,1999,2,3
"2025000011630",1,9,5,0,0,0,3,2,52,2494,8,2
"2025000011630",2,3,13,0,2,0,1,1,28,124,1,2
"2025000011631",1,9,19,0,2,0,4,1,65,1951,2,20
"2025000011632",1,9,19,2,0,0,1,1,31,1991,1,25
"2025000011633",2,-1,19,0,0,0,0,1,-1,-1,-1,-1
"2025000011633",1,9,15,0,0,0,0,2,37,1998,1,3
"2025000011634",2,20,2,1,0,0,2,3,-1,6693,2,5
"2025000011634",1,9,14,1,0,4,1,1,34,1984,1,1
"2025000011635",1,9,9,1,0,0,1,1,50,2400,2,9
"2025000011635",2,9,19,1,0,0,3,1,31,1461,2,12
"2025000011636",2,9,2,0,0,0,2,1,40,1999,2,6
"2025000011636",1,19,19,0,0,4,1,1,44,1598,2,8
"2025000011637",1,9,9,1,0,0,3,2,18,1339,1,20
"2025000011637",2,9,19,1,0,0,4,2,38,1999,2,5
"2025000011638",1,9,19,0,0,0,4,1,19,1598,1,19
"2025000011639",2,9,19,2,1,0,1,1,35,1368,1,12
"2025000011639",1,1,19,8,2,0,4,1,19,-1,-1,-1
"2025000011640",2,4,9,1,0,0,1,1,39,125,1,3
"2025000011640",1,8,5,1,0,0,3,1,43,1797,8,11
"2025000011641",1,9,99,9,9,99,1,2,26,1498,1,0
"2025000011641",2,19,99,9,9,99,9,3,69,2461,2,14
"2025000011642",1,3,99,9,9,99,9,1,26,125,1,5
"2025000011643",1,9,19,0,0,0,4,3,-1,-1,-1,-1
"2025000011644",1,9,5,4,0,0,1,2,41,1598,1,7
"2025000011644",2,1,5,3,0,0,1,1,51,-1,-1,-1
"2025000011645",1,9,19,0,0,6,3,1,89,1399,1,4
"2025000011646",1,11,19,8,0,0,0,1,57,4500,2,15
"2025000011646",2,9,9,8,0,0,0,2,18,1200,1,4
"2025000011647",2,9,5,0,0,0,3,1,50,1797,8,9
"2025000011647",3,9,19,0,0,0,1,2,60,1399,1,13
"2025000011647",4,9,2,0,0,0,2,3,-1,1395,1,7
"2025000011647",1,9,19,0,1,10,1,1,25,2993,2,16
"2025000011648",1,9,6,8,0,0,1,1,69,1686,2,9
"2025000011648",2,3,19,1,0,0,1,2,28,125,1,0
"2025000011649",1,9,19,4,0,0,1,1,42,1997,1,9
"2025000011649",2,1,9,8,0,0,4,1,56,-1,-1,-1
"2025000011650",1,20,19,0,0,0,1,1,26,12742,2,4
"2025000011650",3,19,3,0,0,0,2,1,34,2198,2,9
"2025000011650",2,19,3,0,0,0,2,1,52,2143,2,5
"2025000011651",1,9,19,1,0,0,1,3,-1,1198,1,13
"2025000011651",2,9,3,1,0,0,2,2,33,1499,2,5
"2025000011652",1,9,19,0,1,0,2,2,29,-1,-1,-1
"2025000011652",2,9,19,0,0,0,1,2,26,1198,1,8
"2025000011653",1,5,19,1,2,0,1,1,61,1832,1,19
"2025000011653",2,9,3,1,0,0,2,1,58,1956,2,10
"2025000011654",1,9,19,0,0,0,1,1,40,998,1,0
"2025000011654",2,9,19,0,0,0,2,2,19,1499,1,1
"2025000011655",1,11,-1,-1,-1,-1,-1,1,45,6692,2,12
"2025000011656",2,1,10,6,0,0,4,1,20,-1,-1,-1
"2025000011656",1,9,9,5,0,0,1,1,40,-1,-1,-1
"2025000011657",1,19,5,4,0,0,1,1,42,2179,2,0
"2025000011657",2,9,5,4,0,0,2,2,27,1200,1,7
"2025000011658",2,9,99,0,0,0,9,3,-1,1560,2,14
"2025000011658",1,8,99,0,9,99,9,1,42,1598,2,5
"2025000011659",2,9,19,0,0,0,1,1,32,998,1,8
"2025000011659",1,9,19,0,0,0,1,2,18,998,1,10
"2025000011660",1,9,7,6,1,0,4,2,17,-1,-1,-1
"2025000011661",1,3,19,0,0,7,3,1,27,125,1,1
"2025000011662",1,9,19,6,0,0,0,1,30,1390,1,13
"2025000011663",1,9,7,0,0,10,1,2,45,1968,2,1
"2025000011663",2,9,8,0,0,10,1,1,35,998,1,7
"2025000011664",1,9,19,0,2,0,1,1,39,1984,1,17
"2025000011665",2,9,19,8,1,0,1,2,66,1598,1,10
"2025000011665",1,9,19,6,0,0,1,1,26,-1,-1,-1
"2025000011666",1,5,19,1,0,0,1,1,35,636,1,0
"2025000011667",1,9,19,0,0,0,1,2,75,999,1,1
"2025000011668",2,9,9,8,0,0,4,1,39,1497,8,5
"2025000011668",1,9,19,1,1,0,1,2,39,1296,1,15
"2025000011669",1,9,4,0,0,0,2,2,25,1498,1,16
"2025000011669",2,9,19,0,0,0,1,1,42,-1,-1,-1
"2025000011670",1,19,4,1,0,0,2,1,34,2198,2,6
"2025000011670",2,9,19,1,0,0,1,1,44,1598,1,11
"2025000011671",2,9,7,6,0,0,3,3,-1,-1,-1,-1
"2025000011671",1,9,7,2,0,0,1,2,59,1870,2,20
"2025000011672",1,21,19,1,0,0,1,1,43,12740,2,1
"2025000011672",2,9,3,4,0,0,2,2,44,1968,2,0
"2025000011673",1,1,19,0,0,0,1,1,12,-1,-1,-1
"2025000011673",2,9,19,0,0,0,1,3,-1,-1,-1,-1
"2025000011674",2,9,3,0,0,0,2,2,28,1968,2,6
"2025000011674",1,9,19,0,0,0,1,2,17,1598,1,16
"2025000011675",1,1,19,8,0,0,4,1,28,-1,-1,-1
"2025000011676",1,9,3,0,0,0,2,1,54,1951,2,17
"2025000011676",2,9,19,0,0,0,1,2,20,1998,1,6
"2025000011677",1,11,19,1,0,0,1,1,52,6700,2,10
"2025000011678",1,9,-1,-1,-1,-1,-1,3,-1,-1,-1,-1
"2025000011679",1,8,1,0,0,0,2,1,63,1997,2,6
"2025000011679",2,8,2,0,0,0,2,1,35,1968,2,6
"2025000011680",2,9,19,8,0,0,1,2,45,1496,2,6
"2025000011680",1,9,19,6,1,0,1,2,21,1124,1,19
"2025000011681",1,11,19,0,0,0,9,3,-1,6700,2,5
"2025000011682",1,9,19,0,5,0,1,1,21,1198,1,16
"2025000011683",2,1,19,8,0,0,4,1,42,-1,-1,-1
"2025000011683",1,9,5,4,0,0,3,2,45,1398,1,7
"2025000011684",2,3,7,3,0,0,1,2,25,108,1,3
"2025000011684",1,9,5,3,0,0,1,2,44,1995,2,6
"2025000011685",1,9,19,0,0,0,9,1,28,1598,8,1
"2025000011686",1,9,5,0,0,0,4,1,87,1388,1,11
"2025000011687",2,9,4,1,0,0,2,1,56,1968,2,5
"2025000011687",1,9,19,1,0,0,1,1,-1,-1,-1,-1
"2025000011688",1,1,99,9,9,99,9,1,24,-1,-1,-1
"2025000011688",2,9,99,9,9,99,9,3,-1,-1,-1,-1
"2025000011689",2,9,5,0,0,0,2,1,67,2494,8,6
"2025000011689",1,9,19,0,0,0,1,2,-1,-1,-1,-1
"2025000011690",2,9,99,9,9,99,9,3,55,1598,2,5
"2025000011690",1,5,99,9,9,99,1,1,38,649,1,0
"2025000011691",1,9,19,0,1,0,1,1,18,-1,-1,-1
"2025000011691",2,9,19,0,0,0,3,2,24,1399,2,13
"2025000011692",4,9,19,0,0,0,1,2,62,1461,2,12
"2025000011692",3,20,19,0,0,0,1,1,39,2143,2,3
"2025000011692",2,9,14,0,0,0,1,1,87,1200,1,5
"2025000011692",5,8,19,0,0,0,1,1,38,1998,1,8
"2025000011693",2,9,2,0,0,0,3,1,28,1390,1,19
"2025000011693",1,9,19,0,0,0,1,3,30,999,1,14
"2025000011694",1,5,19,8,0,0,1,1,37,1002,1,21
"2025000011694",2,9,19,8,0,0,3,1,49,1995,2,7
"2025000011695",1,9,19,8,0,0,2,1,34,1968,2,13
"2025000011695",2,9,19,6,0,0,3,1,25,1332,1,2
"2025000011696",1,5,19,2,0,0,1,1,57,1200,1,1
"2025000011696",2,8,6,2,0,0,1,1,54,-1,3,2
"2025000011697",1,9,19,1,0,0,1,1,83,1900,2,17
"2025000011698",2,9,19,0,0,0,3,2,49,1560,2,9
"2025000011698",1,9,19,0,0,6,3,1,-1,1498,1,1
"2025000011699",1,11,19,0,0,0,4,1,64,5132,2,5
"2025000011700",1,2,19,1,0,0,1,1,26,125,1,0
"2025000011700",2,9,9,8,0,0,1,1,28,1200,1,8
"2025000011701",1,9,19,0,0,0,1,3,-1,-1,-1,-1
"2025000011702",1,9,19,8,0,10,1,1,24,1900,2,16
"2025000011703",1,11,19,0,0,0,0,1,25,-1,-1,-1
"2025000011704",1,5,13,8,1,0,1,1,62,-1,-1,-1
"2025000011705",1,1,19,9,9,8,1,1,33,-1,-1,-1
"2025000011705",2,9,2,9,9,99,9,3,-1,-1,-1,-1
"2025000011706",1,9,99,9,9,99,1,2,80,-1,-1,-1
"2025000011707",1,9,7,5,-1,-1,-1,3,-1,-1,-1,-1
"2025000011707",2,1,19,1,0,0,1,1,20,-1,-1,-1
"2025000011708",1,19,19,8,1,0,1,1,27,2402,2,13
"2025000011709",1,9,7,5,0,0,1,1,49,999,1,3
"2025000011710",2,9,11,0,0,0,2,2,31,1598,1,11
"2025000011710",1,9,19,0,0,0,1,2,37,1968,2,10
"2025000011711",1,19,2,1,0,0,1,3,-1,1995,2,7
"2025000011712",1,3,4,0,0,0,2,1,48,-1,-1,-1
"2025000011712",2,1,13,0,0,0,1,1,14,-1,-1,-1
"2025000011713",2,9,2,0,0,4,1,3,-1,1398,1,5
"2025000011713",1,9,19,0,1,4,1,1,18,-1,-1,-1
"2025000011714",1,9,19,1,0,0,4,2,45,1596,1,16
"2025000011714",2,9,9,6,0,0,1,3,-1,1995,2,9
"2025000011715",1,21,19,8,0,0,1,1,25,12900,5,1
"2025000011715",2,9,7,3,0,0,4,1,26,2995,1,7
"2025000011716",1,9,7,3,0,0,1,2,52,999,1,7
"2025000011717",2,9,19,0,0,0,2,1,24,1198,1,12
"2025000011717",3,9,19,0,0,0,1,1,22,1240,1,20
"2025000011717",1,9,19,0,1,0,1,1,23,2967,2,9
"2025000011718",1,20,19,0,0,0,1,1,48,-1,-1,-1
"2025000011718",2,9,19,0,0,0,1,2,35,1461,2,11
"2025000011719",1,9,19,0,0,0,1,1,30,2993,2,10
"2025000011720",1,9,19,8,0,0,3,2,19,1595,1,5
"2025000011720",2,9,19,8,0,0,4,3,30,-1,-1,-1
"2025000011721",1,5,19,0,0,0,3,2,33,1043,1,3
"2025000011722",1,9,19,1,0,0,4,1,80,1499,2,8
"2025000011723",1,3,19,0,0,0,1,1,24,-1,-1,-1
"2025000011724",1,9,9,8,0,0,3,1,58,1595,1,7
"2025000011724",2,3,15,8,1,0,1,1,37,125,1,6
"2025000011725",1,9,9,6,1,0,3,1,29,1598,2,12
"2025000011725",2,9,19,1,1,0,1,1,60,600,8,6
"2025000011726",1,3,4,0,0,0,1,1,17,124,1,11
"2025000011726",2,9,4,0,0,0,1,1,68,1560,2,11
"2025000011727",1,9,9,3,0,0,1,2,37,1956,2,11
"2025000011728",2,9,-1,8,-1,-1,-1,3,-1,1968,2,14
"2025000011728",1,9,19,1,0,0,1,1,20,1900,2,15
"2025000011729",1,4,19,0,0,0,4,1,17,124,1,24
"2025000011730",1,9,19,8,0,0,3,1,35,1499,2,6
"2025000011731",1,8,19,0,0,0,4,3,-1,-1,-1,-1
"2025000011732",1,9,19,3,0,0,4,2,36,1395,1,9
"2025000011732",2,9,7,4,0,0,1,2,75,998,1,5
"2025000011733",1,9,9,6,-1,-1,4,3,-1,-1,-1,-1
"2025000011733",2,4,19,1,5,0,1,1,21,125,1,3
"2025000011734",1,3,19,1,0,0,1,2,21,125,1,2
"2025000011734",2,9,9,6,0,0,4,2,24,998,1,16
"2025000011735",2,9,19,8,0,0,1,2,38,1968,2,14
"2025000011735",1,19,9,8,0,0,1,1,28,2299,2,0
"2025000011736",1,9,19,1,0,0,1,2,59,998,1,8
"2025000011737",1,9,19,0,2,0,1,2,31,1598,1,9
"2025000011738",4,9,2,0,0,0,4,2,-1,1598,2,4
"2025000011738",2,9,19,0,0,0,1,1,-1,1390,1,16
"2025000011738",3,9,2,0,0,0,3,2,-1,999,1,4
"2025000011738",1,9,19,0,1,4,1,1,-1,1956,2,11
"2025000011739",1,9,19,8,1,10,1,2,18,999,1,7
"2025000011740",2,21,19,3,0,0,4,1,31,10837,2,2
"2025000011740",1,9,19,4,0,0,1,1,55,1798,8,8
"2025000011741",1,9,19,1,0,0,1,1,82,1997,1,20
"2025000011742",2,9,2,0,0,0,1,3,-1,1598,2,6
"2025000011742",1,9,19,0,0,4,1,1,27,1995,2,13
"2025000011742",3,9,19,0,0,0,1,3,-1,-1,-1,-1
"2025000011743",1,9,19,1,0,0,1,1,40,1798,8,5
"2025000011744",1,9,19,8,0,10,1,1,25,1595,1,9
"2025000011744",2,9,5,8,0,0,0,2,40,1794,1,14
"2025000011745",1,9,19,0,0,0,3,1,23,1998,8,3
"2025000011746",1,9,19,0,1,0,1,1,21,-1,-1,-1
"2025000011746",2,9,19,0,0,0,1,2,34,-1,-1,-1
"2025000011747",1,3,3,1,0,0,0,1,27,125,1,6
"2025000011747",2,9,19,1,0,0,0,2,28,1598,2,5
"2025000011748",2,8,19,0,0,0,4,1,76,1968,2,2
"2025000011748",1,9,19,0,0,0,4,1,29,1248,1,9
"2025000011749",2,9,19,1,0,0,1,1,50,1560,2,15
"2025000011749",1,1,12,1,0,0,2,1,31,-1,-1,-1
"2025000011750",1,19,19,5,0,0,1,1,30,2148,2,20
"2025000011750",2,9,19,8,1,0,2,1,36,1598,1,0
"2025000011751",1,1,19,6,0,0,3,1,24,-1,-1,-1
"2025000011751",2,9,19,1,0,0,1,1,61,2987,2,13
"2025000011752",2,3,19,8,1,0,1,1,19,124,1,15
"2025000011752",1,9,19,4,0,0,3,2,37,999,1,2
"2025000011753",2,9,19,0,0,0,1,2,59,898,1,5
"2025000011753",1,9,19,0,0,0,1,1,38,1798,8,7
"2025000011754",1,9,99,9,9,99,2,2,26,-1,3,4
"2025000011754",2,9,99,9,0,99,9,2,38,2996,1,6
"2025000011755",1,5,19,0,0,0,1,1,52,999,1,11
"2025000011756",1,9,19,0,0,0,1,1,51,998,1,11
"2025000011757",1,90,13,2,0,0,1,1,24,2987,2,3
"2025000011758",1,22,19,0,0,0,0,1,-1,-1,-1,-1
"2025000011759",1,9,7,5,0,0,2,2,45,1339,1,9
"2025000011759",2,3,19,1,0,0,1,1,24,124,1,9
"2025000011760",1,3,19,1,0,99,1,1,36,125,1,5
"2025000011760",2,19,7,5,0,99,4,1,60,1997,2,12
"2025000011761",2,9,19,0,0,0,2,2,25,-1,-1,-1
"2025000011761",1,19,19,0,0,0,1,1,33,2143,2,2
"2025000011762",2,9,19,1,0,0,3,1,22,998,1,16
"2025000011762",1,90,9,8,0,0,3,1,62,-1,-1,-1
"2025000011763",1,-1,19,2,0,0,1,2,16,-1,-1,-1
"2025000011764",1,9,9,6,0,0,3,1,87,1229,1,14
"2025000011764",2,9,19,1,0,0,1,1,31,1950,12,3
"2025000011765",2,9,19,8,0,0,1,3,-1,1360,1,17
"2025000011765",1,3,19,8,0,0,3,1,34,124,1,1
"2025000011766",2,9,4,0,0,0,1,2,50,-1,-1,-1
"2025000011766",3,9,4,0,0,0,1,1,28,1193,1,9
"2025000011766",1,9,19,0,0,0,1,1,40,2360,7,9
"2025000011767",3,9,3,0,0,0,2,1,44,1798,1,12
"2025000011767",2,9,19,0,0,0,2,1,43,1950,2,4
"2025000011767",1,9,3,0,0,0,1,1,34,1596,1,8
"2025000011768",2,1,19,0,0,0,0,1,47,-1,-1,-1
"2025000011768",1,9,19,0,0,0,4,3,-1,1968,2,13
"2025000011769",1,90,19,0,0,0,4,1,31,-1,-1,-1
"2025000011770",1,9,19,2,0,0,1,3,-1,-1,-1,-1
"2025000011771",1,9,19,0,5,0,1,1,19,1248,1,10
"2025000011772",1,9,19,0,0,0,3,1,33,1598,1,14
"2025000011772",2,1,19,0,0,0,3,1,31,-1,-1,-1
"2025000011773",1,9,2,1,0,0,1,2,45,-1,-1,-1
"2025000011773",2,9,1,1,0,0,2,1,62,1598,2,6
"2025000011774",1,9,19,1,0,4,1,2,18,1580,8,0
"2025000011774",3,8,10,1,0,4,2,1,43,1798,8,4
"2025000011774",4,9,10,1,0,4,2,1,63,1399,1,13
"2025000011774",2,8,10,1,0,0,2,1,49,1968,2,5
"2025000011774",5,8,8,1,0,0,1,1,61,1339,8,9
"2025000011775",1,11,4,1,0,0,0,2,23,5132,2,7
"2025000011776",1,19,19,0,0,0,2,1,49,-1,-1,-1
"2025000011776",2,9,19,0,0,0,1,2,27,-1,-1,-1
"2025000011777",3,9,19,0,0,0,2,2,54,1332,8,0
"2025000011777",1,19,19,0,1,0,1,1,22,1499,2,2
"2025000011777",2,9,19,0,1,0,1,1,23,1598,2,8
"2025000011778",2,5,19,8,0,0,1,1,49,599,1,11
"2025000011778",1,9,9,8,0,0,1,1,80,1328,1,17
"2025000011779",1,9,19,0,0,0,1,1,-1,-1,-1,-1
"2025000011779",2,19,19,0,0,0,0,1,-1,-1,-1,-1
"2025000011780",1,9,99,9,9,99,2,2,33,1395,1,8
"2025000011780",2,9,99,9,9,99,1,3,-1,4511,1,17
"2025000011781",1,9,9,6,0,0,1,1,50,1968,2,10
"2025000011781",2,9,19,1,5,0,3,2,80,1124,1,15
"2025000011782",1,19,19,0,0,0,1,1,32,-1,-1,-1
"2025000011783",1,11,5,2,0,0,0,1,51,5132,2,6
"2025000011784",2,9,19,0,0,0,0,2,35,1560,2,12
"2025000011784",1,19,19,0,2,10,4,1,61,1995,2,0
"2025000011785",1,1,19,8,0,0,4,1,70,-1,-1,-1
"2025000011785",2,9,99,8,0,0,1,3,-1,-1,-1,-1
"2025000011786",1,9,4,0,0,0,1,3,-1,1753,2,13
"2025000011786",2,9,3,0,0,0,2,1,27,1598,2,3
"2025000011787",1,9,19,8,0,0,1,1,20,1968,2,13
"2025000011787",2,1,19,8,0,0,2,1,53,-1,-1,-1
"2025000011788",2,9,19,8,0,0,1,1,61,1798,8,7
"2025000011788",1,9,9,5,0,0,4,1,36,1968,2,13
"2025000011789",1,9,4,1,0,0,1,2,55,1461,2,10
"2025000011790",2,9,5,0,0,0,4,1,32,1490,1,6
"2025000011790",1,9,5,0,0,0,3,1,40,1388,1,18
"2025000011791",1,23,99,4,9,99,9,1,35,-1,3,1
"2025000011791",2,9,19,4,0,99,9,2,-1,2000,1,18
"2025000011792",2,1,19,1,0,0,3,1,55,-1,-1,-1
"2025000011792",1,2,7,5,0,0,4,3,-1,-1,-1,-1
"2025000011793",1,9,19,0,5,0,1,1,21,1386,1,17
"2025000011794",2,9,5,6,0,0,1,1,59,1086,1,16
"2025000011794",1,9,19,6,0,0,3,2,38,2143,2,9
"2025000011795",5,9,2,2,0,0,2,3,-1,1598,1,13
"2025000011795",3,9,2,2,0,0,2,3,-1,2184,2,16
"2025000011795",1,9,19,2,1,0,1,3,-1,1997,2,14
"2025000011795",6,9,2,2,0,0,2,3,-1,1995,2,10
"2025000011795",4,19,2,2,0,0,2,3,-1,1560,2,7
"2025000011795",2,9,2,2,0,0,2,3,-1,1598,2,10
"2025000011796",2,9,2,1,0,4,2,3,-1,1596,1,13
"2025000011796",4,9,2,1,0,4,1,3,-1,1997,1,11
"2025000011796",1,9,19,1,0,4,1,1,32,-1,3,0
"2025000011796",3,9,2,1,0,0,3,3,-1,2993,2,4
"2025000011797",1,11,5,0,0,0,0,1,46,9000,5,10
"2025000011798",1,3,19,0,0,0,1,1,31,125,1,6
"2025000011798",2,8,9,0,0,0,9,1,42,1580,8,4
"2025000011799",1,9,19,1,0,0,1,1,-1,-1,-1,-1
"2025000011799",2,9,4,1,0,0,2,1,-1,2389,7,11
"2025000011800",1,9,19,4,0,0,1,2,30,1995,2,2
"2025000011800",2,1,19,2,0,0,3,1,13,-1,-1,-1
"2025000011801",1,11,5,0,0,0,1,1,42,6700,2,10
"2025000011802",1,19,9,1,0,0,1,1,41,1997,2,6
"2025000011803",1,9,99,9,9,99,2,2,56,1197,1,9
"2025000011803",2,9,99,9,9,99,2,3,-1,1796,1,18
"2025000011804",1,9,19,0,0,0,3,2,30,-1,-1,-1
"2025000011804",2,9,19,0,0,0,3,2,46,1499,1,6
"2025000011805",2,-1,19,1,0,0,1,2,12,-1,-1,-1
"2025000011805",1,9,19,1,0,0,3,1,70,1969,1,4
"2025000011806",1,9,19,4,0,7,1,2,46,1149,1,13
"2025000011807",1,9,19,0,0,7,1,1,60,-1,-1,-1
"2025000011808",1,9,4,8,0,0,2,2,49,1796,1,16
"2025000011808",2,9,4,8,0,0,1,1,21,1598,1,11
"2025000011809",1,3,99,9,9,99,9,1,29,125,1,3
"2025000011809",2,9,99,9,9,99,1,1,36,1339,8,9
"2025000011810",1,3,4,0,2,7,0,1,25,125,1,0
"2025000011811",2,3,14,0,0,0,1,1,45,125,1,1
"2025000011811",1,9,19,0,0,0,3,1,29,1248,1,5
"2025000011812",1,9,2,1,0,0,4,2,25,1248,1,12
"2025000011812",2,9,19,1,0,0,4,2,30,-1,-1,-1
"2025000011813",1,9,9,8,0,0,2,1,22,2979,1,4
"2025000011813",2,1,19,1,0,0,4,1,27,-1,-1,-1
"2025000011814",1,9,99,9,9,99,9,3,-1,-1,-1,-1
"2025000011815",1,9,19,8,0,0,3,2,41,1242,1,5
"2025000011815",2,9,19,8,0,0,1,1,49,-1,3,3
"2025000011816",1,9,19,8,0,0,1,1,-1,1984,1,17
"2025000011816",2,9,3,8,0,0,2,2,63,1997,1,10
"2025000011817",1,9,19,8,0,0,4,1,100,-1,-1,-1
"2025000011818",1,11,4,2,0,0,1,1,45,4500,2,14
"2025000011819",1,9,19,0,0,0,1,2,41,1398,1,10
"2025000011819",2,9,3,0,0,0,2,2,50,999,1,8
"2025000011820",1,9,4,0,0,0,2,2,59,4163,1,11
"2025000011820",2,11,4,0,0,0,1,1,54,9200,2,14
"2025000011821",2,17,19,2,0,0,2,1,20,6728,2,1
"2025000011821",3,9,19,2,0,0,1,1,-1,1969,1,5
"2025000011821",1,19,19,2,0,0,1,1,32,1950,2,0
"2025000011822",1,9,9,1,0,0,3,1,62,998,1,0
"2025000011822",2,1,19,1,0,0,1,1,24,-1,-1,-1
"2025000011823",1,9,19,0,0,0,1,3,-1,-1,-1,-1
"2025000011824",2,9,3,1,0,0,2,1,32,2143,2,11
"2025000011824",1,9,19,1,0,0,1,1,32,-1,-1,-1
"2025000011825",1,19,3,0,0,0,1,1,30,1248,2,1
"2025000011825",2,9,3,0,0,0,2,1,41,1582,2,9
"2025000011826",2,5,19,8,1,0,1,1,51,1170,1,3
"2025000011826",1,9,9,6,0,0,3,2,46,2400,2,6
"2025000011827",3,9,19,8,0,0,4,1,42,1997,2,15
"2025000011827",1,8,9,8,0,0,1,1,72,1598,2,7
"2025000011827",2,9,19,8,0,0,1,2,44,1332,1,2
"2025000011828",1,19,19,0,0,0,1,1,25,-1,3,1
"2025000011828",2,21,4,0,0,0,2,1,35,12742,2,3
"2025000011828",3,21,19,0,0,0,1,1,44,-1,-1,-1
"2025000011829",1,9,19,8,0,0,1,3,-1,-1,-1,-1