"collision_index","vehicle_reference","vehicle_type","vehicle_manoeuvre","junction_location","skidding_and_overturning","hit_object_in_carriageway","first_point_of_impact","sex_of_driver","age_of_driver","engine_capacity_cc","propulsion_code","age_of_vehicle"
"2025000012055",2,9,99,9,9,99,1,2,53,1200,1,8
"2025000012056",1,9,19,0,0,0,3,2,68,1580,8,5
"2025000012056",2,9,6,0,0,0,4,1,-1,1595,1,32
"2025000012057",3,9,99,9,9,99,1,1,-1,1968,2,11
"2025000012057",1,19,99,9,9,99,2,1,27,1995,2,5
"2025000012057",2,19,99,9,9,99,2,3,-1,1968,2,2
"2025000012058",1,11,5,1,0,0,0,1,63,4500,2,7
"2025000012059",2,1,-1,0,-1,-1,-1,1,23,-1,-1,-1
"2025000012059",1,9,-1,0,-1,-1,-1,3,-1,4398,1,19
"2025000012060",1,9,19,0,0,0,1,2,57,1497,8,6
"2025000012061",1,11,2,1,0,0,0,1,58,4500,2,3
"2025000012062",1,4,19,0,1,0,4,1,30,400,1,27
"2025000012063",1,11,19,1,0,0,0,1,50,5132,2,3
"2025000012064",2,1,19,8,0,0,1,1,25,-1,-1,-1
"2025000012064",1,9,19,6,0,0,4,3,-1,-1,-1,-1
"2025000012065",3,9,4,0,0,0,2,2,30,1197,1,6
"2025000012065",2,9,4,0,0,0,2,2,45,1999,2,4
"2025000012065",1,9,4,0,0,0,1,3,21,2143,2,6
"2025000012066",1,19,9,5,0,0,1,1,51,2143,2,8
"2025000012066",2,3,19,8,0,0,1,1,37,123,1,5
"2025000012067",1,9,1,1,0,0,2,2,64,1685,2,5
"2025000012068",1,9,7,1,0,0,2,1,25,1798,8,9
"2025000012068",2,1,19,8,5,0,2,1,20,-1,-1,-1
"2025000012069",1,3,99,8,0,0,9,1,22,125,1,0
"2025000012069",2,9,99,9,0,0,9,3,-1,999,1,1
"2025000012070",1,4,19,1,0,0,1,3,-1,395,1,7
"2025000012070",2,9,19,1,0,0,0,1,30,2993,2,5
"2025000012071",1,3,99,9,9,99,1,1,36,125,1,6
"2025000012071",2,9,99,9,9,99,1,3,-1,1995,2,6
"2025000012072",1,9,19,1,0,0,1,1,18,1390,1,9
"2025000012073",1,9,19,0,0,0,1,1,22,1198,1,13
"2025000012073",2,9,19,0,0,0,2,1,28,1995,2,2
"2025000012074",1,9,4,0,1,0,1,2,24,999,1,7
"2025000012074",2,9,4,0,0,0,1,1,70,1598,2,5
"2025000012075",1,9,19,0,0,6,1,2,42,1999,1,18
"2025000012076",1,9,19,4,1,0,4,2,87,1242,1,10
"2025000012077",1,9,99,1,0,0,2,3,-1,1968,2,6
"2025000012078",1,9,9,6,0,0,1,1,53,1686,2,7
"2025000012079",1,3,19,8,0,0,9,1,42,125,1,1
"2025000012079",2,9,19,4,0,0,3,3,-1,1598,2,10
"2025000012080",2,9,19,0,0,0,0,1,38,2993,2,3
"2025000012080",1,9,19,0,0,0,1,1,35,1995,2,5
"2025000012081",1,9,9,8,0,0,1,1,77,1998,1,2
"2025000012081",2,1,19,8,5,0,1,1,45,-1,-1,-1
"2025000012082",2,1,19,0,0,0,4,1,43,-1,-1,-1
"2025000012082",1,9,19,0,0,0,1,2,80,-1,-1,-1
"2025000012083",2,9,19,1,0,0,1,3,-1,-1,-1,-1
"2025000012083",1,3,19,1,0,0,2,1,18,108,1,8
"2025000012084",2,9,19,0,0,0,3,1,50,-1,-1,-1
"2025000012084",1,19,19,0,0,0,1,1,22,1753,2,12
"2025000012084",3,9,2,0,0,0,2,3,-1,1200,1,5
"2025000012085",2,1,19,6,0,0,-1,2,8,-1,-1,-1
"2025000012085",1,9,19,2,0,0,3,2,66,999,1,8
"2025000012086",1,9,19,0,0,0,1,2,52,1560,2,9
"2025000012086",2,9,4,0,0,0,2,2,29,1997,2,10
"2025000012086",3,9,4,0,0,0,2,1,58,1200,1,4
"2025000012087",1,3,19,0,5,0,3,1,26,125,1,17
"2025000012088",1,3,19,0,0,0,0,2,28,125,1,1
"2025000012088",2,9,99,0,0,0,9,3,-1,-1,-1,-1
"2025000012089",2,9,9,8,0,0,4,2,25,1149,1,14
"2025000012089",1,9,19,8,0,0,1,1,25,1950,2,5
"2025000012090",1,3,19,1,0,0,1,1,26,125,1,1
"2025000012090",2,9,9,5,0,0,2,2,36,1896,2,17
"2025000012091",2,1,19,8,0,0,3,2,32,-1,-1,-1
"2025000012091",1,9,7,8,0,0,4,1,33,1896,2,17
"2025000012092",1,9,19,0,0,0,1,3,-1,-1,-1,-1
"2025000012092",2,1,19,0,0,0,4,1,34,-1,-1,-1
"2025000012093",1,9,5,0,0,0,1,1,18,996,1,14
"2025000012094",2,5,-1,-1,-1,-1,-1,1,-1,689,1,7
"2025000012094",1,2,-1,-1,-1,-1,-1,3,-1,-1,-1,-1
"2025000012095",2,9,9,1,0,0,3,2,56,1242,1,8
"2025000012095",1,5,13,1,0,0,4,1,67,1200,1,3
"2025000012096",1,9,19,0,0,0,1,2,57,2993,2,11
"2025000012097",1,19,9,4,0,0,4,1,61,1995,2,7
"2025000012097",2,9,19,3,0,0,3,1,28,1198,1,7
"2025000012098",1,9,9,5,0,0,4,2,22,1242,1,3
"2025000012098",2,21,19,8,0,0,1,1,27,12777,2,7
"2025000012099",1,9,19,0,0,0,1,1,-1,1968,2,5
"2025000012100",1,9,2,8,0,0,9,3,-1,1198,1,7
"2025000012100",2,1,19,8,0,8,1,1,12,-1,-1,-1
"2025000012101",1,11,5,1,0,0,0,1,69,-1,3,1
"2025000012102",1,9,99,9,9,99,1,2,28,1364,1,6
"2025000012102",2,19,13,1,0,0,4,1,49,2287,2,9
"2025000012103",1,8,19,0,0,0,2,1,50,1798,8,10
"2025000012103",2,9,19,0,0,0,1,1,28,1781,1,16
"2025000012104",2,5,19,8,0,0,3,1,32,998,1,4
"2025000012104",1,9,5,8,0,0,1,1,81,1596,1,7
"2025000012105",2,9,19,1,0,0,1,1,31,-1,-1,-1
"2025000012105",1,9,9,8,0,0,3,1,54,-1,-1,-1
"2025000012106",2,9,19,0,0,0,3,2,45,1596,1,14
"2025000012106",1,19,13,0,0,0,4,1,-1,-1,-1,-1
"2025000012107",1,9,99,0,9,99,9,3,-1,-1,-1,-1
"2025000012108",1,17,19,0,5,0,0,1,34,6702,2,10
"2025000012109",1,9,9,2,0,0,1,2,30,1596,1,20
"2025000012109",2,5,19,1,0,0,4,1,25,599,1,25
"2025000012110",1,19,19,4,0,0,1,1,32,1995,2,4
"2025000012110",2,1,12,4,0,0,2,1,30,-1,-1,-1
"2025000012111",2,-1,14,1,0,0,1,1,21,-1,-1,-1
"2025000012111",1,9,9,6,0,0,3,2,53,-1,-1,-1
"2025000012112",1,11,4,0,9,0,0,2,39,6692,2,8
"2025000012113",1,9,19,0,1,0,1,1,19,1596,1,6
"2025000012114",2,1,19,8,0,0,1,1,46,-1,-1,-1
"2025000012114",1,9,9,8,0,0,4,2,33,999,1,7
"2025000012115",1,23,19,0,0,0,1,3,-1,-1,-1,-1
"2025000012116",2,9,5,4,0,0,1,2,-1,1598,1,5
"2025000012116",1,3,6,8,0,0,4,1,28,124,1,15
"2025000012117",2,9,99,9,9,99,1,3,-1,-1,-1,-1
"2025000012117",1,9,99,9,9,99,1,2,25,-1,-1,-1
"2025000012118",1,11,4,1,0,0,0,1,72,4250,2,12
"2025000012119",1,9,19,8,1,0,3,1,24,1461,2,7
"2025000012119",2,9,19,8,0,0,3,1,23,1598,2,5
"2025000012120",1,9,7,6,0,0,1,3,-1,-1,-1,-1
"2025000012121",3,9,19,0,0,0,1,1,32,1995,2,17
"2025000012121",2,9,2,0,0,0,3,1,21,1998,1,17
"2025000012121",1,9,19,0,0,0,1,1,40,1998,1,12
"2025000012122",2,9,19,4,0,0,1,2,49,1595,1,10
"2025000012122",1,9,19,8,0,10,4,1,17,1398,1,9
"2025000012123",1,9,19,4,0,0,1,2,29,1499,1,4
"2025000012124",1,9,19,1,0,0,4,1,55,1388,1,21
"2025000012125",1,9,19,1,0,0,1,1,58,1591,1,11
"2025000012125",2,19,9,6,0,0,1,1,50,1560,2,11
"2025000012126",2,9,19,1,0,0,1,1,30,-1,-1,-1
"2025000012126",1,9,19,1,0,0,2,2,22,999,1,6
"2025000012127",4,9,4,0,0,0,1,1,26,1995,2,9
"2025000012127",3,9,4,0,0,0,2,1,29,1995,2,13
"2025000012127",1,9,4,0,0,0,2,2,32,998,1,3
"2025000012127",2,9,4,0,0,0,2,2,22,1499,1,3
"2025000012128",1,9,11,3,0,0,4,2,63,1591,1,6
"2025000012128",2,5,19,3,0,0,3,1,26,998,1,18
"2025000012129",2,9,3,4,0,0,2,2,58,1956,2,7
"2025000012129",1,9,19,4,0,0,1,2,40,2204,2,14
"2025000012130",1,19,19,1,1,0,4,1,30,1997,2,5
"2025000012130",2,9,19,1,1,0,3,2,33,1461,2,7
"2025000012131",1,21,19,0,0,0,1,1,52,9200,2,11
"2025000012131",2,21,4,0,0,0,2,1,57,12902,2,1
"2025000012132",2,1,9,5,0,0,1,1,55,-1,-1,-1
"2025000012132",1,9,19,8,0,0,1,2,28,1296,1,15
"2025000012133",1,4,13,1,1,0,0,1,36,249,1,34
"2025000012134",1,9,19,8,1,10,1,1,31,1896,2,14
"2025000012135",1,21,5,0,0,0,1,2,52,8710,2,2
"2025000012136",1,19,19,0,0,0,4,3,-1,-1,-1,-1
"2025000012137",2,9,19,0,1,7,1,1,24,-1,-1,-1
"2025000012137",1,9,3,0,1,0,1,2,60,1995,2,5
"2025000012138",1,9,9,6,0,0,1,1,76,1296,1,11
"2025000012138",2,9,19,8,0,10,1,3,-1,1596,1,14
"2025000012139",1,9,5,0,0,0,1,1,57,-1,-1,-1
"2025000012140",1,9,19,0,0,0,1,2,67,1364,1,7
"2025000012141",2,9,19,0,0,0,1,2,24,1598,2,3
"2025000012141",1,9,3,0,0,0,2,2,42,1999,2,1
"2025000012142",1,9,5,1,0,0,1,1,66,1339,1,10
"2025000012142",2,9,19,8,0,0,1,1,33,1598,2,6
"2025000012143",1,9,19,0,0,0,1,2,41,1896,2,13
"2025000012143",2,9,4,0,0,0,2,1,25,998,1,6
"2025000012143",3,9,4,0,0,0,2,1,38,1560,2,10
"2025000012144",1,9,7,0,1,0,1,1,18,1586,1,14
"2025000012144",2,9,19,0,0,0,1,1,62,-1,-1,-1
"2025000012145",2,1,19,4,0,0,1,1,19,-1,-1,-1
"2025000012145",1,9,19,4,0,0,4,3,-1,-1,-1,-1
"2025000012146",1,9,9,6,0,0,1,1,28,1956,2,10
"2025000012147",1,9,19,8,2,10,1,1,21,1364,1,17
"2025000012147",2,9,19,8,0,0,4,2,21,1560,2,12
"2025000012148",1,9,19,8,0,0,1,2,72,1498,1,1
"2025000012149",1,1,99,0,9,99,3,1,7,-1,-1,-1
"2025000012149",2,8,19,0,9,99,1,3,-1,-1,-1,-1
"2025000012150",2,9,19,1,0,0,0,3,54,-1,-1,-1
"2025000012150",1,3,19,1,1,0,4,1,29,125,1,11
"2025000012151",1,9,19,0,5,0,1,2,73,-1,-1,-1
"2025000012152",1,9,19,0,0,0,1,1,54,1797,8,14
"2025000012153",1,3,19,1,0,0,1,1,25,125,1,3
"2025000012153",2,9,9,1,0,0,1,1,79,1363,2,21
"2025000012154",1,9,99,9,9,99,1,3,-1,-1,-1,-1
"2025000012155",2,19,11,0,1,0,1,1,21,1995,2,4
"2025000012155",1,9,4,0,0,0,2,1,49,1997,2,11
"2025000012156",2,9,3,1,0,0,2,2,66,1240,1,13
"2025000012156",1,5,19,1,0,0,1,1,39,889,1,1
"2025000012157",2,9,19,0,0,0,2,1,30,2987,2,7
"2025000012157",1,9,19,0,0,0,1,1,26,-1,-1,-1
"2025000012158",1,9,9,5,0,0,3,1,39,-1,-1,-1
"2025000012158",2,3,19,1,0,0,1,1,19,124,1,8
"2025000012159",1,4,19,8,1,0,1,1,72,-1,-1,-1
"2025000012160",3,9,9,5,0,0,3,2,19,1149,1,13
"2025000012160",1,3,13,8,0,0,1,2,19,124,1,12
"2025000012160",2,19,19,8,0,0,0,3,-1,-1,-1,-1
"2025000012161",1,9,19,0,0,0,4,1,42,1997,2,10
"2025000012161",2,9,5,0,0,0,1,1,66,1950,2,6
"2025000012162",2,11,99,9,9,99,1,3,-1,-1,-1,-1
"2025000012162",1,11,99,9,9,99,2,1,58,4500,2,6
"2025000012162",3,11,99,9,9,99,9,3,-1,-1,-1,-1
"2025000012163",1,9,19,0,0,0,4,2,57,999,1,0
"2025000012164",2,9,3,0,0,0,2,1,75,3222,2,18
"2025000012164",1,9,4,0,0,0,1,2,24,1984,1,6
"2025000012165",1,9,19,0,0,0,4,2,45,2993,2,13
"2025000012166",1,19,5,1,0,0,1,1,64,2464,2,14
"2025000012166",2,9,4,4,0,0,2,2,60,1596,1,10
"2025000012167",1,19,4,1,0,0,4,1,63,1598,2,4
"2025000012167",2,98,2,8,0,0,3,3,-1,2299,2,2
"2025000012168",1,9,19,0,0,0,1,1,36,3982,1,7
"2025000012169",1,9,4,1,0,0,2,1,31,1560,2,13
"2025000012169",2,9,19,1,0,0,1,1,61,1896,2,14
"2025000012170",1,9,99,9,9,99,9,2,47,1999,2,4
"2025000012170",2,9,99,9,9,99,9,3,-1,1995,2,7
"2025000012171",1,9,19,1,0,0,1,3,30,1968,2,1
"2025000012171",2,9,4,1,0,0,2,2,51,996,1,8
"2025000012172",2,1,9,8,0,0,4,1,28,-1,-1,-1
"2025000012172",1,9,5,4,0,0,1,1,35,1598,1,11
"2025000012173",1,19,99,5,9,99,1,3,-1,1560,2,7
"2025000012174",1,9,19,0,0,0,3,2,44,1600,1,11
"2025000012175",1,9,9,1,0,0,1,1,18,1198,1,16
"2025000012175",2,9,19,1,0,0,1,3,-1,1956,2,9
"2025000012176",2,1,19,0,1,0,2,1,60,-1,-1,-1
"2025000012176",1,19,11,0,0,0,4,1,31,2287,2,1
"2025000012177",2,9,19,0,0,0,2,2,32,2967,2,8
"2025000012177",1,9,19,0,0,0,1,1,35,1560,2,16
"2025000012178",1,9,4,0,0,0,1,2,49,1197,1,4
"2025000012179",1,9,19,0,2,10,1,1,31,1461,2,12
"2025000012180",2,1,19,4,0,0,1,1,41,-1,-1,-1
"2025000012180",1,9,7,4,0,0,4,3,-1,1490,1,2
"2025000012181",1,19,1,0,0,0,2,1,-1,-1,-1,-1
"2025000012182",1,8,15,0,0,0,1,1,41,1798,8,10
"2025000012183",2,19,19,8,5,0,3,1,39,1461,2,3
"2025000012183",1,9,5,8,0,0,1,1,75,996,1,12
"2025000012184",3,9,19,0,0,0,1,1,23,1991,2,16
"2025000012184",2,21,2,0,0,0,2,1,48,4500,2,5
"2025000012184",1,9,19,0,0,0,1,2,70,1598,1,11
"2025000012185",1,19,7,1,0,0,1,1,51,-1,-1,-1
"2025000012186",1,9,19,0,5,10,1,1,20,1108,1,15
"2025000012187",1,1,19,8,0,0,3,2,8,-1,-1,-1
"2025000012187",2,19,19,8,0,0,1,1,36,1560,2,3
"2025000012188",1,10,19,0,0,0,3,1,52,-1,-1,-1
"2025000012188",3,9,19,0,0,0,3,1,27,-1,3,0
"2025000012188",2,9,19,0,0,0,3,1,53,1995,1,0
"2025000012189",1,3,99,9,9,99,9,1,28,124,1,2
"2025000012189",2,9,99,9,9,99,1,3,-1,-1,-1,-1
"2025000012190",2,1,5,2,0,0,1,1,48,-1,-1,-1
"2025000012190",1,9,19,2,0,0,1,1,43,1798,1,12
"2025000012191",2,8,5,8,0,0,1,1,53,2143,2,4
"2025000012191",1,5,3,8,0,0,2,1,38,1198,1,9
"2025000012192",1,19,19,2,0,0,1,1,64,1500,2,3
"2025000012193",1,9,19,1,0,10,1,2,89,999,1,1
"2025000012194",1,4,99,9,9,99,1,1,20,125,1,12
"2025000012194",2,9,99,9,9,99,2,3,-1,-1,-1,-1
"2025000012195",1,9,3,1,0,0,1,1,43,-1,3,4
"2025000012196",1,9,99,9,9,99,9,2,28,1596,1,7
"2025000012196",2,10,99,9,9,99,9,1,65,2143,2,8
"2025000012197",1,9,19,0,0,0,4,2,56,1598,2,8
"2025000012198",1,9,1,0,0,0,2,1,42,1596,1,14
"2025000012199",1,3,99,9,9,99,9,1,27,115,1,5
"2025000012199",2,9,99,9,9,99,9,3,-1,1198,1,11
"2025000012200",2,5,19,0,0,0,3,1,44,998,1,3
"2025000012200",1,9,19,0,0,0,4,3,-1,1595,1,15
"2025000012201",1,9,9,6,0,0,3,1,69,-1,-1,-1
"2025000012201",2,9,19,1,0,0,1,1,20,-1,-1,-1
"2025000012202",6,9,19,0,0,0,1,1,20,-1,-1,-1
"2025000012202",3,9,19,0,0,0,2,1,27,999,1,11
"2025000012202",2,9,19,0,0,0,2,2,29,1229,1,9
"2025000012202",1,9,4,0,0,0,2,1,51,998,1,11
"2025000012202",5,9,19,0,0,0,1,1,37,-1,-1,-1
"2025000012202",4,9,19,0,0,0,1,2,30,1368,1,15
"2025000012203",2,9,13,8,0,0,1,1,38,2400,2,14
"2025000012203",1,9,19,8,0,0,3,2,44,1598,2,9
"2025000012204",2,5,4,1,0,0,1,1,55,1649,1,6
"2025000012204",1,19,1,1,0,0,2,1,46,2198,2,14
"2025000012205",1,9,19,1,0,0,-1,3,-1,2143,2,10
"2025000012206",1,11,4,0,0,0,0,1,33,6871,2,12
"2025000012207",1,9,19,0,0,0,0,1,41,-1,-1,-1
"2025000012208",2,19,99,9,9,99,1,3,-1,2143,2,14
"2025000012208",1,9,99,9,9,99,2,2,21,-1,-1,-1
"2025000012209",2,1,3,1,0,0,2,2,70,-1,-1,-1
"2025000012209",1,9,4,1,0,0,1,2,66,1560,2,14
"2025000012210",1,9,19,8,0,0,1,1,33,-1,-1,-1
"2025000012211",1,9,3,8,0,0,2,2,37,996,1,13
"2025000012211",2,9,7,8,0,0,1,3,-1,1598,1,14
"2025000012212",1,9,19,0,2,10,4,1,18,999,1,21
"2025000012213",2,11,19,0,0,0,3,1,56,-1,2,16
"2025000012213",1,9,19,0,5,0,1,1,18,998,1,16
"2025000012214",1,9,19,1,0,0,1,1,58,1796,1,7
"2025000012214",2,9,8,1,0,0,2,2,52,1598,1,14
"2025000012215",2,9,10,2,0,0,1,1,60,-1,-1,-1
"2025000012215",1,9,19,8,0,0,1,2,44,-1,3,1
"2025000012216",2,9,99,9,9,99,1,3,-1,-1,-1,-1
"2025000012216",1,9,99,9,9,99,2,1,46,1422,2,7
"2025000012217",1,4,19,0,0,0,3,2,42,124,1,3
"2025000012217",2,19,19,0,0,0,3,1,46,1995,2,1
"2025000012218",2,9,99,1,9,0,1,1,-1,1987,8,5
"2025000012218",1,9,99,9,9,99,2,2,29,1198,1,8
"2025000012219",2,9,4,1,0,0,1,1,62,1149,1,12
"2025000012219",1,9,3,1,0,0,2,2,58,1798,1,10
"2025000012220",1,5,19,0,2,11,4,1,74,675,1,9
"2025000012221",1,9,99,9,9,99,1,2,31,1398,1,2
"2025000012222",1,9,99,9,9,99,2,2,22,-1,-1,-1
"2025000012222",2,9,99,9,9,99,9,3,-1,1995,2,13
"2025000012223",1,4,99,9,9,99,9,1,33,330,1,0
"2025000012223",2,9,99,9,9,99,9,3,-1,1497,8,6
"2025000012224",2,1,19,1,0,0,4,2,56,-1,-1,-1
"2025000012224",1,9,9,6,0,0,1,1,38,1968,2,7
"2025000012225",2,9,-1,0,-1,-1,2,1,65,-1,-1,-1
"2025000012225",1,9,-1,0,-1,-1,1,1,57,1999,1,16
"2025000012226",1,9,19,0,0,0,1,1,22,1991,1,4
"2025000012226",2,9,19,0,0,0,3,1,48,1969,1,2
"2025000012227",1,11,4,1,0,0,3,2,64,9000,2,12
"2025000012228",2,9,19,1,0,0,1,2,77,-1,-1,-1
"2025000012228",1,9,10,8,0,0,4,2,50,-1,-1,-1
"2025000012229",3,9,19,0,0,0,2,1,37,1598,2,13
"2025000012229",1,19,19,0,0,0,1,1,63,1995,2,3
"2025000012229",2,9,19,0,0,0,2,1,47,1685,2,8
"2025000012230",1,9,19,8,0,0,4,1,20,1198,1,8
"2025000012230",2,9,19,6,0,0,1,1,-1,-1,-1,-1
"2025000012231",1,3,7,5,0,0,4,1,26,125,1,4
"2025000012231",2,11,19,1,0,0,1,2,35,9360,2,11
"2025000012232",1,9,11,0,0,0,3,1,24,1968,2,11
"2025000012232",2,9,19,0,0,0,4,1,54,-1,-1,-1
"2025000012233",1,9,19,0,0,0,1,1,22,1461,2,9
"2025000012233",2,9,19,0,0,0,2,1,28,1248,1,4
"2025000012234",1,9,1,2,0,0,2,2,51,1242,1,9
"2025000012235",1,19,19,4,0,0,3,1,38,1950,2,0
"2025000012235",2,9,19,3,0,0,3,2,41,1984,1,6
"2025000012236",1,-1,99,9,9,99,1,3,-1,-1,-1,-1
"2025000012237",1,9,19,0,0,0,4,3,-1,999,1,2
"2025000012238",1,8,9,6,0,0,1,1,36,-1,3,1
"2025000012239",2,3,19,0,0,0,4,3,-1,108,1,8
"2025000012239",1,1,19,0,0,0,3,2,24,-1,-1,-1
"2025000012240",2,5,14,8,0,0,1,1,22,689,1,2
"2025000012240",1,9,9,6,0,0,3,1,45,1968,2,8
"2025000012241",1,9,1,0,0,0,2,1,30,1600,2,13
"2025000012242",2,9,9,3,0,0,1,2,39,1598,1,11
"2025000012242",1,3,19,3,0,0,4,1,17,124,1,1
"2025000012243",1,1,19,1,0,0,2,1,15,-1,-1,-1
"2025000012243",2,9,19,1,0,0,-1,3,-1,-1,-1,-1
"2025000012244",2,9,8,1,0,0,2,2,39,1296,1,15
"2025000012244",1,9,19,1,0,0,1,1,38,1992,2,16
"2025000012245",1,8,19,0,0,0,0,3,-1,1296,1,37
"2025000012246",1,1,5,0,0,0,1,1,9,-1,-1,-1
"2025000012246",2,9,3,0,0,0,3,2,42,998,1,1
"2025000012247",1,9,19,1,0,0,1,1,52,-1,-1,-1
"2025000012247",2,9,3,1,0,0,0,1,-1,-1,-1,-1
"2025000012248",2,9,19,0,0,0,1,2,67,1388,1,14
"2025000012248",1,9,5,0,0,0,3,2,70,1998,1,16
"2025000012249",1,9,5,4,0,0,1,1,49,999,1,4
"2025000012249",2,9,5,4,5,0,4,1,66,2198,2,8
"2025000012250",2,9,2,0,0,0,0,1,-1,1995,2,4
"2025000012250",1,9,5,0,0,0,0,3,-1,1896,2,13
"2025000012251",2,9,19,1,0,0,1,2,31,1988,1,19
"2025000012251",1,9,9,2,0,0,1,2,46,1496,1,6
"2025000012252",2,9,99,9,9,99,1,3,-1,1242,1,16
"2025000012252",1,1,99,9,9,99,2,2,56,-1,-1,-1
"2025000012253",2,1,19,0,0,0,2,1,45,-1,-1,-1
"2025000012253",1,9,19,0,0,0,1,1,17,1242,1,16
"2025000012254",2,11,19,1,0,0,1,1,-1,5130,2,3
"2025000012254",1,9,10,8,0,0,1,2,31,1360,1,15
"2025000012255",2,9,19,1,0,0,1,2,32,1560,2,10
"2025000012255",1,9,9,8,0,0,3,2,19,1398,1,11
"2025000012256",1,19,19,1,0,0,4,1,45,1560,2,5
"2025000012257",3,9,3,1,0,0,2,1,40,1999,2,6
"2025000012257",2,9,3,1,0,0,2,1,34,2496,2,17
"2025000012257",1,9,19,1,0,0,1,1,32,1995,2,17
"2025000012258",1,19,19,0,0,0,1,1,39,1499,2,2
"2025000012258",2,9,19,0,0,0,1,1,84,1560,2,11
"2025000012259",1,-1,9,5,0,0,4,3,-1,-1,-1,-1
"2025000012259",2,3,19,1,5,0,1,1,21,124,1,0
"2025000012260",3,9,19,2,0,0,1,2,25,998,1,6
"2025000012260",4,9,19,2,0,0,1,2,35,1598,1,10
"2025000012260",2,9,19,2,0,0,2,2,40,1685,2,8
"2025000012260",1,9,4,2,0,0,1,2,23,998,1,10
"2025000012261",1,9,7,6,0,0,3,3,65,1199,1,3
"2025000012261",2,1,19,8,0,0,4,1,73,-1,-1,-1
"2025000012262",1,9,99,9,9,99,9,3,-1,-1,3,6
"2025000012263",1,9,4,8,0,0,0,3,-1,-1,-1,-1
"2025000012263",2,1,19,8,0,0,0,1,50,-1,-1,-1
"2025000012264",4,9,2,0,0,0,4,1,38,1206,1,14
"2025000012264",2,9,5,0,0,0,1,1,24,-1,-1,-1
"2025000012264",1,9,19,0,0,0,1,1,24,1499,2,5
"2025000012264",3,9,2,0,0,0,4,2,73,1242,1,16
"2025000012265",1,9,19,8,0,0,1,3,30,1560,2,13
"2025000012265",2,1,19,8,5,0,1,1,47,-1,-1,-1
"2025000012266",2,1,5,8,5,0,1,1,38,-1,-1,-1
"2025000012266",1,9,19,8,0,0,3,3,-1,-1,-1,-1
"2025000012267",1,9,19,0,0,0,1,1,75,1198,1,19
"2025000012268",1,9,19,0,0,0,1,1,-1,1968,2,6
"2025000012269",2,9,9,2,0,0,1,1,83,1461,2,9
"2025000012269",1,9,19,1,1,11,1,1,25,1468,1,19
"2025000012270",2,11,19,0,0,0,3,1,45,-1,-1,-1
"2025000012270",1,11,19,0,0,0,3,1,43,6696,2,7
"2025000012271",1,9,19,2,0,0,4,1,50,3996,1,19
"2025000012272",2,1,10,4,0,0,2,1,28,-1,-1,-1
"2025000012272",1,9,10,4,0,0,1,2,45,1685,2,13
"2025000012273",2,1,19,3,0,0,3,2,39,-1,-1,-1
"2025000012273",1,9,19,4,0,0,4,3,30,999,1,7
"2025000012274",1,9,19,1,0,0,2,1,78,1984,1,6
"2025000012274",2,-1,3,1,5,0,3,1,54,-1,-1,-1
"2025000012275",2,9,19,1,0,0,1,1,60,2099,2,15
"2025000012275",1,3,9,8,0,0,2,1,29,125,1,0
"2025000012276",2,5,19,8,0,0,1,1,57,1157,1,22
"2025000012276",1,9,9,6,0,0,3,2,43,4367,2,3
"2025000012277",2,1,-1,0,-1,-1,-1,1,27,-1,-1,-1
"2025000012277",1,9,-1,0,-1,-1,-1,3,-1,-1,-1,-1
"2025000012278",2,9,19,8,0,0,1,2,44,1398,1,8
"2025000012278",1,9,9,8,0,0,1,2,72,1341,1,22
"2025000012279",3,9,2,1,0,0,3,3,-1,1968,2,6
"2025000012279",4,9,2,1,0,0,2,3,-1,-1,-1,-1
"2025000012279",2,9,2,1,0,0,2,3,-1,1798,1,7
"2025000012279",1,9,19,1,1,4,3,1,18,998,1,14
"2025000012280",2,9,4,1,0,0,1,2,39,1968,2,17
"2025000012280",1,9,3,1,0,0,2,1,50,1995,2,9
"2025000012281",2,9,19,4,0,0,1,1,31,1796,1,18
"2025000012281",1,19,9,3,0,0,4,1,31,1995,2,4
"2025000012282",2,9,99,9,9,99,9,3,-1,1498,1,3
"2025000012282",1,3,99,9,9,99,9,1,27,125,1,9
"2025000012283",1,9,-1,0,-1,-1,-1,2,45,-1,-1,-1
"2025000012283",2,9,19,0,0,0,1,1,48,1388,1,12
"2025000012284",2,19,19,0,0,0,0,2,33,-1,-1,-1
"2025000012284",1,2,19,0,1,0,0,1,56,-1,-1,-1
"2025000012285",1,19,19,0,0,12,1,1,50,1248,2,15
"2025000012286",2,9,15,1,0,0,3,1,37,-1,-1,-1
"2025000012286",1,9,19,1,0,0,4,1,47,2493,8,10
"2025000012287",1,9,5,1,0,0,3,2,69,1242,1,17
"2025000012287",2,1,5,1,0,0,1,1,40,-1,-1,-1
"2025000012288",1,5,13,0,1,0,3,1,47,999,1,17
"2025000012289",1,9,19,0,0,0,2,2,36,1398,1,8
"2025000012289",2,19,11,0,0,0,1,1,50,1870,2,18
"2025000012290",1,9,19,0,0,0,1,1,41,-1,-1,-1
"2025000012290",2,9,2,0,0,0,4,-1,-1,-1,-1,-1
"2025000012291",2,9,8,6,0,0,3,2,45,1968,2,7
"2025000012291",1,3,19,2,0,0,3,1,17,125,1,11
"2025000012291",3,9,19,1,0,0,0,1,48,1968,2,12