"collision_index","vehicle_reference","vehicle_type","vehicle_manoeuvre","junction_location","skidding_and_overturning","hit_object_in_carriageway","first_point_of_impact","sex_of_driver","age_of_driver","engine_capacity_cc","propulsion_code","age_of_vehicle"
"2025000012973",1,1,19,8,0,0,3,1,14,-1,-1,-1
"2025000012974",1,9,19,1,0,0,1,2,23,1364,1,14
"2025000012975",3,21,19,0,0,0,2,1,56,12742,2,3
"2025000012975",1,20,19,0,0,0,1,1,52,2998,2,3
"2025000012975",2,19,19,0,0,0,1,1,39,2143,2,10
"2025000012976",1,9,19,1,0,0,1,1,65,1984,1,2
"2025000012976",2,9,9,8,0,0,4,2,55,1995,2,6
"2025000012977",3,9,2,1,0,0,2,3,-1,1399,1,8
"2025000012977",2,19,19,8,0,10,4,1,34,2402,2,15
"2025000012977",1,9,19,8,0,0,1,2,44,2487,8,4
"2025000012978",1,2,99,9,9,99,9,3,-1,-1,-1,-1
"2025000012979",1,19,11,0,0,0,1,1,57,1997,2,2
"2025000012979",2,1,9,0,0,0,2,1,60,-1,-1,-1
"2025000012980",2,9,2,0,0,0,2,1,23,1956,2,13
"2025000012980",1,9,-1,0,-1,-1,-1,3,-1,-1,-1,-1
"2025000012981",1,1,99,9,9,99,9,1,37,-1,-1,-1
"2025000012981",2,9,7,1,0,0,3,3,-1,3199,1,20
"2025000012982",1,21,12,0,0,7,1,1,43,12740,2,10
"2025000012982",2,21,3,0,0,0,2,1,48,12419,2,1
"2025000012983",1,1,19,0,0,0,0,2,63,-1,-1,-1
"2025000012984",2,1,19,1,0,0,3,1,12,-1,-1,-1
"2025000012984",1,19,19,1,0,0,1,1,24,2143,2,2
"2025000012985",2,9,10,1,0,0,2,2,34,1896,2,14
"2025000012985",1,9,19,1,0,0,1,1,25,1388,1,14
"2025000012986",1,9,19,0,0,0,1,1,-1,1968,2,18
"2025000012986",2,9,3,0,0,0,1,1,25,-1,-1,-1
"2025000012987",1,19,2,0,0,0,2,3,-1,1968,2,6
"2025000012987",2,2,15,0,5,4,1,1,30,-1,-1,-1
"2025000012988",1,9,19,6,0,0,1,1,80,1560,2,7
"2025000012989",1,-1,19,0,0,0,1,3,-1,-1,-1,-1
"2025000012990",1,9,19,1,0,0,-1,3,-1,-1,-1,-1
"2025000012990",2,9,19,1,0,0,1,1,54,998,1,19
"2025000012991",1,5,19,0,2,0,1,1,20,847,1,5
"2025000012992",2,9,99,9,9,99,9,3,-1,1968,2,9
"2025000012992",1,3,99,9,9,99,1,1,38,125,1,5
"2025000012993",2,1,19,8,0,0,4,1,17,-1,-1,-1
"2025000012993",1,9,7,6,0,0,1,2,22,1229,1,5
"2025000012994",1,9,19,0,0,4,1,2,51,1560,2,9
"2025000012994",3,9,2,0,0,0,2,3,-1,1796,1,10
"2025000012994",2,9,2,0,0,0,2,3,-1,1995,2,2
"2025000012995",1,9,19,2,5,0,1,1,19,1242,1,15
"2025000012996",2,9,2,1,0,0,2,3,-1,1995,2,12
"2025000012996",1,9,19,1,0,4,1,1,76,1364,1,4
"2025000012996",3,9,2,1,0,0,2,3,-1,1998,1,17
"2025000012996",4,9,2,1,0,0,2,3,-1,-1,3,1
"2025000012997",2,9,19,0,0,0,3,1,41,1997,2,14
"2025000012998",1,19,19,8,0,0,3,1,-1,1995,2,4
"2025000012999",2,1,19,0,5,0,2,1,9,-1,-1,-1
"2025000012999",1,9,19,0,0,0,1,1,40,-1,-1,-1
"2025000013000",1,17,19,0,0,0,3,1,30,6728,2,9
"2025000013000",2,9,4,0,0,0,3,1,59,2993,2,10
"2025000013001",1,9,19,3,0,0,4,1,34,-1,-1,-1
"2025000013001",2,21,9,3,0,0,3,1,39,-1,-1,-1
"2025000013002",1,9,3,0,0,4,1,1,64,1791,8,10
"2025000013002",4,9,3,0,0,0,0,1,31,1490,8,0
"2025000013002",3,9,2,0,0,0,2,3,-1,2999,1,2
"2025000013002",2,9,4,0,0,0,1,1,39,-1,-1,-1
"2025000013003",1,9,5,0,0,0,1,1,81,1498,8,1
"2025000013003",2,9,19,0,0,0,1,2,70,998,1,11
"2025000013004",1,20,19,2,0,0,4,1,31,-1,-1,-1
"2025000013005",2,9,13,0,1,0,1,1,26,1598,1,12
"2025000013005",1,9,15,0,0,0,0,1,25,1984,1,5
"2025000013005",3,9,19,0,1,0,2,1,83,998,1,1
"2025000013006",2,2,9,5,0,0,1,1,-1,125,1,9
"2025000013006",1,9,9,5,0,0,3,1,37,1968,2,7
"2025000013007",1,9,9,8,0,0,1,2,30,999,1,8
"2025000013007",2,9,5,8,0,0,1,1,33,1560,2,10
"2025000013008",1,11,19,0,0,0,4,3,-1,-1,-1,-1
"2025000013009",1,19,9,5,0,0,1,1,39,2143,2,5
"2025000013009",2,1,19,1,0,0,1,1,25,-1,-1,-1
"2025000013010",2,9,6,0,0,0,3,1,-1,1580,8,5
"2025000013010",1,1,19,0,5,0,4,1,46,-1,-1,-1
"2025000013011",2,9,19,0,0,0,3,2,27,1598,2,10
"2025000013011",1,11,13,0,0,0,3,1,22,7300,2,16
"2025000013011",3,1,19,0,0,0,0,3,-1,-1,-1,-1
"2025000013012",1,9,19,0,0,0,1,1,47,1988,1,20
"2025000013012",2,9,4,0,0,0,2,1,44,1968,2,13
"2025000013013",1,9,19,0,0,0,1,3,-1,-1,-1,-1
"2025000013014",1,1,19,0,0,0,3,2,8,-1,-1,-1
"2025000013014",2,9,19,0,0,0,1,2,46,1598,2,8
"2025000013015",1,1,99,9,9,99,1,2,34,-1,-1,-1
"2025000013015",2,9,99,9,9,99,0,3,-1,1332,1,2
"2025000013016",1,9,99,9,9,99,2,2,34,1984,1,7
"2025000013016",2,9,99,9,9,99,1,3,-1,-1,-1,-1
"2025000013017",1,9,19,8,0,0,3,2,26,1499,1,4
"2025000013017",2,9,19,1,0,0,1,2,57,1360,1,16
"2025000013018",1,9,19,0,-1,0,4,2,-1,1995,2,6
"2025000013019",1,11,19,0,0,10,1,1,50,4250,2,12
"2025000013020",1,19,99,9,9,99,1,1,-1,2143,2,4
"2025000013021",1,9,7,6,0,0,4,3,-1,-1,-1,-1
"2025000013021",2,1,19,1,0,0,1,1,24,-1,-1,-1
"2025000013022",1,9,19,0,0,0,1,2,41,1197,1,11
"2025000013023",2,1,19,1,0,0,4,1,36,-1,-1,-1
"2025000013023",1,8,9,1,0,0,1,1,43,1968,2,6
"2025000013024",2,1,19,8,0,0,1,1,37,-1,-1,-1
"2025000013024",1,9,9,8,0,0,3,2,32,999,1,1
"2025000013025",1,9,2,0,0,0,3,1,35,1596,1,17
"2025000013025",2,1,19,0,1,0,1,1,28,-1,-1,-1
"2025000013026",1,11,19,2,0,0,3,1,40,5132,2,5
"2025000013027",1,9,19,1,0,0,1,1,19,1598,2,10
"2025000013028",2,9,2,0,0,0,4,3,-1,1896,2,16
"2025000013028",3,9,2,0,0,0,4,3,-1,1968,2,7
"2025000013028",1,9,19,0,1,0,1,1,38,998,1,5
"2025000013029",1,2,19,8,0,0,1,1,27,108,1,7
"2025000013029",2,9,19,4,0,0,3,1,18,1360,1,22
"2025000013030",1,9,19,0,1,0,1,1,-1,2099,1,21
"2025000013031",1,9,9,6,0,0,1,1,63,1997,2,6
"2025000013032",2,5,19,2,0,0,1,1,25,890,1,1
"2025000013032",1,9,4,2,0,0,2,1,28,1349,1,8
"2025000013033",1,11,4,0,0,0,0,1,59,4760,2,8
"2025000013034",2,9,99,9,9,99,2,3,47,1499,1,4
"2025000013034",1,3,99,9,9,99,9,1,42,125,1,1
"2025000013035",3,9,5,1,0,0,1,1,38,1798,8,2
"2025000013035",2,9,5,1,1,0,1,1,61,1198,1,16
"2025000013035",1,9,7,2,1,0,3,1,39,1998,1,16
"2025000013036",2,1,14,0,0,8,4,1,35,-1,-1,-1
"2025000013036",1,8,3,0,0,0,3,1,-1,-1,-1,-1
"2025000013037",1,9,1,6,0,0,2,3,35,-1,-1,-1
"2025000013038",1,9,19,8,0,0,0,2,76,1798,1,5
"2025000013039",2,23,12,1,0,0,3,1,32,-1,3,0
"2025000013039",1,9,-1,-1,-1,-1,-1,3,-1,-1,-1,-1
"2025000013040",1,9,19,1,0,0,1,2,66,1498,1,3
"2025000013040",2,9,19,1,0,10,1,2,42,1360,1,13
"2025000013041",3,9,19,1,0,0,3,1,28,1956,2,7
"2025000013041",2,9,19,1,0,0,2,2,40,-1,-1,-1
"2025000013041",1,9,19,1,0,0,1,1,31,1498,1,4
"2025000013042",2,9,5,0,0,0,4,1,28,1560,2,8
"2025000013042",1,97,-1,0,-1,-1,-1,1,-1,-1,-1,-1
"2025000013043",2,9,99,1,0,0,9,3,-1,1390,1,12
"2025000013043",1,9,99,1,0,0,2,2,52,1797,8,9
"2025000013043",3,19,99,1,0,0,0,3,-1,1995,2,1
"2025000013044",1,11,4,0,0,0,0,1,28,6700,2,1
"2025000013045",1,9,19,8,0,0,0,3,-1,-1,-1,-1
"2025000013045",2,9,19,8,0,0,0,1,-1,1995,2,18
"2025000013046",1,9,19,0,1,0,1,1,20,-1,-1,-1
"2025000013047",2,9,-1,8,0,0,1,3,-1,-1,-1,-1
"2025000013047",1,11,-1,1,0,0,0,1,54,-1,3,1
"2025000013048",1,9,4,0,0,0,1,1,37,1362,1,10
"2025000013049",2,9,2,0,0,0,1,2,41,1997,2,15
"2025000013049",1,9,19,0,0,4,4,2,18,1242,1,15
"2025000013050",2,90,6,8,0,0,3,1,58,2970,2,2
"2025000013050",1,4,13,1,0,0,1,1,57,296,1,5
"2025000013051",1,9,19,0,0,0,3,1,35,1199,1,1
"2025000013051",2,9,6,0,0,0,3,2,30,1956,2,6
"2025000013052",1,9,19,8,0,11,4,1,35,2979,1,10
"2025000013052",2,9,19,8,0,0,1,3,-1,-1,-1,-1
"2025000013053",1,9,19,0,0,10,2,1,85,1995,1,9
"2025000013054",1,9,9,6,0,0,1,2,20,1598,1,11
"2025000013054",2,21,19,8,0,0,4,1,45,11120,2,6
"2025000013055",1,9,19,0,2,0,1,1,23,1362,1,9
"2025000013056",1,9,19,0,1,0,1,2,34,999,1,6
"2025000013057",2,5,4,0,0,0,2,1,54,1170,1,6
"2025000013057",1,5,19,0,1,0,1,1,59,1170,1,16
"2025000013058",1,11,9,8,0,4,1,1,63,6692,2,11
"2025000013058",2,9,19,3,0,0,2,1,67,1998,1,18
"2025000013059",1,9,4,1,1,0,1,1,53,1229,1,13
"2025000013059",2,11,19,1,0,0,4,1,48,9200,2,13
"2025000013060",1,9,1,0,0,0,2,2,-1,2993,2,4
"2025000013061",1,99,19,1,0,0,1,3,-1,-1,-1,-1
"2025000013062",1,9,19,1,0,0,1,3,40,-1,-1,-1
"2025000013062",2,1,9,1,5,0,3,1,47,-1,-1,-1
"2025000013063",1,9,19,0,1,0,1,1,28,1600,2,15
"2025000013064",3,9,19,0,0,0,1,1,46,1997,2,9
"2025000013064",1,9,19,0,0,0,1,1,25,2962,2,22
"2025000013064",2,11,19,0,0,0,1,1,53,9291,2,0
"2025000013065",2,9,19,1,0,0,1,1,64,2179,2,8
"2025000013065",1,19,9,6,0,0,3,1,52,1995,2,0
"2025000013066",1,9,19,0,5,10,4,1,42,1149,1,23
"2025000013067",2,9,19,8,0,0,3,2,39,1248,2,15
"2025000013067",3,9,19,8,0,0,1,1,36,999,1,2
"2025000013067",1,9,5,6,0,0,0,1,57,998,1,6
"2025000013068",3,9,19,1,0,0,2,2,35,1998,1,1
"2025000013068",2,9,7,1,0,0,4,1,51,-1,-1,-1
"2025000013068",1,9,19,1,0,0,1,2,19,1200,1,2
"2025000013069",1,9,10,0,0,0,3,2,40,1318,1,4
"2025000013069",2,4,5,0,2,0,3,1,61,1340,1,11
"2025000013070",1,9,99,9,9,99,1,1,32,1580,8,4
"2025000013071",2,9,-1,8,1,0,1,1,42,3996,1,0
"2025000013071",1,9,9,8,1,0,1,1,41,3311,8,16
"2025000013071",3,9,2,8,1,0,4,3,-1,1596,1,13
"2025000013072",1,9,3,0,0,0,3,1,-1,-1,-1,-1
"2025000013072",2,9,3,0,0,0,4,1,36,1968,2,16
"2025000013073",1,9,19,0,5,0,1,2,71,1598,1,7
"2025000013074",1,11,4,0,1,0,4,2,26,8268,2,14
"2025000013074",2,9,4,0,0,0,2,1,18,1242,1,8
"2025000013075",1,9,19,2,0,0,1,3,-1,-1,-1,-1
"2025000013076",2,9,3,8,0,0,2,2,29,1984,1,5
"2025000013076",1,9,19,8,0,0,1,2,20,1560,2,13
"2025000013077",1,3,19,4,0,0,1,1,17,110,1,1
"2025000013078",2,9,19,0,0,0,1,2,77,1199,1,2
"2025000013078",1,9,9,0,0,0,2,1,51,1582,2,12
"2025000013079",1,5,19,4,1,0,3,1,44,1352,1,8
"2025000013080",1,9,1,0,0,0,1,1,42,2360,8,0
"2025000013081",2,4,7,3,0,0,4,1,37,124,1,0
"2025000013081",1,9,5,4,0,0,1,2,-1,1598,2,7
"2025000013082",1,11,4,0,0,0,0,2,43,9360,2,16
"2025000013083",1,9,9,5,0,0,4,3,37,2497,2,17
"2025000013083",2,9,19,1,0,0,1,1,21,1496,2,6
"2025000013084",2,9,9,1,0,0,2,1,68,1580,8,6
"2025000013084",1,9,19,1,0,0,1,1,75,1997,2,13
"2025000013085",1,1,99,9,9,99,9,1,19,-1,-1,-1
"2025000013085",2,9,99,9,9,99,1,3,-1,1998,1,5
"2025000013086",2,-1,19,0,0,0,1,1,12,-1,-1,-1
"2025000013086",1,9,19,0,0,0,1,3,-1,-1,-1,-1
"2025000013087",1,9,19,4,0,0,1,1,30,1968,2,8
"2025000013087",2,9,19,4,0,0,4,2,38,-1,3,1
"2025000013088",1,9,99,9,9,99,3,1,38,2967,2,4
"2025000013088",2,9,99,9,9,99,1,1,41,1997,2,9
"2025000013089",1,9,19,8,2,9,0,1,28,-1,-1,-1
"2025000013090",2,9,2,0,0,4,1,3,-1,1969,2,9
"2025000013090",1,9,19,0,0,0,1,1,40,1600,2,14
"2025000013091",2,9,19,8,0,0,3,1,42,-1,-1,-1
"2025000013091",1,9,7,3,0,0,3,1,40,2979,1,4
"2025000013092",1,19,19,0,0,0,1,2,33,2179,2,0
"2025000013092",2,9,4,0,0,0,2,2,21,2495,2,19
"2025000013093",1,9,19,0,2,0,1,1,18,-1,-1,-1
"2025000013094",2,-1,7,6,0,0,3,1,22,-1,-1,-1
"2025000013094",1,9,19,8,0,0,1,1,32,1598,2,7
"2025000013095",2,9,5,0,0,0,1,1,75,1388,1,15
"2025000013095",1,9,19,0,0,0,1,2,61,1686,2,17
"2025000013096",2,9,3,1,0,0,3,1,53,2143,2,10
"2025000013096",1,9,19,8,0,0,1,1,20,4172,1,17
"2025000013097",2,9,3,0,0,0,1,2,48,1461,2,2
"2025000013097",1,11,1,0,0,0,2,1,69,6700,2,12
"2025000013098",1,1,19,8,0,0,1,1,13,-1,-1,-1
"2025000013098",2,9,7,3,0,0,3,2,37,1461,2,6
"2025000013099",2,9,19,1,0,0,1,2,40,1991,2,15
"2025000013099",1,11,3,1,0,0,2,1,41,9360,2,14
"2025000013100",3,9,19,0,0,0,1,1,26,-1,-1,-1
"2025000013100",2,19,19,0,0,0,3,2,50,2143,2,11
"2025000013100",1,9,19,0,0,0,3,1,43,-1,-1,-1
"2025000013101",1,1,19,2,0,0,2,1,55,-1,-1,-1
"2025000013101",2,19,13,2,0,0,1,1,31,1968,2,0
"2025000013102",1,9,19,0,0,0,1,1,52,1998,2,11
"2025000013103",1,9,7,2,0,0,1,1,16,-1,-1,-1
"2025000013104",2,9,19,0,0,0,1,2,43,2143,2,13
"2025000013104",1,9,4,0,0,0,2,2,52,1998,1,5
"2025000013105",1,9,19,8,0,0,1,1,57,1998,1,4
"2025000013105",2,9,19,1,0,0,1,2,62,1198,1,8
"2025000013106",2,9,9,6,0,0,3,2,39,1968,2,6
"2025000013106",1,9,19,6,1,0,1,1,53,1461,2,13
"2025000013107",2,9,3,0,0,0,1,2,42,1991,2,11
"2025000013107",1,19,19,0,0,0,1,1,-1,1995,2,4
"2025000013108",2,9,99,9,9,99,9,3,-1,-1,-1,-1
"2025000013108",1,3,99,9,9,99,9,1,37,125,1,4
"2025000013109",2,19,7,3,0,0,4,1,-1,2143,2,2
"2025000013109",1,19,9,8,0,0,3,1,43,3198,2,2
"2025000013110",1,4,19,0,0,10,0,1,38,471,1,3
"2025000013111",2,9,5,2,1,0,1,1,18,1975,1,17
"2025000013111",1,9,19,1,1,0,3,1,26,1461,2,17
"2025000013112",2,9,19,0,0,0,1,1,25,1596,1,7
"2025000013112",1,9,19,0,0,0,1,1,25,1598,2,10
"2025000013112",3,9,19,0,0,0,1,3,26,998,1,4
"2025000013113",1,11,4,1,0,0,0,1,35,4500,2,9
"2025000013114",2,19,5,6,0,0,2,1,59,2198,2,7
"2025000013114",3,9,19,1,0,0,-1,3,-1,1591,1,8
"2025000013114",1,9,5,6,0,0,1,1,36,-1,3,1
"2025000013115",1,9,99,9,9,99,2,1,34,2143,2,8
"2025000013115",2,9,99,9,9,99,1,3,-1,1397,1,17
"2025000013116",1,1,4,6,0,0,0,1,29,-1,-1,-1
"2025000013116",2,9,7,6,0,0,2,1,33,1995,2,13
"2025000013117",1,9,19,0,0,0,1,1,56,-1,-1,-1
"2025000013118",2,9,99,9,9,99,1,3,52,3199,1,21
"2025000013118",1,1,99,9,9,99,2,1,17,-1,-1,-1
"2025000013119",1,11,4,2,0,0,0,2,29,4500,2,8
"2025000013120",2,9,19,8,0,0,1,1,26,1395,1,8
"2025000013120",1,9,9,8,0,0,4,1,62,998,1,14
"2025000013121",2,1,19,1,9,99,9,1,34,-1,-1,-1
"2025000013121",1,9,9,5,0,0,1,2,39,1339,8,15
"2025000013122",2,9,19,0,0,0,1,1,19,998,1,9
"2025000013122",1,9,19,0,0,0,2,1,64,1798,8,6
"2025000013123",2,9,19,0,0,0,2,1,36,2143,2,7
"2025000013123",1,9,-1,0,-1,-1,-1,3,-1,2457,1,15
"2025000013124",1,9,99,9,9,99,2,2,38,1598,1,10
"2025000013125",1,9,5,2,0,0,3,1,43,1968,2,10
"2025000013125",2,9,8,1,0,0,4,1,56,1333,1,3
"2025000013126",1,17,13,0,0,0,2,1,65,7750,2,3
"2025000013126",2,1,-1,0,0,0,3,1,45,-1,-1,-1
"2025000013126",3,1,-1,0,0,0,3,1,43,-1,-1,-1
"2025000013127",2,9,4,0,0,0,1,1,21,-1,-1,-1
"2025000013127",1,9,4,0,0,0,2,2,62,1390,1,20
"2025000013128",2,9,9,9,0,0,1,3,-1,1969,2,2
"2025000013128",1,9,99,9,9,99,4,2,28,1242,1,5
"2025000013129",1,9,19,0,5,0,3,1,25,1390,1,15
"2025000013130",1,9,4,1,0,0,1,1,82,1597,2,11
"2025000013130",2,3,10,1,0,0,2,1,35,124,1,0
"2025000013131",1,9,19,0,0,0,1,1,56,1968,2,6
"2025000013132",1,9,19,1,0,0,1,2,-1,-1,-1,-1
"2025000013132",2,1,19,1,0,0,1,1,15,-1,-1,-1
"2025000013133",1,9,19,2,0,0,1,2,77,1339,1,9
"2025000013134",1,9,99,9,9,99,2,1,22,1339,1,10
"2025000013134",2,9,99,9,9,99,1,3,-1,1956,2,8
"2025000013135",1,3,4,1,0,0,1,2,17,125,1,7
"2025000013135",2,3,2,1,0,0,2,1,51,124,1,1
"2025000013136",1,9,7,5,1,0,1,1,32,998,1,7
"2025000013137",1,5,9,6,1,0,3,1,62,948,1,2
"2025000013138",2,-1,19,0,0,0,4,2,21,-1,-1,-1
"2025000013138",1,9,19,0,0,0,4,1,39,1240,1,16
"2025000013139",1,3,99,9,9,99,2,1,29,125,1,1
"2025000013139",2,9,99,9,9,99,9,3,-1,2993,2,5
"2025000013140",1,9,9,1,0,0,4,1,61,1995,1,15
"2025000013140",2,9,19,1,0,0,1,1,49,1598,1,6
"2025000013141",1,9,19,0,0,0,1,1,57,-1,-1,-1
"2025000013141",2,19,19,0,0,0,1,1,39,1968,2,7
"2025000013142",1,19,9,6,0,0,1,1,28,1995,2,4
"2025000013142",2,1,19,8,2,0,4,1,36,-1,-1,-1
"2025000013143",1,11,4,1,0,0,0,2,-1,7300,2,10
"2025000013144",1,9,19,0,2,0,4,1,-1,1968,2,6
"2025000013145",1,9,19,0,0,0,4,2,25,898,1,8
"2025000013146",1,9,19,0,0,0,4,1,66,1580,8,0
"2025000013146",2,1,19,0,0,0,3,2,27,-1,-1,-1
"2025000013147",1,3,99,9,9,99,9,1,26,-1,-1,-1
"2025000013147",2,9,99,9,9,99,9,3,-1,-1,-1,-1
"2025000013148",1,9,19,0,2,0,4,2,28,1398,1,12
"2025000013149",3,11,19,0,0,0,1,1,-1,6700,2,4
"2025000013149",1,9,4,0,0,0,3,1,-1,-1,-1,-1
"2025000013149",2,9,19,0,0,0,2,1,51,1199,1,1
"2025000013150",2,9,19,8,0,0,1,1,27,-1,-1,-1
"2025000013150",1,9,9,6,0,0,2,2,68,-1,-1,-1
"2025000013151",1,97,4,0,0,0,1,1,33,-1,-1,-1
"2025000013151",2,9,4,0,9,0,2,3,-1,-1,-1,-1
"2025000013152",1,9,9,8,0,0,1,1,67,1956,2,7
"2025000013153",1,9,7,6,0,0,1,1,-1,-1,-1,-1
"2025000013153",2,1,19,8,0,0,4,2,47,-1,-1,-1
"2025000013154",2,9,7,1,0,0,1,1,-1,1364,1,3
"2025000013154",1,19,7,1,0,0,1,1,57,1997,2,15
"2025000013155",2,3,19,8,0,0,4,1,32,125,1,3
"2025000013155",1,9,5,4,0,0,1,1,26,1799,1,14
"2025000013156",1,9,-1,-1,-1,-1,-1,3,-1,-1,-1,-1
"2025000013156",2,9,-1,-1,-1,-1,-1,1,-1,-1,-1,-1
"2025000013156",3,9,-1,-1,-1,-1,-1,2,69,1596,1,16
"2025000013157",2,11,19,8,0,0,1,1,52,6700,2,14
"2025000013157",1,9,9,5,0,10,4,1,21,1496,2,5
"2025000013158",1,9,19,0,0,0,1,2,63,-1,-1,-1
"2025000013158",2,9,1,0,0,0,4,1,39,-1,-1,-1
"2025000013159",2,1,19,0,0,0,2,2,21,-1,-1,-1
"2025000013159",1,9,13,0,0,0,1,1,60,-1,-1,-1
"2025000013160",1,9,19,0,0,0,3,2,38,1995,2,17
"2025000013161",1,9,19,0,1,0,4,1,19,1248,2,14
"2025000013162",2,9,3,0,0,0,2,1,34,-1,-1,-1
"2025000013162",1,9,19,0,0,0,1,1,49,-1,-1,-1
"2025000013162",3,21,19,0,0,0,3,1,32,12777,2,6
"2025000013163",2,19,19,8,0,0,1,1,75,1753,2,16
"2025000013163",1,19,9,1,0,0,3,1,23,2287,2,6
"2025000013164",2,9,19,8,0,0,3,2,44,1995,2,8
"2025000013164",1,9,19,1,0,0,1,1,28,1197,1,7
"2025000013165",1,9,19,2,0,0,1,2,24,1388,1,14
"2025000013165",2,1,19,2,0,0,2,1,37,-1,-1,-1
"2025000013166",1,11,9,8,0,0,0,2,59,7300,2,13
"2025000013167",1,9,3,0,0,0,1,1,-1,1794,1,13
"2025000013167",3,9,3,0,0,0,2,1,-1,998,1,14
"2025000013167",2,9,3,0,0,0,2,1,50,1598,1,20
"2025000013168",1,9,99,9,9,99,4,2,28,1398,1,12
"2025000013168",2,21,99,1,9,99,9,3,-1,12740,2,4
"2025000013169",1,9,99,9,9,99,1,1,46,1968,2,6
"2025000013170",2,9,5,8,0,0,2,2,36,1598,2,6
"2025000013170",1,1,5,8,0,0,1,1,37,-1,-1,-1
"2025000013171",1,1,19,0,0,0,1,1,30,-1,-1,-1
"2025000013171",2,9,19,0,0,0,1,3,34,-1,-1,-1
"2025000013172",1,8,6,0,0,0,1,1,61,-1,-1,-1
"2025000013173",2,1,9,2,0,0,3,1,63,-1,-1,-1
"2025000013173",1,3,19,2,0,0,1,1,24,108,1,7
"2025000013174",2,9,2,1,0,10,3,3,-1,1995,2,5
"2025000013174",1,9,19,1,0,4,1,1,66,1242,1,5
"2025000013175",2,4,13,0,1,0,1,1,32,398,1,15
"2025000013175",1,9,9,0,0,0,3,1,47,1332,8,2
"2025000013176",1,9,9,5,0,0,1,2,46,1796,1,14
"2025000013177",1,9,19,0,5,0,1,2,60,875,1,2
"2025000013178",1,9,19,4,0,0,0,1,47,1798,8,1
"2025000013178",2,1,19,4,0,0,0,2,58,-1,-1,-1
"2025000013179",2,9,99,9,9,99,9,3,-1,1995,2,7
"2025000013179",1,1,99,9,9,99,9,1,30,-1,-1,-1
"2025000013180",2,9,8,6,9,99,9,3,-1,1364,1,17
"2025000013180",1,3,19,6,9,99,9,3,20,125,1,1
"2025000013181",1,5,99,0,9,99,9,1,36,847,1,2
"2025000013181",2,9,99,0,9,99,1,3,-1,-1,-1,-1
"2025000013182",2,9,19,0,0,0,2,1,44,1198,1,11
"2025000013182",1,9,19,0,0,0,1,3,-1,-1,-1,-1
"2025000013183",1,9,19,0,0,12,4,1,31,1490,8,1
"2025000013184",1,9,5,5,0,10,1,1,19,2148,2,17
"2025000013185",2,11,5,1,0,0,4,1,40,5132,2,8
"2025000013185",1,9,5,1,0,0,1,2,55,1595,1,20
"2025000013186",2,9,19,0,0,0,2,2,29,1587,1,18
"2025000013186",1,19,19,0,0,0,1,1,50,2143,2,2
"2025000013187",1,9,5,6,0,0,1,2,68,2995,8,8
"2025000013188",2,19,4,0,0,0,2,1,46,1796,1,14
"2025000013188",1,19,4,0,0,0,1,1,33,2402,2,10
"2025000013189",1,9,9,6,0,0,1,1,31,1968,2,7
"2025000013189",2,9,19,8,0,0,1,2,33,796,1,15
"2025000013190",1,19,13,0,0,0,3,1,45,1997,2,1
"2025000013190",2,5,13,0,1,0,4,1,50,999,1,5
"2025000013191",1,19,19,0,1,0,1,1,-1,1997,2,4
"2025000013191",2,19,4,0,0,0,2,1,-1,2287,2,7
"2025000013191",3,9,8,0,0,0,2,2,17,1229,1,12
"2025000013192",2,9,99,9,9,99,9,3,-1,-1,-1,-1
"2025000013192",1,3,99,9,9,99,1,1,24,124,1,12
"2025000013193",1,11,19,1,9,99,9,3,-1,4500,2,4
"2025000013194",1,9,9,6,0,0,1,2,48,1398,1,8
"2025000013195",3,9,19,0,0,0,2,3,45,-1,-1,-1
"2025000013195",2,9,19,0,1,0,3,2,31,1242,1,9
"2025000013195",1,9,11,0,1,0,1,1,23,-1,-1,-1
"2025000013196",2,9,19,1,1,0,1,1,49,1984,1,8
"2025000013196",1,9,19,1,1,10,3,2,23,-1,-1,-1
"2025000013197",1,9,19,4,0,0,1,1,21,999,1,8
"2025000013197",2,11,19,4,0,0,1,1,42,4250,2,14
"2025000013197",3,9,19,8,0,0,1,1,32,1968,2,14
"2025000013198",2,9,9,1,0,0,4,1,37,999,1,6
"2025000013198",1,3,19,8,0,0,1,1,32,125,1,12
"2025000013199",1,9,19,0,2,0,1,2,27,1995,2,7
"2025000013200",1,9,19,0,0,0,4,1,58,-1,3,1
"2025000013201",1,9,9,4,0,0,1,1,22,1968,2,5
"2025000013202",1,9,9,1,0,0,3,2,25,999,1,1
"2025000013202",2,1,10,2,0,0,2,1,38,-1,-1,-1
"2025000013203",1,9,19,0,0,0,1,1,18,1595,1,5
"2025000013203",2,9,3,0,0,0,2,2,35,1364,1,14
"2025000013203",3,9,19,0,0,0,0,1,-1,1598,2,2
"2025000013204",2,9,7,6,0,0,1,2,45,1242,1,9
"2025000013204",1,20,19,1,0,0,1,1,36,4500,2,3
"2025000013205",2,1,19,0,5,0,3,1,53,-1,-1,-1
"2025000013205",1,9,13,0,0,0,4,3,-1,1995,2,10
"2025000013206",2,8,99,9,9,99,2,3,-1,-1,-1,-1
"2025000013206",1,8,99,9,9,99,2,1,53,1968,2,5
"2025000013207",1,9,9,8,0,10,3,1,74,1968,2,6
"2025000013207",2,9,19,8,0,10,1,1,59,1993,8,0