"collision_index","vehicle_reference","vehicle_type","vehicle_manoeuvre","junction_location","skidding_and_overturning","hit_object_in_carriageway","first_point_of_impact","sex_of_driver","age_of_driver","engine_capacity_cc","propulsion_code","age_of_vehicle"
"2025000014336",3,9,19,8,0,0,1,1,56,1997,2,9
"2025000014337",2,9,99,9,9,99,9,3,-1,1198,1,8
"2025000014337",1,3,99,9,9,99,1,1,35,125,1,0
"2025000014338",1,98,19,2,0,0,4,3,-1,-1,-1,-1
"2025000014339",2,1,19,1,0,0,1,1,14,-1,-1,-1
"2025000014339",1,9,19,1,0,0,1,2,71,1248,1,11
"2025000014340",2,9,19,4,0,0,4,2,51,998,1,2
"2025000014340",1,9,19,4,0,0,1,1,77,1197,1,4
"2025000014341",1,9,9,6,0,0,4,3,-1,-1,3,1
"2025000014341",2,8,19,1,0,0,3,1,40,1797,8,9
"2025000014342",1,3,19,0,1,0,4,1,70,123,1,40
"2025000014343",1,9,99,0,9,99,2,2,24,1950,2,5
"2025000014343",2,19,99,0,9,99,1,1,43,2200,2,2
"2025000014344",1,3,4,1,1,0,3,1,22,124,1,18
"2025000014345",1,9,19,0,0,0,4,1,54,1198,1,20
"2025000014346",1,9,19,0,0,0,3,2,61,1968,2,12
"2025000014346",2,19,14,0,0,0,3,3,-1,-1,-1,-1
"2025000014347",2,9,4,1,0,0,2,2,38,1598,1,13
"2025000014347",4,9,3,2,0,0,2,1,78,1560,2,9
"2025000014347",1,9,19,8,0,0,1,1,27,1796,1,12
"2025000014347",3,9,4,2,0,0,2,1,72,1598,1,23
"2025000014348",2,9,19,0,0,0,2,1,66,1000,1,6
"2025000014348",1,19,19,0,0,0,1,1,31,2198,2,12
"2025000014348",4,9,4,0,0,0,2,2,22,898,1,3
"2025000014348",3,9,19,0,0,0,2,1,31,1591,1,3
"2025000014349",1,9,19,8,0,0,-1,2,23,1398,1,5
"2025000014350",1,3,7,0,5,0,1,1,22,124,1,6
"2025000014351",2,5,19,0,0,0,1,1,21,765,1,4
"2025000014351",1,5,19,0,2,0,4,1,30,1000,1,6
"2025000014352",2,9,10,1,0,0,0,2,40,1968,2,13
"2025000014352",1,9,4,1,0,0,1,1,58,2993,2,19
"2025000014353",3,19,19,0,0,0,1,2,54,1560,2,13
"2025000014353",1,9,19,0,0,0,2,1,54,1686,2,9
"2025000014353",2,9,19,0,1,0,2,1,82,1968,2,3
"2025000014354",2,9,9,8,0,0,1,1,20,1998,1,3
"2025000014354",1,2,19,1,0,0,1,1,21,-1,-1,-1
"2025000014355",1,11,3,1,0,0,4,1,65,4500,2,16
"2025000014355",2,9,5,1,0,4,1,3,34,1596,1,13
"2025000014356",2,19,3,8,0,0,2,1,28,1598,2,7
"2025000014356",3,9,9,8,0,0,2,1,31,2143,2,9
"2025000014356",1,11,19,8,0,0,1,1,32,6700,2,15
"2025000014357",1,8,99,8,0,0,1,3,-1,-1,-1,-1
"2025000014358",1,9,19,1,0,0,1,1,42,-1,-1,-1
"2025000014359",2,9,9,8,0,0,3,1,70,1339,1,16
"2025000014359",1,1,19,8,0,0,1,1,55,-1,-1,-1
"2025000014360",2,1,19,2,0,0,1,1,60,-1,-1,-1
"2025000014360",1,9,19,8,0,0,3,1,25,-1,-1,-1
"2025000014361",1,3,99,9,9,99,9,1,42,-1,-1,-1
"2025000014361",2,9,99,9,9,99,9,3,-1,-1,-1,-1
"2025000014362",1,9,19,1,0,0,1,1,21,1299,1,19
"2025000014362",2,9,4,1,0,0,2,2,42,1749,2,3
"2025000014363",1,9,99,0,9,99,9,3,-1,-1,-1,-1
"2025000014364",1,9,19,0,0,11,1,1,56,-1,-1,-1
"2025000014365",1,9,19,1,0,0,1,1,39,1598,1,15
"2025000014366",1,9,5,0,0,0,0,2,49,2497,2,5
"2025000014366",2,9,19,0,0,0,1,1,39,-1,3,0
"2025000014367",2,19,99,9,9,99,1,3,-1,1498,2,4
"2025000014367",1,9,99,9,9,99,2,2,32,1198,1,8
"2025000014368",1,9,19,0,0,0,1,1,19,1598,1,18
"2025000014369",2,9,99,9,9,99,9,3,-1,1968,2,13
"2025000014369",1,3,99,9,9,99,9,1,26,125,1,0
"2025000014370",1,9,9,6,0,0,3,1,51,998,1,5
"2025000014370",2,5,19,1,5,0,1,1,55,779,1,13
"2025000014371",2,1,99,9,9,99,1,1,-1,-1,-1,-1
"2025000014371",1,9,99,9,9,99,1,1,69,1498,1,4
"2025000014372",2,9,19,0,0,0,1,2,55,1388,1,12
"2025000014372",1,21,11,0,0,0,2,1,61,12902,2,9
"2025000014373",2,1,19,1,0,11,3,1,60,-1,-1,-1
"2025000014373",1,9,7,5,0,11,1,1,26,1998,2,16
"2025000014374",1,9,19,1,0,7,2,1,79,1498,1,3
"2025000014374",2,9,19,1,0,0,1,1,68,999,1,0
"2025000014375",2,21,19,0,0,0,1,1,41,16353,2,2
"2025000014375",1,9,19,0,2,0,2,2,23,1364,1,13
"2025000014376",1,9,99,0,9,99,9,1,52,1797,8,10
"2025000014376",2,9,99,0,9,99,1,1,26,1497,8,17
"2025000014377",2,9,99,9,9,99,9,3,-1,1796,1,14
"2025000014377",1,1,99,9,9,99,9,1,-1,-1,-1,-1
"2025000014378",2,9,19,8,0,0,1,1,29,1395,1,7
"2025000014378",1,9,9,8,0,0,1,2,20,1000,1,10
"2025000014379",2,-1,19,1,2,0,1,2,18,-1,-1,-1
"2025000014379",1,11,13,1,0,0,2,1,-1,-1,-1,-1
"2025000014380",1,19,19,2,0,0,4,1,56,1870,2,17
"2025000014381",1,9,19,8,0,0,1,2,40,1498,1,7
"2025000014382",2,19,7,6,9,0,1,3,-1,1998,2,17
"2025000014382",1,3,19,8,9,99,1,1,27,125,1,5
"2025000014383",1,9,19,0,0,0,1,2,65,998,1,8
"2025000014383",3,9,4,0,0,0,2,1,37,1499,1,7
"2025000014383",2,9,4,0,0,0,2,2,39,999,1,1
"2025000014384",2,1,19,1,0,0,4,1,22,-1,-1,-1
"2025000014384",1,9,7,8,0,0,4,2,51,1598,1,8
"2025000014385",1,3,99,0,9,99,9,1,51,124,1,11
"2025000014385",2,11,99,0,9,99,9,3,39,12742,2,2
"2025000014386",2,9,4,0,0,0,3,2,60,1560,2,14
"2025000014386",1,9,12,0,0,0,2,1,43,1968,2,7
"2025000014386",3,9,4,0,0,0,2,1,37,1686,2,10
"2025000014386",4,9,4,0,0,0,2,1,48,2521,1,16
"2025000014387",2,9,3,1,0,0,2,1,34,1590,1,9
"2025000014387",1,9,3,1,0,0,2,1,41,1797,8,8
"2025000014387",3,19,19,1,0,0,1,1,25,1995,2,3
"2025000014388",1,9,99,9,9,99,2,1,34,1591,1,16
"2025000014388",2,9,99,9,9,99,1,3,-1,1596,1,17
"2025000014389",2,9,10,1,0,0,2,2,26,1388,1,12
"2025000014389",1,9,19,1,0,0,1,1,51,-1,-1,-1
"2025000014390",1,1,19,8,0,0,1,1,13,-1,-1,-1
"2025000014390",2,9,19,8,0,0,1,3,-1,-1,-1,-1
"2025000014391",1,9,19,0,2,0,1,1,50,1199,1,20
"2025000014392",1,1,99,9,9,99,9,1,21,-1,-1,-1
"2025000014392",2,9,99,9,9,99,9,3,-1,-1,-1,-1
"2025000014393",1,9,19,0,0,7,1,1,41,1397,1,15
"2025000014394",1,9,19,0,1,7,3,1,26,1995,2,16
"2025000014395",2,9,19,1,0,0,1,1,43,1560,2,7
"2025000014395",1,9,3,1,0,0,2,1,55,1240,1,15
"2025000014396",2,9,19,0,0,0,2,1,69,1995,2,14
"2025000014396",1,9,11,0,0,0,1,1,37,1199,1,1
"2025000014397",1,9,19,0,0,0,1,1,22,1968,2,7
"2025000014398",1,1,19,0,0,0,2,1,10,-1,-1,-1
"2025000014398",2,9,2,0,0,0,3,2,30,-1,-1,-1
"2025000014399",2,9,19,0,0,0,1,1,51,1598,2,13
"2025000014399",1,9,19,0,0,0,1,1,75,999,1,3
"2025000014400",2,1,19,0,-1,-1,-1,1,-1,-1,-1,-1
"2025000014400",1,19,13,0,-1,-1,-1,1,-1,1560,2,10
"2025000014401",2,9,4,1,0,0,2,1,55,898,1,7
"2025000014401",1,9,5,1,0,0,1,2,62,1998,8,4
"2025000014402",2,1,12,1,0,0,0,2,29,-1,-1,-1
"2025000014402",1,9,7,2,0,0,0,1,59,1200,1,8
"2025000014403",2,9,8,1,0,0,4,1,51,1199,1,3
"2025000014403",1,3,19,1,0,0,3,1,29,125,1,1
"2025000014404",1,9,19,0,0,0,1,1,-1,1999,1,8
"2025000014405",2,11,2,1,0,0,3,3,-1,4500,2,7
"2025000014405",1,9,19,1,0,0,4,1,80,1242,1,18
"2025000014406",3,9,19,0,0,0,1,2,41,1598,2,7
"2025000014406",1,9,19,0,0,0,2,2,41,-1,-1,-1
"2025000014406",2,21,19,0,0,0,1,1,-1,7698,2,4
"2025000014407",1,9,19,2,0,0,3,1,57,2179,2,10
"2025000014408",1,5,19,0,0,0,1,1,51,-1,-1,-1
"2025000014408",2,19,19,0,0,0,1,1,55,1997,2,6
"2025000014409",1,9,19,8,0,0,1,1,31,1968,2,12
"2025000014410",1,9,19,0,1,0,1,2,63,1242,1,10
"2025000014411",1,9,19,0,0,0,4,2,53,1364,1,13
"2025000014412",2,19,19,0,0,0,1,1,22,2299,2,1
"2025000014412",1,9,19,0,0,0,1,1,65,1598,1,20
"2025000014413",1,9,14,0,1,10,1,1,22,2891,1,4
"2025000014414",2,9,19,8,1,0,1,2,57,-1,-1,-1
"2025000014414",1,19,19,8,0,0,1,1,33,2198,2,11
"2025000014415",2,9,4,1,0,0,2,2,-1,1389,1,23
"2025000014415",1,19,19,1,0,0,1,1,62,2143,2,9
"2025000014415",3,9,4,1,0,0,2,1,32,2993,2,8
"2025000014416",1,9,19,0,0,0,1,1,21,-1,-1,-1
"2025000014416",2,9,4,0,0,0,2,1,22,1498,1,2
"2025000014417",1,9,5,4,0,0,1,1,56,-1,3,3
"2025000014417",2,1,19,8,0,0,4,1,38,-1,-1,-1
"2025000014418",1,3,13,0,0,0,4,1,21,113,1,2
"2025000014418",2,9,10,0,0,0,3,2,56,1364,1,5
"2025000014419",1,11,7,8,0,0,1,1,45,6700,2,12
"2025000014420",1,9,6,0,0,0,1,1,23,2720,2,16
"2025000014420",2,3,19,0,2,0,1,3,22,125,1,3
"2025000014421",2,1,19,8,0,0,2,1,36,-1,-1,-1
"2025000014421",1,9,19,8,1,0,1,1,34,-1,-1,-1
"2025000014422",1,9,11,0,5,0,4,1,65,1598,2,9
"2025000014423",1,9,5,1,0,0,1,1,35,1998,8,7
"2025000014424",1,8,9,2,0,0,1,1,65,1477,8,5
"2025000014424",2,5,19,1,2,10,3,1,37,749,1,9
"2025000014425",1,3,19,1,9,99,9,2,29,125,1,1
"2025000014425",2,9,5,6,9,99,9,3,-1,1388,1,17
"2025000014426",1,9,19,2,0,0,1,1,44,1399,2,11
"2025000014427",1,9,13,8,0,0,1,1,46,1598,1,20
"2025000014427",2,9,19,5,0,0,3,2,63,1998,2,15
"2025000014428",1,8,5,1,0,0,3,1,69,1477,8,3
"2025000014429",1,11,5,0,0,0,4,1,51,7698,2,0
"2025000014430",1,5,19,0,1,0,1,1,22,749,1,11
"2025000014430",4,9,2,0,0,0,1,3,-1,1598,2,1
"2025000014430",2,1,19,0,0,0,4,1,12,-1,-1,-1
"2025000014430",3,19,2,0,0,0,2,3,-1,2198,2,3
"2025000014431",1,9,19,1,0,0,4,2,87,1339,1,16
"2025000014432",1,8,19,1,0,0,4,1,49,2499,2,8
"2025000014433",1,9,19,8,0,0,3,1,54,1798,8,5
"2025000014433",2,9,7,6,0,0,1,1,-1,1998,2,18
"2025000014434",2,1,19,1,0,0,1,1,41,-1,-1,-1
"2025000014434",1,9,7,1,0,0,1,2,57,1386,1,17
"2025000014435",1,9,99,9,9,99,9,3,74,1598,1,6
"2025000014436",2,9,3,0,0,0,2,2,61,1197,1,11
"2025000014436",1,8,19,0,0,0,1,1,40,2499,2,15
"2025000014437",1,-1,19,0,0,0,1,1,-1,-1,-1,-1
"2025000014438",2,9,19,5,0,0,4,1,27,999,1,4
"2025000014438",1,9,7,5,0,0,4,1,35,1968,2,6
"2025000014439",1,9,19,0,0,0,4,3,-1,1242,1,11
"2025000014440",1,9,19,0,0,0,4,1,48,1395,1,6
"2025000014440",2,1,19,0,0,0,1,1,11,-1,-1,-1
"2025000014441",1,1,19,1,0,0,1,1,-1,-1,-1,-1
"2025000014442",2,9,7,2,0,0,2,1,78,-1,-1,-1
"2025000014442",1,17,-1,2,0,0,1,1,65,-1,-1,-1
"2025000014443",1,1,99,9,9,99,9,1,45,-1,-1,-1
"2025000014443",2,9,99,9,9,99,1,3,-1,2995,1,5
"2025000014444",1,9,2,0,0,0,3,1,-1,-1,-1,-1
"2025000014444",2,1,19,0,0,0,3,1,35,-1,-1,-1
"2025000014445",1,9,9,1,0,0,1,1,38,1229,1,12
"2025000014445",2,9,19,1,0,0,1,1,19,1910,2,17
"2025000014446",1,9,19,0,0,10,1,2,29,1339,1,13
"2025000014447",3,9,2,0,0,0,3,1,25,1796,1,13
"2025000014447",1,19,19,0,2,4,1,1,34,1968,2,9
"2025000014447",2,9,4,0,0,4,2,1,61,2987,2,14
"2025000014448",2,11,4,0,0,0,2,1,51,6300,2,13
"2025000014448",1,9,4,0,1,0,1,2,28,2993,2,12
"2025000014449",2,5,19,0,0,0,2,1,46,1200,1,5
"2025000014449",1,19,19,0,1,0,1,2,-1,1995,2,2
"2025000014450",2,11,19,0,0,0,1,1,56,5132,2,4
"2025000014450",1,9,19,0,0,0,1,1,25,1398,2,14
"2025000014451",1,9,5,0,0,0,1,1,26,1398,1,11
"2025000014451",2,1,5,0,0,0,1,1,58,-1,-1,-1
"2025000014452",1,9,5,6,0,0,2,2,23,999,1,1
"2025000014452",2,9,3,6,0,0,1,1,34,1560,2,7
"2025000014453",1,9,9,8,0,0,3,2,82,1388,1,13
"2025000014453",2,4,19,8,5,0,1,1,69,471,1,5
"2025000014454",1,19,9,5,0,0,3,1,39,1968,2,2
"2025000014454",2,3,13,1,0,0,3,1,33,124,1,10
"2025000014455",1,9,19,1,0,0,1,2,44,1998,1,3
"2025000014456",2,1,19,0,0,0,1,1,-1,-1,-1,-1
"2025000014456",1,19,19,0,0,0,1,1,47,-1,-1,-1
"2025000014457",1,1,10,5,9,99,9,1,69,-1,-1,-1
"2025000014457",2,9,19,1,9,99,9,3,47,1332,1,3
"2025000014458",2,1,19,8,0,0,1,1,22,-1,-1,-1
"2025000014458",1,9,9,5,0,0,1,1,25,1398,1,10
"2025000014459",2,9,9,8,0,0,1,1,67,1598,1,13
"2025000014459",1,9,3,4,0,0,1,1,30,1969,8,6
"2025000014460",1,9,19,0,0,0,1,1,-1,1364,2,15
"2025000014460",3,9,19,0,0,0,3,2,36,1968,2,7
"2025000014460",2,9,19,0,0,0,2,1,53,1968,2,6
"2025000014461",1,9,9,0,0,0,4,2,54,2143,2,9
"2025000014461",2,9,19,0,0,0,1,1,21,1968,2,15
"2025000014461",4,9,19,0,0,0,3,2,57,998,1,2
"2025000014461",3,9,19,0,0,0,1,1,50,1796,1,11
"2025000014462",1,9,19,0,0,10,1,1,38,1296,1,15
"2025000014463",1,9,19,8,0,0,4,3,28,-1,-1,-1
"2025000014463",2,9,19,8,0,0,1,1,57,999,1,8
"2025000014464",2,1,19,2,0,0,4,1,21,-1,-1,-1
"2025000014464",1,9,5,1,0,0,1,1,44,1997,2,13
"2025000014465",1,9,-1,0,0,0,4,1,51,1956,2,12
"2025000014466",2,9,-1,0,-1,-1,3,2,31,1591,1,5
"2025000014466",1,19,-1,0,-1,-1,0,3,-1,-1,-1,-1
"2025000014467",1,9,5,3,0,0,1,1,46,1797,8,9
"2025000014467",2,3,5,4,1,0,1,1,26,124,1,3
"2025000014468",3,1,4,1,0,0,0,1,29,-1,-1,-1
"2025000014468",1,11,4,1,0,0,0,1,36,-1,3,2
"2025000014468",2,11,19,1,0,0,1,1,27,5132,2,5
"2025000014469",1,21,19,8,0,0,4,1,36,12809,2,4
"2025000014469",2,9,19,8,0,0,3,1,29,1560,2,7
"2025000014470",2,9,19,1,0,0,1,3,-1,1598,1,12
"2025000014470",1,9,3,1,0,0,2,1,28,1229,1,10
"2025000014471",2,21,19,0,0,0,2,1,47,-1,-1,-1
"2025000014471",1,21,19,0,0,0,1,1,61,-1,-1,-1
"2025000014471",3,21,19,0,0,0,2,1,48,-1,-1,-1
"2025000014472",1,9,3,1,0,0,3,2,41,1497,8,16
"2025000014472",2,9,19,1,0,0,4,3,-1,-1,-1,-1
"2025000014473",1,9,19,0,1,0,1,1,50,2687,1,14
"2025000014474",2,9,19,0,0,0,1,2,43,1598,2,9
"2025000014474",1,19,19,0,0,10,1,1,31,1995,2,3
"2025000014475",1,9,5,0,0,0,3,2,39,1995,2,10
"2025000014476",1,98,99,9,9,0,9,3,-1,-1,-1,-1
"2025000014477",1,9,3,1,0,0,2,2,25,1998,1,3
"2025000014477",2,9,19,1,0,0,1,1,28,2996,1,13
"2025000014478",1,1,15,1,0,0,1,1,57,-1,-1,-1
"2025000014478",2,8,2,1,0,0,4,3,-1,1797,8,10
"2025000014479",2,9,99,9,9,99,1,3,-1,1086,1,13
"2025000014479",1,3,99,9,9,99,1,1,28,125,1,7
"2025000014480",1,9,19,0,0,0,1,2,21,998,1,10
"2025000014480",2,19,19,0,0,0,1,1,33,3198,2,4
"2025000014481",2,1,2,0,0,0,-1,3,-1,-1,-1,-1
"2025000014481",1,9,19,0,0,0,1,1,24,1364,2,10
"2025000014482",1,9,19,0,5,10,1,1,66,998,1,4
"2025000014483",2,9,4,1,0,0,1,2,68,998,1,9
"2025000014483",1,9,7,6,0,0,3,1,49,1332,8,1
"2025000014484",1,9,19,8,1,0,4,1,45,1242,1,12
"2025000014485",2,21,19,0,0,0,2,1,50,-1,-1,-1
"2025000014485",1,9,19,0,0,0,1,1,76,1329,1,12
"2025000014486",2,9,13,1,0,0,0,3,23,1490,8,2
"2025000014486",1,11,19,1,0,0,0,1,61,-1,3,1
"2025000014487",1,9,19,0,1,0,1,2,32,1240,1,19
"2025000014488",3,9,4,0,0,0,2,1,39,1969,2,7
"2025000014488",1,19,19,0,0,0,1,1,38,2143,2,11
"2025000014488",2,9,4,0,0,0,2,1,45,1797,8,4
"2025000014489",1,9,99,9,9,99,9,1,-1,3498,1,13
"2025000014490",1,9,19,2,0,0,3,1,18,1332,1,4
"2025000014491",2,1,19,8,0,0,4,1,17,-1,-1,-1
"2025000014491",1,9,9,8,0,0,1,1,-1,1998,1,5
"2025000014492",1,9,4,0,0,0,0,1,-1,1200,1,2
"2025000014493",2,9,4,2,0,0,1,1,26,1900,2,16
"2025000014493",1,9,19,2,0,0,2,2,46,1497,1,1
"2025000014494",1,9,19,1,0,0,1,1,56,1896,2,19
"2025000014495",1,9,15,8,0,0,1,1,19,1242,1,16
"2025000014496",2,21,19,0,0,0,2,1,35,12902,2,7
"2025000014496",1,11,19,0,0,0,1,1,27,9000,2,15
"2025000014497",2,9,2,0,0,0,4,3,-1,1395,8,7
"2025000014497",1,1,99,0,9,99,1,1,-1,-1,-1,-1
"2025000014498",1,9,19,0,1,0,1,1,22,1198,1,16
"2025000014499",1,3,99,0,9,99,9,1,30,114,1,5
"2025000014499",2,9,99,0,0,99,4,1,85,2922,1,19
"2025000014500",2,3,14,1,0,5,1,1,28,125,1,11
"2025000014500",1,90,9,1,0,0,3,1,42,-1,-1,-1
"2025000014501",2,9,9,1,0,0,1,1,21,1422,2,20
"2025000014501",1,3,19,1,0,0,3,1,28,125,1,6
"2025000014502",1,9,9,8,0,0,3,1,56,1299,1,17
"2025000014502",2,3,19,8,5,0,4,1,18,124,1,4
"2025000014503",2,9,19,0,0,0,1,1,47,-1,-1,-1
"2025000014503",1,9,19,0,0,0,1,1,59,1498,1,0
"2025000014504",1,19,19,1,0,0,1,1,55,1995,2,2
"2025000014505",2,9,3,0,0,0,2,1,34,1398,1,12
"2025000014505",1,19,19,0,0,0,1,1,32,1968,2,4
"2025000014505",4,9,3,0,0,0,2,1,61,1200,1,1
"2025000014505",3,9,3,0,0,0,3,1,23,999,1,5
"2025000014506",1,9,2,0,0,0,3,2,37,2199,2,10
"2025000014506",2,1,19,0,5,4,4,2,25,-1,-1,-1
"2025000014507",1,9,9,5,0,0,1,1,68,2143,2,6
"2025000014508",1,9,5,6,0,0,1,2,28,-1,-1,-1
"2025000014509",1,9,3,8,0,0,2,2,29,1796,1,14
"2025000014509",3,9,3,8,0,0,2,3,-1,1968,2,0
"2025000014509",2,9,4,8,0,0,1,3,-1,1798,8,1
"2025000014510",1,1,19,8,0,0,1,1,54,-1,-1,-1
"2025000014510",2,21,19,4,0,0,3,1,64,4462,2,11
"2025000014511",1,9,2,1,0,0,0,1,30,1797,8,7
"2025000014511",2,19,14,2,0,0,4,1,25,-1,-1,-1
"2025000014512",1,9,-1,0,0,0,1,1,24,998,1,7
"2025000014512",2,11,4,0,0,0,2,1,35,-1,3,6
"2025000014512",3,9,2,0,0,0,4,3,-1,2993,1,0
"2025000014513",2,9,99,9,9,99,1,3,-1,1339,1,13
"2025000014513",1,1,99,9,9,99,9,1,50,-1,-1,-1
"2025000014514",1,9,19,1,0,0,1,1,-1,1596,1,21
"2025000014514",2,9,3,1,0,0,2,2,32,1364,1,7
"2025000014515",1,9,19,0,0,0,1,1,24,1248,2,13
"2025000014516",3,19,8,1,0,0,3,1,51,2143,2,8
"2025000014516",2,9,9,5,0,0,4,1,29,1398,1,11
"2025000014516",1,9,19,8,0,0,1,1,29,999,8,0
"2025000014517",1,9,9,0,0,0,4,1,24,1242,1,9
"2025000014517",2,19,19,0,0,0,1,1,27,1995,2,1
"2025000014518",1,98,1,1,0,0,2,1,30,-1,-1,-1
"2025000014519",1,9,5,0,0,0,3,1,53,998,1,8
"2025000014520",6,9,4,0,0,0,2,1,33,-1,3,4
"2025000014520",1,9,19,0,0,0,1,1,55,1998,2,3
"2025000014520",2,19,4,0,0,0,2,1,35,1995,2,7
"2025000014520",4,19,4,0,0,0,2,1,33,1560,2,9
"2025000014520",5,19,4,0,0,0,2,1,32,1598,2,9
"2025000014520",3,9,4,0,0,0,2,2,29,1560,2,10
"2025000014521",1,9,5,1,0,0,1,1,48,1598,8,0
"2025000014521",2,-1,19,5,0,0,4,1,35,-1,-1,-1
"2025000014522",1,9,5,1,0,0,1,1,22,1600,2,13
"2025000014522",2,9,3,1,0,0,2,2,51,1560,2,13
"2025000014523",3,11,4,1,0,0,2,1,41,10837,2,2
"2025000014523",2,9,4,1,0,0,2,2,25,1200,1,2
"2025000014523",1,19,4,1,0,0,1,1,41,2198,2,3
"2025000014524",1,9,7,3,0,0,1,2,39,1296,1,18
"2025000014524",2,9,19,3,0,0,3,1,24,1496,1,9
"2025000014525",1,9,19,0,0,0,4,1,19,998,1,3
"2025000014525",2,9,6,0,0,0,1,1,22,1968,2,8
"2025000014526",2,1,19,1,0,0,1,2,42,-1,-1,-1
"2025000014526",1,9,2,1,0,0,1,2,54,1597,2,10
"2025000014527",1,9,13,0,1,0,1,1,43,999,1,1
"2025000014527",2,9,13,0,1,0,2,2,41,1490,8,0
"2025000014528",1,9,19,0,0,0,3,1,26,2993,2,16
"2025000014528",2,9,19,0,0,0,3,1,35,1870,2,18
"2025000014529",1,11,19,8,0,0,0,1,55,4760,2,8
"2025000014530",1,9,13,1,0,0,4,1,74,1598,1,14
"2025000014530",2,1,9,1,0,0,3,1,38,-1,-1,-1
"2025000014531",2,3,3,5,5,0,2,1,38,125,1,7
"2025000014531",1,9,19,5,0,0,1,1,63,1497,8,14
"2025000014532",2,9,9,0,0,0,0,1,-1,-1,-1,-1
"2025000014532",1,20,19,0,0,0,1,1,-1,-1,-1,-1
"2025000014532",3,1,19,0,0,0,1,1,18,-1,-1,-1
"2025000014533",2,9,19,7,0,0,1,1,75,1498,1,2
"2025000014533",1,9,19,7,0,0,1,1,76,3498,1,17
"2025000014534",1,9,19,0,1,0,0,1,38,1560,2,11
"2025000014534",3,9,19,0,0,0,1,2,21,1199,1,8
"2025000014534",2,9,4,0,0,0,2,2,37,1991,1,7
"2025000014535",3,9,19,4,0,0,1,1,47,1580,8,3
"2025000014535",2,9,9,3,0,10,0,1,-1,-1,-1,-1
"2025000014535",1,9,19,4,0,0,3,1,19,1995,2,6
"2025000014536",2,9,99,9,9,0,9,2,58,1580,8,3
"2025000014536",1,11,99,9,0,0,9,3,46,6700,2,2
"2025000014537",2,-1,19,0,0,0,2,1,16,-1,-1,-1
"2025000014537",1,9,19,0,0,0,1,1,-1,1598,1,16
"2025000014538",1,11,19,0,0,0,1,1,57,9360,2,10
"2025000014538",2,9,19,0,0,4,4,2,25,1332,1,3
"2025000014538",3,9,2,0,0,0,4,3,-1,1598,1,7
"2025000014539",1,19,4,0,0,0,1,1,22,2402,2,8
"2025000014539",2,9,2,0,0,0,2,2,40,1590,1,16
"2025000014539",3,9,2,0,0,0,2,1,56,1560,2,7
"2025000014540",1,9,19,0,1,0,1,1,48,1794,1,15
"2025000014541",1,2,19,1,0,0,1,1,25,-1,-1,-1
"2025000014542",2,9,19,0,0,0,2,1,55,1868,2,22
"2025000014542",1,4,19,0,0,0,1,1,19,399,1,1
"2025000014543",1,9,1,1,0,0,0,3,38,-1,-1,-1
"2025000014543",2,1,7,1,1,0,0,2,42,-1,-1,-1
"2025000014544",1,9,-1,0,-1,-1,-1,3,-1,1242,1,9
"2025000014545",1,9,19,0,0,0,2,2,39,1595,1,6
"2025000014545",2,9,19,0,0,0,1,3,-1,1598,1,18
"2025000014546",1,9,-1,1,-1,-1,-1,2,-1,1499,2,10
"2025000014547",1,9,19,0,0,0,3,3,-1,-1,-1,-1
"2025000014548",2,9,19,0,0,0,1,2,40,1560,2,10
"2025000014548",1,9,19,0,0,0,1,2,56,-1,3,2
"2025000014549",1,11,19,1,0,0,0,1,57,5132,2,5
"2025000014550",2,19,-1,8,0,0,0,1,27,2143,2,3
"2025000014550",1,9,9,6,0,0,1,2,27,1461,2,17
"2025000014551",2,9,99,0,9,99,2,1,37,1998,1,4
"2025000014551",1,9,99,0,9,99,1,3,-1,1598,2,1
"2025000014552",1,97,5,2,0,0,1,3,-1,-1,-1,-1
"2025000014553",2,9,2,0,0,4,3,3,-1,1364,1,6
"2025000014553",1,9,19,0,2,4,3,1,36,1339,1,11
"2025000014554",1,19,19,1,0,0,4,1,50,-1,-1,-1
"2025000014555",2,9,9,8,0,0,3,2,35,1499,2,8
"2025000014555",1,9,9,1,0,0,1,2,25,1560,2,13
"2025000014556",1,9,19,1,1,0,1,2,38,998,1,16
"2025000014556",2,9,2,1,0,0,2,-1,-1,999,1,1
"2025000014557",1,9,19,8,0,0,1,2,39,1598,8,1
"2025000014557",2,17,19,8,0,0,1,2,45,-1,-1,-1
"2025000014558",1,9,9,8,0,0,1,2,23,998,1,2
"2025000014558",2,4,19,8,0,0,1,1,20,471,1,8
"2025000014559",1,9,9,8,0,0,0,2,48,1988,2,15
"2025000014559",2,9,19,1,0,0,2,1,58,4497,1,9
"2025000014560",1,3,19,8,0,0,1,1,52,125,1,2
"2025000014560",2,9,5,6,0,0,4,1,19,1199,2,8
"2025000014561",1,9,19,1,0,0,1,1,26,2925,2,1
"2025000014561",3,9,4,1,0,0,2,2,33,1461,2,12
"2025000014561",2,9,4,1,0,0,2,1,38,1798,8,9
"2025000014562",2,9,19,0,0,0,2,1,74,-1,-1,-1
"2025000014562",1,9,19,0,0,0,1,1,52,-1,-1,-1
"2025000014563",2,3,8,1,0,0,2,1,26,125,1,8