"collision_index","vehicle_reference","vehicle_type","vehicle_manoeuvre","junction_location","skidding_and_overturning","hit_object_in_carriageway","first_point_of_impact","sex_of_driver","age_of_driver","engine_capacity_cc","propulsion_code","age_of_vehicle"
"2025000014563",1,9,8,1,0,0,1,2,82,999,1,2
"2025000014564",1,9,13,0,2,0,4,1,20,1995,2,17
"2025000014564",2,9,5,0,0,0,0,2,51,1248,1,10
"2025000014565",1,9,13,0,0,0,4,3,-1,1560,2,14
"2025000014565",2,9,5,0,0,0,3,2,49,1461,2,14
"2025000014566",2,1,19,8,0,0,1,1,37,-1,-1,-1
"2025000014566",1,9,5,4,0,0,3,2,60,1353,1,4
"2025000014567",1,19,9,1,0,0,4,1,59,2143,2,4
"2025000014567",2,9,19,1,0,0,1,2,24,1499,2,4
"2025000014568",1,9,19,0,0,0,1,1,52,647,8,7
"2025000014569",2,9,3,0,0,0,2,1,42,1598,2,5
"2025000014569",1,9,19,0,0,0,1,1,25,1388,1,19
"2025000014570",1,9,7,8,0,0,1,2,19,998,1,6
"2025000014570",2,21,19,1,0,0,4,1,44,12777,2,8
"2025000014571",2,9,5,4,0,0,2,2,57,1200,1,8
"2025000014571",1,9,19,8,0,0,1,1,-1,1461,2,9
"2025000014572",2,9,19,2,0,0,2,1,53,1896,2,14
"2025000014572",1,21,19,2,0,0,1,1,60,12777,2,1
"2025000014572",3,9,19,2,0,0,2,1,25,1969,2,5
"2025000014573",1,9,19,1,0,0,1,1,29,1461,2,3
"2025000014573",2,9,3,1,0,0,1,2,53,1799,1,13
"2025000014573",3,9,19,1,0,0,2,1,54,1395,1,5
"2025000014574",1,9,9,6,0,0,1,1,49,1332,1,1
"2025000014574",2,2,19,1,2,0,1,1,16,49,1,5
"2025000014575",1,1,19,0,0,0,1,1,-1,-1,-1,-1
"2025000014576",4,9,2,0,0,0,2,1,-1,1560,2,7
"2025000014576",3,9,2,0,0,0,1,1,-1,1560,2,10
"2025000014576",1,8,19,0,5,4,1,1,42,1798,8,2
"2025000014576",2,9,2,0,0,0,1,1,-1,1797,8,11
"2025000014577",1,98,19,0,0,0,1,3,-1,-1,-1,-1
"2025000014577",2,9,19,0,0,0,2,2,30,1598,2,7
"2025000014578",2,9,99,9,9,99,9,1,-1,1332,8,1
"2025000014578",1,9,99,9,9,99,9,1,54,1798,8,9
"2025000014579",1,5,19,1,0,0,1,1,53,849,1,25
"2025000014579",2,9,9,1,0,0,1,3,-1,1798,8,11
"2025000014580",2,9,19,0,0,0,1,3,-1,1461,2,4
"2025000014580",1,8,5,0,0,0,4,1,47,1368,1,5
"2025000014581",2,9,19,0,0,0,2,1,26,1364,1,14
"2025000014581",1,9,3,0,0,0,2,2,45,1968,2,2
"2025000014581",3,9,4,0,1,0,1,2,29,998,1,6
"2025000014582",1,9,19,0,0,0,3,3,-1,-1,-1,-1
"2025000014582",2,9,19,0,1,0,3,2,46,1597,2,5
"2025000014582",3,98,19,0,0,0,1,1,41,-1,-1,-1
"2025000014583",1,9,7,6,0,0,3,1,44,1248,2,13
"2025000014583",2,9,19,8,0,0,4,1,33,1198,1,8
"2025000014584",2,5,19,1,1,0,1,1,23,648,1,5
"2025000014584",1,9,9,6,0,0,3,1,28,999,1,6
"2025000014585",1,1,19,0,0,8,4,1,38,-1,-1,-1
"2025000014585",2,9,2,0,0,0,3,3,-1,1388,1,14
"2025000014586",2,9,19,0,1,0,2,2,28,1498,1,0
"2025000014586",1,9,19,0,1,0,1,2,39,1399,1,13
"2025000014586",3,99,5,0,0,0,0,3,17,-1,-1,-1
"2025000014587",2,2,19,0,0,0,4,3,-1,-1,-1,-1
"2025000014587",1,-1,19,0,5,0,1,2,33,-1,-1,-1
"2025000014588",1,11,9,6,0,0,0,1,59,4760,2,9
"2025000014589",1,98,19,0,0,0,1,3,-1,-1,-1,-1
"2025000014590",3,9,8,1,0,0,1,1,60,1984,1,0
"2025000014590",1,9,19,1,0,0,1,1,23,1984,1,3
"2025000014590",2,9,9,1,0,0,3,2,52,1999,2,6
"2025000014591",1,9,19,2,0,7,1,1,90,999,1,4
"2025000014592",1,11,2,0,0,0,2,3,-1,4461,2,9
"2025000014592",2,1,19,0,0,4,1,1,36,-1,-1,-1
"2025000014593",1,9,5,0,0,0,3,1,70,1200,1,4
"2025000014594",1,4,19,0,0,0,1,1,22,-1,-1,-1
"2025000014594",2,19,19,0,0,0,3,1,38,1995,2,6
"2025000014595",1,9,9,6,0,0,1,1,47,1968,2,2
"2025000014595",2,1,19,8,0,0,4,1,61,-1,-1,-1
"2025000014596",2,1,19,8,0,0,4,1,30,-1,-1,-1
"2025000014596",1,3,19,8,0,0,4,3,30,-1,-1,-1
"2025000014597",1,9,9,8,0,0,1,2,50,1364,2,10
"2025000014597",2,9,19,8,0,0,1,1,76,1199,1,2
"2025000014598",2,9,3,0,0,0,2,1,18,1598,2,14
"2025000014598",1,9,19,0,0,0,1,2,20,1149,1,7
"2025000014599",2,9,19,8,0,0,3,1,45,1598,1,18
"2025000014599",1,9,9,8,0,0,1,2,21,1390,1,19
"2025000014600",1,9,19,0,0,0,1,1,-1,-1,-1,-1
"2025000014601",1,9,19,0,0,0,3,1,60,1998,2,19
"2025000014602",2,9,19,0,1,0,2,1,34,1598,1,12
"2025000014602",1,9,19,0,5,7,1,2,47,998,1,9
"2025000014603",2,11,19,8,0,0,1,1,61,6700,2,5
"2025000014603",1,9,5,6,5,0,1,1,33,1388,1,15
"2025000014603",3,9,2,1,0,0,1,1,67,1796,1,21
"2025000014604",1,9,9,8,0,0,1,1,21,-1,-1,-1
"2025000014605",1,8,9,8,0,0,1,1,77,1896,2,12
"2025000014605",2,1,19,8,0,0,1,1,67,-1,-1,-1
"2025000014606",2,9,19,1,0,0,0,1,36,1395,1,5
"2025000014606",1,5,19,1,1,0,1,1,36,675,1,11
"2025000014607",2,9,7,4,0,0,1,2,-1,1395,1,11
"2025000014607",1,9,19,8,0,0,4,2,41,1596,1,13
"2025000014608",1,98,19,0,0,0,1,1,59,-1,-1,-1
"2025000014608",2,9,19,0,0,0,1,1,42,1598,2,8
"2025000014609",2,9,19,2,0,4,1,1,35,1248,1,9
"2025000014609",1,9,3,2,0,4,2,2,47,2143,2,6
"2025000014609",3,9,2,2,0,0,2,3,-1,-1,3,0
"2025000014610",1,9,19,0,0,0,2,2,29,1499,2,7
"2025000014610",2,9,19,0,0,0,1,1,31,1399,2,18
"2025000014611",1,21,19,1,0,0,1,1,30,10837,2,4
"2025000014611",2,19,4,1,0,0,2,1,42,2143,2,12
"2025000014612",1,11,5,0,0,0,1,1,48,9000,2,14
"2025000014612",2,9,19,0,1,0,1,2,26,1388,1,8
"2025000014613",1,9,4,0,0,0,2,2,25,999,1,3
"2025000014613",2,9,19,0,0,0,1,1,21,1496,1,4
"2025000014614",2,9,4,0,0,0,2,2,34,1968,2,7
"2025000014614",1,9,19,0,0,0,1,1,42,1798,8,5
"2025000014615",2,1,19,8,0,0,1,2,10,-1,-1,-1
"2025000014615",1,9,9,8,0,0,3,1,-1,1956,2,11
"2025000014616",1,3,99,9,9,99,9,1,33,-1,-1,-1
"2025000014616",2,8,99,9,9,99,9,3,-1,1798,8,4
"2025000014617",1,11,19,0,0,0,0,1,52,6700,2,5
"2025000014618",2,9,19,8,0,0,2,1,76,1969,8,3
"2025000014618",1,9,19,8,0,0,1,1,31,1248,2,9
"2025000014619",1,9,19,0,0,0,1,1,-1,1995,2,5
"2025000014620",1,9,2,1,0,0,3,1,88,1339,1,14
"2025000014621",1,19,13,0,0,0,4,1,-1,1995,2,7
"2025000014621",2,9,19,0,0,10,2,2,26,1499,2,6
"2025000014622",1,9,9,5,0,0,1,1,60,1968,2,7
"2025000014622",2,1,19,8,0,0,1,1,53,-1,-1,-1
"2025000014623",2,-1,19,8,0,0,1,2,28,-1,-1,-1
"2025000014623",1,9,9,8,0,0,3,1,61,1991,1,7
"2025000014624",3,9,10,1,0,0,1,1,48,1200,1,7
"2025000014624",1,9,5,8,1,0,4,1,56,998,1,9
"2025000014624",2,9,19,1,0,0,1,2,43,998,1,1
"2025000014625",4,9,4,0,0,0,2,1,32,1796,1,14
"2025000014625",1,19,4,0,0,0,1,1,27,2464,2,11
"2025000014625",2,9,4,0,0,0,2,1,38,1598,2,5
"2025000014625",3,9,11,0,0,0,2,2,56,998,1,5
"2025000014626",1,97,19,0,0,0,1,3,-1,-1,-1,-1
"2025000014627",1,3,3,9,9,99,2,1,27,124,1,4
"2025000014627",2,9,19,9,9,99,1,3,-1,1498,1,5
"2025000014628",1,9,7,1,0,0,1,2,38,1296,1,15
"2025000014629",2,9,4,0,0,0,2,1,62,1197,1,6
"2025000014629",3,19,4,0,0,0,2,1,30,-1,-1,-1
"2025000014629",1,9,19,0,0,0,1,1,24,1598,2,6
"2025000014630",1,9,19,0,0,0,1,1,54,1499,2,7
"2025000014631",1,9,99,9,9,99,9,2,27,1197,1,6
"2025000014632",2,9,19,1,0,0,1,2,37,1598,1,13
"2025000014632",1,3,19,1,0,0,2,1,52,125,1,3
"2025000014633",1,9,9,8,0,0,1,2,34,998,1,16
"2025000014633",2,9,19,8,0,0,3,1,61,2967,2,5
"2025000014634",2,9,19,0,0,4,1,1,-1,1968,2,4
"2025000014634",1,9,2,0,0,0,2,1,20,1596,1,13
"2025000014635",1,5,9,5,0,0,1,2,56,600,1,20
"2025000014635",2,9,19,1,0,0,1,1,23,1461,2,12
"2025000014636",2,20,19,0,0,0,0,1,57,-1,-1,-1
"2025000014636",1,5,13,0,1,0,4,1,52,998,1,4
"2025000014637",1,1,19,0,0,0,1,1,59,-1,-1,-1
"2025000014637",2,9,6,0,0,0,2,2,40,1598,2,9
"2025000014638",1,9,19,1,1,0,0,1,28,1229,1,12
"2025000014638",2,19,19,1,1,0,2,1,52,1995,2,10
"2025000014638",3,9,19,1,0,0,1,2,22,1598,2,9
"2025000014639",1,9,19,0,0,0,1,1,19,1373,1,4
"2025000014640",2,1,4,1,1,0,4,1,46,-1,-1,-1
"2025000014640",1,9,12,1,0,0,3,2,30,-1,-1,-1
"2025000014641",1,9,13,0,0,0,1,1,49,1796,1,11
"2025000014641",2,9,6,0,0,0,0,1,28,1598,1,11
"2025000014642",1,8,11,3,0,0,2,1,41,1956,2,6
"2025000014642",2,21,9,8,0,0,1,1,41,-1,-1,-1
"2025000014643",2,1,19,8,0,0,4,1,32,-1,-1,-1
"2025000014643",1,8,19,1,0,0,1,1,58,1477,8,2
"2025000014644",2,3,19,1,2,0,3,1,44,125,1,16
"2025000014644",1,9,6,2,0,0,4,2,23,1398,1,6
"2025000014645",1,9,6,0,0,0,-1,1,-1,-1,-1,-1
"2025000014646",1,9,4,0,1,0,3,2,51,1580,8,2
"2025000014646",2,9,11,0,0,0,4,2,-1,998,1,8
"2025000014647",1,11,19,1,0,0,1,1,47,-1,3,2
"2025000014647",2,9,4,2,0,0,2,1,33,-1,-1,-1
"2025000014648",1,11,19,0,0,0,0,1,30,4500,2,4
"2025000014649",1,3,99,9,9,99,2,1,22,-1,-1,-1
"2025000014649",2,11,99,9,9,99,1,3,-1,-1,-1,-1
"2025000014650",3,5,19,1,0,0,2,1,20,659,1,1
"2025000014650",1,9,9,8,0,0,2,1,42,1600,8,2
"2025000014650",2,5,19,1,2,0,3,1,19,659,1,0
"2025000014651",1,1,19,0,0,0,0,2,63,-1,-1,-1
"2025000014652",4,9,19,1,0,0,0,1,74,999,1,0
"2025000014652",3,9,19,1,0,0,0,1,54,-1,-1,-1
"2025000014652",2,3,9,1,1,0,3,1,34,124,1,13
"2025000014652",1,5,13,5,1,0,1,1,33,1000,1,2
"2025000014653",1,1,19,8,1,0,4,1,7,-1,-1,-1
"2025000014653",2,9,19,8,0,0,4,1,32,-1,-1,-1
"2025000014654",1,9,9,8,0,0,1,2,19,1560,2,8
"2025000014654",2,1,19,8,0,0,3,1,16,-1,-1,-1
"2025000014655",2,9,10,8,0,0,2,1,44,1910,2,14
"2025000014655",1,9,19,8,0,0,1,1,61,1596,1,21
"2025000014656",1,10,19,8,0,0,1,1,49,-1,-1,-1
"2025000014656",2,9,3,8,0,0,0,1,23,1296,1,15
"2025000014656",3,90,19,8,0,0,0,3,-1,-1,-1,-1
"2025000014657",2,9,4,0,0,0,2,2,25,1242,1,16
"2025000014657",1,9,19,0,0,0,0,1,64,2993,2,0
"2025000014657",3,9,19,0,0,0,1,1,29,-1,-1,-1
"2025000014657",4,21,19,0,0,0,1,1,38,12419,2,2
"2025000014658",2,3,99,0,9,99,2,3,-1,124,1,14
"2025000014658",1,9,99,0,9,99,2,1,40,1797,8,9
"2025000014659",1,9,19,0,0,0,1,3,-1,-1,-1,-1
"2025000014659",2,1,19,0,0,0,2,1,47,-1,-1,-1
"2025000014660",2,9,19,0,0,0,3,2,28,1197,1,9
"2025000014660",1,9,19,0,0,0,4,3,-1,-1,-1,-1
"2025000014661",1,9,19,0,0,0,1,1,56,1560,2,11
"2025000014661",2,21,4,0,0,0,2,1,59,12777,2,9
"2025000014662",1,9,19,2,0,0,1,1,24,2000,1,12
"2025000014663",1,9,99,9,9,99,2,2,29,998,1,5
"2025000014663",2,9,99,9,9,99,1,3,-1,1461,2,4
"2025000014664",1,9,7,8,0,0,1,2,66,1197,1,7
"2025000014665",2,1,19,2,0,0,1,1,51,-1,-1,-1
"2025000014665",1,19,1,6,0,0,2,3,-1,2143,2,4
"2025000014666",2,8,2,0,0,0,2,1,60,1991,8,6
"2025000014666",1,9,19,0,1,0,1,1,23,1896,2,15
"2025000014667",1,9,19,0,0,0,1,3,-1,1998,8,6
"2025000014667",2,21,5,0,0,0,2,1,65,3800,2,4
"2025000014668",4,9,19,1,0,0,2,1,31,1591,1,7
"2025000014668",1,9,19,1,1,0,1,2,19,999,1,4
"2025000014668",3,9,19,1,1,0,2,1,43,2143,2,8
"2025000014668",2,19,19,1,1,0,2,1,40,2143,2,5
"2025000014669",1,19,9,5,0,0,3,1,70,1995,2,15
"2025000014669",2,3,13,8,5,0,1,1,47,125,1,4
"2025000014670",1,9,19,0,1,0,1,1,24,2947,1,15
"2025000014671",1,9,4,0,0,0,1,2,37,1200,1,7
"2025000014671",2,19,4,0,0,0,2,1,30,-1,-1,-1
"2025000014672",1,9,19,1,0,10,0,2,33,1582,2,11
"2025000014672",2,9,9,8,0,0,0,3,-1,-1,-1,-1
"2025000014673",1,9,19,1,0,0,1,2,24,1997,2,5
"2025000014673",2,9,19,8,0,0,1,1,44,1984,1,4
"2025000014674",1,9,9,8,0,0,1,1,34,1995,2,3
"2025000014675",1,9,9,2,0,0,4,1,41,-1,-1,-1
"2025000014676",1,9,19,0,0,0,1,1,41,-1,-1,-1
"2025000014676",2,9,19,0,0,0,1,1,35,-1,-1,-1
"2025000014677",1,19,5,0,0,0,4,1,37,2998,2,9
"2025000014677",2,1,19,0,0,0,1,1,-1,-1,-1,-1
"2025000014678",1,4,19,0,0,0,3,1,37,233,1,28
"2025000014678",2,9,9,0,0,0,1,1,76,1598,8,2
"2025000014679",1,9,19,0,0,0,1,1,39,1598,2,5
"2025000014679",2,9,19,0,0,0,1,1,19,998,1,13
"2025000014680",1,9,-1,-1,-1,-1,-1,3,-1,1797,8,7
"2025000014680",2,9,19,1,0,0,2,2,67,1686,2,8
"2025000014681",3,9,19,0,0,10,0,1,36,1364,1,11
"2025000014681",2,9,19,0,0,0,2,1,49,1950,2,3
"2025000014681",1,9,19,0,0,0,1,1,17,1598,1,11
"2025000014682",1,-1,19,0,0,0,1,1,16,-1,-1,-1
"2025000014682",2,9,19,0,0,0,3,2,20,1248,1,12
"2025000014683",1,9,19,0,0,0,1,3,30,-1,-1,-1
"2025000014684",1,9,19,6,0,0,1,2,17,1198,1,12
"2025000014684",2,9,19,6,0,0,2,1,54,1368,1,3
"2025000014685",1,9,6,0,0,0,3,2,49,998,1,11
"2025000014685",2,3,9,0,0,0,1,1,24,124,1,10
"2025000014686",1,9,19,1,0,0,1,3,40,2993,2,17
"2025000014686",2,1,19,8,0,0,1,1,7,-1,-1,-1
"2025000014687",1,9,19,2,0,0,1,2,24,1598,1,14
"2025000014688",1,8,2,0,0,8,3,3,-1,1477,8,5
"2025000014688",2,1,19,0,0,8,1,1,49,-1,-1,-1
"2025000014689",2,9,19,1,0,4,1,1,26,999,1,5
"2025000014689",1,11,3,1,0,0,2,1,49,4500,2,12
"2025000014690",2,1,19,8,0,0,4,1,74,-1,-1,-1
"2025000014690",1,9,19,4,0,0,1,1,25,1587,1,14
"2025000014691",1,9,19,0,0,0,3,1,88,1995,2,2
"2025000014692",4,9,4,0,0,0,2,1,36,2487,8,1
"2025000014692",3,9,19,0,0,0,1,1,24,1399,1,7
"2025000014692",1,9,4,0,0,0,2,1,37,-1,-1,-1
"2025000014692",2,9,19,0,0,0,1,2,52,1998,1,4
"2025000014692",5,9,19,0,0,0,1,1,38,-1,-1,-1
"2025000014693",2,1,19,0,0,0,1,1,23,-1,-1,-1
"2025000014693",1,9,19,0,0,0,1,1,24,2143,12,6
"2025000014694",1,9,19,0,0,0,1,3,-1,-1,-1,-1
"2025000014695",1,9,1,0,0,0,2,1,58,2198,2,14
"2025000014696",1,9,7,8,0,0,1,2,46,2143,2,5
"2025000014696",2,1,19,8,0,0,1,1,20,-1,-1,-1
"2025000014697",1,1,99,0,9,99,1,3,-1,-1,-1,-1
"2025000014698",1,9,19,0,0,0,1,3,-1,1598,2,9
"2025000014698",2,1,19,0,0,0,2,1,34,-1,-1,-1
"2025000014699",1,21,19,0,0,0,1,1,61,-1,-1,-1
"2025000014700",2,3,19,0,0,0,1,1,49,125,1,14
"2025000014700",1,9,5,0,0,0,3,1,44,1597,2,9
"2025000014701",1,9,2,0,0,0,0,3,-1,1580,8,4
"2025000014701",2,9,5,0,0,4,1,1,81,1597,1,16
"2025000014702",2,11,19,0,0,0,1,1,31,6700,2,4
"2025000014702",1,9,11,0,0,0,4,1,-1,1373,1,2
"2025000014703",1,9,19,1,0,0,4,2,39,1686,2,13
"2025000014703",2,19,9,1,0,0,1,1,28,2198,2,8
"2025000014704",2,9,19,0,0,0,3,2,40,2987,2,5
"2025000014704",1,9,19,0,0,0,3,2,80,1834,1,20
"2025000014705",2,5,14,1,5,0,1,1,35,998,1,2
"2025000014705",1,19,5,1,0,0,3,1,43,1598,2,10
"2025000014706",2,9,19,0,0,0,2,1,28,1193,1,4
"2025000014706",1,9,19,0,0,0,2,1,37,-1,-1,-1
"2025000014706",3,9,19,0,0,0,1,1,22,-1,-1,-1
"2025000014707",1,9,19,1,0,0,1,3,-1,-1,-1,-1
"2025000014707",2,9,3,1,0,0,2,2,54,-1,-1,-1
"2025000014708",3,19,19,8,0,0,1,1,46,-1,3,1
"2025000014708",2,9,2,8,0,0,3,-1,-1,1582,2,13
"2025000014708",1,9,-1,8,-1,-1,-1,3,-1,-1,-1,-1
"2025000014709",1,9,7,6,0,0,1,1,40,1339,1,20
"2025000014709",2,9,19,1,0,0,4,1,22,1997,2,8
"2025000014710",2,9,3,4,0,0,2,1,18,1388,1,19
"2025000014710",1,9,19,1,0,0,1,3,-1,-1,-1,-1
"2025000014711",1,9,19,6,0,0,1,1,47,-1,3,1
"2025000014711",2,9,10,6,0,0,2,1,18,1242,1,11
"2025000014712",1,9,19,1,0,0,1,1,44,1364,1,15
"2025000014712",2,3,9,1,0,0,1,1,25,125,1,3
"2025000014713",1,9,99,9,9,99,1,3,34,1499,2,6
"2025000014713",2,9,99,9,9,99,9,3,-1,-1,-1,-1
"2025000014714",1,9,9,5,0,0,4,1,21,2926,2,18
"2025000014714",2,9,19,8,0,0,1,1,32,1499,2,5
"2025000014715",1,9,12,0,0,0,3,3,-1,2987,2,12
"2025000014715",2,9,13,0,0,0,4,2,48,-1,-1,-1
"2025000014716",1,9,19,0,0,0,1,1,50,4806,1,10
"2025000014716",2,9,19,0,0,0,1,2,55,999,1,1
"2025000014716",3,9,19,0,0,0,0,1,37,-1,-1,-1
"2025000014717",2,9,2,0,0,0,2,1,45,-1,-1,-1
"2025000014717",1,9,1,0,0,0,2,1,71,1395,1,6
"2025000014718",1,9,19,0,0,0,1,1,28,1590,1,17
"2025000014719",1,9,19,0,0,0,1,1,81,2199,2,7
"2025000014719",2,9,19,0,0,0,1,1,37,1339,1,12
"2025000014720",2,9,19,0,0,0,3,1,58,1499,2,6
"2025000014720",1,9,11,0,0,0,4,3,18,1242,1,15
"2025000014721",1,9,1,0,0,0,1,2,67,999,1,1
"2025000014722",1,-1,19,0,0,0,4,3,-1,-1,-1,-1
"2025000014723",1,9,1,1,0,0,2,1,38,-1,-1,-1
"2025000014724",1,9,19,0,0,0,1,1,46,1997,2,16
"2025000014725",1,1,19,2,0,0,3,1,73,-1,-1,-1
"2025000014725",2,9,3,1,0,0,3,1,-1,-1,-1,-1
"2025000014726",1,11,4,0,0,0,0,1,60,6696,2,9
"2025000014727",1,21,19,0,2,0,4,1,56,12902,2,6
"2025000014728",1,3,99,9,9,99,9,1,19,125,1,2
"2025000014728",2,9,99,9,9,99,9,3,-1,2143,2,6
"2025000014729",1,9,4,0,0,0,2,1,33,2993,2,3
"2025000014729",2,9,19,0,0,0,1,1,77,2198,2,6
"2025000014730",2,9,99,9,9,99,1,3,-1,1498,1,3
"2025000014730",1,9,99,9,9,99,9,1,43,1950,2,7
"2025000014731",1,19,19,0,0,0,0,1,64,2151,2,21
"2025000014732",2,9,19,0,0,4,1,1,55,1989,1,19
"2025000014732",1,10,2,0,0,0,2,1,52,2402,2,15
"2025000014733",2,9,9,8,0,0,0,2,28,1968,2,11
"2025000014733",1,11,19,1,0,0,0,1,53,7698,2,4
"2025000014734",2,9,-1,0,-1,-1,-1,1,24,-1,-1,-1
"2025000014734",1,9,-1,0,-1,-1,-1,1,-1,1240,1,18
"2025000014735",2,9,7,5,0,0,1,2,56,1598,1,18
"2025000014735",1,-1,19,8,5,0,3,1,21,-1,-1,-1
"2025000014736",1,19,5,1,0,0,1,1,42,1968,2,4
"2025000014737",1,9,19,3,0,0,1,3,-1,1598,8,1
"2025000014737",2,1,19,8,0,0,4,2,36,-1,-1,-1
"2025000014738",2,9,99,9,9,99,1,3,-1,1330,8,12
"2025000014738",1,1,99,9,9,99,1,1,38,-1,-1,-1
"2025000014739",1,9,5,4,0,0,1,1,39,1598,1,11
"2025000014739",2,3,3,7,0,0,2,1,44,124,1,6
"2025000014740",1,9,19,0,0,0,1,1,33,-1,-1,-1
"2025000014740",3,9,19,0,0,0,2,2,57,1242,1,10
"2025000014740",2,9,19,0,0,0,2,2,33,1229,1,6
"2025000014741",2,9,99,9,9,99,1,3,-1,-1,-1,-1
"2025000014741",1,3,99,9,9,99,2,1,26,125,1,8
"2025000014742",2,1,9,0,0,0,1,1,43,-1,-1,-1
"2025000014742",1,9,13,0,0,0,4,1,73,998,1,3
"2025000014743",1,9,9,5,0,0,1,2,27,998,1,2
"2025000014744",2,21,19,0,0,0,3,1,60,16353,2,3
"2025000014744",1,10,13,0,0,0,1,1,45,1998,2,18
"2025000014745",1,3,99,0,9,99,9,1,23,124,1,0
"2025000014745",2,9,99,0,9,99,9,3,-1,1998,8,5
"2025000014746",2,1,9,1,0,0,3,1,67,-1,-1,-1
"2025000014746",1,5,13,1,0,0,1,1,44,645,1,8
"2025000014747",2,9,99,9,9,99,1,3,-1,-1,-1,-1
"2025000014747",1,1,99,9,9,99,9,1,34,-1,-1,-1
"2025000014748",1,9,19,8,1,0,1,1,41,2477,2,19
"2025000014749",1,9,19,0,1,0,1,1,21,1499,1,2
"2025000014750",1,9,1,1,0,0,2,2,-1,-1,-1,-1
"2025000014751",1,9,19,1,0,0,1,1,23,999,1,1
"2025000014752",1,9,10,0,0,0,1,1,58,1399,2,11
"2025000014752",2,9,10,0,0,0,2,1,34,1596,1,14
"2025000014753",1,3,19,1,0,0,1,1,43,124,1,1
"2025000014754",1,9,11,1,0,0,4,1,59,1790,8,12
"2025000014754",2,3,19,1,0,0,3,1,44,125,1,3
"2025000014755",1,9,19,0,2,0,4,1,59,1591,1,9
"2025000014756",1,9,19,0,0,0,4,1,21,1997,2,12
"2025000014757",1,9,4,0,0,0,1,1,74,1995,2,11
"2025000014758",3,9,19,1,0,0,1,1,34,2143,2,12
"2025000014758",2,9,9,8,0,0,4,1,57,3456,8,6
"2025000014758",1,5,19,1,1,0,1,1,66,1600,1,11
"2025000014759",2,9,19,0,0,0,3,1,53,1595,1,15
"2025000014759",1,21,19,0,0,0,4,2,57,12777,2,2
"2025000014760",2,9,99,9,9,99,0,3,-1,2998,1,1
"2025000014760",1,3,99,9,9,99,9,1,59,125,1,1
"2025000014761",1,9,9,5,0,0,1,1,19,999,1,6
"2025000014762",1,1,99,9,9,99,9,1,35,-1,-1,-1
"2025000014762",2,9,99,9,9,99,9,3,-1,-1,-1,-1
"2025000014763",1,9,19,0,0,0,1,2,26,998,1,7
"2025000014764",1,1,19,0,0,0,1,1,21,-1,-1,-1
"2025000014765",2,9,99,9,9,99,1,3,47,-1,3,3
"2025000014765",1,3,99,9,9,99,1,1,32,125,1,1
"2025000014766",2,9,99,9,9,99,9,3,-1,1969,2,6
"2025000014766",1,9,99,9,9,99,1,2,42,1991,8,7
"2025000014767",1,9,19,0,1,0,1,2,23,-1,-1,-1
"2025000014768",1,5,14,0,1,0,4,1,55,-1,-1,-1
"2025000014769",1,9,7,6,0,0,1,1,22,1498,1,3
"2025000014769",2,9,10,1,0,0,1,2,39,998,1,8
"2025000014769",3,9,7,8,0,0,0,1,24,2261,1,1
"2025000014770",1,3,99,9,9,99,2,1,41,125,1,3
"2025000014770",2,9,99,9,9,99,2,3,-1,1229,1,17
"2025000014771",1,9,99,9,9,99,9,1,35,1919,2,14
"2025000014771",2,9,99,9,9,99,9,3,-1,2143,2,3
"2025000014772",1,9,19,7,1,0,1,1,37,1560,2,16
"2025000014773",2,9,19,0,0,0,1,1,21,1390,1,16
"2025000014773",3,9,2,0,0,0,1,3,-1,-1,-1,-1
"2025000014773",1,9,19,0,0,0,1,1,31,1968,2,12
"2025000014774",1,9,19,0,0,0,1,3,34,1461,2,3
"2025000014775",2,3,19,1,0,0,1,1,34,125,1,10
"2025000014775",1,9,3,1,0,0,2,2,29,1598,1,14
"2025000014776",1,90,5,2,0,0,1,1,57,10837,2,3
"2025000014776",2,1,19,6,5,0,4,1,12,-1,-1,-1
"2025000014777",2,9,4,0,0,0,3,1,45,1100,1,-1
"2025000014777",3,9,19,0,0,0,1,2,55,1399,2,11
"2025000014777",1,9,9,0,0,0,3,1,71,1596,1,18
"2025000014778",1,9,5,8,0,0,1,1,31,1598,2,9
"2025000014778",2,4,3,8,0,0,2,1,19,124,1,11
"2025000014779",3,19,4,0,0,0,2,3,-1,1995,2,5
"2025000014779",1,9,19,0,0,0,1,1,21,998,1,10
"2025000014779",2,9,4,0,0,0,2,1,39,1753,2,16
"2025000014780",1,9,19,0,0,0,4,3,-1,-1,-1,-1
"2025000014781",5,9,4,1,0,0,2,1,32,1956,2,8
"2025000014781",6,9,4,1,0,0,2,1,20,1368,1,7
"2025000014781",3,9,4,1,0,0,2,1,22,1984,1,5
"2025000014781",1,9,4,1,0,0,1,1,18,1362,1,8
"2025000014781",2,9,4,1,0,0,2,1,22,998,1,5
"2025000014781",4,9,4,1,0,0,2,1,20,1995,2,15
"2025000014782",1,5,19,8,0,0,4,1,58,999,1,0
"2025000014782",2,19,9,8,0,0,3,1,-1,2143,2,9
"2025000014783",2,9,19,1,0,0,3,1,91,1798,1,13
"2025000014783",1,9,19,2,0,0,3,2,70,2143,2,11
"2025000014784",1,9,19,0,1,0,1,1,20,1149,1,13
"2025000014784",2,9,19,0,0,0,1,1,24,1598,2,11