"collision_index","vehicle_reference","vehicle_type","vehicle_manoeuvre","junction_location","skidding_and_overturning","hit_object_in_carriageway","first_point_of_impact","sex_of_driver","age_of_driver","engine_capacity_cc","propulsion_code","age_of_vehicle"
"2025000014785",2,3,19,0,0,0,4,1,28,124,1,3
"2025000014785",1,1,7,0,0,0,1,1,11,-1,-1,-1
"2025000014786",2,9,19,7,0,0,3,1,-1,-1,-1,-1
"2025000014786",1,9,19,8,0,0,4,2,25,1329,1,11
"2025000014787",2,1,19,1,0,0,3,1,53,-1,-1,-1
"2025000014787",1,19,11,1,0,0,4,1,58,1598,2,7
"2025000014788",4,9,19,8,0,0,1,1,45,1968,2,14
"2025000014788",1,9,4,8,0,0,2,1,23,1984,1,2
"2025000014788",3,19,19,8,0,0,1,1,32,1598,2,8
"2025000014788",2,19,19,8,0,0,1,1,36,1499,2,0
"2025000014789",2,9,3,1,0,0,2,1,24,1499,1,2
"2025000014789",1,19,19,1,0,0,1,1,24,1598,2,2
"2025000014790",2,11,2,1,0,0,0,1,62,7300,2,15
"2025000014790",1,9,19,1,0,0,3,2,49,2143,2,9
"2025000014791",1,9,5,1,0,0,1,2,63,1587,1,17
"2025000014792",2,9,5,8,0,0,4,1,53,-1,-1,-1
"2025000014792",1,1,7,6,0,0,3,1,77,-1,-1,-1
"2025000014793",2,9,19,0,0,0,1,2,60,1968,2,10
"2025000014793",1,9,19,0,1,0,2,2,51,1598,1,14
"2025000014794",2,5,9,8,0,0,4,1,65,988,1,18
"2025000014794",1,19,9,4,0,0,3,1,49,1995,2,5
"2025000014795",1,9,4,5,0,0,1,2,73,1197,1,5
"2025000014795",2,9,4,1,0,0,1,1,34,1968,2,9
"2025000014795",3,9,4,1,0,0,2,1,35,1997,1,11
"2025000014796",2,9,19,8,0,0,1,1,23,1299,1,20
"2025000014796",1,9,19,8,0,0,3,2,31,999,1,4
"2025000014797",1,9,5,0,0,0,4,2,32,1498,1,1
"2025000014798",1,9,9,5,0,0,1,2,39,1398,1,10
"2025000014798",2,1,19,1,0,0,1,1,28,-1,-1,-1
"2025000014799",1,9,19,0,5,10,1,1,21,2656,1,15
"2025000014800",1,9,19,1,0,0,4,2,37,1968,2,10
"2025000014801",1,1,19,8,0,0,1,1,35,-1,-1,-1
"2025000014802",1,9,19,1,0,0,1,1,-1,1229,1,14
"2025000014802",2,9,4,1,0,0,2,2,41,1364,1,14
"2025000014803",1,8,19,8,0,0,3,1,34,1580,8,5
"2025000014803",2,11,19,8,0,0,3,2,60,9000,2,11
"2025000014804",1,1,19,2,0,0,1,1,13,-1,-1,-1
"2025000014804",2,9,19,2,0,0,3,1,75,999,1,3
"2025000014805",2,9,19,1,0,0,3,1,28,-1,-1,-1
"2025000014805",1,9,19,8,0,0,4,1,26,-1,-1,-1
"2025000014806",1,9,19,1,5,4,1,2,55,1490,8,2
"2025000014806",2,9,2,1,0,0,1,3,-1,1242,1,10
"2025000014807",1,9,19,0,0,0,1,1,-1,-1,-1,-1
"2025000014808",2,9,19,0,5,0,3,2,73,2495,1,17
"2025000014808",1,98,11,0,0,0,1,1,73,-1,-1,-1
"2025000014809",3,19,19,3,0,0,1,1,37,1500,2,0
"2025000014809",1,19,15,1,1,9,1,1,24,1995,2,1
"2025000014809",2,9,19,3,0,0,3,1,34,2191,2,7
"2025000014810",1,11,5,1,0,0,1,1,48,8268,2,19
"2025000014810",2,9,3,1,0,0,2,1,39,1388,1,17
"2025000014811",1,9,19,0,0,0,1,1,19,1229,1,16
"2025000014812",2,9,3,2,0,0,0,2,26,1329,1,11
"2025000014812",3,1,19,1,0,0,1,2,39,-1,-1,-1
"2025000014812",1,9,5,8,0,0,0,3,-1,1798,8,8
"2025000014813",1,3,99,9,9,99,1,2,32,125,1,8
"2025000014813",2,9,99,9,9,99,2,3,-1,1999,2,6
"2025000014814",1,1,99,9,9,99,9,1,48,-1,-1,-1
"2025000014814",2,9,99,9,9,99,9,3,-1,1598,1,11
"2025000014815",1,9,19,0,0,0,1,1,79,1951,2,20
"2025000014816",1,3,19,8,0,7,1,1,74,124,1,19
"2025000014817",2,9,19,8,0,0,3,2,66,1200,1,9
"2025000014817",1,9,5,8,0,0,1,2,44,1995,12,1
"2025000014818",1,8,4,0,0,0,1,1,59,1798,8,7
"2025000014819",2,9,19,1,1,0,1,1,41,2268,2,10
"2025000014819",1,9,9,1,5,0,4,1,42,1598,1,10
"2025000014820",1,9,19,1,0,0,1,3,-1,-1,-1,-1
"2025000014821",2,9,99,9,0,0,3,1,-1,1598,1,13
"2025000014821",1,3,99,9,9,99,1,1,32,125,1,1
"2025000014822",1,9,19,0,1,0,1,1,22,1995,2,15
"2025000014823",1,5,19,0,0,0,1,1,48,1000,1,8
"2025000014824",2,9,19,8,0,0,1,2,36,1598,1,10
"2025000014824",1,9,7,6,0,0,3,2,22,1199,1,3
"2025000014825",1,9,19,0,0,0,1,1,19,1395,1,7
"2025000014825",2,1,9,0,0,0,4,1,20,-1,-1,-1
"2025000014826",1,9,3,0,0,0,4,1,78,1586,1,15
"2025000014827",2,19,99,0,9,99,9,3,-1,-1,-1,-1
"2025000014827",1,9,99,0,9,99,2,1,34,1596,1,10
"2025000014828",1,9,19,1,0,0,1,3,21,-1,-1,-1
"2025000014829",1,9,19,0,0,0,1,2,20,1198,1,14
"2025000014830",2,19,19,0,0,0,1,1,63,-1,-1,-1
"2025000014830",1,9,6,0,0,0,3,1,42,-1,-1,-1
"2025000014831",1,9,19,1,0,4,1,2,45,1560,2,14
"2025000014831",2,19,2,1,0,0,2,3,-1,2198,2,7
"2025000014832",1,9,19,1,2,10,4,1,19,1390,1,14
"2025000014833",2,3,9,3,0,0,4,1,25,-1,-1,-1
"2025000014833",1,9,19,4,0,0,1,1,28,1969,2,7
"2025000014834",1,9,99,9,9,99,2,1,26,-1,-1,-1
"2025000014834",2,9,19,9,9,99,9,1,23,-1,-1,-1
"2025000014835",1,9,19,0,0,0,0,3,-1,-1,-1,-1
"2025000014835",2,9,19,0,0,0,1,1,41,-1,-1,-1
"2025000014836",1,9,99,9,9,99,1,1,52,1580,8,3
"2025000014836",2,9,99,9,9,99,1,3,-1,1968,2,0
"2025000014837",1,4,19,0,1,0,1,1,32,321,1,1
"2025000014838",3,9,19,0,0,11,1,2,24,2993,2,18
"2025000014838",2,11,19,0,0,0,1,1,53,7300,2,13
"2025000014838",1,9,19,0,0,0,1,1,26,-1,-1,-1
"2025000014839",1,9,19,0,0,0,4,2,45,2987,2,13
"2025000014840",1,11,19,1,0,0,0,1,41,5132,2,7
"2025000014841",5,19,3,0,0,0,2,1,38,2198,2,7
"2025000014841",1,9,19,0,0,0,2,1,33,1598,2,10
"2025000014841",2,9,2,0,0,0,2,3,-1,1498,1,3
"2025000014841",4,9,15,0,5,10,1,1,62,1461,2,3
"2025000014841",3,9,19,0,0,0,2,2,61,999,1,6
"2025000014842",2,9,19,8,0,0,3,1,34,1998,1,6
"2025000014842",1,20,11,8,0,0,4,1,-1,-1,-1,-1
"2025000014843",2,9,19,8,0,0,2,1,33,1986,2,15
"2025000014843",1,9,19,6,0,0,1,1,41,1199,1,0
"2025000014844",1,-1,19,1,0,0,0,1,22,-1,-1,-1
"2025000014845",2,9,19,0,0,0,1,1,23,1896,2,19
"2025000014845",1,19,1,0,0,0,1,1,39,1995,2,5
"2025000014846",1,9,9,2,0,0,4,2,35,1968,2,4
"2025000014847",1,9,19,0,2,0,4,1,30,1984,1,20
"2025000014848",1,9,19,6,0,0,1,2,72,-1,-1,-1
"2025000014848",2,9,19,8,0,0,3,2,63,1299,1,15
"2025000014849",1,3,99,9,9,99,1,1,39,125,1,3
"2025000014849",2,9,99,9,9,99,1,3,-1,1998,1,1
"2025000014850",2,9,99,0,9,99,9,3,21,1984,1,4
"2025000014850",1,9,99,0,9,99,9,2,32,1395,1,6
"2025000014851",1,9,19,8,1,0,1,1,34,2494,1,20
"2025000014851",2,9,19,8,0,0,1,1,85,999,1,3
"2025000014852",1,9,12,0,0,0,1,1,31,-1,-1,-1
"2025000014852",2,9,14,0,0,0,1,1,36,2204,2,11
"2025000014853",4,9,19,0,0,0,1,1,55,1598,2,2
"2025000014853",3,9,19,0,0,0,1,1,35,-1,-1,-1
"2025000014853",1,9,19,0,0,0,1,1,22,1968,2,14
"2025000014853",2,21,12,0,0,0,2,1,63,9186,2,6
"2025000014854",1,9,1,0,0,0,1,1,81,1498,1,0
"2025000014854",4,9,2,0,0,0,3,3,-1,2143,2,9
"2025000014854",5,9,2,0,0,0,2,3,-1,2698,2,12
"2025000014854",2,9,2,0,0,0,1,3,-1,1998,8,7
"2025000014854",3,9,2,0,0,0,1,2,-1,998,1,7
"2025000014855",1,9,19,1,5,0,1,1,51,698,1,19
"2025000014855",2,9,5,6,5,0,4,1,35,1242,1,20
"2025000014856",1,9,4,0,0,0,1,2,-1,1242,1,6
"2025000014856",3,9,4,0,0,0,2,2,-1,1200,1,5
"2025000014856",2,9,4,0,0,0,2,2,54,-1,-1,-1
"2025000014857",1,9,7,1,0,0,4,3,-1,-1,-1,-1
"2025000014858",1,19,19,0,0,0,1,1,-1,1995,2,1
"2025000014858",2,9,3,0,0,0,2,2,35,1500,2,4
"2025000014859",2,5,19,0,0,0,1,2,49,765,1,2
"2025000014859",1,9,19,0,0,0,2,1,43,1998,1,12
"2025000014860",2,9,3,1,0,0,2,1,36,-1,-1,-1
"2025000014860",1,9,19,1,0,0,1,2,30,998,1,6
"2025000014861",1,9,19,0,0,0,1,1,28,-1,-1,-1
"2025000014862",1,11,4,1,0,0,0,1,45,5132,2,7
"2025000014863",1,9,1,0,0,0,2,1,45,998,1,8
"2025000014864",1,9,19,1,0,0,4,2,27,1984,1,2
"2025000014865",1,9,7,8,0,0,1,1,30,1229,1,14
"2025000014866",1,11,19,0,0,0,1,1,51,7698,2,5
"2025000014867",1,9,19,2,0,0,1,1,30,2987,2,12
"2025000014868",1,9,19,1,0,0,1,1,22,1998,1,6
"2025000014868",2,9,19,2,0,0,1,2,44,1498,1,1
"2025000014869",1,9,19,8,0,7,1,1,30,1149,1,7
"2025000014869",2,8,5,6,0,0,3,1,62,2402,2,16
"2025000014870",1,-1,19,1,0,0,1,1,14,-1,-1,-1
"2025000014871",1,9,19,1,0,0,1,1,21,2295,1,21
"2025000014871",2,9,19,1,0,0,1,2,38,1560,2,9
"2025000014872",1,3,19,1,1,0,4,1,21,125,1,2
"2025000014873",2,9,19,8,0,0,1,1,36,898,1,7
"2025000014873",1,9,19,8,0,0,1,1,22,-1,-1,-1
"2025000014874",1,1,19,8,0,0,1,1,18,-1,-1,-1
"2025000014874",2,19,9,6,0,0,4,1,56,2143,2,7
"2025000014875",1,9,4,0,0,0,0,1,24,2967,2,1
"2025000014875",2,9,4,0,0,0,2,2,51,1582,2,4
"2025000014875",3,19,19,0,0,0,1,1,52,1598,2,5
"2025000014876",2,9,99,9,9,99,1,3,-1,1596,1,7
"2025000014876",1,9,99,9,9,99,2,1,59,1950,2,5
"2025000014877",1,9,19,0,0,0,1,2,68,1796,1,20
"2025000014877",2,9,19,0,0,10,2,1,37,998,1,16
"2025000014878",2,9,19,8,0,0,1,1,47,2786,1,60
"2025000014878",1,9,19,8,0,0,1,2,29,999,1,1
"2025000014879",1,9,19,0,0,0,1,1,67,-1,-1,-1
"2025000014880",1,9,7,0,0,0,1,1,21,-1,-1,-1
"2025000014880",2,9,19,0,0,0,1,1,30,-1,-1,-1
"2025000014881",1,9,6,1,0,0,1,3,-1,1229,1,17
"2025000014881",2,9,2,1,0,0,3,1,50,1598,2,6
"2025000014882",2,9,5,6,0,0,1,2,37,2179,2,10
"2025000014882",1,9,19,1,0,0,3,1,29,1995,2,11
"2025000014883",2,9,99,0,9,99,1,3,44,1395,8,7
"2025000014883",1,1,99,0,9,99,1,1,27,-1,-1,-1
"2025000014884",2,1,5,8,1,0,1,1,40,-1,-1,-1
"2025000014884",1,9,9,8,0,0,1,1,40,2993,2,8
"2025000014885",1,19,19,0,-1,-1,-1,1,-1,2143,2,2
"2025000014885",2,9,4,0,-1,-1,-1,1,47,1998,1,2
"2025000014886",2,9,19,1,0,0,1,3,18,2143,2,8
"2025000014886",1,9,19,1,0,0,2,1,38,1200,1,7
"2025000014887",1,9,19,0,2,0,4,1,18,1390,1,14
"2025000014888",2,21,19,0,0,0,2,1,56,12419,2,2
"2025000014888",1,9,19,0,0,0,1,1,52,1500,2,4
"2025000014889",1,19,19,3,0,0,4,1,28,2299,2,1
"2025000014889",2,9,8,5,0,0,3,2,41,998,1,4
"2025000014890",1,1,19,8,5,0,1,1,67,-1,-1,-1
"2025000014891",2,9,19,0,0,0,1,1,67,2494,2,20
"2025000014891",1,5,19,0,0,0,1,1,54,676,1,20
"2025000014892",1,9,1,1,0,0,2,2,-1,1368,1,14
"2025000014892",2,9,2,1,0,0,1,2,26,1395,1,3
"2025000014893",1,19,19,0,0,0,3,1,-1,1248,2,9
"2025000014894",2,21,19,0,0,0,1,1,44,12777,2,5
"2025000014894",1,9,19,0,0,0,1,2,33,1490,8,0
"2025000014894",3,9,19,0,0,0,1,1,39,-1,3,1
"2025000014895",1,9,19,0,0,7,1,2,63,999,1,2
"2025000014896",2,5,14,1,0,0,1,3,-1,-1,-1,-1
"2025000014896",1,9,9,1,0,0,3,2,24,-1,-1,-1
"2025000014897",1,9,19,0,0,0,1,3,-1,-1,-1,-1
"2025000014897",2,9,19,0,0,0,2,2,71,-1,3,0
"2025000014898",2,9,19,0,0,0,3,1,45,1461,2,6
"2025000014898",1,9,19,0,0,0,3,1,74,2487,8,3
"2025000014899",1,9,9,2,0,0,0,1,38,-1,-1,-1
"2025000014900",1,3,14,1,0,0,1,1,30,125,1,4
"2025000014901",1,9,19,8,0,0,1,2,19,1499,1,5
"2025000014902",2,1,19,2,0,0,2,1,36,-1,-1,-1
"2025000014902",1,19,7,2,0,0,1,1,29,1997,2,5
"2025000014903",3,9,19,0,0,0,3,1,74,1498,1,16
"2025000014903",2,21,19,0,0,0,3,1,53,-1,-1,-1
"2025000014903",4,9,19,0,0,0,1,1,80,1339,1,10
"2025000014903",1,9,19,0,0,0,1,1,30,1999,1,10
"2025000014904",2,9,4,1,0,0,2,2,27,1560,2,9
"2025000014904",1,19,3,1,0,0,2,1,49,2299,2,3
"2025000014904",3,19,4,1,1,0,1,1,67,-1,-1,-1
"2025000014905",1,9,19,0,0,0,1,2,31,1499,2,6
"2025000014905",2,9,19,0,0,0,2,1,22,1499,1,3
"2025000014905",3,9,19,0,0,0,2,2,20,999,1,8
"2025000014906",1,21,5,0,0,0,4,1,61,4500,2,4
"2025000014907",1,9,19,0,0,0,1,2,31,1998,2,17
"2025000014907",2,9,19,0,0,0,2,1,58,-1,-1,-1
"2025000014907",3,20,19,0,0,0,2,1,58,4460,2,0
"2025000014908",2,9,4,0,0,0,2,2,71,1560,2,10
"2025000014908",1,19,19,0,0,0,1,1,59,2402,2,19
"2025000014909",1,9,99,9,9,99,9,1,40,-1,3,1
"2025000014909",2,9,99,9,9,99,9,3,-1,1995,2,14
"2025000014910",1,9,19,0,0,0,4,2,21,1598,2,8
"2025000014911",2,9,19,0,0,0,2,2,46,1999,2,3
"2025000014911",1,9,19,0,0,0,1,2,26,1956,2,10
"2025000014912",1,19,99,9,9,99,2,1,59,2200,2,3
"2025000014913",2,3,19,0,5,0,1,1,25,125,1,6
"2025000014913",1,9,5,0,0,0,3,1,23,1390,1,14
"2025000014914",1,21,4,0,0,0,1,1,37,12777,2,5
"2025000014914",3,9,3,0,0,0,2,1,59,1997,2,15
"2025000014914",2,9,4,0,0,0,2,1,38,1686,2,19
"2025000014915",1,9,9,8,0,0,4,1,55,1598,1,19
"2025000014915",2,9,19,8,0,0,1,1,37,-1,-1,-1
"2025000014916",2,9,19,0,0,0,3,2,20,998,1,4
"2025000014916",1,9,19,0,0,0,4,1,-1,-1,-1,-1
"2025000014917",2,9,99,0,9,99,9,2,-1,-1,-1,-1
"2025000014917",1,1,99,0,9,99,9,1,27,-1,-1,-1
"2025000014918",2,9,19,0,0,0,3,1,59,1998,1,5
"2025000014918",1,9,19,0,0,0,3,2,29,1956,2,12
"2025000014919",1,9,19,8,1,0,1,1,18,1198,1,9
"2025000014919",2,9,19,8,5,0,3,2,53,-1,-1,-1
"2025000014920",1,11,-1,0,-1,-1,-1,1,49,6692,2,12
"2025000014920",2,9,-1,0,-1,-1,-1,3,-1,-1,-1,-1
"2025000014921",1,9,9,8,0,0,1,1,58,1591,1,2
"2025000014921",2,3,19,1,2,0,1,1,22,125,1,3
"2025000014922",1,9,19,0,1,0,1,1,27,1596,1,20
"2025000014923",2,9,19,1,0,0,1,1,23,-1,-1,-1
"2025000014923",1,9,19,1,0,0,1,3,30,1560,2,12
"2025000014924",1,11,5,1,0,0,0,1,43,4500,2,5
"2025000014925",1,19,19,0,1,0,1,1,44,2298,2,8
"2025000014926",2,9,19,0,1,0,1,3,-1,2979,1,6
"2025000014926",1,9,19,0,0,0,3,1,26,1229,1,2
"2025000014927",1,9,1,1,0,0,2,1,58,-1,-1,-1
"2025000014928",2,3,19,1,2,0,1,1,35,125,1,4
"2025000014928",1,19,1,1,0,0,2,1,27,2198,2,8
"2025000014929",2,9,19,1,0,0,1,2,20,1968,2,3
"2025000014929",1,9,9,8,0,0,4,2,18,998,1,8
"2025000014930",1,9,6,0,0,0,3,1,28,1798,8,1
"2025000014930",2,2,3,0,0,0,1,1,32,125,1,9
"2025000014931",1,9,-1,0,-1,-1,-1,1,41,1969,2,5
"2025000014932",3,19,19,0,0,0,2,1,36,1997,2,2
"2025000014932",1,20,19,0,0,0,1,3,-1,12777,2,0
"2025000014932",2,9,19,0,0,0,2,2,36,1598,1,11
"2025000014933",2,5,15,1,2,0,1,1,30,1000,1,7
"2025000014933",1,90,9,6,0,0,3,1,42,7698,2,2
"2025000014934",1,9,19,0,5,0,1,2,45,1560,2,12
"2025000014935",1,9,-1,-1,-1,-1,-1,3,-1,-1,-1,-1
"2025000014936",1,1,99,9,9,99,1,1,35,-1,-1,-1
"2025000014936",2,20,99,9,9,99,9,3,35,-1,-1,-1
"2025000014937",1,9,19,0,0,0,1,2,28,1598,1,7
"2025000014937",2,9,2,0,0,0,1,3,-1,998,1,4
"2025000014937",4,9,19,0,0,0,0,3,-1,2143,2,7
"2025000014937",3,9,2,0,0,0,1,3,-1,-1,-1,-1
"2025000014938",1,11,5,4,0,0,0,1,26,6700,2,12
"2025000014939",1,9,19,1,0,0,1,3,-1,-1,-1,-1
"2025000014940",2,9,19,1,0,0,4,2,59,1598,2,7
"2025000014940",1,9,19,6,0,0,1,1,34,-1,-1,-1
"2025000014941",2,9,19,8,0,0,2,2,48,1968,2,3
"2025000014941",4,9,19,8,0,0,1,2,70,-1,-1,-1
"2025000014941",3,9,19,8,0,0,1,2,44,998,1,7
"2025000014941",1,19,19,8,0,0,1,1,26,2143,2,4
"2025000014942",1,9,19,0,0,4,1,1,21,1084,1,3
"2025000014943",1,9,19,1,0,0,1,1,43,2755,2,2
"2025000014943",2,19,10,1,0,0,0,1,45,1598,2,9
"2025000014944",2,9,6,1,0,0,4,2,47,1598,1,15
"2025000014944",1,3,19,1,0,0,1,1,36,125,1,0
"2025000014945",1,1,15,1,0,0,3,1,18,-1,-1,-1
"2025000014945",2,19,7,5,0,0,4,3,-1,2494,2,13
"2025000014946",1,9,4,8,0,0,1,1,59,1968,2,7
"2025000014947",1,19,7,8,0,0,3,1,52,4500,2,3
"2025000014948",1,9,11,8,0,0,4,2,35,1461,2,6
"2025000014948",2,21,19,8,0,0,1,1,31,9364,2,15
"2025000014949",2,3,19,3,0,0,3,1,27,108,1,9
"2025000014949",1,9,5,4,0,0,1,1,51,1995,2,3
"2025000014950",2,9,19,8,0,0,1,2,26,998,1,10
"2025000014950",1,9,19,8,0,0,3,2,40,1242,1,11
"2025000014951",1,9,19,0,-1,-1,-1,1,17,1242,1,14
"2025000014951",2,9,1,0,-1,-1,-1,3,-1,-1,-1,-1
"2025000014952",1,5,13,0,1,0,4,1,61,1200,1,3
"2025000014953",2,9,4,0,0,0,1,2,19,1242,1,12
"2025000014953",1,9,4,0,0,0,2,2,40,1998,1,2
"2025000014954",1,9,19,1,0,7,1,1,28,2998,1,8
"2025000014954",2,19,2,2,0,0,1,3,-1,1995,2,6
"2025000014955",1,9,5,1,0,0,1,1,84,-1,-1,-1
"2025000014955",2,1,19,8,0,0,1,1,22,-1,-1,-1
"2025000014956",1,9,19,5,0,0,3,1,25,1598,1,19
"2025000014957",1,9,19,1,0,0,1,3,-1,-1,-1,-1
"2025000014957",2,1,19,1,0,0,1,1,14,-1,-1,-1
"2025000014958",2,1,19,1,0,0,2,1,48,-1,-1,-1
"2025000014958",1,9,19,1,0,0,1,2,40,999,1,3
"2025000014959",1,11,4,1,0,0,1,1,46,4500,2,8
"2025000014960",2,19,19,1,0,0,2,2,21,2402,2,17
"2025000014960",1,9,19,1,0,0,1,1,29,1699,1,16
"2025000014961",1,19,4,1,0,0,1,1,34,1995,2,1
"2025000014961",2,9,3,1,0,0,2,2,19,1398,1,7
"2025000014962",1,9,9,1,0,0,3,1,43,2143,2,6
"2025000014962",2,9,19,1,0,0,1,2,31,1388,1,13
"2025000014963",2,9,99,0,9,99,9,3,-1,1598,1,8
"2025000014963",1,4,99,0,9,99,9,1,50,278,1,1
"2025000014964",1,9,19,0,0,11,1,2,55,1598,1,17
"2025000014964",2,19,19,0,0,0,0,1,32,1995,2,4
"2025000014965",2,9,20,0,0,0,3,3,-1,-1,-1,-1
"2025000014965",1,9,2,0,0,0,3,1,25,2993,2,10
"2025000014966",1,3,99,9,9,99,9,1,47,125,1,1
"2025000014966",2,9,99,9,9,99,3,3,43,1198,1,7
"2025000014967",1,9,7,3,0,0,1,3,-1,-1,-1,-1
"2025000014967",2,9,7,3,0,0,2,2,41,1598,8,1
"2025000014968",2,9,2,0,0,0,2,2,44,1997,1,6
"2025000014968",1,9,19,0,0,0,1,1,-1,1796,1,8
"2025000014969",1,5,19,0,0,0,3,1,33,599,1,20
"2025000014970",1,9,9,6,0,0,3,1,46,1956,2,10
"2025000014970",2,98,19,1,0,0,1,3,30,-1,-1,-1
"2025000014971",1,19,19,0,0,0,1,1,31,1995,2,3
"2025000014971",2,9,4,0,0,0,2,2,22,999,1,5
"2025000014971",3,9,4,0,0,0,2,1,22,-1,-1,-1
"2025000014972",1,9,9,8,0,0,1,2,62,1598,1,15
"2025000014972",2,9,19,8,1,0,3,1,32,1390,1,18
"2025000014973",1,8,9,8,0,0,2,1,42,-1,3,1
"2025000014973",2,5,19,8,0,0,1,1,45,649,1,7
"2025000014974",1,9,19,3,0,0,1,1,56,1798,8,4
"2025000014975",1,9,19,0,2,10,0,1,49,1598,1,11
"2025000014976",1,1,99,0,9,99,9,1,30,-1,-1,-1
"2025000014976",2,9,99,0,9,99,9,3,-1,-1,-1,-1
"2025000014977",2,10,19,0,0,0,3,1,51,2402,2,19
"2025000014977",1,11,19,0,0,0,1,1,69,4500,2,6
"2025000014978",1,9,10,1,0,0,2,1,55,1560,2,7
"2025000014978",2,9,3,1,0,0,2,1,38,1796,1,14
"2025000014978",3,9,19,8,0,0,1,1,24,1968,2,12
"2025000014979",2,9,19,8,0,0,3,1,32,1461,2,11
"2025000014979",1,3,5,6,0,0,1,1,32,125,1,10
"2025000014980",1,21,7,3,0,0,1,1,23,12742,2,2
"2025000014980",2,9,19,3,0,0,2,1,69,1596,1,14
"2025000014981",1,9,19,2,1,10,1,1,35,1198,1,12
"2025000014982",2,1,19,8,0,0,1,2,37,-1,-1,-1
"2025000014982",1,9,5,8,0,0,4,2,35,1968,2,7
"2025000014983",1,9,9,1,0,0,3,1,44,1198,1,8
"2025000014983",2,9,19,1,0,0,1,1,41,1991,1,3
"2025000014984",2,9,4,0,0,0,2,2,36,1968,2,2
"2025000014984",1,9,19,0,0,0,1,3,30,1896,2,15
"2025000014985",1,-1,4,0,0,0,4,2,13,-1,-1,-1
"2025000014985",2,9,3,0,0,0,4,1,36,1582,2,10
"2025000014986",1,9,19,0,0,0,1,1,31,2143,2,6
"2025000014987",2,1,19,8,0,0,1,3,-1,-1,-1,-1
"2025000014987",1,9,9,8,0,0,3,1,45,1986,2,17
"2025000014988",1,9,19,0,0,0,1,3,-1,-1,-1,-1
"2025000014989",2,3,19,0,1,0,4,1,40,-1,-1,-1
"2025000014989",1,9,19,0,1,0,1,1,44,998,1,7
"2025000014990",2,19,19,1,0,0,3,1,-1,2477,2,14
"2025000014990",1,1,19,1,0,0,4,1,52,-1,-1,-1
"2025000014991",2,5,19,1,0,0,1,1,28,-1,-1,-1
"2025000014991",1,9,1,8,0,0,2,3,-1,1242,1,8
"2025000014992",1,9,19,2,0,0,1,2,18,998,1,17
"2025000014992",2,9,4,2,0,0,2,1,42,1242,1,16
"2025000014993",1,5,14,8,0,0,1,1,33,675,1,11
"2025000014993",2,9,4,8,0,0,2,2,53,999,1,5
"2025000014994",1,9,13,0,1,0,1,1,24,2993,1,4
"2025000014995",2,11,9,8,0,0,1,2,55,4500,2,6
"2025000014995",1,1,19,2,0,0,1,1,32,-1,-1,-1
"2025000014996",2,9,19,0,0,0,1,1,40,998,1,8
"2025000014996",1,9,19,0,0,0,1,1,20,1199,2,12
"2025000014997",2,9,99,9,9,99,9,3,-1,-1,-1,-1
"2025000014997",1,1,99,9,9,99,9,1,52,-1,-1,-1
"2025000014998",1,9,12,1,0,0,3,1,18,-1,-1,-1
"2025000014998",2,9,19,1,0,0,4,1,33,1461,2,7
"2025000014999",1,9,19,8,0,0,4,2,31,1598,1,12
"2025000014999",2,9,7,8,0,0,3,1,36,1396,1,21
"2025000015000",2,9,19,0,0,0,1,2,34,1910,2,14
"2025000015000",1,9,4,0,0,0,2,1,29,1422,2,6
"2025000015001",1,3,99,0,9,99,2,1,33,124,1,1
"2025000015001",2,9,99,0,9,99,2,3,36,1685,2,12
"2025000015002",1,9,19,1,0,0,1,1,22,-1,-1,-1
"2025000015002",2,9,8,1,0,0,2,1,74,1580,8,0
"2025000015003",1,3,99,9,9,99,2,1,19,125,1,1
"2025000015003",2,9,99,9,9,99,1,3,-1,1149,1,18
"2025000015004",2,9,13,0,0,0,1,1,24,1968,2,9
"2025000015004",4,21,19,0,0,0,3,1,34,12902,2,1
"2025000015004",5,9,19,0,0,0,0,2,40,1399,1,4
"2025000015004",1,9,13,0,0,0,1,1,23,1229,1,16
"2025000015004",3,21,19,0,0,0,3,1,49,12419,2,3
"2025000015005",1,9,19,4,0,0,3,1,27,2993,2,7
"2025000015005",2,5,19,8,0,0,4,1,68,689,1,3
"2025000015006",1,9,19,0,0,0,3,2,43,1950,2,1
"2025000015007",2,9,19,0,0,0,1,1,50,1968,2,16
"2025000015007",1,9,19,0,0,0,1,1,78,1997,1,12
"2025000015008",2,1,19,8,0,0,0,1,20,-1,-1,-1
"2025000015008",1,9,7,5,0,0,4,1,52,1984,1,8
"2025000015009",1,9,19,8,0,0,1,1,41,1560,2,12
"2025000015009",3,9,8,1,0,0,3,1,49,1598,2,8
"2025000015009",2,9,9,5,0,0,1,2,72,998,1,12
"2025000015010",2,9,7,1,0,0,4,2,25,999,1,3
"2025000015010",1,9,-1,-1,-1,-1,-1,3,-1,1956,2,12
"2025000015011",1,9,19,1,0,0,1,1,33,1598,1,17
"2025000015011",2,2,19,1,0,0,2,1,33,125,1,1
"2025000015012",2,9,99,0,9,99,9,3,-1,1991,1,6
"2025000015012",1,9,99,0,9,99,9,1,-1,2993,2,4