"collision_index","vehicle_reference","vehicle_type","vehicle_manoeuvre","junction_location","skidding_and_overturning","hit_object_in_carriageway","first_point_of_impact","sex_of_driver","age_of_driver","engine_capacity_cc","propulsion_code","age_of_vehicle"
"2025000015013",1,9,19,0,0,0,4,3,-1,-1,-1,-1
"2025000015014",2,9,3,0,0,0,2,2,36,1995,2,6
"2025000015014",1,98,19,0,0,0,1,1,-1,-1,-1,-1
"2025000015015",2,9,99,9,9,99,2,1,20,-1,-1,-1
"2025000015015",1,9,99,9,9,99,9,1,31,1364,1,7
"2025000015016",1,9,19,0,0,4,1,1,85,1461,2,17
"2025000015016",2,9,2,0,0,0,2,3,-1,1997,2,13
"2025000015017",2,9,19,6,0,0,2,2,35,1229,1,14
"2025000015017",1,19,19,6,0,0,1,2,-1,1997,2,4
"2025000015017",3,9,19,6,0,0,4,2,33,999,1,6
"2025000015018",2,19,19,1,0,0,1,1,34,2148,2,9
"2025000015018",1,9,9,1,0,0,1,2,42,1596,1,16
"2025000015019",4,9,19,0,0,0,2,3,-1,1968,2,9
"2025000015019",2,9,19,0,0,0,2,2,42,-1,-1,-1
"2025000015019",3,19,19,0,0,0,2,1,41,2198,2,9
"2025000015019",1,9,19,0,0,0,1,1,25,2967,2,5
"2025000015020",3,11,19,2,0,0,3,1,43,6700,2,7
"2025000015020",1,9,19,8,0,0,1,1,40,2143,2,5
"2025000015020",2,9,10,8,0,0,2,1,34,1598,1,20
"2025000015021",2,9,2,0,0,0,2,3,-1,2495,2,20
"2025000015021",1,9,19,0,0,4,1,2,88,1242,1,12
"2025000015021",3,9,2,0,0,0,2,1,-1,1999,2,5
"2025000015022",1,1,19,0,0,0,1,3,22,-1,-1,-1
"2025000015023",2,9,19,8,0,0,1,1,27,2497,2,16
"2025000015023",1,9,9,6,0,0,3,2,60,1968,2,9
"2025000015024",1,9,19,1,0,0,3,1,42,2521,1,16
"2025000015024",2,9,19,1,0,0,1,1,30,1999,2,6
"2025000015025",1,8,19,8,0,0,0,3,-1,-1,-1,-1
"2025000015025",2,11,19,8,0,0,0,1,56,6692,2,11
"2025000015026",3,9,4,0,0,0,2,2,56,4367,2,8
"2025000015026",1,9,19,0,0,0,1,2,55,1956,2,11
"2025000015026",2,9,4,0,0,0,2,2,43,1997,2,11
"2025000015027",1,11,5,0,9,99,9,2,57,6692,2,14
"2025000015028",1,9,19,0,2,0,4,1,36,1388,1,18
"2025000015029",1,23,5,2,0,0,2,1,23,-1,-1,-1
"2025000015030",3,9,4,0,0,0,1,2,52,1969,8,1
"2025000015030",1,9,19,0,0,0,1,2,23,999,1,7
"2025000015030",2,9,4,0,0,0,2,1,42,1395,1,6
"2025000015031",2,9,19,2,0,0,3,2,45,1248,2,13
"2025000015031",1,19,11,2,0,0,4,1,53,-1,-1,-1
"2025000015032",1,9,19,0,0,0,1,1,21,1991,1,2
"2025000015032",2,19,19,0,0,0,2,1,32,1995,2,4
"2025000015033",2,5,19,0,0,0,1,1,30,998,1,14
"2025000015033",1,9,4,0,0,0,2,1,29,1598,2,5
"2025000015034",2,1,19,1,0,0,1,1,17,-1,-1,-1
"2025000015034",1,9,9,5,0,0,1,1,38,1461,2,9
"2025000015035",2,9,19,1,0,0,1,1,35,1199,1,2
"2025000015035",1,9,7,1,0,0,4,2,54,1328,1,13
"2025000015036",1,3,99,9,9,99,1,3,26,-1,-1,-1
"2025000015036",2,9,99,9,9,99,9,3,-1,-1,-1,-1
"2025000015037",1,9,14,0,0,0,3,1,53,1753,2,17
"2025000015037",2,1,13,0,0,0,3,1,48,-1,-1,-1
"2025000015038",1,9,19,0,0,0,1,1,68,-1,-1,-1
"2025000015039",1,9,13,8,0,0,4,1,35,1995,2,13
"2025000015039",2,1,19,8,0,0,3,1,45,-1,-1,-1
"2025000015040",1,9,19,0,1,0,1,1,41,2987,2,3
"2025000015041",2,9,9,1,0,0,1,1,22,998,1,9
"2025000015041",1,3,19,1,0,0,1,1,25,125,1,2
"2025000015042",2,1,19,8,0,0,1,1,15,-1,-1,-1
"2025000015042",1,9,9,5,0,0,4,2,22,1997,2,15
"2025000015043",1,9,19,0,0,0,1,2,51,1998,1,3
"2025000015044",1,11,2,0,0,0,4,2,37,5132,2,4
"2025000015045",1,9,19,8,1,0,1,1,-1,1796,1,13
"2025000015045",2,9,19,8,0,0,1,2,61,1998,2,8
"2025000015046",2,9,19,8,0,0,1,2,31,-1,-1,-1
"2025000015046",1,9,19,8,0,0,3,1,63,1493,2,14
"2025000015047",2,9,19,1,0,0,1,1,74,1582,2,8
"2025000015047",1,9,10,1,0,0,2,2,62,1968,2,7
"2025000015048",1,2,19,0,1,0,1,1,32,49,1,20
"2025000015049",1,21,11,0,0,0,1,1,-1,11705,2,7
"2025000015049",2,9,19,0,0,7,2,1,-1,1388,1,16
"2025000015050",2,1,19,8,0,0,1,1,30,-1,-1,-1
"2025000015050",1,9,9,6,0,0,1,1,17,1348,1,15
"2025000015051",3,1,19,1,0,99,3,1,14,-1,-1,-1
"2025000015051",1,9,5,6,0,99,1,1,80,1248,1,15
"2025000015052",2,11,19,0,0,0,1,1,-1,4500,2,4
"2025000015052",1,9,19,0,0,0,1,2,77,1398,2,16
"2025000015053",1,9,19,0,0,0,1,1,55,1386,1,10
"2025000015054",2,1,19,1,0,0,2,1,60,-1,-1,-1
"2025000015054",1,9,19,1,0,0,1,3,-1,-1,-1,-1
"2025000015055",2,11,19,0,0,0,1,1,20,4500,2,6
"2025000015055",1,23,19,0,0,0,1,1,38,-1,-1,-1
"2025000015056",2,9,19,0,0,0,3,1,63,1997,1,14
"2025000015056",1,9,19,0,0,0,4,2,55,1598,1,18
"2025000015057",1,9,19,1,0,0,1,1,-1,1398,2,11
"2025000015057",2,9,10,1,0,0,2,1,37,1333,1,1
"2025000015058",4,19,9,0,0,0,2,1,48,1499,2,4
"2025000015058",2,9,19,0,0,0,2,1,19,1595,1,15
"2025000015058",3,9,19,0,0,0,3,2,28,1362,1,9
"2025000015058",1,4,19,0,2,0,1,1,61,1050,1,14
"2025000015059",1,9,19,0,2,0,1,1,27,1596,1,13
"2025000015060",1,9,19,1,0,0,4,1,31,1388,1,11
"2025000015061",2,9,19,8,0,0,4,1,35,1598,2,6
"2025000015061",1,9,19,4,0,0,1,2,23,1399,1,12
"2025000015062",2,9,19,8,0,0,1,1,68,1999,2,4
"2025000015062",1,9,19,8,0,0,3,2,35,1493,2,13
"2025000015063",1,11,19,0,5,0,4,1,62,-1,3,1
"2025000015064",1,9,19,0,1,4,3,2,29,1364,2,16
"2025000015064",2,9,2,0,0,4,2,-1,-1,1596,1,13
"2025000015065",2,9,19,0,0,0,1,1,57,-1,-1,-1
"2025000015065",1,19,4,0,0,0,2,1,39,-1,-1,-1
"2025000015065",4,9,19,0,0,0,1,1,23,-1,-1,-1
"2025000015065",3,9,19,0,0,0,1,1,50,-1,-1,-1
"2025000015066",1,9,19,0,1,0,1,2,58,1598,1,14
"2025000015067",2,21,7,0,0,0,1,1,47,12902,2,4
"2025000015067",1,9,19,0,0,0,3,1,19,1248,1,10
"2025000015068",1,19,19,2,0,0,4,1,44,2143,2,4
"2025000015068",2,22,5,2,0,0,1,2,53,-1,-1,-1
"2025000015069",2,9,7,6,0,0,1,1,41,-1,-1,-1
"2025000015069",1,9,14,1,0,0,4,1,21,1490,1,20
"2025000015070",1,9,9,1,0,0,1,1,56,1798,8,2
"2025000015071",2,9,10,1,0,0,4,2,32,2143,2,10
"2025000015071",1,9,8,2,0,0,3,1,63,1395,1,5
"2025000015071",3,3,4,1,0,0,1,1,36,125,1,0
"2025000015072",2,9,4,0,0,0,2,1,38,-1,-1,-1
"2025000015072",3,11,4,0,0,0,2,1,71,9000,2,12
"2025000015072",1,9,19,0,0,0,1,2,74,1991,2,10
"2025000015073",2,9,19,0,0,0,1,1,18,1198,1,19
"2025000015073",1,9,19,0,0,0,1,2,65,1368,1,15
"2025000015074",1,9,19,2,0,0,4,2,45,1591,1,8
"2025000015075",1,11,19,2,0,0,1,1,62,-1,3,2
"2025000015076",2,9,5,6,0,0,1,1,22,1598,1,15
"2025000015076",1,3,19,1,0,0,4,1,31,125,1,1
"2025000015077",1,11,19,0,0,0,1,2,40,6700,2,11
"2025000015078",1,3,19,0,0,0,1,1,17,124,1,8
"2025000015078",2,19,1,0,0,0,2,1,41,1968,2,8
"2025000015079",2,9,5,6,0,0,1,1,52,-1,3,0
"2025000015079",1,5,19,1,0,0,1,1,25,765,1,1
"2025000015080",1,9,19,2,1,7,1,1,19,1984,1,4
"2025000015080",2,3,19,1,0,0,0,1,29,125,1,1
"2025000015081",2,9,2,1,0,4,1,3,-1,-1,-1,-1
"2025000015081",1,10,5,1,0,0,2,3,-1,-1,-1,-1
"2025000015082",2,1,19,2,0,0,1,1,-1,-1,-1,-1
"2025000015082",1,9,5,6,0,0,4,1,42,-1,-1,-1
"2025000015083",1,9,19,0,0,0,1,1,24,1390,1,9
"2025000015083",2,9,3,0,0,0,2,1,43,-1,-1,-1
"2025000015084",1,9,9,1,0,0,1,1,-1,-1,-1,-1
"2025000015085",1,9,9,1,0,0,4,2,47,1500,2,3
"2025000015085",2,9,19,8,0,0,1,1,73,1598,2,8
"2025000015086",1,19,12,1,0,0,1,3,-1,-1,-1,-1
"2025000015087",2,-1,19,1,0,0,3,2,14,-1,-1,-1
"2025000015087",1,9,19,1,0,0,1,1,70,1999,2,4
"2025000015088",2,9,3,1,0,0,2,2,31,1498,1,4
"2025000015088",1,9,9,1,0,0,3,2,37,1910,2,18
"2025000015088",3,9,19,1,0,0,1,1,18,1242,1,14
"2025000015089",1,1,99,9,9,99,1,1,29,-1,-1,-1
"2025000015089",2,9,99,9,9,99,9,3,-1,999,1,3
"2025000015090",1,8,99,9,9,8,1,1,37,-1,3,2
"2025000015090",2,9,2,1,0,0,9,3,-1,1242,1,12
"2025000015091",2,11,99,9,9,99,9,3,55,6700,2,3
"2025000015091",1,1,99,9,9,99,9,1,42,-1,-1,-1
"2025000015092",2,9,19,0,0,0,1,2,57,1598,1,9
"2025000015092",1,3,19,0,0,0,2,2,18,125,1,6
"2025000015093",2,9,9,8,0,0,3,2,54,1999,2,3
"2025000015093",1,90,13,8,0,0,1,1,58,7698,2,2
"2025000015094",1,9,19,1,0,0,1,2,27,-1,-1,-1
"2025000015094",2,3,9,1,0,0,4,1,25,-1,-1,-1
"2025000015095",2,9,-1,0,-1,-1,-1,2,51,1368,1,13
"2025000015095",1,1,-1,0,-1,-1,-1,2,12,-1,-1,-1
"2025000015096",1,9,9,6,0,0,1,2,34,-1,-1,-1
"2025000015096",2,9,19,1,0,0,1,2,30,-1,-1,-1
"2025000015097",3,9,19,8,0,0,2,2,34,2993,2,6
"2025000015097",1,9,19,8,0,0,1,1,64,1997,2,17
"2025000015097",2,9,19,8,0,0,2,2,38,1598,2,5
"2025000015098",1,9,19,0,0,10,1,2,23,998,1,1
"2025000015099",1,98,5,0,0,0,0,3,-1,-1,-1,-1
"2025000015099",2,9,19,0,1,0,1,2,89,1242,1,8
"2025000015099",3,9,19,0,1,0,2,1,68,-1,-1,-1
"2025000015100",1,11,19,8,0,0,0,1,36,7300,2,6
"2025000015101",2,9,19,8,0,0,4,2,40,1995,2,9
"2025000015101",1,9,7,6,0,0,1,1,18,1332,1,1
"2025000015102",2,9,3,0,0,0,2,1,56,-1,3,2
"2025000015102",1,9,4,0,0,0,1,1,84,1995,2,13
"2025000015103",1,9,13,3,0,0,4,3,-1,-1,-1,-1
"2025000015103",2,3,19,3,1,0,3,1,35,125,1,13
"2025000015104",1,21,19,0,0,0,1,1,35,9290,2,5
"2025000015105",1,9,99,9,9,99,2,2,50,998,1,3
"2025000015105",3,98,99,9,9,99,0,3,-1,-1,-1,-1
"2025000015105",2,9,99,9,9,99,9,3,-1,1422,2,18
"2025000015106",1,9,19,1,0,0,3,1,30,3993,1,5
"2025000015106",2,9,19,1,0,0,4,1,60,1797,8,2
"2025000015107",2,97,19,0,0,0,0,-1,-1,-1,-1,-1
"2025000015107",1,9,19,0,0,7,1,1,39,1560,2,10
"2025000015108",1,9,8,1,0,0,1,1,44,1598,1,13
"2025000015108",2,9,7,1,0,0,1,3,30,1956,2,9
"2025000015109",1,9,19,0,5,0,3,2,27,1598,2,3
"2025000015110",1,9,99,9,9,99,9,2,49,1798,8,6
"2025000015110",2,9,99,9,9,99,9,3,-1,1229,1,6
"2025000015111",1,9,5,1,0,0,1,1,53,1769,1,17
"2025000015111",2,1,19,1,0,0,4,1,36,-1,-1,-1
"2025000015112",1,9,19,8,0,0,1,-1,-1,-1,-1,-1
"2025000015113",2,9,7,6,0,0,1,1,67,2143,2,7
"2025000015113",1,9,1,1,0,0,2,1,33,2993,2,6
"2025000015114",1,9,7,8,0,0,1,2,22,1240,1,12
"2025000015115",1,9,3,1,0,0,1,1,44,1995,1,17
"2025000015115",2,19,3,1,0,0,2,1,72,2402,2,19
"2025000015116",1,9,19,0,0,0,1,1,32,1796,1,16
"2025000015116",2,21,2,0,0,0,2,3,-1,6871,2,6
"2025000015117",1,9,19,6,0,0,3,2,79,1318,1,8
"2025000015117",2,9,4,1,0,0,1,2,33,2191,2,7
"2025000015118",1,9,19,0,0,0,4,1,64,1598,1,18
"2025000015119",1,9,19,0,1,0,1,1,44,1598,1,13
"2025000015119",2,9,19,0,0,0,3,1,39,-1,-1,-1
"2025000015120",1,11,19,0,0,11,1,1,35,9360,2,10
"2025000015121",1,9,19,0,5,10,1,1,73,1995,2,5
"2025000015122",1,9,19,1,0,0,4,2,54,2191,2,3
"2025000015122",2,11,19,1,0,0,1,1,34,6700,2,1
"2025000015123",1,4,99,9,9,99,1,1,40,278,1,3
"2025000015123",2,8,99,9,9,99,2,3,-1,1797,8,3
"2025000015124",2,9,19,4,0,0,1,1,51,-1,-1,-1
"2025000015124",1,9,19,4,0,0,4,1,49,1997,2,9
"2025000015125",1,3,99,9,9,99,2,1,54,125,1,3
"2025000015125",2,9,99,9,9,99,1,3,-1,1896,2,16
"2025000015126",1,11,19,0,0,0,4,1,68,4250,2,12
"2025000015127",1,9,9,6,0,0,3,3,-1,-1,-1,-1
"2025000015127",2,11,19,8,0,0,3,1,57,9000,2,13
"2025000015128",1,11,19,2,0,0,4,1,47,5132,2,0
"2025000015129",1,5,19,1,1,4,1,1,29,883,1,10
"2025000015130",1,9,9,5,0,0,1,1,32,1997,2,4
"2025000015130",2,9,19,8,0,0,1,2,33,2993,2,4
"2025000015131",1,98,9,0,0,0,3,1,34,-1,-1,-1
"2025000015131",2,9,19,0,0,0,4,2,48,1596,1,7
"2025000015132",1,9,9,1,0,0,-1,3,-1,-1,-1,-1
"2025000015133",2,9,5,1,0,0,1,1,54,1339,1,17
"2025000015133",1,1,19,1,0,0,4,1,12,-1,-1,-1
"2025000015134",2,9,19,0,0,0,3,2,39,1395,1,9
"2025000015134",1,9,-1,0,-1,-1,-1,3,-1,2143,2,9
"2025000015135",1,3,99,9,9,99,1,1,34,125,1,3
"2025000015135",2,9,99,9,9,99,1,3,-1,3456,8,10
"2025000015136",1,9,19,0,1,0,1,1,20,1598,2,10
"2025000015137",1,9,99,9,9,99,9,1,49,2967,2,4
"2025000015137",2,9,99,9,9,99,1,3,-1,1596,1,7
"2025000015138",1,8,-1,0,-1,-1,-1,3,-1,-1,-1,-1
"2025000015139",1,11,19,1,0,0,0,1,40,4500,2,3
"2025000015139",2,9,9,1,0,0,0,2,28,1596,1,6
"2025000015140",1,21,19,0,0,0,2,1,55,4500,2,5
"2025000015140",2,9,19,0,0,0,3,1,33,1999,2,3
"2025000015141",2,9,19,8,0,0,1,1,40,-1,-1,-1
"2025000015141",1,9,19,8,0,0,3,2,41,998,1,5
"2025000015142",1,9,19,8,0,0,4,1,32,1968,2,15
"2025000015142",2,8,19,8,0,0,3,1,42,1797,8,4
"2025000015143",1,9,19,0,1,0,1,2,19,1499,1,5
"2025000015144",1,9,15,0,0,0,4,3,-1,-1,-1,-1
"2025000015144",2,9,19,0,0,10,3,1,48,1591,1,7
"2025000015145",2,9,19,0,0,0,1,1,48,1395,1,6
"2025000015145",1,9,19,0,0,0,1,1,60,1240,1,16
"2025000015146",2,9,2,0,0,0,3,2,41,1598,1,10
"2025000015146",3,8,19,0,0,0,0,3,-1,1968,2,13
"2025000015146",1,9,14,0,0,0,4,1,70,1987,8,1
"2025000015147",2,9,99,9,9,99,4,3,-1,-1,-1,-1
"2025000015147",1,1,99,9,9,99,2,1,37,-1,-1,-1
"2025000015148",1,9,9,0,0,0,2,2,-1,1969,2,8
"2025000015148",2,9,9,0,1,0,1,1,29,-1,-1,-1
"2025000015149",1,21,11,0,0,0,4,1,60,12777,2,3
"2025000015149",2,9,4,0,0,0,3,2,47,-1,-1,-1
"2025000015150",2,19,9,1,0,0,3,2,50,1560,2,5
"2025000015150",1,9,13,1,0,0,1,1,63,1896,2,17
"2025000015151",2,3,19,1,0,0,1,2,23,125,1,8
"2025000015151",1,9,4,1,0,0,2,1,32,1199,1,1
"2025000015152",1,97,5,0,0,0,1,3,-1,-1,-1,-1
"2025000015152",2,1,3,0,0,0,4,1,13,-1,-1,-1
"2025000015153",2,9,3,8,0,0,2,1,36,999,1,1
"2025000015153",1,9,9,8,0,0,4,1,54,1399,1,16
"2025000015154",2,11,9,8,0,0,3,1,44,4461,2,10
"2025000015154",1,1,10,1,5,0,1,2,32,-1,-1,-1
"2025000015155",1,19,5,2,0,0,4,1,40,1598,2,8
"2025000015156",1,9,19,0,1,0,1,1,60,-1,-1,-1
"2025000015156",2,9,19,0,1,0,1,1,17,1242,1,15
"2025000015157",1,9,19,0,0,0,4,1,66,1910,2,20
"2025000015158",2,9,19,0,0,0,1,2,37,1360,1,15
"2025000015158",1,4,19,0,0,0,1,1,51,-1,-1,-1
"2025000015159",2,20,19,8,1,0,3,1,31,3920,2,15
"2025000015159",1,9,19,8,1,0,1,2,24,1598,1,10
"2025000015159",3,9,19,1,0,0,1,1,27,1968,2,0
"2025000015160",1,9,5,6,0,0,1,1,56,-1,-1,-1
"2025000015160",2,9,12,1,1,0,3,2,31,1200,1,8
"2025000015161",1,9,19,0,2,0,1,1,21,2998,1,4
"2025000015162",2,9,19,1,0,0,1,1,37,1995,2,12
"2025000015162",1,9,9,2,0,0,3,2,22,1995,2,16
"2025000015163",1,1,99,9,9,99,9,1,36,-1,-1,-1
"2025000015163",2,9,99,9,9,99,1,2,-1,1995,1,10
"2025000015164",1,9,19,6,5,0,4,2,39,1339,1,16
"2025000015164",2,9,19,1,5,0,1,2,60,-1,-1,-1
"2025000015165",2,19,19,0,0,0,1,1,35,1560,2,5
"2025000015165",1,9,4,0,0,0,2,2,29,1197,1,5
"2025000015166",1,9,99,0,9,99,1,3,35,1200,1,5
"2025000015167",1,5,19,1,5,0,1,1,24,1050,1,12
"2025000015167",2,9,9,5,0,0,3,2,54,1598,2,11
"2025000015168",1,1,19,0,0,0,0,1,70,-1,-1,-1
"2025000015169",1,9,19,8,0,0,1,1,52,1332,1,1
"2025000015170",2,19,19,0,1,0,1,1,61,1560,2,4
"2025000015170",1,9,19,0,1,7,1,2,25,2993,2,17
"2025000015171",1,9,9,5,0,0,1,1,76,1399,1,4
"2025000015172",1,11,19,0,0,0,1,1,34,3900,2,14
"2025000015173",1,9,9,5,0,0,2,1,70,1598,1,11
"2025000015173",2,1,3,1,0,0,2,1,57,-1,-1,-1
"2025000015174",1,98,1,0,0,0,2,3,-1,-1,-1,-1
"2025000015174",2,9,3,0,0,0,1,1,25,1992,2,17
"2025000015175",1,1,19,0,0,0,2,1,24,-1,-1,-1
"2025000015176",1,9,19,0,1,0,1,1,28,-1,-1,-1
"2025000015176",2,9,19,0,0,0,1,2,43,-1,-1,-1
"2025000015177",2,9,19,8,0,0,4,1,26,-1,-1,-1
"2025000015177",1,19,19,4,0,0,1,1,-1,1686,2,18
"2025000015178",2,11,4,0,0,0,3,1,57,8268,2,20
"2025000015178",1,9,13,0,0,10,4,1,-1,1997,2,16
"2025000015179",1,9,9,4,0,0,1,3,-1,-1,-1,-1
"2025000015179",2,9,7,4,0,0,2,2,60,1496,2,7
"2025000015180",2,9,19,3,0,0,2,2,31,1956,2,10
"2025000015180",3,9,3,4,0,0,0,2,23,999,1,1
"2025000015180",1,9,19,3,0,0,1,1,52,1896,2,15
"2025000015181",1,9,-1,-1,-1,-1,-1,3,-1,-1,-1,-1
"2025000015182",1,98,19,1,0,0,3,3,-1,-1,-1,-1
"2025000015182",2,9,19,1,0,0,4,1,70,1339,1,10
"2025000015183",2,9,19,8,0,0,1,1,42,1242,1,11
"2025000015183",1,9,9,8,0,0,4,1,55,1591,1,2
"2025000015184",2,9,19,0,1,0,4,2,66,1498,8,2
"2025000015184",1,21,19,0,0,0,3,1,63,-1,-1,-1
"2025000015185",2,9,19,0,0,0,1,1,17,-1,-1,-1
"2025000015185",1,9,19,0,0,0,1,2,61,2987,2,12
"2025000015186",2,3,5,0,0,0,1,1,28,124,1,8
"2025000015186",1,9,5,0,0,0,3,2,53,2143,2,7
"2025000015187",2,9,2,0,0,0,2,1,64,-1,-1,-1
"2025000015187",1,20,19,0,0,0,1,1,48,-1,-1,-1
"2025000015188",2,9,99,9,9,99,9,3,-1,1995,2,8
"2025000015188",1,1,99,9,9,99,9,3,33,-1,-1,-1
"2025000015189",1,9,19,1,0,0,2,2,33,999,1,5
"2025000015189",2,9,-1,-1,-1,-1,-1,3,-1,1386,1,16
"2025000015190",2,3,3,0,0,0,1,1,25,125,1,1
"2025000015190",1,9,1,0,0,0,2,1,-1,1995,2,12
"2025000015191",1,11,19,0,0,0,0,3,-1,-1,-1,-1
"2025000015192",1,9,19,0,0,0,1,2,-1,-1,-1,-1
"2025000015193",1,9,19,0,0,0,1,1,54,1596,1,18
"2025000015193",2,1,19,0,0,0,1,1,33,-1,-1,-1
"2025000015194",1,3,99,9,9,99,1,1,31,108,1,5
"2025000015194",2,9,99,9,9,99,1,3,19,1364,1,14
"2025000015195",3,9,-1,1,0,0,2,2,52,1490,1,2
"2025000015195",2,9,10,1,0,0,2,2,37,1995,2,13
"2025000015195",1,9,-1,1,0,0,2,1,37,1598,2,11
"2025000015196",1,9,19,8,0,0,3,1,21,1598,2,6
"2025000015196",2,9,19,1,0,0,1,1,43,1461,2,4
"2025000015197",1,11,4,1,0,0,0,1,67,6700,2,9
"2025000015198",1,9,99,9,9,99,1,1,42,1995,2,17
"2025000015198",2,9,99,9,9,99,9,3,-1,1595,1,5
"2025000015199",2,9,19,0,0,0,1,2,34,999,1,6
"2025000015199",1,5,19,0,0,0,1,1,56,749,1,4
"2025000015200",1,9,19,2,5,0,3,1,17,-1,-1,-1
"2025000015201",1,9,19,0,0,0,1,2,32,2261,1,3
"2025000015202",2,9,99,9,0,99,9,1,-1,1797,8,7
"2025000015202",1,1,99,9,0,0,1,1,28,-1,-1,-1
"2025000015203",2,9,7,1,0,0,1,2,54,-1,-1,-1
"2025000015203",1,9,3,1,0,0,2,2,22,1598,2,5
"2025000015204",2,9,19,4,0,0,0,2,37,1329,1,13
"2025000015204",1,3,19,4,5,0,0,1,24,125,1,7
"2025000015205",2,9,19,0,0,0,3,1,17,998,1,8
"2025000015205",1,9,19,0,0,0,3,1,51,1396,1,7
"2025000015205",3,19,19,0,0,0,1,1,57,2198,2,3
"2025000015206",2,1,19,3,1,0,1,2,38,-1,-1,-1
"2025000015206",1,9,5,4,0,0,1,1,48,1498,2,4
"2025000015207",1,9,9,6,0,0,1,1,30,1997,2,10
"2025000015208",2,4,19,8,0,0,0,1,32,499,1,1
"2025000015208",1,9,19,4,0,0,0,3,-1,-1,-1,-1
"2025000015209",1,11,19,0,0,0,4,1,45,4500,2,9
"2025000015209",2,22,3,0,0,0,1,1,92,-1,-1,-1
"2025000015210",2,9,19,1,0,0,1,2,36,996,1,14
"2025000015210",1,1,7,1,0,0,1,1,14,-1,-1,-1
"2025000015211",2,9,9,8,0,0,1,2,29,1490,1,13
"2025000015211",1,9,19,8,0,0,1,2,27,1598,2,2
"2025000015212",1,9,99,9,9,99,9,3,-1,998,1,4
"2025000015213",2,9,19,2,0,0,2,1,61,1796,1,12
"2025000015213",1,9,19,1,1,10,3,1,31,-1,-1,-1
"2025000015214",2,19,5,4,0,0,1,1,51,2198,2,7
"2025000015214",1,9,12,4,0,0,3,1,68,998,1,3
"2025000015215",1,9,19,0,5,10,1,2,41,1870,2,16
"2025000015216",1,99,19,0,0,0,1,1,30,-1,-1,-1
"2025000015216",2,99,19,0,0,0,3,1,40,-1,-1,-1
"2025000015217",1,11,5,0,0,0,0,1,54,5132,2,6
"2025000015218",1,3,5,1,0,0,4,1,24,125,1,2
"2025000015218",2,9,5,1,0,0,1,3,-1,2967,2,7
"2025000015219",1,11,5,0,0,0,0,1,40,4760,2,12
"2025000015220",1,9,9,0,1,0,1,1,29,1968,2,11
"2025000015221",1,9,-1,1,0,0,1,1,35,1149,1,15
"2025000015221",2,9,7,5,0,0,2,1,40,1896,2,22
"2025000015222",1,9,19,1,0,0,1,1,41,-1,-1,-1
"2025000015222",2,9,10,1,0,0,2,1,41,1968,2,12
"2025000015223",2,9,19,0,0,0,1,1,63,-1,-1,-1
"2025000015223",1,9,19,0,0,0,1,1,41,1598,8,1
"2025000015224",1,9,19,0,0,0,0,1,32,1685,2,6
"2025000015225",1,9,19,0,1,0,2,2,26,-1,-1,-1
"2025000015225",2,9,19,0,1,0,1,2,31,1197,1,6
"2025000015226",2,9,99,9,9,99,1,2,25,-1,-1,-1
"2025000015226",1,1,99,9,9,99,1,1,35,-1,-1,-1
"2025000015227",1,19,-1,0,-1,-1,-1,1,23,2198,2,9
"2025000015227",2,5,-1,0,-1,-1,-1,1,46,1254,1,3
"2025000015228",2,9,19,0,0,0,1,3,-1,2143,2,7
"2025000015228",1,9,3,0,0,0,2,2,46,1598,2,2
"2025000015229",1,9,19,0,0,11,1,2,76,1248,1,9
"2025000015230",1,19,5,0,0,0,1,1,27,1753,2,13
"2025000015230",2,9,1,0,0,0,2,1,-1,2993,2,4
"2025000015231",3,9,19,0,0,0,1,2,82,999,1,3
"2025000015231",2,9,4,0,0,0,2,2,50,1999,2,4
"2025000015231",1,8,19,0,0,0,1,1,54,1998,2,16
"2025000015231",4,9,4,0,0,0,2,2,34,1999,2,2
"2025000015232",2,9,19,1,0,0,1,3,-1,-1,-1,-1
"2025000015232",1,9,4,1,0,0,2,1,52,1950,2,5
"2025000015233",2,19,19,6,0,0,1,1,-1,2461,2,14
"2025000015233",1,9,19,8,0,0,2,2,51,2926,2,17
"2025000015234",1,9,5,0,0,0,1,1,40,-1,-1,-1
"2025000015235",3,9,2,0,0,0,2,1,42,1798,1,6
"2025000015235",2,9,2,0,0,0,2,1,29,1968,2,10
"2025000015235",1,9,19,0,0,0,1,2,23,1197,1,10
"2025000015236",1,9,99,9,9,99,9,1,48,1397,1,8
"2025000015236",2,9,99,9,9,99,9,3,-1,-1,-1,-1
"2025000015237",1,19,13,0,0,0,2,1,49,1598,2,6
"2025000015237",2,1,19,0,0,0,3,1,74,-1,-1,-1
"2025000015238",2,9,2,1,1,0,1,3,-1,1199,1,3
"2025000015238",1,9,19,1,0,4,1,1,20,1984,1,5
"2025000015238",3,9,2,1,1,0,2,3,-1,1390,1,10
"2025000015239",1,3,19,2,0,0,1,1,38,125,1,3
"2025000015239",2,9,9,6,0,0,2,3,-1,1995,2,16
"2025000015240",3,9,19,1,0,0,1,1,44,1598,2,8
"2025000015240",1,9,9,1,0,0,3,1,28,1242,1,12
"2025000015240",2,9,19,1,0,0,4,1,47,1997,2,10
"2025000015241",1,11,19,0,0,0,1,1,45,10667,2,0