"collision_index","vehicle_reference","vehicle_type","vehicle_manoeuvre","junction_location","skidding_and_overturning","hit_object_in_carriageway","first_point_of_impact","sex_of_driver","age_of_driver","engine_capacity_cc","propulsion_code","age_of_vehicle"
"2025000015242",2,9,4,8,0,0,2,2,55,1560,2,12
"2025000015242",1,1,19,8,0,0,4,1,24,-1,-1,-1
"2025000015243",2,9,4,0,0,0,3,1,32,-1,-1,-1
"2025000015243",1,4,14,0,0,0,4,1,58,471,1,7
"2025000015244",2,9,19,0,0,0,4,2,54,2231,2,9
"2025000015244",1,1,19,0,0,0,3,1,17,-1,-1,-1
"2025000015245",1,9,19,0,0,0,1,1,21,1968,2,7
"2025000015245",2,9,4,0,0,0,2,1,28,3498,1,19
"2025000015246",2,9,19,1,0,0,1,1,42,5439,1,16
"2025000015246",1,19,6,1,0,0,3,1,32,1995,2,3
"2025000015247",2,9,15,1,0,0,1,1,42,1968,2,14
"2025000015247",1,9,9,1,0,0,4,2,28,-1,-1,-1
"2025000015248",1,9,19,0,0,0,0,1,19,1398,2,11
"2025000015248",2,5,19,0,0,0,2,1,57,1198,1,27
"2025000015248",3,5,19,0,5,0,1,2,54,748,1,21
"2025000015249",1,9,1,1,0,0,2,3,-1,1968,2,7
"2025000015250",1,9,7,6,0,0,3,1,74,1360,1,13
"2025000015250",2,1,19,8,0,0,1,1,56,-1,-1,-1
"2025000015251",1,9,19,0,0,0,1,2,33,1199,1,4
"2025000015252",1,9,9,2,1,10,1,1,23,1896,2,19
"2025000015253",1,9,19,8,0,0,3,1,32,1797,1,23
"2025000015253",2,9,19,8,0,0,4,1,36,1493,2,17
"2025000015254",2,9,19,3,0,0,3,1,28,-1,-1,-1
"2025000015254",1,9,19,8,0,0,4,1,45,-1,-1,-1
"2025000015255",1,9,5,0,0,0,1,2,36,2993,2,9
"2025000015256",2,2,9,8,0,0,1,1,21,49,1,0
"2025000015256",1,9,9,8,0,0,4,1,44,1198,1,19
"2025000015257",2,9,8,0,0,0,2,1,32,1398,1,6
"2025000015257",3,8,8,0,0,0,2,1,67,1598,2,8
"2025000015257",1,9,4,0,0,0,1,1,65,4197,1,17
"2025000015258",1,9,7,0,0,0,1,3,-1,-1,-1,-1
"2025000015259",2,9,4,1,0,0,2,1,52,2993,2,6
"2025000015259",1,9,19,1,0,0,1,1,23,1229,1,10
"2025000015259",3,9,4,1,0,0,2,3,-1,-1,-1,-1
"2025000015260",2,9,10,6,0,0,1,2,34,998,1,10
"2025000015260",1,5,14,1,1,0,1,1,30,999,1,12
"2025000015260",3,9,3,1,0,0,1,1,36,1595,1,10
"2025000015261",2,11,4,1,0,0,2,1,45,12000,2,14
"2025000015261",1,11,19,1,0,0,1,1,72,12000,2,14
"2025000015261",3,9,3,2,0,0,2,2,71,1968,2,10
"2025000015262",1,9,7,8,0,0,1,1,64,2360,8,15
"2025000015263",2,19,13,8,0,0,1,1,-1,-1,-1,-1
"2025000015263",1,9,19,8,0,0,3,2,50,-1,-1,-1
"2025000015264",1,9,19,0,0,0,1,2,-1,1598,1,11
"2025000015264",2,22,-1,0,0,0,3,1,51,-1,-1,-1
"2025000015265",2,19,19,1,0,0,2,1,32,-1,3,1
"2025000015265",3,9,10,1,0,0,2,2,32,1461,2,12
"2025000015265",1,9,19,1,0,0,1,2,22,2967,2,16
"2025000015266",1,19,12,0,0,0,3,1,58,1995,2,2
"2025000015266",2,9,19,0,0,0,1,1,33,1595,1,17
"2025000015267",1,5,13,8,0,0,1,1,38,954,1,19
"2025000015267",2,9,9,5,0,0,3,2,48,1997,2,5
"2025000015268",1,9,19,2,0,0,1,1,59,1396,2,7
"2025000015269",2,9,3,1,0,0,2,1,50,1596,1,9
"2025000015269",1,9,19,1,0,0,1,2,-1,1368,1,12
"2025000015270",2,9,99,0,9,99,9,3,-1,1590,1,17
"2025000015270",1,9,99,0,9,99,1,2,42,1200,1,2
"2025000015271",2,9,2,5,0,0,4,3,-1,2143,2,11
"2025000015271",1,1,19,8,0,0,1,1,32,-1,-1,-1
"2025000015272",1,8,19,2,0,0,2,1,45,-1,3,1
"2025000015272",2,9,19,2,0,0,1,3,-1,999,1,3
"2025000015273",2,3,19,1,0,0,1,1,27,125,1,6
"2025000015273",1,9,9,1,0,0,1,1,21,998,1,5
"2025000015274",1,9,19,0,0,0,1,1,45,1999,2,4
"2025000015275",1,9,13,0,0,0,1,3,30,2993,2,6
"2025000015275",2,9,19,0,0,0,2,1,41,2993,2,3
"2025000015276",2,9,10,1,0,0,3,2,59,1598,1,14
"2025000015276",1,3,19,8,0,0,1,1,25,125,1,4
"2025000015277",2,9,9,6,0,0,1,1,43,1124,1,13
"2025000015277",1,3,19,8,0,0,1,1,25,124,1,13
"2025000015278",1,9,19,0,0,0,1,2,38,1598,2,7
"2025000015278",2,9,19,0,0,0,1,2,60,1490,1,0
"2025000015279",2,9,19,1,0,0,1,1,33,1998,1,6
"2025000015279",1,9,19,1,0,0,1,1,22,1332,1,6
"2025000015280",1,9,9,5,0,0,4,1,36,1560,2,14
"2025000015280",2,3,19,1,2,0,1,1,21,125,1,1
"2025000015281",2,9,19,8,0,0,4,2,19,998,1,11
"2025000015281",1,9,5,4,0,0,1,1,17,1198,1,18
"2025000015282",1,9,19,0,0,0,1,1,21,1968,2,10
"2025000015282",2,-1,19,0,0,0,3,1,12,-1,-1,-1
"2025000015283",1,1,99,9,9,99,1,1,40,-1,-1,-1
"2025000015283",2,19,99,9,9,99,9,3,53,1499,2,3
"2025000015284",1,23,10,1,0,0,1,1,16,-1,-1,-1
"2025000015285",2,9,4,8,0,0,2,2,37,1560,2,9
"2025000015285",1,9,19,8,0,0,1,1,43,1199,1,1
"2025000015286",2,9,3,0,0,0,2,2,31,1395,1,6
"2025000015286",3,9,3,0,0,0,2,2,50,998,1,4
"2025000015286",4,9,3,0,0,0,2,2,33,1685,2,10
"2025000015286",1,19,19,0,0,0,1,1,22,2287,2,3
"2025000015287",1,19,11,4,0,0,2,1,38,-1,-1,-1
"2025000015287",2,11,19,4,0,0,1,1,36,9360,2,8
"2025000015288",1,9,19,0,0,0,1,1,64,1999,2,6
"2025000015289",2,8,3,2,0,0,4,1,54,-1,3,2
"2025000015289",1,2,19,2,0,0,4,1,37,124,1,14
"2025000015290",1,9,19,8,0,0,1,2,67,1870,2,17
"2025000015291",2,9,4,0,0,0,2,2,33,1499,2,2
"2025000015291",1,9,19,0,0,0,1,1,34,1995,2,15
"2025000015291",3,19,4,0,0,0,2,1,25,1968,2,2
"2025000015292",1,9,19,0,1,10,3,1,24,1598,2,4
"2025000015293",1,9,19,0,0,0,4,1,21,1498,1,4
"2025000015293",2,23,19,0,0,0,2,1,-1,-1,-1,-1
"2025000015294",2,9,99,9,9,99,9,3,-1,1149,1,16
"2025000015294",1,3,99,9,9,99,9,1,24,124,1,6
"2025000015295",1,11,4,0,0,0,0,1,56,9300,5,1
"2025000015296",1,9,7,1,0,0,1,1,28,1995,1,16
"2025000015296",2,9,19,1,0,0,1,2,20,1229,1,15
"2025000015297",2,9,19,1,0,0,2,1,-1,1995,2,14
"2025000015297",1,9,12,1,0,0,1,2,54,898,1,6
"2025000015298",2,1,19,0,2,0,4,1,12,-1,-1,-1
"2025000015298",1,9,19,0,0,0,1,2,60,1969,12,0
"2025000015299",1,9,19,1,0,0,1,2,36,1968,2,8
"2025000015299",2,19,9,1,0,0,2,1,62,1598,2,7
"2025000015300",1,9,19,0,0,0,3,2,34,1598,1,14
"2025000015300",2,9,19,0,0,0,0,2,56,1498,1,5
"2025000015301",1,9,19,1,0,0,4,1,41,1995,2,11
"2025000015302",1,9,19,0,0,10,1,2,38,1598,1,12
"2025000015303",2,9,19,0,0,0,0,1,-1,999,1,0
"2025000015303",1,2,19,0,1,0,3,1,21,-1,-1,-1
"2025000015304",1,9,19,1,0,0,1,1,43,1968,2,10
"2025000015304",2,9,4,1,0,0,2,1,28,998,1,9
"2025000015305",1,9,-1,0,-1,-1,1,1,-1,1995,2,17
"2025000015305",2,9,-1,0,-1,-1,2,2,26,2143,2,9
"2025000015306",3,9,2,1,0,0,3,3,-1,-1,-1,-1
"2025000015306",1,9,19,1,0,0,3,2,39,1997,2,3
"2025000015306",2,9,19,1,0,4,3,1,17,2393,2,2
"2025000015307",3,9,9,1,0,0,1,1,53,1339,8,12
"2025000015307",1,9,19,8,0,0,4,2,43,1598,1,12
"2025000015307",2,11,19,1,0,0,0,1,21,5132,2,5
"2025000015308",1,1,99,9,9,99,9,2,34,-1,-1,-1
"2025000015308",2,9,99,9,9,99,9,3,48,-1,3,1
"2025000015309",1,9,19,0,1,0,1,1,30,1598,1,15
"2025000015310",2,9,19,0,0,0,1,3,-1,-1,-1,-1
"2025000015310",1,1,19,0,0,0,2,1,32,-1,-1,-1
"2025000015311",2,3,19,6,0,0,1,1,40,-1,3,0
"2025000015311",1,11,19,1,0,0,1,1,59,4500,2,11
"2025000015312",1,9,13,0,0,0,0,3,-1,-1,-1,-1
"2025000015312",2,19,19,0,0,0,4,1,37,-1,-1,-1
"2025000015313",3,90,13,0,0,0,0,1,54,2287,2,3
"2025000015313",1,9,19,0,0,0,1,2,35,1598,1,12
"2025000015313",2,21,19,0,0,0,2,1,32,12777,2,7
"2025000015314",1,9,5,6,0,0,1,1,29,2967,2,7
"2025000015314",3,11,19,1,0,0,1,1,42,6700,2,0
"2025000015314",2,21,19,1,0,0,0,1,41,6700,2,7
"2025000015315",1,9,4,8,0,0,1,2,29,1798,1,10
"2025000015315",2,9,19,8,0,0,1,1,80,999,1,3
"2025000015316",1,9,19,2,0,0,4,1,49,1686,2,18
"2025000015317",1,9,19,0,0,0,1,1,40,-1,-1,-1
"2025000015318",2,19,19,8,0,0,1,3,21,-1,-1,-1
"2025000015318",1,3,19,8,5,0,4,1,23,124,1,1
"2025000015319",2,9,5,6,0,0,1,3,-1,-1,-1,-1
"2025000015319",1,3,19,1,0,0,3,1,19,125,1,2
"2025000015320",1,9,19,0,0,0,1,2,35,1596,1,11
"2025000015320",2,21,19,0,0,0,1,1,29,12777,5,1
"2025000015321",2,9,19,0,0,0,2,1,31,1995,1,14
"2025000015321",1,21,19,0,0,0,1,1,62,12777,2,3
"2025000015322",1,9,19,1,0,0,4,2,56,1598,2,7
"2025000015323",2,9,19,0,0,0,3,1,38,1598,2,10
"2025000015323",1,9,19,0,0,0,1,1,86,1199,1,1
"2025000015323",4,9,2,0,0,0,1,2,36,1995,2,5
"2025000015323",3,9,2,0,0,0,3,1,22,999,1,4
"2025000015324",1,9,99,9,9,99,1,1,28,1498,1,3
"2025000015324",2,19,99,9,9,99,2,3,-1,-1,-1,-1
"2025000015325",1,9,19,0,0,0,1,1,-1,1596,1,15
"2025000015325",2,9,19,0,0,0,1,1,40,1329,1,15
"2025000015326",1,5,19,0,0,10,4,1,72,745,1,5
"2025000015327",2,9,19,1,0,0,1,2,19,1388,1,11
"2025000015327",1,9,7,6,0,0,1,1,18,998,1,13
"2025000015328",1,9,19,0,0,0,1,2,64,898,1,3
"2025000015329",1,9,19,2,0,0,1,1,63,-1,-1,-1
"2025000015330",1,9,9,2,0,0,1,1,26,1582,2,6
"2025000015330",2,9,7,8,0,0,4,2,38,1200,1,3
"2025000015331",1,9,19,1,1,0,1,1,18,-1,-1,-1
"2025000015332",1,3,99,9,9,99,1,1,39,110,1,2
"2025000015332",2,9,99,9,9,99,1,3,-1,1997,1,15
"2025000015333",1,9,19,8,0,0,1,1,60,1197,1,6
"2025000015333",2,-1,19,8,0,0,4,1,26,-1,-1,-1
"2025000015334",1,9,19,1,0,0,4,1,26,-1,-1,-1
"2025000015335",1,9,19,0,1,0,1,2,33,-1,-1,-1
"2025000015336",1,9,5,1,0,0,1,2,47,1499,1,6
"2025000015337",2,9,19,1,1,0,1,2,22,1248,1,10
"2025000015337",1,9,19,1,1,0,3,2,39,1390,1,17
"2025000015338",1,9,19,0,0,0,1,1,24,-1,-1,-1
"2025000015339",1,11,19,0,0,10,1,1,23,-1,3,2
"2025000015339",4,9,2,0,0,0,0,3,-1,1248,2,7
"2025000015339",3,9,2,0,0,0,0,3,-1,1461,2,5
"2025000015339",2,9,2,0,0,0,1,3,-1,1910,2,15
"2025000015340",1,9,19,0,0,0,1,1,26,3724,1,19
"2025000015340",2,9,4,0,0,0,2,2,67,1998,1,4
"2025000015341",1,9,19,1,0,0,1,1,18,999,1,0
"2025000015341",2,9,3,1,0,0,2,2,38,1598,2,12
"2025000015342",4,9,2,0,0,0,2,3,-1,1753,2,20
"2025000015342",2,9,2,0,0,0,4,3,-1,1598,1,10
"2025000015342",1,9,19,0,0,0,1,1,21,1956,2,10
"2025000015342",3,9,2,0,0,0,1,3,-1,1591,1,4
"2025000015343",2,5,19,8,0,0,1,1,38,1690,1,15
"2025000015343",1,9,9,5,0,0,1,2,43,1598,2,8
"2025000015344",1,9,9,0,0,0,3,2,49,898,1,7
"2025000015344",2,5,19,0,0,0,1,1,32,999,1,10
"2025000015345",1,9,1,1,0,0,2,2,31,1199,1,5
"2025000015346",2,9,19,0,0,0,1,1,55,-1,-1,-1
"2025000015346",1,9,19,0,0,0,1,1,39,-1,-1,-1
"2025000015347",2,9,3,8,0,0,1,2,67,1199,1,4
"2025000015347",1,9,9,8,0,0,2,1,44,1997,2,6
"2025000015348",1,9,19,4,0,0,1,1,29,1591,1,2
"2025000015348",2,9,19,8,0,0,4,1,38,3999,1,13
"2025000015349",2,9,19,6,0,0,1,2,47,-1,-1,-1
"2025000015349",1,9,3,6,0,0,4,1,76,1598,2,6
"2025000015350",2,9,3,0,0,0,2,1,60,-1,-1,-1
"2025000015350",1,8,19,0,0,0,1,1,56,1595,1,4
"2025000015351",2,9,19,0,0,0,4,2,56,999,1,3
"2025000015351",1,9,12,0,0,0,3,1,20,998,1,10
"2025000015352",2,1,99,8,0,0,9,3,-1,-1,-1,-1
"2025000015352",1,1,99,8,0,0,3,2,47,-1,-1,-1
"2025000015353",2,9,19,1,0,0,1,1,33,1399,1,5
"2025000015353",1,9,7,8,0,0,3,1,84,1598,1,8
"2025000015354",1,9,9,1,0,0,3,1,45,1580,8,4
"2025000015355",2,-1,19,9,0,0,9,1,34,-1,-1,-1
"2025000015355",1,19,99,9,0,0,9,3,-1,4485,2,5
"2025000015356",1,9,14,0,0,0,1,1,39,2982,2,11
"2025000015357",1,11,5,0,0,7,4,1,69,12419,2,9
"2025000015358",2,20,9,8,9,0,1,3,-1,2143,2,3
"2025000015358",1,1,19,1,0,0,3,1,32,-1,-1,-1
"2025000015359",1,9,19,0,0,0,1,1,46,1242,1,2
"2025000015360",1,3,5,6,0,0,3,1,36,124,1,0
"2025000015360",2,4,19,8,0,0,1,1,31,-1,-1,-1
"2025000015361",1,9,9,1,0,0,3,1,30,1388,1,9
"2025000015361",2,1,19,1,0,0,1,1,33,-1,-1,-1
"2025000015362",1,9,19,2,0,0,1,1,31,1991,2,14
"2025000015362",2,9,19,1,0,0,1,1,28,1493,2,13
"2025000015363",1,9,19,1,0,0,4,1,-1,1398,1,4
"2025000015364",1,1,19,1,0,0,1,1,18,-1,-1,-1
"2025000015364",2,9,9,8,0,0,3,2,62,-1,3,1
"2025000015365",1,11,19,0,0,5,1,1,51,5132,2,7
"2025000015366",1,9,99,9,9,99,3,2,55,1598,1,8
"2025000015367",1,9,99,9,9,99,4,2,25,1598,1,16
"2025000015367",2,11,99,9,9,99,9,1,43,6700,2,12
"2025000015368",2,5,19,1,0,0,1,1,34,1215,1,9
"2025000015368",1,9,19,1,0,0,3,1,62,1461,2,8
"2025000015369",1,9,19,0,0,0,1,3,-1,2993,2,8
"2025000015369",2,5,19,0,2,0,2,1,40,998,1,18
"2025000015370",1,1,19,2,0,0,1,1,27,-1,-1,-1
"2025000015371",1,9,19,1,0,0,1,2,42,1360,1,14
"2025000015371",2,9,9,1,0,0,1,2,35,1997,2,12
"2025000015372",1,9,19,0,0,0,1,2,42,1997,2,5
"2025000015372",2,19,19,0,0,0,1,1,47,1686,2,14
"2025000015373",1,9,19,0,0,0,2,2,41,1798,1,14
"2025000015373",2,5,19,0,1,0,1,1,30,918,1,23
"2025000015374",1,9,19,1,1,0,4,1,18,1200,1,5
"2025000015375",1,11,5,1,0,0,0,1,36,-1,3,0
"2025000015376",1,9,19,0,0,0,1,2,54,1332,1,3
"2025000015377",1,19,19,0,0,0,4,3,-1,-1,-1,-1
"2025000015378",1,23,14,1,0,10,1,1,28,-1,-1,-1
"2025000015379",1,97,19,6,0,0,1,1,33,660,1,18
"2025000015379",2,9,19,8,0,0,4,1,27,1598,2,11
"2025000015380",1,9,99,9,9,99,4,2,26,1364,1,14
"2025000015380",2,11,99,9,9,99,9,1,39,12742,2,3
"2025000015381",1,9,19,0,0,0,4,2,31,1591,1,0
"2025000015382",1,9,9,8,0,0,1,1,83,1969,2,6
"2025000015382",2,9,19,8,0,0,1,2,42,998,1,6
"2025000015383",2,9,19,8,0,0,1,2,21,1368,1,12
"2025000015383",1,9,9,6,0,0,1,1,64,1998,1,7
"2025000015384",2,19,19,1,0,0,2,1,34,1686,2,16
"2025000015384",1,9,19,1,0,0,1,2,-1,1461,2,8
"2025000015385",1,3,19,0,0,0,1,1,20,125,1,3
"2025000015385",2,9,19,0,0,0,2,1,20,1984,1,0
"2025000015386",3,9,19,0,0,0,2,1,35,-1,-1,-1
"2025000015386",1,9,19,0,0,0,2,1,21,1998,2,13
"2025000015386",2,9,19,0,0,0,2,1,21,1598,2,9
"2025000015387",2,9,19,1,0,0,2,1,69,2143,2,6
"2025000015387",1,9,19,1,0,0,1,2,39,1461,2,10
"2025000015388",3,9,19,0,0,0,1,1,62,1560,2,9
"2025000015388",2,19,19,0,0,0,3,1,52,-1,-1,-1
"2025000015388",1,9,14,0,1,0,1,1,19,-1,3,0
"2025000015389",1,19,7,5,0,0,1,1,48,6871,2,4
"2025000015390",2,-1,19,1,0,0,1,1,34,-1,-1,-1
"2025000015390",1,9,9,5,0,0,1,1,20,-1,-1,-1
"2025000015391",1,9,19,0,-1,0,0,3,-1,-1,-1,-1
"2025000015392",2,9,3,0,0,0,2,2,42,1618,1,7
"2025000015392",3,19,5,0,0,4,1,3,-1,1995,2,5
"2025000015392",1,9,3,0,0,0,2,1,59,1591,1,4
"2025000015393",1,9,7,1,0,0,1,1,32,1498,1,4
"2025000015393",2,1,7,8,0,0,4,1,24,-1,-1,-1
"2025000015394",1,9,19,0,2,0,1,2,18,998,1,10
"2025000015395",1,9,9,6,0,0,1,2,26,998,1,5
"2025000015395",3,9,5,6,2,0,3,1,40,-1,-1,-1
"2025000015396",1,9,9,0,0,0,4,1,54,1598,1,0
"2025000015396",2,4,13,0,0,0,1,1,50,286,1,0
"2025000015397",2,9,9,1,0,0,1,1,44,1598,1,16
"2025000015397",1,5,19,1,0,0,4,1,36,660,1,1
"2025000015398",1,3,9,8,0,0,3,1,17,124,1,5
"2025000015398",2,9,19,8,0,0,0,1,44,-1,3,2
"2025000015399",2,9,9,1,0,0,4,2,29,1685,2,5
"2025000015399",1,9,19,1,0,0,1,1,31,1339,1,16
"2025000015400",1,20,19,0,0,0,1,1,49,-1,-1,-1
"2025000015400",2,9,10,0,0,0,2,2,52,1968,2,10
"2025000015401",1,9,19,0,2,0,1,1,51,1248,2,8
"2025000015402",1,9,19,2,0,0,4,2,54,1598,1,8
"2025000015402",2,9,19,1,0,0,1,1,47,2998,1,4
"2025000015403",2,11,19,8,0,0,1,1,32,5132,2,1
"2025000015403",1,9,7,6,0,0,3,2,50,2993,2,5
"2025000015404",2,9,19,8,0,0,1,2,24,1200,1,8
"2025000015404",1,9,19,6,0,0,1,3,-1,-1,-1,-1
"2025000015405",1,9,19,1,0,0,1,2,37,1591,1,5
"2025000015405",2,21,5,5,0,0,4,1,34,12777,2,5
"2025000015406",2,-1,19,8,0,0,1,1,25,-1,-1,-1
"2025000015406",1,9,9,5,0,0,1,1,23,1395,1,8
"2025000015407",1,5,13,0,0,0,4,1,60,1254,1,4
"2025000015407",2,9,19,0,0,0,3,1,33,1461,2,5
"2025000015408",1,5,19,0,0,0,0,1,59,599,1,31
"2025000015409",2,9,3,1,0,0,2,2,39,1598,1,12
"2025000015409",1,9,3,1,0,0,1,3,-1,-1,-1,-1
"2025000015410",2,9,7,6,0,0,4,1,30,-1,-1,-1
"2025000015410",1,1,19,8,0,0,1,1,27,-1,-1,-1
"2025000015411",1,9,7,1,0,0,0,2,52,1332,1,1
"2025000015411",2,1,19,1,0,0,0,2,37,-1,-1,-1
"2025000015412",2,9,2,1,0,0,4,2,33,1598,2,7
"2025000015412",1,19,4,1,0,0,3,1,-1,-1,-1,-1
"2025000015413",1,9,19,2,0,0,1,3,-1,-1,-1,-1
"2025000015414",2,11,9,8,0,0,1,1,53,7300,2,14
"2025000015414",1,9,19,8,0,0,1,2,35,1968,2,5
"2025000015415",1,11,4,0,0,0,0,1,60,7300,2,16
"2025000015416",1,11,99,9,0,0,4,3,-1,-1,-1,-1
"2025000015417",1,19,4,0,0,0,2,1,45,1598,2,4
"2025000015417",2,2,19,0,0,0,1,1,16,49,1,10
"2025000015418",2,11,19,0,0,0,1,1,30,9360,2,9
"2025000015418",1,9,8,0,0,0,4,2,28,1229,1,6
"2025000015419",1,11,99,9,9,99,9,1,45,5132,2,6
"2025000015419",2,19,99,9,9,99,9,3,-1,1499,2,4
"2025000015420",3,9,19,8,0,0,1,2,41,998,1,11
"2025000015420",2,9,19,8,0,0,1,1,35,2987,2,16
"2025000015420",1,9,4,4,0,0,3,1,45,1332,8,2
"2025000015421",1,11,9,8,0,0,0,1,48,4500,2,12
"2025000015422",1,19,19,8,0,0,1,1,55,2998,2,6
"2025000015423",2,1,19,0,0,0,2,1,69,-1,-1,-1
"2025000015423",1,9,19,0,0,0,1,1,90,1796,1,10
"2025000015424",1,9,1,0,0,0,4,2,54,1398,1,10
"2025000015424",2,9,2,0,0,0,2,3,-1,1242,1,3
"2025000015424",3,9,2,0,0,0,1,3,-1,1999,2,6
"2025000015424",4,9,2,0,0,0,1,3,-1,1995,1,2
"2025000015425",2,9,19,0,0,0,2,2,54,1108,1,17
"2025000015425",1,19,19,0,0,0,1,1,22,2143,2,9
"2025000015426",2,1,19,8,0,0,4,1,30,-1,-1,-1
"2025000015426",3,9,19,8,0,0,0,1,30,1399,1,2
"2025000015426",1,9,9,8,0,0,0,3,-1,1753,2,12
"2025000015427",2,19,19,8,0,0,1,2,56,-1,-1,-1
"2025000015427",1,8,19,8,0,0,1,1,36,1598,2,4
"2025000015428",1,11,19,0,0,0,0,3,62,9360,2,15
"2025000015429",1,9,9,1,1,0,1,1,32,-1,-1,-1
"2025000015430",2,9,9,8,0,0,2,1,52,1999,2,4
"2025000015430",1,9,19,8,0,0,1,1,41,1598,2,5
"2025000015431",1,9,4,1,0,0,1,3,-1,1997,1,3
"2025000015431",2,5,8,1,0,0,2,1,53,-1,-1,-1
"2025000015432",2,9,19,0,0,0,1,1,60,-1,-1,-1
"2025000015432",1,9,19,0,0,0,1,2,34,1399,2,17
"2025000015433",1,9,19,8,0,0,3,2,75,998,1,15
"2025000015433",2,9,19,8,0,0,4,2,35,1796,1,16
"2025000015434",3,19,3,0,0,0,2,1,32,1498,2,3
"2025000015434",2,9,3,0,0,0,2,2,37,1084,1,1
"2025000015434",1,9,19,0,1,0,1,3,-1,1998,8,8
"2025000015435",1,9,19,0,0,0,4,2,64,1364,2,14
"2025000015436",1,9,19,0,0,0,1,3,-1,-1,-1,-1
"2025000015437",5,9,2,1,0,0,0,3,-1,1200,1,3
"2025000015437",4,9,2,1,0,4,2,3,-1,1461,2,12
"2025000015437",2,19,2,1,0,4,2,3,-1,1461,2,10
"2025000015437",1,9,19,1,0,4,1,1,31,1242,1,14
"2025000015437",3,9,2,1,0,4,2,2,-1,1598,2,9
"2025000015438",1,9,19,1,0,0,4,1,31,1950,2,0
"2025000015439",1,9,9,1,0,0,2,1,53,1242,1,5
"2025000015439",2,3,19,1,0,0,1,1,20,125,1,3
"2025000015440",2,9,19,1,0,0,1,1,25,1580,8,6
"2025000015440",1,9,19,8,0,11,1,2,18,1968,2,13
"2025000015441",2,3,5,1,0,0,1,1,37,125,1,3
"2025000015441",3,9,5,1,0,0,1,1,33,1200,1,2
"2025000015441",1,9,4,1,0,0,3,1,23,1498,8,1
"2025000015442",1,5,19,0,2,0,3,1,23,750,1,25
"2025000015443",2,19,19,8,0,0,4,1,28,2287,2,1
"2025000015443",1,9,5,6,0,0,3,1,20,999,1,3
"2025000015444",2,1,19,8,0,0,4,2,37,-1,-1,-1
"2025000015444",1,9,9,6,0,0,1,2,-1,1598,2,7
"2025000015445",1,9,5,8,0,0,3,2,36,1998,1,6
"2025000015445",2,9,19,8,0,0,1,1,56,1968,2,10
"2025000015446",1,9,7,5,0,10,1,1,86,998,1,7
"2025000015447",2,9,5,4,0,0,2,1,56,1910,2,14
"2025000015447",1,9,5,4,0,0,1,2,36,2997,2,0
"2025000015448",2,1,9,3,1,0,4,1,29,-1,-1,-1
"2025000015448",1,8,9,4,0,0,1,1,-1,1995,2,8
"2025000015449",3,9,19,0,0,0,1,1,29,4395,1,4
"2025000015449",1,9,19,0,1,0,1,2,24,998,1,8
"2025000015449",2,19,19,0,0,0,1,1,47,2179,2,2
"2025000015450",1,9,7,8,0,0,1,1,40,1968,2,7
"2025000015450",2,5,2,1,0,0,2,1,52,650,1,31
"2025000015451",1,9,19,0,0,0,1,1,41,1794,1,18
"2025000015452",1,9,9,1,0,0,1,2,42,1798,8,5
"2025000015452",2,9,19,1,0,0,3,2,45,1498,1,4
"2025000015453",1,9,99,9,9,99,2,1,21,1149,1,15
"2025000015453",2,9,99,9,9,99,1,3,-1,-1,-1,-1
"2025000015454",1,3,19,1,0,0,1,1,18,-1,-1,-1
"2025000015454",2,9,9,6,0,0,1,1,31,1598,1,17
"2025000015455",1,11,19,0,0,0,1,1,19,3900,2,16
"2025000015455",2,3,19,0,1,0,1,1,17,125,1,10
"2025000015456",1,9,19,1,0,0,4,1,45,2143,2,8
"2025000015456",2,1,19,1,0,0,3,1,23,-1,-1,-1
"2025000015457",1,9,5,7,0,0,3,2,22,1461,2,6
"2025000015457",2,9,19,1,2,0,1,1,27,1296,1,15
"2025000015457",3,9,19,1,2,0,1,1,48,999,1,2
"2025000015458",2,9,19,1,1,10,3,2,51,1598,1,11
"2025000015458",1,9,19,1,0,0,1,1,17,1390,1,18
"2025000015459",4,9,10,1,0,0,2,2,42,4367,2,9
"2025000015459",2,9,3,1,0,0,2,1,68,1798,1,17
"2025000015459",1,9,19,1,0,0,1,2,24,1395,1,7
"2025000015459",3,9,3,1,0,0,2,1,51,1498,8,2
"2025000015460",2,9,9,1,0,0,4,1,27,1497,8,11
"2025000015460",1,4,14,1,0,0,1,1,24,124,1,5
"2025000015461",1,9,19,1,0,0,1,3,-1,-1,-1,-1
"2025000015462",1,9,19,1,0,0,1,2,18,1398,1,9
"2025000015462",2,9,-1,1,-1,-1,-1,3,-1,-1,-1,-1
"2025000015463",1,9,99,9,9,99,9,2,23,1950,2,3
"2025000015463",2,9,99,9,9,99,9,1,24,2143,2,5
"2025000015464",2,1,13,1,0,0,2,2,18,-1,-1,-1
"2025000015464",1,9,19,8,0,0,1,2,43,1498,1,10
"2025000015465",1,3,19,0,1,0,1,1,17,125,1,3
"2025000015465",2,9,19,0,0,0,1,2,25,1368,1,15
"2025000015466",2,5,19,8,0,0,2,1,54,690,1,7
"2025000015466",1,9,19,8,0,0,1,2,37,1395,1,7
"2025000015467",1,9,19,0,0,0,1,1,70,1198,1,11