"collision_index","vehicle_reference","vehicle_type","vehicle_manoeuvre","junction_location","skidding_and_overturning","hit_object_in_carriageway","first_point_of_impact","sex_of_driver","age_of_driver","engine_capacity_cc","propulsion_code","age_of_vehicle"
"2025000015920",3,21,19,0,0,0,1,1,28,10837,2,6
"2025000015920",1,9,4,0,0,0,2,2,37,1598,2,7
"2025000015921",1,9,19,0,0,0,4,2,27,1199,2,9
"2025000015921",2,9,19,0,0,0,3,2,38,-1,-1,-1
"2025000015922",2,9,19,0,0,0,2,1,48,1248,2,8
"2025000015922",1,9,-1,0,-1,-1,-1,3,-1,1596,1,17
"2025000015922",3,9,19,0,0,0,2,2,32,1499,1,7
"2025000015923",1,9,1,0,0,0,2,2,33,-1,-1,-1
"2025000015924",1,9,19,0,0,0,1,2,48,-1,-1,-1
"2025000015924",2,9,19,0,0,0,2,1,41,-1,-1,-1
"2025000015925",2,9,10,0,0,0,2,2,28,1997,1,4
"2025000015925",1,9,19,0,0,0,1,1,25,1968,2,12
"2025000015925",3,21,19,0,0,0,3,1,46,12740,2,4
"2025000015926",2,9,19,6,0,0,0,2,35,2488,8,1
"2025000015926",1,1,19,6,0,0,3,1,20,-1,-1,-1
"2025000015927",1,9,19,0,0,0,4,2,33,1968,2,15
"2025000015927",2,9,1,0,0,0,3,2,29,1896,2,18
"2025000015928",1,9,19,8,0,0,3,3,-1,-1,-1,-1
"2025000015928",2,19,19,8,0,0,3,1,29,2200,2,1
"2025000015929",1,9,19,0,2,0,4,2,53,1995,2,8
"2025000015930",1,9,19,4,0,0,0,1,39,2993,2,4
"2025000015930",2,3,19,4,5,10,1,1,36,108,1,8
"2025000015931",1,9,19,2,0,0,1,2,23,1242,1,12
"2025000015932",2,21,19,0,0,0,2,1,48,12902,2,4
"2025000015932",1,11,19,0,0,0,1,1,30,9000,2,1
"2025000015933",1,8,9,5,0,0,1,1,30,-1,3,1
"2025000015933",2,3,9,5,5,0,4,1,23,124,1,4
"2025000015934",2,9,3,1,0,0,2,1,58,1461,2,6
"2025000015934",1,19,19,1,0,0,1,3,58,2198,2,8
"2025000015935",1,3,19,1,5,0,3,1,40,125,1,1
"2025000015935",2,9,7,1,9,0,4,3,48,1968,2,2
"2025000015936",1,9,19,1,0,0,1,1,82,1984,2,10
"2025000015937",1,9,19,8,0,0,3,2,35,-1,-1,-1
"2025000015938",1,9,9,5,0,0,1,1,39,-1,-1,-1
"2025000015938",2,97,19,8,1,0,1,1,23,-1,-1,-1
"2025000015939",2,9,19,0,0,0,1,1,42,1598,1,16
"2025000015939",1,9,19,0,0,0,1,1,19,1560,2,11
"2025000015940",2,19,19,1,0,0,9,1,-1,2143,2,4
"2025000015940",1,9,99,9,9,99,1,2,49,1598,1,12
"2025000015941",1,9,7,6,2,10,1,1,-1,999,1,1
"2025000015942",1,9,19,1,0,0,1,1,37,2967,2,3
"2025000015943",1,9,19,0,1,0,1,2,34,1332,8,0
"2025000015944",2,19,3,1,0,4,1,1,40,1598,2,10
"2025000015944",1,9,3,1,0,0,2,2,74,-1,-1,-1
"2025000015945",2,1,9,8,0,0,1,1,29,-1,-1,-1
"2025000015945",1,9,9,5,0,0,1,1,24,-1,-1,-1
"2025000015946",1,5,19,0,0,12,1,1,64,1043,1,3
"2025000015947",2,9,19,1,0,0,1,1,33,2979,1,4
"2025000015947",1,9,9,8,0,0,3,1,78,1498,1,6
"2025000015948",2,11,5,8,0,0,0,1,56,7300,2,7
"2025000015948",1,9,9,5,0,0,0,2,21,-1,-1,-1
"2025000015949",1,9,9,0,0,0,3,1,31,1598,2,6
"2025000015949",2,5,13,0,2,0,4,1,54,955,1,17
"2025000015950",1,5,19,0,0,0,1,1,39,1301,1,2
"2025000015951",2,9,19,1,0,0,1,2,35,1590,1,17
"2025000015951",1,9,19,1,0,0,2,1,48,1798,8,9
"2025000015952",2,9,7,3,0,0,1,1,66,1896,2,16
"2025000015952",1,9,7,3,0,0,3,1,44,998,1,16
"2025000015953",1,9,5,0,0,0,1,1,48,1968,2,14
"2025000015953",2,9,19,0,0,0,3,1,37,1997,2,3
"2025000015954",1,9,7,2,1,0,1,1,51,2143,2,6
"2025000015954",2,11,19,1,0,0,3,1,38,4500,2,7
"2025000015955",1,9,7,6,0,0,2,1,84,1248,1,5
"2025000015955",2,9,9,6,0,0,1,2,-1,1968,2,3
"2025000015956",1,9,15,0,0,0,1,2,38,999,1,4
"2025000015956",2,11,2,0,0,0,2,1,66,6700,2,7
"2025000015957",1,9,19,2,0,0,1,2,29,1998,1,9
"2025000015958",1,1,99,9,9,99,1,1,33,-1,-1,-1
"2025000015958",2,9,99,9,9,99,9,3,42,1197,1,8
"2025000015959",1,11,5,0,0,0,0,1,24,4461,2,8
"2025000015960",1,9,19,0,0,0,1,1,63,999,1,0
"2025000015960",3,9,4,0,0,0,2,2,23,1461,2,4
"2025000015960",2,19,4,0,0,0,4,1,58,2287,2,1
"2025000015961",1,9,4,5,0,0,1,2,73,1498,8,3
"2025000015962",2,9,2,0,0,0,2,3,-1,-1,-1,-1
"2025000015962",1,9,19,0,0,0,4,1,19,1395,1,8
"2025000015963",1,20,19,0,0,0,1,1,61,4461,2,12
"2025000015964",1,1,19,8,0,0,0,3,-1,-1,-1,-1
"2025000015964",2,11,19,1,0,0,0,1,54,6696,2,6
"2025000015965",1,18,19,0,0,0,3,1,64,-1,-1,-1
"2025000015966",1,9,19,8,0,0,3,1,29,1598,2,8
"2025000015966",2,9,11,8,0,0,4,1,35,1997,2,14
"2025000015967",1,9,19,0,5,10,4,1,29,999,1,1
"2025000015968",1,9,19,0,0,0,1,2,73,1200,1,10
"2025000015969",2,5,5,8,0,0,1,1,-1,999,1,16
"2025000015969",1,9,5,8,0,0,4,1,53,1999,2,6
"2025000015970",2,9,19,8,0,0,3,1,35,1200,1,3
"2025000015970",1,19,9,6,0,0,1,1,23,1968,2,3
"2025000015970",3,19,19,1,0,0,3,1,57,2198,2,8
"2025000015971",2,9,19,0,1,0,1,1,60,1997,2,15
"2025000015971",1,9,13,0,0,0,1,1,59,1477,8,1
"2025000015972",1,9,19,0,0,0,1,1,25,-1,-1,-1
"2025000015973",1,9,4,1,0,0,1,1,25,1299,1,20
"2025000015973",3,9,4,1,0,0,0,1,26,1984,1,7
"2025000015973",2,9,4,1,0,0,3,1,49,1984,1,11
"2025000015974",1,9,5,6,0,0,4,1,51,1398,1,6
"2025000015974",2,11,4,1,0,0,1,1,38,4500,2,1
"2025000015975",1,9,19,2,0,0,2,2,45,1461,2,7
"2025000015975",2,5,19,2,0,0,1,1,20,599,1,14
"2025000015976",1,9,19,0,0,0,1,2,50,1598,1,12
"2025000015976",2,9,19,0,0,0,1,2,34,1998,1,21
"2025000015977",1,3,99,9,9,99,1,2,53,125,1,2
"2025000015977",2,9,99,9,9,99,2,3,-1,-1,-1,-1
"2025000015978",1,9,19,8,0,0,1,2,59,1386,1,17
"2025000015979",1,9,10,1,0,0,1,2,25,1398,1,5
"2025000015979",2,9,1,1,0,0,2,3,30,-1,-1,-1
"2025000015980",1,9,7,4,0,0,1,2,61,1248,1,13
"2025000015980",2,2,19,4,0,0,2,1,66,125,1,5
"2025000015981",1,9,19,0,0,0,4,1,48,2996,1,16
"2025000015981",2,9,19,0,0,0,1,1,61,1498,1,7
"2025000015982",1,9,19,0,0,0,1,2,59,1598,1,10
"2025000015983",1,9,19,0,0,0,1,2,55,998,1,14
"2025000015984",1,9,7,8,0,0,4,1,33,1587,1,19
"2025000015984",2,1,19,8,0,0,1,1,29,-1,-1,-1
"2025000015985",1,9,5,1,0,0,1,1,17,1364,1,14
"2025000015985",2,9,13,1,2,10,1,2,43,1497,1,4
"2025000015986",1,11,19,1,0,0,1,1,60,-1,-1,-1
"2025000015986",2,9,11,1,0,0,1,2,36,1332,8,0
"2025000015987",2,9,19,8,0,0,1,1,58,1686,2,10
"2025000015987",1,90,19,8,5,0,3,2,23,2200,2,1
"2025000015988",1,9,19,0,0,0,1,2,73,1490,1,1
"2025000015989",2,19,3,2,0,0,2,1,31,1997,2,7
"2025000015989",1,9,19,2,0,0,1,1,-1,1398,2,16
"2025000015990",2,9,9,5,0,0,1,1,34,1753,2,12
"2025000015990",1,9,15,8,0,0,3,2,19,1197,1,6
"2025000015991",1,9,19,0,1,0,4,1,23,1998,1,23
"2025000015992",1,3,9,2,2,0,0,1,17,123,1,6
"2025000015993",1,9,19,0,0,0,1,2,46,1968,2,11
"2025000015993",2,9,4,0,0,0,2,2,44,1968,2,7
"2025000015994",2,9,7,2,0,0,1,1,41,698,1,19
"2025000015994",1,9,19,2,0,0,4,1,25,2998,1,7
"2025000015995",1,4,19,0,1,0,3,1,66,243,1,42
"2025000015996",2,9,19,0,0,0,1,2,37,998,1,9
"2025000015996",1,9,4,0,0,0,2,2,23,1242,1,15
"2025000015997",2,9,4,1,0,0,3,1,19,1388,1,21
"2025000015997",1,1,19,1,2,0,1,1,11,-1,-1,-1
"2025000015998",1,9,19,0,0,0,2,1,44,1200,1,4
"2025000015998",2,9,19,0,0,0,1,2,30,1896,2,15
"2025000015999",1,5,19,0,1,0,4,1,53,656,1,10
"2025000016000",2,9,19,0,1,0,1,3,45,1591,1,6
"2025000016000",1,9,19,0,1,0,1,2,66,1199,1,2
"2025000016001",1,9,19,0,1,10,4,1,19,1242,1,16
"2025000016002",1,4,99,9,9,99,9,1,36,124,1,1
"2025000016002",2,9,99,9,9,99,1,3,-1,1794,1,17
"2025000016003",1,3,99,9,9,99,9,1,44,125,1,2
"2025000016003",2,9,99,9,9,99,9,3,-1,-1,-1,-1
"2025000016004",1,19,19,1,0,0,4,1,34,1950,2,1
"2025000016005",2,9,19,1,0,0,1,1,34,1560,2,8
"2025000016005",1,9,10,6,0,0,3,1,28,1753,2,13
"2025000016006",1,9,9,8,0,0,1,2,74,1798,8,4
"2025000016007",1,9,9,6,0,0,1,1,87,2967,1,22
"2025000016007",2,1,19,1,0,0,1,1,21,-1,-1,-1
"2025000016008",1,9,9,5,0,0,1,2,27,998,1,2
"2025000016008",2,1,19,1,0,0,3,1,50,-1,-1,-1
"2025000016009",2,9,19,0,0,0,1,2,23,1339,1,17
"2025000016009",1,19,5,0,0,0,1,2,33,1461,2,6
"2025000016010",1,9,19,8,0,0,1,2,35,1200,1,0
"2025000016010",2,19,9,5,0,0,1,1,44,2200,2,0
"2025000016011",1,9,19,0,1,0,1,1,18,1198,1,15
"2025000016012",1,20,5,2,0,11,4,1,48,-1,-1,-1
"2025000016013",2,9,8,1,0,0,2,1,48,1248,2,9
"2025000016013",1,9,19,3,0,0,1,1,18,1388,1,19
"2025000016014",1,9,19,1,1,0,1,1,19,999,1,3
"2025000016014",2,9,19,1,0,0,1,1,32,1364,1,14
"2025000016015",1,9,19,8,0,0,1,1,20,1598,2,5
"2025000016015",2,9,19,8,0,0,4,1,53,1968,2,8
"2025000016016",1,9,19,0,0,0,0,2,37,1598,1,10
"2025000016017",3,9,2,0,0,0,2,-1,-1,1197,8,0
"2025000016017",4,9,2,0,0,0,2,-1,-1,1498,1,5
"2025000016017",2,9,2,0,0,0,2,-1,-1,1598,1,18
"2025000016017",1,9,5,0,0,4,1,2,51,1242,1,11
"2025000016018",1,9,19,0,1,0,1,3,-1,-1,-1,-1
"2025000016018",2,9,19,0,0,0,3,1,57,-1,-1,-1
"2025000016019",2,9,19,8,0,0,-1,3,-1,-1,-1,-1
"2025000016019",1,1,9,8,0,0,4,1,27,-1,-1,-1
"2025000016020",1,8,19,0,0,0,1,1,41,1560,2,6
"2025000016020",2,4,19,0,0,0,2,1,34,599,1,25
"2025000016021",1,11,19,1,0,0,1,1,-1,7300,2,14
"2025000016022",1,1,99,9,9,99,1,1,31,-1,-1,-1
"2025000016022",2,9,99,9,9,99,9,3,63,998,1,7
"2025000016023",1,19,7,4,0,0,4,1,72,1598,2,2
"2025000016023",2,1,19,4,5,0,3,2,48,-1,-1,-1
"2025000016024",2,9,19,1,0,0,1,1,66,1796,1,15
"2025000016024",1,2,3,1,0,0,2,1,20,125,1,2
"2025000016025",1,9,10,8,0,0,3,1,78,2488,8,0
"2025000016025",2,8,19,8,0,0,1,1,46,-1,-1,-1
"2025000016026",2,9,7,3,0,0,4,1,36,4395,1,0
"2025000016026",1,9,7,3,0,0,3,2,53,2997,2,1
"2025000016027",1,11,14,0,0,4,1,1,63,-1,-1,-1
"2025000016027",2,8,2,0,0,0,2,1,33,1968,2,7
"2025000016028",1,19,19,0,0,0,1,1,50,1598,2,6
"2025000016029",1,9,19,0,0,0,3,1,33,1598,2,5
"2025000016030",1,9,19,0,1,10,1,1,17,1197,1,9
"2025000016031",1,19,9,8,0,0,1,1,56,1560,2,5
"2025000016032",1,11,3,1,0,0,0,1,66,7300,2,14
"2025000016033",1,9,19,0,0,0,1,2,35,-1,-1,-1
"2025000016034",1,9,9,2,0,0,1,2,34,998,1,6
"2025000016034",2,1,19,1,0,0,1,1,8,-1,-1,-1
"2025000016035",1,9,99,9,9,99,0,1,67,1598,1,3
"2025000016036",1,9,1,1,0,0,2,2,27,1753,2,12
"2025000016037",1,9,9,2,0,0,3,2,51,1598,2,8
"2025000016037",2,3,19,1,0,0,1,1,20,125,1,10
"2025000016038",1,21,9,8,5,0,4,1,34,12742,2,4
"2025000016039",1,9,3,4,0,0,2,2,70,1200,1,9
"2025000016039",2,9,3,4,0,0,1,3,-1,-1,-1,-1
"2025000016040",1,9,99,0,9,99,2,2,50,1596,1,14
"2025000016040",2,9,99,0,9,99,1,3,-1,1596,1,12
"2025000016041",2,19,14,1,0,0,0,3,23,1995,2,7
"2025000016041",1,3,19,1,0,0,4,1,37,108,1,6
"2025000016042",2,9,19,1,0,0,3,2,49,1560,2,8
"2025000016042",1,9,12,1,0,0,1,2,38,1995,2,10
"2025000016043",1,9,4,8,0,2,4,3,-1,1870,2,15
"2025000016044",1,9,19,8,0,0,3,1,50,1598,2,7
"2025000016044",2,1,19,8,0,0,1,2,43,-1,-1,-1
"2025000016045",2,3,3,1,0,0,2,1,42,125,1,0
"2025000016045",1,9,19,1,0,0,1,2,62,1339,8,8
"2025000016046",1,9,19,0,0,10,3,2,21,1332,1,3
"2025000016047",2,9,8,0,0,0,3,1,65,1998,8,2
"2025000016047",1,9,19,0,0,0,1,2,79,1596,1,5
"2025000016048",1,9,1,6,0,0,2,2,51,1398,1,9
"2025000016049",2,11,10,1,0,0,1,1,45,4461,2,8
"2025000016049",1,9,7,2,0,0,1,2,74,1490,8,0
"2025000016050",1,9,19,0,0,0,1,1,36,1461,2,18
"2025000016051",1,19,13,0,0,0,2,2,26,1995,2,2
"2025000016051",2,9,19,0,0,0,2,2,63,2894,1,1
"2025000016051",4,19,19,0,0,0,1,1,36,1995,2,7
"2025000016051",3,19,19,0,0,0,2,1,23,1950,2,0
"2025000016052",2,1,19,8,5,0,1,1,17,-1,-1,-1
"2025000016052",1,9,7,8,0,0,1,3,-1,-1,-1,-1
"2025000016053",1,19,7,0,0,0,4,1,50,-1,3,1
"2025000016053",2,-1,19,0,0,0,1,1,17,-1,-1,-1
"2025000016054",1,4,19,0,0,0,1,1,37,125,1,2
"2025000016055",2,21,3,0,0,0,2,1,32,12902,2,11
"2025000016055",1,9,19,0,0,0,1,2,28,1598,1,18
"2025000016056",1,11,4,0,0,0,0,1,26,5132,2,7
"2025000016057",1,1,19,0,0,0,1,2,38,-1,-1,-1
"2025000016058",2,1,19,1,0,0,1,1,27,-1,-1,-1
"2025000016058",1,8,10,1,0,0,4,3,57,-1,3,3
"2025000016059",1,9,19,2,1,0,1,2,20,998,1,5
"2025000016059",2,9,19,2,0,0,3,1,29,1896,2,14
"2025000016060",1,9,19,0,5,0,1,2,20,1242,1,7
"2025000016061",1,9,19,8,0,0,3,3,-1,-1,-1,-1
"2025000016061",2,1,19,8,0,0,4,1,23,-1,-1,-1
"2025000016062",1,20,1,0,0,0,2,1,30,1995,2,5
"2025000016062",2,22,19,0,0,0,1,1,91,-1,-1,-1
"2025000016063",1,9,1,0,0,0,2,3,-1,-1,-1,-1
"2025000016064",1,9,19,0,0,0,1,2,20,-1,-1,-1
"2025000016065",1,11,9,8,0,4,3,1,28,4249,2,3
"2025000016065",2,9,8,2,0,0,1,2,34,1198,1,9
"2025000016066",1,21,5,1,0,0,1,1,47,12777,2,1
"2025000016066",2,9,7,8,0,0,3,2,65,1197,1,7
"2025000016067",1,9,19,4,5,9,4,1,21,1968,2,8
"2025000016068",1,19,1,0,0,0,2,3,-1,2148,2,18
"2025000016069",1,9,19,0,5,0,1,2,19,999,1,4
"2025000016070",2,9,19,8,0,0,1,2,44,1995,2,9
"2025000016070",1,9,19,8,0,0,2,2,40,1499,2,5
"2025000016070",3,9,19,1,0,0,0,1,30,2993,12,1
"2025000016071",2,9,19,1,0,0,1,1,49,1968,2,5
"2025000016071",1,9,7,5,1,7,1,1,23,-1,-1,-1
"2025000016072",1,3,19,1,0,0,4,1,37,108,1,6
"2025000016072",2,9,19,1,0,0,1,1,-1,998,1,13
"2025000016073",2,9,99,9,9,99,9,3,-1,-1,-1,-1
"2025000016073",1,1,99,9,9,99,2,2,51,-1,-1,-1
"2025000016074",2,19,4,1,0,0,2,1,42,1500,2,3
"2025000016074",1,19,19,1,0,0,1,1,34,1870,2,17
"2025000016074",3,9,4,1,0,0,2,2,25,998,1,3
"2025000016074",4,9,10,5,0,0,2,2,38,1598,1,17
"2025000016075",2,11,19,0,0,0,1,1,43,5132,2,6
"2025000016075",1,8,4,0,0,0,2,1,42,1969,8,6
"2025000016076",1,9,14,0,0,0,1,1,34,-1,-1,-1
"2025000016077",2,9,99,9,9,99,9,1,48,-1,-1,-1
"2025000016077",1,3,99,9,9,99,1,1,33,108,1,12
"2025000016078",1,1,19,0,0,0,1,1,16,-1,-1,-1
"2025000016078",2,9,19,0,0,0,1,1,49,-1,-1,-1
"2025000016079",1,5,19,0,5,0,1,1,46,1000,1,1
"2025000016079",3,9,19,0,0,0,0,1,36,1560,2,7
"2025000016079",2,21,19,0,0,0,3,1,34,12419,2,9
"2025000016080",1,9,12,1,0,0,1,1,28,1968,2,0
"2025000016080",3,9,19,1,0,0,1,1,24,1422,2,8
"2025000016080",2,5,19,1,0,0,4,1,29,998,1,3
"2025000016081",1,9,7,8,0,0,4,2,57,999,1,1
"2025000016082",1,5,19,0,1,0,4,1,57,749,1,34
"2025000016083",1,9,19,0,0,0,1,1,65,998,1,9
"2025000016084",2,9,2,8,0,0,3,3,-1,1997,2,13
"2025000016084",1,90,7,2,0,4,3,1,16,-1,-1,-1
"2025000016085",2,4,13,1,0,0,4,1,32,745,1,0
"2025000016085",1,9,9,5,0,0,3,1,57,1339,1,15
"2025000016086",2,9,99,9,9,99,9,3,-1,-1,-1,-1
"2025000016086",1,1,99,9,9,99,1,2,27,-1,-1,-1
"2025000016087",1,9,14,1,5,7,3,2,65,1398,1,4
"2025000016088",2,9,19,1,1,4,1,1,58,1968,2,8
"2025000016088",1,21,10,6,0,0,3,1,46,12902,2,0
"2025000016089",2,9,19,0,0,0,1,2,45,2231,2,10
"2025000016089",3,9,3,0,0,0,2,1,26,1796,1,10
"2025000016089",1,9,3,0,0,0,2,2,21,999,1,9
"2025000016090",1,9,19,0,0,0,1,1,25,1390,1,10
"2025000016090",2,9,10,0,0,0,2,2,19,1242,1,6
"2025000016091",4,9,19,0,0,0,1,1,63,1197,1,5
"2025000016091",2,9,4,0,0,0,3,1,70,1896,2,14
"2025000016091",3,9,2,0,0,0,3,3,-1,1242,1,16
"2025000016091",1,9,19,0,0,0,1,1,59,-1,-1,-1
"2025000016092",2,9,99,9,9,99,1,3,-1,-1,-1,-1
"2025000016092",1,3,99,9,9,99,2,1,30,-1,-1,-1
"2025000016093",1,3,99,9,9,99,1,1,27,125,1,2
"2025000016093",2,9,99,9,9,99,1,3,-1,1198,1,13
"2025000016094",2,1,19,0,1,0,1,1,72,-1,-1,-1
"2025000016094",1,9,19,0,0,0,1,3,-1,-1,-1,-1
"2025000016095",2,1,19,8,0,0,3,1,22,-1,-1,-1
"2025000016095",1,9,19,8,0,0,1,1,46,1339,1,16
"2025000016096",2,9,5,6,0,0,3,-1,48,1498,1,12
"2025000016096",1,9,19,8,0,0,1,1,34,2143,2,9
"2025000016097",1,9,19,1,0,4,1,1,83,1108,1,11
"2025000016097",2,9,2,2,0,0,1,3,-1,1199,1,2
"2025000016098",1,1,19,8,0,0,2,2,31,-1,-1,-1
"2025000016098",2,9,19,6,0,0,1,1,-1,1997,2,14
"2025000016099",1,9,19,2,0,0,3,2,31,1686,2,13
"2025000016099",2,11,7,1,0,0,3,2,30,9000,2,17
"2025000016100",1,9,-1,2,1,0,1,1,36,-1,3,1
"2025000016101",1,9,99,9,9,99,2,1,30,-1,3,2
"2025000016101",2,9,99,9,9,99,9,1,20,1968,2,8
"2025000016102",2,9,19,0,0,0,1,2,37,2999,8,1
"2025000016102",1,3,19,0,0,0,3,1,31,125,1,1
"2025000016103",1,9,19,0,0,0,1,2,37,1598,1,9
"2025000016103",2,9,11,0,0,0,2,2,24,1329,1,8
"2025000016104",1,1,19,1,0,0,-1,1,14,-1,-1,-1
"2025000016104",2,9,19,1,0,0,-1,1,43,1950,2,7
"2025000016105",1,9,19,0,0,0,1,1,45,1999,2,5
"2025000016106",2,9,2,0,0,0,2,3,-1,998,1,14
"2025000016106",1,1,14,0,0,0,1,1,18,-1,-1,-1
"2025000016107",1,9,19,0,0,0,4,1,30,998,1,4
"2025000016107",2,9,19,0,0,0,3,2,27,1598,1,5
"2025000016108",2,5,19,0,5,0,0,1,59,2053,1,17
"2025000016108",1,19,19,0,0,0,0,3,-1,1753,2,10
"2025000016109",1,8,5,8,0,0,3,1,37,-1,-1,-1
"2025000016109",2,9,9,8,1,0,1,2,30,1995,2,5
"2025000016110",2,9,2,0,0,0,2,3,-1,1968,2,6
"2025000016110",1,9,19,0,0,4,1,2,41,2143,2,8
"2025000016110",3,9,2,0,0,0,1,3,-1,4398,7,21
"2025000016111",1,5,19,1,0,0,1,1,43,798,1,4
"2025000016111",2,9,19,2,0,0,1,1,29,1596,1,6
"2025000016112",2,9,19,0,0,0,1,1,30,1598,2,12
"2025000016112",1,9,4,0,0,0,2,2,36,1799,1,17
"2025000016113",2,9,99,9,9,99,9,3,-1,1398,1,8
"2025000016113",1,9,99,9,9,99,2,1,38,1596,1,16
"2025000016114",1,1,99,9,9,99,2,2,40,-1,-1,-1
"2025000016114",2,9,99,9,9,99,0,3,-1,-1,-1,-1
"2025000016115",1,9,19,0,0,0,3,2,78,1199,1,2
"2025000016115",2,1,19,0,0,0,4,1,49,-1,-1,-1
"2025000016116",1,9,19,0,0,0,1,2,17,-1,-1,-1
"2025000016117",1,9,19,8,0,0,1,1,23,-1,-1,-1
"2025000016117",2,9,7,6,0,0,1,2,51,-1,-1,-1
"2025000016118",1,1,99,9,9,99,9,1,44,-1,-1,-1
"2025000016118",2,9,99,9,9,99,9,1,28,1229,1,13
"2025000016119",1,5,19,0,0,0,1,1,45,675,1,9
"2025000016119",2,9,19,0,0,0,1,1,49,1598,2,9
"2025000016120",2,5,19,0,0,4,1,1,54,749,1,8
"2025000016120",1,9,5,0,0,0,2,1,65,-1,3,0
"2025000016121",1,9,7,6,0,0,1,1,33,-1,-1,-1
"2025000016121",2,9,-1,8,5,0,1,1,38,-1,-1,-1
"2025000016122",2,19,19,1,0,0,1,1,31,2198,2,9
"2025000016122",1,19,9,1,0,0,4,1,40,1995,2,1
"2025000016123",2,1,19,1,0,0,2,1,19,-1,-1,-1
"2025000016123",1,9,19,1,0,0,2,3,-1,-1,-1,-1
"2025000016124",1,11,3,0,0,0,0,1,37,4500,2,1
"2025000016125",2,3,19,0,1,0,2,1,18,110,1,1
"2025000016125",1,9,19,0,0,0,1,2,68,1329,1,8
"2025000016126",2,9,2,0,0,0,3,3,-1,1896,2,15
"2025000016126",1,9,19,0,5,4,1,2,36,1395,1,3
"2025000016127",1,1,99,9,9,99,0,1,42,-1,-1,-1
"2025000016127",2,9,99,9,9,99,0,3,-1,-1,3,2
"2025000016128",1,9,19,1,0,0,1,2,66,1598,1,13
"2025000016129",1,9,19,0,5,4,1,2,49,-1,-1,-1
"2025000016129",2,9,2,0,0,0,1,3,-1,1500,2,3
"2025000016130",1,9,99,9,9,99,2,1,37,1598,1,12
"2025000016131",1,9,5,5,1,0,1,1,42,1339,8,14
"2025000016131",2,9,19,2,0,0,2,2,62,1997,1,14
"2025000016132",1,-1,19,0,0,0,1,1,21,-1,-1,-1
"2025000016133",2,3,19,0,2,0,3,1,38,124,1,7
"2025000016133",1,9,15,0,0,0,4,1,55,2143,2,7
"2025000016134",2,9,5,1,0,0,4,2,45,1997,2,7
"2025000016134",1,9,5,5,0,0,1,2,55,1198,1,13
"2025000016135",1,9,19,1,0,0,1,2,74,1398,1,4
"2025000016136",2,9,19,1,0,0,1,2,61,1598,2,9
"2025000016136",1,9,19,2,0,0,1,1,60,1594,1,15
"2025000016137",1,9,19,2,1,0,1,2,25,1388,1,15
"2025000016138",2,5,15,2,1,0,1,1,36,999,1,11
"2025000016138",1,9,19,2,0,0,4,2,43,1968,2,3
"2025000016139",2,9,99,9,9,99,9,3,57,2967,1,15
"2025000016139",1,1,99,9,9,99,9,1,38,-1,-1,-1
"2025000016140",1,8,9,1,0,0,1,3,-1,2776,2,7
"2025000016141",2,1,19,0,0,0,0,1,26,-1,-1,-1
"2025000016141",1,9,19,0,0,0,0,1,27,2993,2,6
"2025000016142",1,9,19,0,2,0,3,1,33,2179,2,14
"2025000016143",1,9,9,8,0,0,3,1,81,1390,1,12
"2025000016143",2,9,19,8,2,0,1,1,17,1149,1,17
"2025000016144",2,9,19,0,0,0,1,1,69,1598,2,12
"2025000016144",1,21,3,0,0,0,2,1,43,12777,5,2
"2025000016145",1,9,19,0,0,0,4,1,64,1686,2,12
"2025000016146",1,9,5,4,0,0,1,1,60,1797,8,6
"2025000016146",2,3,19,4,0,0,2,1,34,108,1,4
"2025000016147",1,9,19,1,0,0,1,2,87,995,1,19
"2025000016147",2,9,9,8,0,0,3,1,49,-1,-1,-1
"2025000016148",3,9,2,0,0,0,1,3,-1,1193,1,10
"2025000016148",1,9,19,0,0,4,1,2,45,1997,1,9
"2025000016148",2,9,2,0,0,0,2,3,-1,1595,1,14
"2025000016149",1,3,13,0,1,0,4,2,19,124,1,4
"2025000016150",1,3,19,1,0,0,1,1,19,110,1,1
"2025000016150",2,19,6,1,0,0,1,1,51,2143,2,4
"2025000016151",2,9,19,0,0,0,1,1,46,2979,1,18
"2025000016151",1,9,19,0,0,0,1,1,26,2616,1,15
"2025000016152",2,11,19,8,0,0,0,1,34,4500,2,12
"2025000016152",1,9,9,5,0,0,0,1,56,1560,2,6
"2025000016153",2,9,19,1,0,0,1,2,95,1248,1,14
"2025000016153",1,19,5,6,0,0,3,1,36,2298,2,3
"2025000016154",3,9,19,0,0,0,2,2,54,1242,1,8
"2025000016154",2,9,19,0,0,0,2,2,51,1910,2,16
"2025000016154",1,19,19,0,0,0,1,1,23,1753,2,17
"2025000016155",1,11,5,0,0,0,4,1,52,6700,2,7
"2025000016156",2,4,19,1,0,0,4,1,47,125,1,3
"2025000016156",1,9,9,1,0,0,3,1,19,1390,1,12
"2025000016157",2,9,5,2,0,0,0,3,-1,1796,1,9
"2025000016157",1,11,19,1,0,0,0,1,53,4500,2,4
"2025000016158",2,11,15,1,0,0,1,1,33,6696,2,7
"2025000016158",1,9,19,1,0,0,3,1,46,1968,2,14
"2025000016159",3,9,19,0,0,0,1,2,71,1461,2,7