"collision_index","vehicle_reference","vehicle_type","vehicle_manoeuvre","junction_location","skidding_and_overturning","hit_object_in_carriageway","first_point_of_impact","sex_of_driver","age_of_driver","engine_capacity_cc","propulsion_code","age_of_vehicle"
"2025000016159",1,5,13,0,1,0,1,1,57,1200,1,2
"2025000016159",2,9,19,0,0,0,2,2,43,1984,1,0
"2025000016160",1,9,9,8,0,0,1,2,31,1398,1,8
"2025000016161",1,97,-1,8,-1,-1,-1,3,-1,-1,-1,-1
"2025000016162",1,9,19,1,5,0,1,1,60,2967,2,13
"2025000016163",1,9,19,0,0,0,1,1,70,-1,-1,-1
"2025000016163",2,9,19,0,0,0,1,1,30,2143,2,8
"2025000016164",2,9,9,2,0,0,1,2,27,2143,2,5
"2025000016164",1,9,19,1,0,0,1,2,32,2720,2,15
"2025000016165",2,9,4,2,0,0,2,1,53,1560,2,11
"2025000016165",3,19,4,2,0,0,2,1,46,1968,2,2
"2025000016165",1,11,11,2,1,0,1,1,63,10837,2,8
"2025000016166",1,9,19,3,0,0,1,1,32,1596,1,15
"2025000016166",2,3,4,3,0,0,2,1,22,125,1,5
"2025000016167",2,9,19,0,0,0,1,1,26,1598,1,17
"2025000016167",1,9,19,0,0,0,1,1,34,1896,2,18
"2025000016168",2,5,19,8,0,0,1,1,19,-1,-1,-1
"2025000016168",1,9,9,8,0,0,1,2,36,2143,2,9
"2025000016168",3,9,2,1,0,0,4,3,-1,1200,1,3
"2025000016169",1,9,4,0,0,0,1,1,54,3456,8,11
"2025000016170",3,9,19,0,0,0,4,2,25,1198,1,10
"2025000016170",2,9,4,0,0,0,2,1,31,1798,8,8
"2025000016170",1,21,19,0,0,0,1,1,43,7698,2,8
"2025000016171",1,2,19,0,1,0,0,1,20,-1,-1,-1
"2025000016172",1,9,1,0,0,0,2,2,40,1240,1,11
"2025000016173",1,9,19,0,5,0,4,1,18,998,1,17
"2025000016174",3,9,4,0,0,0,2,1,49,1598,1,10
"2025000016174",1,9,19,0,0,0,1,1,26,2993,2,7
"2025000016174",2,9,4,0,0,0,2,1,76,1968,2,15
"2025000016175",2,9,19,0,0,0,2,1,27,1956,2,10
"2025000016175",1,9,19,0,5,0,1,1,19,1798,1,15
"2025000016176",1,9,19,0,1,0,1,1,36,1995,2,10
"2025000016177",1,19,15,0,0,0,3,1,39,2143,2,8
"2025000016177",2,9,15,0,0,0,4,2,34,-1,3,1
"2025000016177",3,9,19,0,0,0,1,1,42,2183,2,9
"2025000016178",1,9,19,0,0,0,1,1,35,1149,1,15
"2025000016179",1,9,19,0,0,0,1,1,34,2143,2,11
"2025000016179",2,19,2,0,0,0,1,3,-1,1499,2,2
"2025000016180",1,11,19,0,0,0,3,1,57,12000,2,15
"2025000016180",2,17,19,0,0,0,3,2,61,-1,-1,-1
"2025000016181",1,1,99,9,9,99,9,3,-1,-1,-1,-1
"2025000016182",1,11,19,8,0,0,1,1,60,6700,2,5
"2025000016183",1,9,9,8,0,0,1,2,46,1560,2,13
"2025000016183",2,1,19,8,0,0,3,2,34,-1,-1,-1
"2025000016184",1,11,19,8,0,0,3,2,56,6700,2,10
"2025000016185",2,9,99,8,0,0,1,3,-1,1461,2,12
"2025000016185",1,9,99,8,0,0,2,2,57,1360,1,18
"2025000016186",1,9,19,8,0,0,4,1,45,1995,2,10
"2025000016186",2,9,19,8,0,0,1,1,37,1197,1,6
"2025000016187",1,9,5,0,0,0,4,2,37,1968,2,8
"2025000016188",1,9,5,8,0,0,1,1,30,4395,1,3
"2025000016189",1,9,99,9,9,99,2,1,40,1995,2,7
"2025000016189",2,9,99,9,9,99,1,3,-1,1950,2,5
"2025000016190",1,9,9,0,0,0,1,1,22,1596,1,13
"2025000016190",2,1,19,0,0,0,1,2,39,-1,-1,-1
"2025000016191",1,5,19,0,5,0,1,1,77,998,1,19
"2025000016192",2,9,4,0,0,0,2,1,31,1598,2,6
"2025000016192",1,9,4,0,0,0,2,1,70,-1,-1,-1
"2025000016192",3,9,4,0,1,0,1,1,57,-1,-1,-1
"2025000016193",1,19,5,4,0,0,3,1,33,1995,2,7
"2025000016193",2,1,11,3,0,0,1,1,39,-1,-1,-1
"2025000016194",1,9,19,0,0,0,1,1,51,2979,1,15
"2025000016194",2,9,19,0,0,0,2,1,50,1798,8,10
"2025000016194",4,9,19,0,0,0,1,3,-1,1984,1,15
"2025000016194",3,9,19,0,0,0,1,1,30,1998,1,5
"2025000016195",1,9,12,1,0,10,1,2,18,1198,1,8
"2025000016195",2,11,3,1,0,0,3,1,52,7300,2,16
"2025000016196",1,9,7,1,0,0,4,1,-1,-1,-1,-1
"2025000016196",2,1,19,8,0,0,3,2,31,-1,-1,-1
"2025000016197",1,9,-1,0,-1,-1,1,2,-1,-1,-1,-1
"2025000016197",2,1,-1,0,-1,-1,3,1,12,-1,-1,-1
"2025000016198",1,9,19,1,0,0,1,1,36,1461,2,15
"2025000016199",1,9,19,0,5,0,3,1,18,1248,2,9
"2025000016200",2,19,19,1,0,0,3,1,23,1950,2,2
"2025000016200",1,9,7,2,0,0,3,1,88,1332,1,3
"2025000016201",1,9,4,0,0,0,1,1,31,1598,1,13
"2025000016201",2,9,4,0,0,0,2,1,36,1968,2,15
"2025000016202",3,9,19,0,0,0,3,1,48,2143,2,9
"2025000016202",1,9,19,0,0,0,0,1,-1,1598,2,4
"2025000016202",2,9,3,0,0,0,-1,1,38,1797,8,9
"2025000016203",2,9,19,8,5,0,2,2,71,1591,1,14
"2025000016203",1,19,9,8,0,0,1,1,32,1995,2,0
"2025000016203",3,9,3,1,0,0,0,3,-1,-1,-1,-1
"2025000016204",1,9,4,0,0,0,2,2,20,1995,2,8
"2025000016204",2,19,4,0,0,0,2,1,48,1461,2,6
"2025000016204",4,9,4,0,0,0,0,3,34,-1,-1,-1
"2025000016204",3,19,4,0,0,0,1,1,21,1598,2,2
"2025000016205",2,5,19,0,0,0,0,1,38,998,1,5
"2025000016205",1,5,19,0,0,7,1,1,60,948,1,3
"2025000016206",1,9,19,6,0,0,4,1,40,1798,8,9
"2025000016207",2,3,99,9,9,99,1,1,28,125,1,1
"2025000016207",1,9,99,9,9,99,9,3,-1,1396,1,14
"2025000016208",2,9,3,1,0,0,2,2,72,1498,1,4
"2025000016208",1,9,19,1,0,0,1,3,28,1199,1,21
"2025000016209",1,9,7,0,0,0,3,2,48,1798,8,3
"2025000016209",2,1,19,0,0,0,1,2,43,-1,-1,-1
"2025000016210",2,9,9,8,0,0,1,3,-1,-1,-1,-1
"2025000016210",1,5,19,8,0,0,2,1,62,1690,1,6
"2025000016211",1,9,19,0,0,0,1,1,62,2457,1,9
"2025000016211",2,9,2,0,0,0,1,2,36,1339,1,16
"2025000016212",2,19,5,1,0,0,2,1,47,2298,2,7
"2025000016212",1,1,5,1,5,0,1,1,43,-1,-1,-1
"2025000016213",2,20,4,0,0,11,1,1,47,-1,-1,-1
"2025000016213",3,19,4,0,0,1,1,1,27,1598,2,5
"2025000016213",1,17,4,0,0,0,1,1,50,-1,-1,-1
"2025000016213",4,9,4,0,0,0,2,2,45,1685,2,9
"2025000016214",1,9,19,0,1,0,1,1,18,1197,1,6
"2025000016215",1,9,19,1,0,0,1,3,-1,-1,-1,-1
"2025000016216",1,9,19,1,0,0,1,2,17,998,1,10
"2025000016216",2,5,5,1,0,0,2,1,68,1298,1,6
"2025000016217",1,9,19,0,0,0,1,1,74,1580,8,4
"2025000016217",2,9,19,0,0,0,1,1,31,1461,2,11
"2025000016218",1,9,19,1,0,0,1,1,38,1560,2,11
"2025000016219",2,9,19,0,0,0,1,2,44,1598,2,10
"2025000016219",3,9,2,0,0,0,2,2,65,1968,2,18
"2025000016219",1,9,19,0,0,0,1,1,86,1998,1,25
"2025000016220",1,9,9,5,0,0,1,1,35,-1,-1,-1
"2025000016220",2,9,19,8,0,0,1,1,22,-1,-1,-1
"2025000016221",2,9,9,6,0,0,1,1,56,1400,1,16
"2025000016221",1,9,19,1,0,0,4,2,40,1995,2,13
"2025000016222",2,19,9,8,0,0,3,1,56,2143,2,12
"2025000016222",1,9,19,8,0,0,1,2,49,1596,1,20
"2025000016223",2,9,99,9,9,99,1,3,-1,1984,1,3
"2025000016223",1,3,99,9,9,99,2,1,32,125,1,1
"2025000016224",1,9,9,5,0,0,1,1,53,1597,2,5
"2025000016224",2,19,19,8,1,0,1,1,35,1870,2,18
"2025000016225",1,9,19,8,0,0,4,1,55,-1,-1,-1
"2025000016225",2,9,2,8,0,0,4,-1,-1,1199,1,2
"2025000016226",1,9,19,1,0,0,0,1,36,1390,1,13
"2025000016226",2,9,19,2,0,0,1,1,25,2993,2,16
"2025000016227",1,9,6,0,0,0,4,1,40,1796,1,10
"2025000016227",2,9,4,0,0,0,3,1,26,1998,1,6
"2025000016228",3,9,19,0,0,0,2,1,55,1999,2,3
"2025000016228",1,9,19,0,0,0,1,1,30,1968,2,9
"2025000016228",2,9,19,0,0,0,2,1,32,1598,2,9
"2025000016229",2,9,7,8,1,0,3,3,-1,1984,1,5
"2025000016229",3,9,19,8,0,0,4,3,-1,-1,-1,-1
"2025000016229",1,8,19,8,0,0,1,1,61,1580,8,4
"2025000016230",1,9,19,0,0,0,1,1,19,898,1,9
"2025000016230",2,9,4,0,0,0,2,1,74,1997,1,7
"2025000016231",1,9,9,2,0,0,1,2,41,1199,1,1
"2025000016232",2,9,19,8,0,0,1,2,18,1229,1,9
"2025000016232",1,9,19,8,0,0,1,1,40,2191,2,5
"2025000016233",1,9,19,0,1,0,1,1,66,2401,2,17
"2025000016234",2,1,5,4,0,0,2,1,21,-1,-1,-1
"2025000016234",1,9,5,3,0,0,1,2,34,2993,2,5
"2025000016235",1,19,19,8,0,0,1,1,40,1870,2,17
"2025000016236",1,3,19,1,0,0,1,1,17,125,1,2
"2025000016236",2,9,4,1,0,0,2,2,38,1968,2,13
"2025000016237",2,9,19,0,0,0,1,1,25,-1,-1,-1
"2025000016237",1,9,19,0,0,0,1,2,31,1987,8,2
"2025000016238",1,9,19,0,0,0,3,1,45,1798,8,11
"2025000016238",2,9,19,0,0,0,4,1,58,999,1,4
"2025000016239",2,1,19,0,0,0,2,1,8,-1,-1,-1
"2025000016239",1,9,19,0,0,0,1,1,28,1997,2,11
"2025000016240",1,21,19,4,0,0,2,1,48,9200,2,10
"2025000016240",2,9,19,4,0,0,3,1,25,1598,2,10
"2025000016241",2,23,19,8,0,0,1,1,24,125,1,2
"2025000016241",1,9,7,5,0,0,0,1,20,1798,1,13
"2025000016242",1,19,9,8,0,0,3,1,32,2143,2,6
"2025000016242",2,9,19,1,0,0,1,2,27,1197,1,6
"2025000016243",1,9,9,2,0,0,1,1,17,1398,1,3
"2025000016243",2,11,19,2,0,0,1,1,38,7698,2,2
"2025000016244",2,5,13,1,0,0,1,1,60,800,1,10
"2025000016244",1,9,9,5,0,0,3,2,63,1999,2,8
"2025000016245",1,11,19,0,0,0,0,1,51,4760,2,13
"2025000016246",1,9,7,0,0,0,1,2,25,999,1,7
"2025000016246",2,1,19,0,0,0,2,1,34,-1,-1,-1
"2025000016247",1,9,19,0,0,0,4,3,-1,-1,-1,-1
"2025000016248",1,9,-1,0,-1,-1,-1,2,28,1598,2,5
"2025000016249",1,9,4,2,0,0,1,1,44,1580,8,3
"2025000016249",2,3,19,2,0,0,1,2,29,125,1,7
"2025000016250",1,1,19,8,0,0,4,1,13,-1,-1,-1
"2025000016250",2,9,19,6,0,0,1,2,-1,-1,-1,-1
"2025000016251",2,9,7,1,0,0,1,3,-1,-1,-1,-1
"2025000016251",1,3,7,1,0,0,1,1,25,125,1,12
"2025000016252",1,9,19,0,0,0,1,1,19,1560,2,10
"2025000016252",3,9,3,0,0,0,2,2,51,1332,1,4
"2025000016252",2,9,3,0,0,0,2,1,42,1984,1,0
"2025000016253",3,9,19,0,0,0,1,1,23,1398,1,2
"2025000016253",2,21,11,0,0,0,4,1,40,12419,2,6
"2025000016253",1,9,19,0,0,0,2,1,65,1596,1,13
"2025000016254",1,1,5,0,0,0,3,2,38,-1,-1,-1
"2025000016254",2,9,5,0,0,0,4,1,48,-1,3,4
"2025000016255",2,9,8,0,0,0,2,1,50,1560,2,8
"2025000016255",1,9,4,0,0,0,1,1,27,1598,1,11
"2025000016256",2,9,99,9,9,99,1,3,-1,-1,-1,-1
"2025000016256",1,9,99,9,9,99,1,2,43,1998,1,4
"2025000016257",1,9,19,0,5,0,4,1,36,2993,2,8
"2025000016258",1,1,19,0,0,0,0,1,67,-1,-1,-1
"2025000016259",3,1,19,1,0,0,1,1,40,-1,-1,-1
"2025000016259",2,19,7,1,0,0,-1,3,-1,-1,-1,-1
"2025000016259",1,19,9,1,0,0,1,1,49,1995,2,4
"2025000016260",1,9,19,0,0,0,1,1,17,1595,1,8
"2025000016260",2,9,3,0,0,2,2,1,27,1998,1,6
"2025000016260",3,9,3,0,0,0,2,1,44,1598,2,10
"2025000016261",1,9,3,1,0,0,1,1,31,1950,2,7
"2025000016262",1,9,19,0,0,0,1,1,28,999,1,1
"2025000016262",3,9,2,0,0,0,4,3,-1,998,1,10
"2025000016262",2,9,2,0,0,0,3,3,-1,1598,2,9
"2025000016263",1,9,-1,-1,-1,-1,-1,3,-1,-1,-1,-1
"2025000016263",2,9,19,1,0,0,0,1,67,2143,2,5
"2025000016264",3,9,19,1,0,0,3,1,38,1998,8,7
"2025000016264",1,9,19,1,0,0,1,1,34,1998,1,5
"2025000016264",2,9,7,6,0,0,1,2,46,1596,1,15
"2025000016265",1,9,3,0,0,0,2,1,44,-1,-1,-1
"2025000016265",2,9,19,0,0,0,1,1,77,4395,1,2
"2025000016266",1,9,99,0,9,99,2,2,23,1242,1,10
"2025000016266",2,19,1,0,0,0,2,1,55,1997,2,0
"2025000016267",1,9,19,0,0,0,1,2,60,1229,1,12
"2025000016268",1,11,19,3,0,0,0,1,34,9360,2,9
"2025000016269",2,9,19,0,0,0,1,1,-1,1796,1,17
"2025000016269",1,9,4,0,0,0,2,3,-1,-1,-1,-1
"2025000016270",2,21,19,0,0,0,2,1,53,-1,-1,-1
"2025000016270",1,9,19,0,1,0,1,2,31,-1,-1,-1
"2025000016271",2,1,19,0,0,0,3,2,42,-1,-1,-1
"2025000016271",1,9,19,0,0,0,4,1,46,1997,8,2
"2025000016272",1,21,19,0,0,0,1,1,42,12777,2,5
"2025000016272",2,21,19,0,0,0,2,1,54,10837,2,4
"2025000016273",2,9,19,8,0,0,1,1,32,1349,1,13
"2025000016273",1,9,9,5,0,11,1,2,47,1200,1,7
"2025000016274",1,9,19,8,0,0,1,1,68,1248,1,8
"2025000016275",1,9,-1,-1,-1,-1,1,2,35,1242,1,8
"2025000016276",1,9,19,1,0,0,1,1,26,1598,1,16
"2025000016276",2,9,19,1,0,0,2,2,21,1198,1,13
"2025000016276",3,9,19,1,0,0,0,1,60,1984,1,1
"2025000016277",2,9,19,8,0,0,1,1,81,1984,1,19
"2025000016277",1,9,4,1,0,0,2,2,29,1395,1,4
"2025000016278",1,19,19,0,1,0,1,1,29,1950,2,1
"2025000016278",2,20,19,0,0,0,1,1,29,-1,-1,-1
"2025000016279",1,9,3,0,0,0,2,2,54,2198,2,14
"2025000016279",2,9,19,0,0,0,1,2,78,1246,1,18
"2025000016280",1,8,19,0,0,0,1,1,51,1598,2,11
"2025000016280",2,9,2,0,0,0,2,3,-1,1560,2,9
"2025000016281",1,9,9,5,0,0,1,1,19,1395,1,7
"2025000016281",2,1,19,8,0,0,3,1,64,-1,-1,-1
"2025000016282",1,3,19,0,1,0,1,1,24,124,1,5
"2025000016282",2,9,5,0,0,0,1,1,56,1461,2,9
"2025000016283",2,9,19,0,1,0,1,1,57,998,1,12
"2025000016283",1,9,19,0,1,7,2,1,47,-1,3,2
"2025000016284",1,1,19,8,0,0,3,1,37,-1,-1,-1
"2025000016284",2,19,9,8,0,0,1,3,-1,1499,2,4
"2025000016285",2,3,19,8,0,0,1,1,18,124,1,0
"2025000016285",1,9,5,8,0,0,2,-1,44,1798,8,8
"2025000016286",2,9,19,1,0,0,1,3,-1,-1,-1,-1
"2025000016286",1,9,10,1,0,0,2,1,50,1998,1,5
"2025000016287",2,3,19,1,0,0,1,1,52,125,1,1
"2025000016287",1,9,9,6,0,0,3,1,19,1240,1,21
"2025000016288",1,11,5,1,0,0,0,1,57,9000,2,4
"2025000016289",2,19,19,0,0,0,2,1,-1,1997,2,6
"2025000016289",1,9,19,0,0,0,1,2,52,1997,2,2
"2025000016290",2,9,9,0,0,0,2,2,26,1499,2,2
"2025000016290",1,9,19,0,0,0,1,1,-1,1798,1,6
"2025000016291",1,9,19,0,0,0,4,2,-1,-1,-1,-1
"2025000016292",1,9,19,0,2,0,3,1,30,1197,1,10
"2025000016293",1,9,19,0,0,0,1,2,88,1339,1,10
"2025000016293",2,1,19,0,0,0,2,2,50,-1,-1,-1
"2025000016294",1,9,5,2,0,0,1,3,-1,1498,1,4
"2025000016295",1,9,19,0,0,0,1,1,21,1242,1,5
"2025000016296",1,9,7,1,0,0,4,1,34,1198,1,12
"2025000016296",2,1,19,1,0,0,3,1,59,-1,-1,-1
"2025000016297",3,19,19,0,0,0,2,2,47,2143,2,5
"2025000016297",2,21,19,0,0,0,1,1,27,2299,2,8
"2025000016297",1,21,19,0,0,0,1,1,36,10677,2,1
"2025000016298",1,9,19,0,0,0,1,3,-1,1197,1,6
"2025000016299",2,9,99,2,9,99,1,3,-1,-1,-1,-1
"2025000016299",1,1,19,1,0,0,1,1,64,-1,-1,-1
"2025000016300",1,11,4,2,0,0,0,1,26,4500,2,2
"2025000016301",1,9,19,8,0,0,1,1,38,1591,1,13
"2025000016301",2,9,19,8,0,0,4,3,-1,998,1,19
"2025000016302",1,9,19,4,0,0,1,1,54,1200,1,7
"2025000016302",2,1,19,3,0,0,1,1,71,-1,-1,-1
"2025000016303",1,3,19,0,1,0,0,2,51,125,1,2
"2025000016303",2,19,3,0,0,0,0,1,61,1560,2,12
"2025000016304",1,11,19,1,0,0,0,2,-1,6700,2,3
"2025000016305",1,9,19,1,1,0,1,1,45,-1,-1,-1
"2025000016305",2,9,7,1,0,0,4,1,19,1461,2,4
"2025000016306",1,21,19,0,0,0,1,1,-1,-1,-1,-1
"2025000016306",2,9,19,0,1,0,2,2,70,1598,1,8
"2025000016307",2,90,19,8,0,0,1,3,16,-1,-1,-1
"2025000016307",1,1,19,6,0,0,1,1,65,-1,-1,-1
"2025000016308",1,9,19,0,0,0,1,1,48,1200,1,3
"2025000016309",2,9,8,0,-1,-1,-1,2,44,1197,1,7
"2025000016309",1,1,-1,0,-1,-1,-1,1,-1,-1,-1,-1
"2025000016310",1,9,19,0,2,12,1,1,22,1586,1,8
"2025000016311",2,9,19,5,0,0,1,1,48,-1,-1,-1
"2025000016311",1,1,19,5,0,0,1,1,39,-1,-1,-1
"2025000016312",2,9,19,0,0,0,1,1,18,1197,1,13
"2025000016312",1,9,19,0,0,0,1,1,35,1395,1,5
"2025000016313",1,9,19,0,0,0,1,1,55,1197,1,9
"2025000016314",1,9,19,8,0,0,3,1,33,1997,1,5
"2025000016314",2,9,19,8,0,0,1,2,29,1598,2,13
"2025000016315",1,19,99,9,9,99,9,1,36,1968,2,7
"2025000016316",2,21,19,0,0,0,1,1,54,12902,2,1
"2025000016316",3,9,19,0,0,0,1,1,32,1968,2,12
"2025000016316",1,9,13,0,1,0,3,1,20,1870,2,12
"2025000016317",1,11,5,1,0,0,0,1,44,9000,2,8
"2025000016318",2,9,9,6,0,0,3,2,68,1248,1,8
"2025000016318",1,3,19,8,0,0,1,2,41,125,1,5
"2025000016319",1,9,9,8,0,0,1,3,-1,-1,-1,-1
"2025000016319",2,1,19,8,2,0,1,1,29,-1,-1,-1
"2025000016320",1,11,99,0,9,99,9,1,44,4461,2,10
"2025000016321",1,9,9,8,0,0,3,2,28,1390,1,7
"2025000016321",2,19,19,1,0,0,1,1,47,2402,2,10
"2025000016322",2,9,19,0,0,0,4,1,79,1497,1,15
"2025000016322",1,-1,19,0,0,0,1,1,13,-1,-1,-1
"2025000016323",1,9,-1,1,0,0,1,2,20,1242,1,12
"2025000016324",1,9,9,6,0,0,3,1,55,1499,2,5
"2025000016324",2,9,19,1,0,0,3,2,31,-1,-1,-1
"2025000016325",1,9,19,0,1,0,4,1,39,1796,1,19
"2025000016326",1,1,99,0,9,99,1,2,30,-1,-1,-1
"2025000016326",2,1,99,0,9,99,2,3,-1,-1,-1,-1
"2025000016327",2,9,19,0,0,0,1,1,38,1461,2,9
"2025000016327",1,9,19,0,0,0,1,1,26,1998,2,10
"2025000016328",1,9,19,0,0,0,1,1,53,1398,1,8
"2025000016329",2,9,99,9,9,99,9,3,-1,1995,2,8
"2025000016329",1,3,99,9,9,99,1,1,20,125,1,4
"2025000016330",2,9,19,0,0,0,1,1,35,-1,-1,-1
"2025000016330",1,19,19,0,1,0,1,1,29,1498,2,4
"2025000016330",3,9,19,0,0,0,2,1,50,1969,12,3
"2025000016331",1,9,19,0,0,0,3,2,77,1199,1,5
"2025000016332",1,9,-1,0,-1,-1,-1,3,-1,1399,1,6
"2025000016332",2,9,-1,0,-1,-1,-1,1,-1,1598,2,11
"2025000016333",1,9,19,0,2,12,1,1,49,1461,2,10
"2025000016334",1,1,19,0,0,0,1,1,51,-1,-1,-1
"2025000016335",2,9,19,4,0,0,3,1,42,1969,2,6
"2025000016335",1,9,19,3,0,0,4,2,28,1598,8,0
"2025000016336",1,19,19,1,0,0,1,1,68,2402,2,14
"2025000016336",2,9,9,6,0,0,3,1,18,1399,2,14
"2025000016337",3,9,3,0,0,0,2,1,19,1798,1,5
"2025000016337",1,19,4,0,0,0,1,1,57,-1,-1,-1
"2025000016337",2,9,3,0,0,0,2,2,36,1995,2,5
"2025000016338",1,9,19,8,0,0,1,2,55,1398,1,5
"2025000016338",2,9,10,8,0,0,2,1,81,1896,2,18
"2025000016339",1,21,19,0,0,4,4,1,-1,-1,2,6
"2025000016339",2,9,2,0,0,0,2,1,39,1582,2,11
"2025000016340",1,1,19,2,0,0,1,1,-1,-1,-1,-1
"2025000016341",1,9,19,0,1,0,1,2,21,1349,1,14
"2025000016341",2,9,19,0,0,0,3,1,58,1598,2,11
"2025000016342",1,9,4,8,0,0,2,1,71,1994,1,19
"2025000016342",2,1,19,8,5,4,1,1,67,-1,-1,-1
"2025000016343",1,9,6,0,0,0,1,2,-1,-1,3,0
"2025000016344",1,9,19,1,0,0,1,3,-1,-1,-1,-1
"2025000016344",2,9,19,4,0,0,2,2,32,999,1,3
"2025000016345",2,1,19,1,0,0,1,1,35,-1,-1,-1
"2025000016345",1,9,9,1,0,0,3,2,43,2987,2,3
"2025000016346",1,17,4,0,0,0,1,1,69,-1,2,9
"2025000016346",2,20,19,0,0,0,1,1,49,2287,2,3
"2025000016347",1,9,99,9,9,99,9,1,36,1598,2,6
"2025000016348",1,9,19,0,1,0,0,1,18,996,1,13
"2025000016349",2,9,5,0,0,0,1,1,48,-1,3,2
"2025000016349",1,9,5,0,0,0,1,1,58,1388,1,19
"2025000016350",1,9,9,0,0,0,1,2,26,1200,1,6
"2025000016350",2,2,9,0,0,0,2,1,39,125,1,6
"2025000016351",1,9,19,1,0,0,4,3,-1,999,7,3
"2025000016352",1,-1,19,1,0,0,1,2,34,-1,-1,-1
"2025000016353",2,9,2,8,0,4,3,3,-1,1969,1,1
"2025000016353",1,9,19,8,0,0,1,1,43,1798,8,5
"2025000016353",3,9,2,8,0,0,2,3,-1,1200,1,5
"2025000016354",1,11,19,1,0,0,0,1,57,6692,2,11
"2025000016355",2,19,19,8,0,0,4,2,47,2198,2,6
"2025000016355",1,9,5,6,0,0,1,2,74,1598,1,8
"2025000016356",1,11,5,8,0,0,0,1,42,5132,2,5
"2025000016357",2,9,19,1,0,0,1,1,21,1590,1,21
"2025000016357",1,9,3,1,0,0,2,2,51,1499,1,5
"2025000016358",1,9,19,1,0,0,3,2,71,-1,-1,-1
"2025000016359",1,9,99,9,9,99,1,3,-1,1595,1,4
"2025000016360",2,9,19,8,0,0,1,2,50,1968,2,3
"2025000016360",1,5,9,8,0,0,4,1,34,648,1,0
"2025000016361",1,9,99,9,9,99,1,1,39,-1,-1,-1
"2025000016361",2,9,99,9,9,99,1,3,-1,-1,-1,-1
"2025000016362",1,11,19,0,0,0,4,1,60,-1,-1,-1
"2025000016363",2,9,10,1,0,0,2,2,21,1398,1,3
"2025000016363",1,19,19,1,0,0,1,1,21,1499,2,6
"2025000016364",2,9,99,9,9,99,1,3,-1,1998,8,1
"2025000016364",1,3,99,9,9,99,1,1,30,124,1,6
"2025000016365",1,9,19,2,0,0,4,2,51,1596,1,17
"2025000016365",2,-1,19,1,0,0,4,3,-1,-1,-1,-1
"2025000016366",1,9,19,8,0,0,1,1,29,1399,2,15
"2025000016367",2,9,19,3,0,0,3,1,52,1598,1,1
"2025000016367",1,9,7,3,0,10,4,1,44,1968,2,13
"2025000016368",1,1,19,0,0,0,9,1,36,-1,-1,-1
"2025000016368",2,19,19,0,0,0,9,3,-1,-1,-1,-1
"2025000016369",1,9,99,9,9,99,9,1,34,1580,8,3
"2025000016369",2,9,99,9,9,99,1,3,32,-1,-1,-1
"2025000016370",1,9,19,0,0,0,1,1,25,1998,1,15
"2025000016370",2,9,19,0,0,0,1,1,47,1596,1,15
"2025000016371",1,9,19,0,0,0,1,1,77,1490,8,2
"2025000016372",2,9,9,5,0,0,1,1,38,1461,2,12
"2025000016372",1,9,-1,-1,-1,-1,-1,3,-1,-1,-1,-1
"2025000016373",1,11,4,0,0,0,0,1,54,4500,2,6
"2025000016374",2,9,19,0,0,0,1,2,51,1998,1,3
"2025000016374",1,9,19,0,0,0,1,2,44,1956,2,11
"2025000016375",2,9,9,2,0,0,1,3,-1,1560,2,9
"2025000016375",1,3,19,2,0,0,1,1,38,125,1,1
"2025000016376",1,9,7,6,0,0,1,1,30,998,1,15
"2025000016377",2,19,7,0,0,0,1,1,31,2143,2,8
"2025000016377",1,9,7,0,0,0,2,1,36,1598,2,14
"2025000016378",1,9,19,1,0,0,1,1,24,1364,1,12
"2025000016379",1,3,99,9,9,99,1,1,29,108,1,4
"2025000016379",2,9,99,9,9,99,1,3,-1,1995,2,9
"2025000016380",1,9,19,0,0,0,1,1,22,1560,2,16
"2025000016381",1,9,9,5,0,0,1,2,57,-1,-1,-1
"2025000016382",1,9,19,0,5,0,1,2,18,1242,1,13
"2025000016383",2,9,99,9,9,99,1,3,-1,-1,-1,-1
"2025000016383",1,1,99,9,9,99,2,2,33,-1,-1,-1
"2025000016384",1,19,19,8,0,0,3,2,51,1995,2,4
"2025000016384",2,1,19,8,0,0,1,2,25,-1,-1,-1
"2025000016385",1,19,9,6,0,0,1,1,67,-1,-1,-1
"2025000016385",2,9,10,8,0,0,2,1,45,1796,1,13
"2025000016386",1,9,12,0,0,10,1,2,42,1998,1,19
"2025000016386",2,9,19,0,0,0,1,1,46,-1,3,7
"2025000016387",1,9,19,0,0,0,1,1,34,1968,2,14
"2025000016388",1,9,19,0,0,0,1,3,22,1997,2,17
"2025000016389",2,3,3,0,0,0,2,2,25,125,1,1
"2025000016389",1,9,19,0,0,0,1,1,-1,1995,1,12
"2025000016390",1,9,19,0,0,0,1,1,75,998,1,6
"2025000016391",2,8,5,8,0,0,1,1,42,1950,2,0
"2025000016391",1,1,19,8,0,0,1,2,25,-1,-1,-1
"2025000016392",1,9,10,8,0,0,1,2,80,2435,1,21
"2025000016392",2,9,10,8,0,0,2,1,40,1999,1,6
"2025000016392",3,19,19,8,0,0,3,1,42,1598,2,12
"2025000016393",2,19,2,0,0,0,2,3,-1,2287,2,7