"collision_index","vehicle_reference","vehicle_type","vehicle_manoeuvre","junction_location","skidding_and_overturning","hit_object_in_carriageway","first_point_of_impact","sex_of_driver","age_of_driver","engine_capacity_cc","propulsion_code","age_of_vehicle"
"2025000016393",1,9,19,0,0,0,1,1,84,1395,1,4
"2025000016394",1,9,19,0,2,10,3,2,23,999,1,13
"2025000016394",2,9,19,0,1,0,4,1,43,1998,8,4
"2025000016395",1,5,19,8,1,0,0,1,66,1300,1,14
"2025000016395",2,9,-1,8,-1,-1,-1,1,35,1329,1,13
"2025000016396",2,3,19,1,0,0,1,1,21,125,1,2
"2025000016396",1,9,7,6,0,0,4,2,47,-1,3,4
"2025000016397",2,19,3,0,0,0,2,3,-1,1598,2,10
"2025000016397",1,97,19,0,0,0,1,1,23,-1,-1,-1
"2025000016398",1,9,19,0,0,0,1,2,27,1499,1,4
"2025000016399",2,8,19,0,0,0,1,1,55,2143,2,8
"2025000016399",1,9,19,0,0,0,1,2,21,1242,1,14
"2025000016400",1,9,19,0,0,0,1,1,36,1399,2,11
"2025000016400",2,9,19,0,0,0,3,1,54,1461,2,8
"2025000016401",2,9,19,1,0,0,1,1,42,2204,2,17
"2025000016401",1,9,9,6,0,0,3,1,90,1242,1,10
"2025000016402",1,9,19,1,0,0,1,1,32,1968,2,4
"2025000016402",2,9,19,1,0,0,4,1,29,-1,-1,-1
"2025000016403",1,9,19,0,5,0,1,1,27,1199,1,20
"2025000016404",1,3,4,1,0,0,2,1,27,125,1,7
"2025000016404",2,9,19,1,0,4,1,1,47,1798,8,6
"2025000016405",1,9,19,3,2,0,1,1,17,1496,2,6
"2025000016406",2,9,9,6,0,0,1,1,82,1969,2,7
"2025000016406",1,1,5,8,0,0,4,2,37,-1,-1,-1
"2025000016407",2,9,19,8,0,0,1,2,29,1461,2,4
"2025000016407",1,9,9,5,0,0,1,2,51,1597,2,4
"2025000016407",3,21,8,1,0,0,1,2,26,12740,2,8
"2025000016408",1,9,3,1,0,0,2,1,58,1560,2,11
"2025000016408",2,19,19,6,0,0,1,1,33,1997,2,16
"2025000016409",1,3,99,9,9,99,1,1,36,125,1,7
"2025000016409",2,19,99,9,9,99,2,3,-1,1995,2,2
"2025000016410",1,9,7,1,0,0,1,2,23,-1,-1,-1
"2025000016411",1,11,4,1,0,0,0,1,30,-1,-1,-1
"2025000016412",1,9,3,0,0,0,1,2,46,1242,1,18
"2025000016413",1,9,19,1,0,0,1,2,77,1197,1,8
"2025000016414",2,9,19,2,0,0,3,1,55,1197,1,7
"2025000016414",1,9,19,2,0,0,1,1,59,1499,1,1
"2025000016415",1,8,9,8,0,0,1,1,54,1477,8,1
"2025000016415",2,9,19,8,0,0,1,2,45,1197,1,5
"2025000016416",1,5,19,0,2,0,4,1,21,600,1,22
"2025000016417",2,9,4,0,0,0,2,1,42,1332,1,1
"2025000016417",1,9,5,0,0,0,1,1,18,-1,-1,-1
"2025000016418",1,3,19,0,0,7,1,1,16,125,1,0
"2025000016419",2,9,2,0,0,0,3,-1,-1,-1,3,2
"2025000016419",1,9,19,0,0,4,4,2,45,1248,2,10
"2025000016420",2,3,19,1,0,0,3,2,51,108,1,5
"2025000016420",1,9,19,1,0,0,4,1,71,999,1,2
"2025000016421",1,9,7,6,0,0,1,2,81,1329,1,15
"2025000016421",2,9,19,8,0,0,4,1,76,1997,1,9
"2025000016422",1,1,19,0,0,0,1,1,40,-1,-1,-1
"2025000016423",1,5,99,9,9,99,1,1,53,847,1,2
"2025000016423",2,9,99,9,9,99,1,3,-1,1598,1,14
"2025000016424",1,9,19,0,0,0,1,1,18,1596,1,14
"2025000016425",2,9,19,0,0,0,1,1,35,1200,1,6
"2025000016425",1,9,19,0,0,0,1,1,20,-1,-1,-1
"2025000016426",1,9,19,0,0,0,1,1,19,1149,1,12
"2025000016427",1,9,19,0,0,0,1,1,75,2148,2,12
"2025000016427",2,9,2,0,0,4,2,3,-1,1968,2,2
"2025000016427",3,9,2,0,0,4,1,3,-1,1499,2,2
"2025000016428",3,9,5,0,0,0,1,1,57,1968,2,9
"2025000016428",2,9,5,0,0,0,1,1,40,-1,-1,-1
"2025000016428",1,9,5,0,0,0,2,2,38,1685,2,6
"2025000016429",2,11,5,0,0,0,1,1,54,7300,2,16
"2025000016429",1,9,9,0,0,0,1,1,51,1968,2,8
"2025000016430",1,11,19,0,0,0,0,2,47,9360,2,10
"2025000016431",1,3,19,0,0,0,0,1,46,125,1,6
"2025000016432",1,9,19,1,0,0,1,2,38,1395,8,8
"2025000016432",2,9,19,2,1,0,3,2,43,1968,2,2
"2025000016433",1,9,13,0,1,0,3,1,29,1149,1,14
"2025000016434",1,9,9,5,0,0,4,1,19,2755,2,1
"2025000016434",2,5,19,8,1,0,1,1,43,1352,1,9
"2025000016435",2,9,19,0,0,0,1,2,-1,2720,2,17
"2025000016435",1,9,4,0,0,0,2,2,-1,1390,1,15
"2025000016436",1,21,-1,0,-1,-1,-1,1,-1,12902,2,5
"2025000016436",2,9,-1,0,-1,-1,-1,1,30,1997,1,20
"2025000016437",1,9,9,6,0,0,3,2,60,998,1,4
"2025000016437",2,9,19,8,0,0,1,1,54,1995,2,9
"2025000016438",1,9,19,0,2,0,1,1,26,1388,1,12
"2025000016439",1,9,5,1,0,0,1,1,-1,-1,-1,-1
"2025000016440",1,11,12,3,0,0,2,1,70,4500,2,9
"2025000016440",2,9,19,3,1,10,3,2,34,1560,2,8
"2025000016441",1,9,99,9,9,99,1,1,34,1248,1,10
"2025000016441",2,19,99,9,9,99,9,3,-1,1995,2,6
"2025000016442",1,9,99,9,9,99,9,1,72,1242,1,13
"2025000016443",4,9,3,1,0,0,2,2,31,1329,1,14
"2025000016443",2,9,19,1,0,0,0,1,-1,1969,8,2
"2025000016443",3,9,3,1,0,0,4,1,19,999,1,8
"2025000016443",1,19,15,1,0,11,1,1,20,1905,2,24
"2025000016444",1,9,4,0,0,0,1,1,44,1798,8,8
"2025000016444",2,9,4,0,0,0,2,1,53,1596,1,8
"2025000016444",3,9,4,0,0,0,2,3,-1,-1,-1,-1
"2025000016445",1,1,9,6,0,0,1,1,21,-1,-1,-1
"2025000016445",2,9,19,2,0,0,3,1,37,1968,2,12
"2025000016446",1,9,19,0,0,0,1,2,30,2720,2,16
"2025000016446",3,9,4,0,0,0,2,1,37,1598,2,3
"2025000016446",2,9,4,0,0,0,2,1,53,-1,3,2
"2025000016446",4,9,4,0,0,0,2,1,30,-1,-1,-1
"2025000016447",1,9,9,2,0,0,1,1,41,1332,1,2
"2025000016447",2,1,19,1,0,0,1,1,59,-1,-1,-1
"2025000016448",1,11,19,1,0,0,0,2,28,9360,2,10
"2025000016449",2,9,19,0,0,0,1,1,20,1229,1,7
"2025000016449",1,9,19,0,2,0,1,1,21,2996,1,3
"2025000016449",3,19,19,0,0,0,1,1,22,1499,2,1
"2025000016450",2,9,99,9,9,99,1,3,-1,1796,1,13
"2025000016450",1,9,99,9,9,99,2,1,32,1995,1,10
"2025000016451",1,21,19,0,0,0,1,1,58,12740,2,1
"2025000016451",3,9,4,0,0,0,2,2,43,1984,2,9
"2025000016451",4,20,4,0,0,0,2,1,42,2299,2,6
"2025000016451",2,9,4,0,0,0,2,1,33,1598,2,5
"2025000016452",1,9,99,9,9,99,9,3,45,1968,2,6
"2025000016453",1,9,19,0,2,0,3,1,23,1968,2,15
"2025000016453",2,21,19,0,0,0,3,1,54,12777,2,4
"2025000016454",1,9,19,0,5,0,1,1,84,2149,2,16
"2025000016455",1,11,5,0,0,0,0,2,48,7300,2,11
"2025000016456",1,8,14,1,0,0,1,3,-1,-1,-1,-1
"2025000016456",2,-1,9,1,0,0,2,1,38,-1,-1,-1
"2025000016457",2,3,19,0,2,0,1,1,32,124,1,6
"2025000016457",1,9,4,0,0,0,2,1,84,1596,1,16
"2025000016458",1,9,19,0,1,0,1,1,29,1349,1,8
"2025000016459",2,9,19,1,0,0,3,2,54,2987,2,11
"2025000016459",1,9,9,1,0,0,1,3,-1,1461,2,10
"2025000016460",1,9,9,8,0,0,1,2,44,1353,1,5
"2025000016461",2,9,19,0,0,0,1,2,23,1395,1,5
"2025000016461",6,9,19,0,0,0,2,1,26,1498,1,2
"2025000016461",9,9,19,0,0,0,2,1,24,1499,2,8
"2025000016461",3,9,19,0,0,0,1,2,24,1797,8,11
"2025000016461",1,19,19,0,0,0,0,1,23,1997,2,1
"2025000016461",4,9,19,0,0,0,1,2,37,1598,1,14
"2025000016461",7,19,19,0,0,0,2,1,36,1995,2,1
"2025000016461",10,9,11,0,0,0,1,1,67,1968,2,8
"2025000016461",8,9,19,0,0,0,1,2,30,1968,2,6
"2025000016461",5,19,19,0,0,0,2,1,30,1499,2,2
"2025000016462",2,5,4,6,0,0,1,1,50,1043,1,6
"2025000016462",1,19,1,1,0,0,2,1,24,2287,2,7
"2025000016463",1,9,19,0,0,0,1,1,76,1395,1,6
"2025000016464",2,9,4,0,1,0,1,2,60,1497,8,8
"2025000016464",1,9,4,0,1,0,2,1,62,-1,-1,-1
"2025000016465",1,9,-1,0,-1,-1,-1,3,-1,-1,-1,-1
"2025000016466",2,9,19,1,0,0,0,1,49,1987,8,0
"2025000016466",1,9,19,1,1,0,1,1,22,1998,1,2
"2025000016467",1,9,19,0,0,4,1,1,69,998,1,2
"2025000016467",2,9,2,0,0,0,2,1,36,1995,2,11
"2025000016468",2,9,2,0,0,0,4,3,-1,1497,8,3
"2025000016468",1,9,19,0,0,4,4,1,59,1968,2,8
"2025000016469",1,9,5,4,0,0,1,3,-1,-1,-1,-1
"2025000016469",2,8,9,8,0,0,4,1,41,1580,8,4
"2025000016470",1,9,19,0,0,0,1,1,24,-1,-1,-1
"2025000016470",2,9,9,0,0,0,4,1,57,1950,2,3
"2025000016471",1,9,2,0,0,0,1,1,76,1984,1,7
"2025000016472",1,1,19,2,1,0,1,1,31,-1,-1,-1
"2025000016473",1,9,19,0,0,0,1,3,30,1987,8,0
"2025000016473",3,9,19,0,0,0,0,1,42,1999,1,14
"2025000016473",4,19,2,0,0,0,4,3,-1,1995,2,2
"2025000016473",2,9,19,0,0,0,0,2,28,1798,8,1
"2025000016473",5,9,2,0,0,0,4,3,-1,1200,1,3
"2025000016474",2,9,-1,0,-1,-1,-1,2,-1,1229,1,7
"2025000016474",1,1,19,0,0,0,1,1,12,-1,-1,-1
"2025000016475",1,9,19,2,0,4,1,1,42,1797,8,14
"2025000016475",3,9,2,8,0,0,2,-1,-1,1120,2,9
"2025000016475",2,9,2,8,0,4,2,-1,-1,1197,1,9
"2025000016476",2,17,19,0,0,0,2,1,36,6056,2,5
"2025000016476",1,9,19,0,0,0,1,2,29,999,1,3
"2025000016477",1,9,19,1,0,0,1,3,-1,-1,-1,-1
"2025000016478",2,1,19,8,0,0,3,1,50,-1,-1,-1
"2025000016478",1,9,9,1,0,0,1,1,40,1997,2,13
"2025000016479",1,98,-1,0,0,0,4,1,40,-1,-1,-1
"2025000016479",2,9,-1,0,0,0,3,2,40,999,1,3
"2025000016480",2,11,99,9,9,99,9,1,35,-1,3,2
"2025000016480",1,1,99,9,9,99,9,1,53,-1,-1,-1
"2025000016481",1,9,19,2,5,0,1,1,51,999,1,6
"2025000016481",2,9,2,2,0,0,2,2,24,1242,1,12
"2025000016482",1,9,11,0,0,4,1,2,54,2191,2,8
"2025000016482",2,9,2,0,0,0,2,1,30,1498,1,1
"2025000016483",1,11,19,0,0,0,0,1,61,4461,2,11
"2025000016483",2,9,4,0,0,0,0,3,-1,-1,-1,-1
"2025000016484",1,9,19,0,2,0,2,1,25,1839,1,19
"2025000016485",1,9,9,6,0,0,3,2,23,1395,1,4
"2025000016485",2,9,19,1,0,0,1,2,32,1461,2,10
"2025000016486",1,4,19,0,0,0,1,1,65,1198,1,31
"2025000016486",2,9,19,0,0,0,1,2,31,999,1,6
"2025000016487",2,9,9,1,0,0,2,3,-1,-1,-1,-1
"2025000016487",1,3,19,8,5,0,1,2,45,125,1,8
"2025000016488",2,19,19,0,0,0,2,1,40,1995,2,0
"2025000016488",1,9,12,0,0,0,1,1,19,999,1,7
"2025000016489",1,19,19,0,0,0,1,3,-1,1870,2,17
"2025000016490",1,9,19,0,0,0,1,1,35,2987,2,14
"2025000016491",2,9,19,1,0,0,1,3,-1,1598,2,10
"2025000016491",1,9,2,1,0,0,1,2,36,1496,2,4
"2025000016492",1,9,19,0,0,0,1,1,19,1242,1,14
"2025000016493",1,3,19,1,0,0,1,1,21,124,1,13
"2025000016493",2,9,19,1,0,0,2,1,28,1461,2,15
"2025000016494",2,9,13,8,0,0,1,2,37,-1,-1,-1
"2025000016494",1,9,9,8,0,0,3,1,81,3800,1,57
"2025000016495",1,5,19,8,0,0,4,1,52,745,1,3
"2025000016495",2,-1,19,8,0,0,3,1,26,-1,-1,-1
"2025000016496",1,9,3,1,0,0,2,2,50,1341,1,0
"2025000016496",2,11,19,1,0,0,1,1,-1,6696,2,7
"2025000016497",2,17,19,0,0,0,1,1,31,-1,2,12
"2025000016497",1,5,19,0,0,0,1,1,57,998,1,12
"2025000016498",1,9,19,0,0,0,4,1,38,1499,2,6
"2025000016498",2,9,19,0,0,0,1,1,45,1796,1,18
"2025000016499",2,9,19,0,0,0,1,2,41,1461,2,13
"2025000016499",1,-1,19,0,0,0,1,1,16,-1,-1,-1
"2025000016500",1,9,19,1,0,7,1,2,81,1197,1,7
"2025000016501",1,9,11,8,0,0,4,2,-1,1477,8,2
"2025000016501",2,9,19,8,0,0,3,2,24,998,8,1
"2025000016502",3,9,4,0,0,0,0,1,32,1951,2,18
"2025000016502",2,9,4,0,0,0,0,1,65,1969,2,5
"2025000016502",1,9,19,0,0,0,2,2,38,1461,2,5
"2025000016503",1,9,19,0,2,0,4,1,33,1349,1,13
"2025000016504",2,5,5,8,5,0,3,2,51,998,1,3
"2025000016504",1,9,9,8,0,0,4,2,71,1248,1,9
"2025000016505",1,9,19,1,0,0,1,2,36,1999,2,4
"2025000016505",2,9,19,1,0,0,4,1,46,1598,2,5
"2025000016506",1,9,19,0,1,0,1,1,22,1598,2,3
"2025000016507",1,9,19,0,0,0,1,2,44,1499,1,4
"2025000016508",1,19,5,0,0,4,1,1,-1,2148,2,17
"2025000016508",2,9,2,0,0,4,2,-1,-1,1896,2,16
"2025000016509",1,9,19,8,0,0,1,1,75,1999,2,5
"2025000016510",2,1,19,0,0,0,0,1,71,-1,-1,-1
"2025000016510",1,9,14,0,0,0,0,3,-1,-1,-1,-1
"2025000016511",2,9,19,0,0,0,1,1,52,1999,2,6
"2025000016511",3,9,19,0,0,0,3,1,36,1199,1,2
"2025000016511",1,9,13,0,0,0,4,1,24,1199,1,0
"2025000016512",1,11,9,1,0,0,4,1,63,4461,2,10
"2025000016512",2,1,5,1,0,0,1,1,65,-1,-1,-1
"2025000016513",1,9,19,0,0,0,1,2,44,-1,-1,-1
"2025000016514",1,9,9,6,0,0,3,2,59,1461,2,12
"2025000016514",2,1,19,1,0,0,1,1,40,-1,-1,-1
"2025000016515",2,9,4,1,0,0,1,2,61,1339,1,8
"2025000016515",1,9,19,1,0,0,2,1,21,1084,1,6
"2025000016516",2,1,15,1,0,0,3,1,29,-1,-1,-1
"2025000016516",1,9,7,6,0,0,4,2,83,1199,1,3
"2025000016517",1,11,19,0,0,0,1,1,47,4500,2,9
"2025000016517",2,3,4,0,5,0,2,1,42,125,1,1
"2025000016518",1,9,19,0,0,0,1,1,39,1798,8,5
"2025000016518",2,1,7,0,0,0,4,1,35,-1,-1,-1
"2025000016519",1,9,19,8,0,0,3,1,58,1200,1,5
"2025000016520",3,9,19,0,0,0,1,2,40,1968,2,4
"2025000016520",2,9,19,0,0,0,1,1,32,-1,-1,-1
"2025000016520",1,9,19,0,0,0,2,1,39,1798,8,4
"2025000016521",1,9,7,1,5,6,1,1,75,1998,1,6
"2025000016522",2,9,9,8,0,0,4,1,26,1995,2,11
"2025000016522",1,9,9,8,0,0,1,1,76,1242,1,13
"2025000016523",1,19,19,1,0,0,1,1,38,1598,2,10
"2025000016523",2,9,10,2,0,0,2,1,44,-1,-1,-1
"2025000016524",1,9,19,8,0,0,1,1,18,1995,2,8
"2025000016524",3,9,2,1,0,0,2,-1,-1,998,1,7
"2025000016524",2,9,19,6,0,0,3,1,75,1398,1,5
"2025000016525",1,11,19,8,0,0,1,3,-1,6700,2,1
"2025000016525",2,10,4,8,0,0,2,1,77,2143,2,13
"2025000016526",2,1,19,2,0,0,1,2,33,-1,-1,-1
"2025000016526",1,5,19,1,0,0,1,1,48,742,1,21
"2025000016527",1,5,3,1,2,0,0,1,61,599,1,24
"2025000016528",1,9,99,9,9,99,2,2,33,2993,2,12
"2025000016528",2,9,99,9,9,99,1,3,-1,1910,2,14
"2025000016529",1,9,19,8,0,0,1,1,39,998,1,4
"2025000016529",2,19,3,8,0,0,2,1,41,1461,2,14
"2025000016529",3,9,3,8,0,0,2,1,22,2191,2,6
"2025000016530",1,9,19,8,0,0,1,1,51,1398,2,11
"2025000016531",1,3,99,9,9,99,1,1,29,125,1,8
"2025000016531",2,9,99,9,9,99,2,3,-1,1390,1,14
"2025000016532",1,9,19,1,0,0,1,2,21,998,1,12
"2025000016532",2,9,9,1,0,0,2,1,31,-1,-1,-1
"2025000016533",1,9,5,4,0,0,1,1,54,2987,2,17
"2025000016534",1,9,19,1,0,0,1,2,29,1598,8,2
"2025000016534",2,9,19,1,0,0,2,2,57,-1,-1,-1
"2025000016534",3,9,9,1,0,0,2,2,54,998,1,12
"2025000016535",1,9,9,6,0,0,4,1,-1,1968,2,13
"2025000016535",2,11,19,8,0,0,3,1,56,6696,2,10
"2025000016536",1,11,99,9,0,99,1,2,31,4500,2,7
"2025000016537",1,9,19,4,1,10,1,1,47,-1,-1,-1
"2025000016538",2,9,99,9,9,99,1,3,-1,1950,2,2
"2025000016538",1,3,99,9,9,99,1,1,23,125,1,14
"2025000016539",1,9,11,1,0,0,4,1,-1,2231,2,13
"2025000016539",2,8,19,1,0,0,3,1,-1,1685,2,6
"2025000016540",1,9,99,9,9,99,9,3,-1,3824,1,18
"2025000016540",2,21,99,9,9,99,9,1,55,6700,2,1
"2025000016541",2,9,19,0,0,0,4,2,44,1198,1,12
"2025000016541",1,9,1,0,0,0,2,1,32,1242,1,14
"2025000016542",2,9,4,0,0,10,0,1,34,1199,1,1
"2025000016542",1,19,19,0,0,0,3,1,56,2143,2,9
"2025000016543",2,19,19,8,0,0,1,1,35,-1,-1,-1
"2025000016543",1,3,19,1,1,0,1,1,36,108,1,10
"2025000016544",2,9,19,8,0,0,3,2,46,1197,1,6
"2025000016544",1,9,7,8,0,0,4,1,56,1984,1,1
"2025000016545",1,9,7,6,0,0,2,2,74,1870,2,8
"2025000016545",2,9,19,8,0,0,1,2,40,1995,2,4
"2025000016545",3,19,19,8,0,0,3,1,48,1995,2,1
"2025000016546",1,19,19,4,0,0,1,1,-1,1499,2,1
"2025000016546",2,9,4,4,0,0,2,2,35,1500,2,3
"2025000016547",1,9,7,3,0,10,1,1,18,1968,2,8
"2025000016548",1,9,2,0,0,0,1,2,68,-1,3,2
"2025000016549",1,9,19,0,5,0,1,2,31,2198,2,16
"2025000016550",2,9,99,6,9,99,9,3,-1,1995,2,4
"2025000016550",1,1,99,2,9,99,9,1,44,-1,-1,-1
"2025000016551",2,9,10,1,0,0,3,2,38,2993,2,11
"2025000016551",1,9,19,1,0,0,4,2,-1,1364,1,9
"2025000016552",1,9,19,8,0,7,1,1,57,4196,1,15
"2025000016553",2,19,19,0,0,0,1,1,28,1598,2,0
"2025000016553",1,8,19,0,0,0,1,1,29,2987,2,2
"2025000016554",1,19,19,1,0,0,1,1,27,1499,2,0
"2025000016554",2,9,9,8,0,0,2,2,29,2143,2,8
"2025000016555",3,1,5,2,0,0,4,1,24,-1,-1,-1
"2025000016555",2,9,2,2,0,0,1,3,-1,4663,7,23
"2025000016555",1,9,19,5,0,0,1,1,38,1499,1,3
"2025000016556",1,11,19,8,0,0,4,1,38,4500,2,1
"2025000016557",1,9,9,6,0,0,4,1,60,1598,1,10
"2025000016557",2,3,5,8,0,0,3,1,32,125,1,8
"2025000016558",2,1,5,8,5,0,2,1,48,-1,-1,-1
"2025000016558",1,9,5,4,1,0,1,2,35,2998,1,3
"2025000016559",2,9,3,1,0,0,2,2,51,1329,1,10
"2025000016559",1,9,4,1,0,0,1,1,34,-1,-1,-1
"2025000016560",2,21,5,8,0,0,0,1,66,10837,2,6
"2025000016560",1,9,19,1,0,0,1,2,24,1951,2,16
"2025000016561",1,9,19,0,0,0,1,3,-1,1995,2,10
"2025000016561",2,19,19,0,0,0,3,1,54,1996,2,10
"2025000016562",1,9,19,8,0,0,1,2,-1,1598,2,5
"2025000016563",1,9,19,0,0,0,1,1,25,1968,2,16
"2025000016563",3,9,19,0,0,0,1,1,45,1332,8,2
"2025000016563",2,9,19,0,0,0,4,2,19,1242,1,8
"2025000016564",1,9,19,0,0,0,1,1,57,1200,1,9
"2025000016565",2,9,3,1,0,0,2,1,35,998,1,9
"2025000016565",1,19,4,1,0,0,1,1,55,1995,2,8
"2025000016566",1,22,19,0,0,0,4,1,57,-1,-1,-1
"2025000016566",2,9,19,0,0,0,1,2,72,1560,2,12
"2025000016567",1,9,7,6,1,0,1,1,51,1461,2,8
"2025000016567",2,9,19,1,2,0,1,2,53,999,1,6
"2025000016568",2,9,19,1,0,0,4,1,21,1242,1,7
"2025000016568",1,9,5,6,0,0,1,2,38,998,8,1
"2025000016569",1,1,9,1,0,0,1,1,28,-1,-1,-1
"2025000016570",2,1,19,8,0,0,1,2,56,-1,-1,-1
"2025000016570",1,9,19,6,0,0,1,2,-1,-1,-1,-1
"2025000016571",2,1,19,0,0,0,1,1,50,-1,-1,-1
"2025000016571",1,9,9,0,0,0,1,1,74,1998,1,16
"2025000016572",2,9,19,0,0,0,3,1,47,1998,1,0
"2025000016572",1,19,19,0,0,0,3,3,30,1995,2,2
"2025000016573",1,9,19,2,1,0,1,1,37,1386,1,12
"2025000016573",2,9,4,2,1,0,2,1,82,1497,8,1
"2025000016574",2,3,19,8,0,0,1,1,32,-1,-1,-1
"2025000016574",1,9,9,8,0,0,4,1,58,-1,-1,-1
"2025000016575",1,9,19,0,0,0,1,2,63,-1,-1,-1
"2025000016575",2,9,6,0,0,0,1,2,43,2993,2,9
"2025000016576",2,1,4,0,0,0,1,1,26,-1,-1,-1
"2025000016576",1,9,19,0,0,0,4,1,29,1797,8,8
"2025000016577",2,9,19,1,0,0,1,1,38,1248,2,10
"2025000016577",1,9,10,1,0,0,0,1,40,1586,1,4
"2025000016577",3,9,10,1,0,0,1,1,45,1497,8,14
"2025000016578",1,9,6,0,0,0,3,1,26,1368,1,7
"2025000016578",2,1,19,0,0,0,1,1,24,-1,-1,-1
"2025000016579",1,8,2,0,0,0,2,1,37,1560,2,10
"2025000016580",2,11,19,0,0,0,3,1,72,6700,2,2
"2025000016580",1,9,19,0,0,0,1,1,49,-1,-1,-1
"2025000016581",1,9,19,1,0,0,1,1,48,2204,2,13
"2025000016582",1,9,6,0,0,0,4,1,47,1796,1,11
"2025000016582",2,9,19,0,0,0,1,3,-1,-1,-1,-1
"2025000016583",1,19,19,0,0,0,1,3,-1,2298,2,11
"2025000016583",2,19,19,0,0,0,1,1,25,2198,2,5
"2025000016584",1,9,1,0,0,0,4,1,41,2993,2,9
"2025000016585",1,9,19,0,0,0,1,2,90,1799,1,13
"2025000016586",2,9,19,8,0,0,1,3,-1,1496,8,0
"2025000016586",3,8,19,2,0,0,1,1,54,1477,8,6
"2025000016586",1,9,19,2,1,10,1,2,55,1461,2,8
"2025000016587",2,9,99,0,9,99,2,3,-1,1798,8,5
"2025000016587",1,9,99,0,9,99,1,2,42,2179,2,8
"2025000016588",2,1,19,8,0,0,4,1,50,-1,-1,-1
"2025000016588",1,9,5,8,0,0,1,1,63,2487,8,5
"2025000016589",1,9,19,0,0,0,3,1,45,1496,1,3
"2025000016589",2,19,13,0,0,0,4,3,40,-1,-1,-1
"2025000016590",2,9,2,0,0,0,2,2,32,1598,1,10
"2025000016590",1,9,1,0,0,4,2,2,87,1498,1,16
"2025000016591",2,9,4,1,0,0,2,1,42,1498,1,12
"2025000016591",1,1,3,1,0,0,1,1,27,-1,-1,-1
"2025000016592",1,11,19,8,0,0,0,1,43,6696,2,8
"2025000016593",2,1,5,0,0,0,3,1,8,-1,-1,-1
"2025000016593",1,9,19,0,0,0,1,2,36,2993,2,4
"2025000016594",1,9,19,0,0,0,1,3,-1,-1,-1,-1
"2025000016595",1,3,99,9,9,99,1,1,49,125,1,2
"2025000016595",2,9,99,9,9,99,9,3,-1,1598,1,2
"2025000016596",2,9,19,0,0,0,1,2,30,998,1,10
"2025000016596",1,9,4,0,0,0,2,2,23,1499,1,0
"2025000016597",1,9,9,5,0,0,4,1,56,1598,1,16
"2025000016597",2,5,19,1,2,0,1,1,37,1043,1,11
"2025000016598",1,9,99,0,9,99,2,1,23,2996,1,15
"2025000016598",2,9,99,0,9,99,9,3,-1,2143,2,5
"2025000016599",1,9,13,0,0,0,1,1,38,2998,8,0
"2025000016599",3,19,19,0,0,0,0,1,49,-1,-1,-1
"2025000016599",2,9,19,0,0,0,0,2,27,2488,8,0
"2025000016600",1,9,19,0,0,0,1,1,42,1299,1,21
"2025000016601",1,9,11,0,0,0,3,2,21,1086,1,13
"2025000016601",2,9,15,0,0,0,4,1,37,1995,2,13
"2025000016602",1,9,9,1,0,0,3,1,53,1596,1,11
"2025000016602",2,3,13,1,1,0,1,1,45,124,1,22
"2025000016603",3,-1,7,1,0,0,0,2,23,-1,-1,-1
"2025000016603",2,-1,3,1,0,0,0,3,-1,-1,-1,-1
"2025000016603",1,3,3,1,0,0,1,1,21,124,1,2
"2025000016604",2,19,19,1,0,0,3,1,41,2198,2,11
"2025000016604",1,9,11,1,0,0,4,1,49,2290,1,15
"2025000016605",1,3,4,1,0,0,1,1,29,125,1,3
"2025000016605",2,98,19,1,0,0,0,3,-1,-1,-1,-1
"2025000016606",1,19,19,1,0,0,1,1,30,2198,2,13
"2025000016607",2,5,19,1,0,0,1,1,62,1215,1,8
"2025000016607",1,9,9,6,0,0,1,1,-1,1998,1,4
"2025000016608",2,9,2,0,0,0,3,1,37,1995,2,11
"2025000016608",1,9,19,0,1,4,1,2,29,1796,1,11
"2025000016609",1,9,19,0,1,0,1,2,28,1398,2,8
"2025000016610",1,9,19,0,0,0,1,3,-1,-1,-1,-1
"2025000016610",2,1,19,0,0,0,2,1,42,-1,-1,-1
"2025000016611",1,21,19,0,5,7,1,1,50,10837,2,7
"2025000016612",1,3,19,1,0,0,1,1,30,125,1,1
"2025000016612",2,9,19,8,0,0,1,2,54,1969,2,6
"2025000016613",1,9,19,2,0,0,1,2,34,996,1,11
"2025000016614",1,9,5,1,0,0,1,1,70,1969,2,5
"2025000016614",2,1,3,1,0,0,2,1,28,-1,-1,-1
"2025000016615",1,9,19,8,0,0,1,1,93,4608,1,17
"2025000016616",1,19,9,8,0,0,1,2,35,1499,2,1
"2025000016616",2,3,19,1,0,0,4,1,18,125,1,3
"2025000016617",1,3,99,9,9,99,1,1,27,125,1,1
"2025000016617",2,9,99,9,9,99,2,2,33,-1,3,2
"2025000016618",2,11,19,1,0,0,0,1,32,7300,2,17
"2025000016618",1,-1,19,1,0,0,1,1,11,-1,-1,-1
"2025000016619",2,9,19,0,0,0,1,1,45,2199,2,10
"2025000016619",1,8,19,0,0,0,2,1,54,2143,2,4
"2025000016619",3,9,19,0,0,0,0,3,-1,2143,2,4