"collision_index","vehicle_reference","vehicle_type","vehicle_manoeuvre","junction_location","skidding_and_overturning","hit_object_in_carriageway","first_point_of_impact","sex_of_driver","age_of_driver","engine_capacity_cc","propulsion_code","age_of_vehicle"
"2025000016620",2,1,19,0,0,0,1,1,-1,-1,-1,-1
"2025000016620",1,9,19,0,0,0,1,1,41,-1,-1,-1
"2025000016621",2,9,-1,-1,-1,-1,-1,2,28,1242,1,5
"2025000016621",1,19,-1,-1,-1,-1,-1,1,40,2198,2,5
"2025000016622",2,1,19,8,0,0,4,2,56,-1,-1,-1
"2025000016622",1,9,9,4,0,0,1,2,71,2143,2,9
"2025000016623",1,9,19,0,0,0,3,1,65,-1,-1,-1
"2025000016623",2,9,19,0,0,0,3,1,80,1968,2,0
"2025000016624",1,9,19,7,0,0,1,1,20,1242,1,16
"2025000016625",2,9,19,0,0,0,1,1,35,1995,2,15
"2025000016625",1,9,4,0,0,0,2,1,30,1796,1,14
"2025000016626",2,9,8,1,0,0,3,2,48,1997,1,5
"2025000016626",1,9,7,5,0,0,1,2,40,-1,-1,-1
"2025000016627",1,9,7,1,0,0,1,2,30,1999,1,9
"2025000016627",2,9,10,6,0,0,1,1,43,1395,8,1
"2025000016628",1,9,5,0,0,0,3,2,84,998,1,6
"2025000016628",2,9,19,0,0,0,4,2,50,1500,2,2
"2025000016629",1,9,19,0,0,0,1,2,23,1390,1,15
"2025000016630",2,1,19,2,5,0,4,1,12,-1,-1,-1
"2025000016630",1,19,9,2,0,0,3,1,29,2198,2,8
"2025000016631",1,1,19,0,0,0,2,1,16,-1,-1,-1
"2025000016631",2,9,19,0,0,0,1,3,30,-1,-1,-1
"2025000016632",1,9,19,5,0,0,4,2,-1,1995,1,11
"2025000016633",1,2,19,1,1,0,2,1,24,124,1,6
"2025000016634",2,9,19,0,1,0,2,1,58,1229,1,14
"2025000016634",1,9,19,0,0,0,1,1,64,-1,-1,-1
"2025000016635",1,19,15,9,9,99,9,1,47,1598,2,5
"2025000016636",3,9,3,4,0,0,1,1,43,1242,1,9
"2025000016636",2,9,19,8,0,0,1,2,49,1591,1,4
"2025000016636",1,19,19,8,0,0,3,1,42,1995,2,12
"2025000016637",1,9,19,8,5,0,1,2,20,999,1,3
"2025000016637",2,9,19,8,0,0,1,2,30,1596,1,14
"2025000016638",1,19,7,5,0,0,2,1,25,2143,2,3
"2025000016638",2,5,19,1,0,0,1,1,29,599,1,11
"2025000016639",1,9,19,0,1,0,1,1,39,1968,2,3
"2025000016640",1,1,99,9,9,99,9,1,22,-1,-1,-1
"2025000016640",2,11,99,9,9,99,9,3,42,9000,2,13
"2025000016641",2,9,2,0,0,0,2,3,-1,1242,1,9
"2025000016641",1,9,19,0,0,0,1,1,34,998,1,6
"2025000016641",3,9,2,0,0,0,2,3,-1,898,1,8
"2025000016642",2,9,19,1,0,0,1,2,48,1796,1,13
"2025000016642",1,9,9,6,0,0,3,1,62,-1,-1,-1
"2025000016643",2,9,99,4,9,99,9,3,-1,-1,-1,-1
"2025000016643",1,1,99,2,9,99,1,2,25,-1,-1,-1
"2025000016644",1,9,19,8,0,0,1,2,38,2993,2,13
"2025000016644",2,9,19,1,0,0,3,2,63,1200,1,8
"2025000016645",1,9,19,0,5,4,1,1,68,1200,1,3
"2025000016645",2,9,2,0,0,0,2,2,53,1798,1,13
"2025000016646",1,3,19,0,0,0,1,1,33,125,1,3
"2025000016647",4,9,3,0,0,0,3,1,70,-1,-1,-1
"2025000016647",1,9,15,0,0,0,1,1,28,1956,2,10
"2025000016647",3,9,3,0,0,0,4,1,42,-1,-1,-1
"2025000016647",2,9,3,0,0,0,4,1,28,1984,1,3
"2025000016648",1,1,9,8,0,0,0,1,27,-1,-1,-1
"2025000016649",1,4,5,4,0,0,2,1,38,125,1,1
"2025000016649",2,9,5,4,0,0,1,1,28,1968,2,11
"2025000016650",1,9,9,5,0,0,4,1,53,1685,2,6
"2025000016651",1,19,19,0,0,2,1,3,-1,1753,2,12
"2025000016651",2,19,19,0,0,0,2,1,48,1499,2,4
"2025000016652",1,9,19,0,2,0,1,1,22,1968,2,8
"2025000016652",2,19,7,0,0,0,3,1,63,2200,2,1
"2025000016653",1,9,19,1,0,0,1,1,45,1299,1,19
"2025000016654",1,11,19,2,0,0,1,1,27,6700,2,6
"2025000016655",1,9,19,2,0,0,1,1,32,1149,1,14
"2025000016655",2,9,19,2,0,0,3,1,35,1598,1,11
"2025000016655",3,9,4,1,0,0,3,1,52,1968,2,4
"2025000016656",2,19,9,5,0,0,3,1,39,1968,2,2
"2025000016656",1,2,13,1,0,0,1,1,49,49,1,1
"2025000016657",1,9,7,0,0,0,1,1,29,1598,1,11
"2025000016657",2,9,19,0,0,0,3,1,18,1461,2,7
"2025000016658",1,9,5,0,0,0,1,1,36,1596,1,14
"2025000016658",2,9,7,0,0,0,2,2,48,1240,1,13
"2025000016659",2,9,2,0,0,0,2,3,-1,1242,1,8
"2025000016659",1,9,19,0,0,0,1,1,78,1968,2,4
"2025000016659",3,9,2,0,0,0,2,3,-1,1995,2,5
"2025000016660",2,1,19,8,0,0,4,1,20,-1,-1,-1
"2025000016660",1,9,7,8,0,0,1,2,60,1198,1,8
"2025000016661",2,9,19,0,0,0,1,1,58,998,1,15
"2025000016661",1,9,19,0,0,0,1,1,38,-1,3,1
"2025000016662",1,5,13,8,0,0,1,1,55,124,1,19
"2025000016662",2,9,9,6,0,0,3,1,43,1496,1,5
"2025000016663",1,9,9,0,0,0,1,2,54,1798,8,5
"2025000016663",2,9,19,0,0,0,1,1,51,-1,-1,-1
"2025000016664",2,3,19,1,0,0,3,1,42,125,1,8
"2025000016664",1,9,9,1,0,0,3,1,35,1968,2,11
"2025000016665",1,3,99,9,9,99,1,1,37,125,1,4
"2025000016665",2,9,99,9,9,99,9,3,-1,1332,1,2
"2025000016666",1,9,99,0,9,99,2,1,42,1995,2,7
"2025000016666",2,9,2,0,0,0,0,3,-1,1498,1,15
"2025000016667",2,9,19,0,0,0,1,2,77,1499,1,5
"2025000016667",1,5,19,0,0,0,1,1,54,-1,-1,-1
"2025000016668",2,1,19,0,0,0,2,1,26,-1,-1,-1
"2025000016668",1,99,19,0,0,0,1,3,-1,-1,-1,-1
"2025000016669",1,9,19,1,0,0,1,1,76,1242,1,18
"2025000016669",2,9,5,1,0,0,1,2,57,1461,2,8
"2025000016670",1,9,9,0,0,0,-1,3,-1,-1,-1,-1
"2025000016670",2,1,-1,0,0,0,-1,1,-1,-1,-1,-1
"2025000016671",2,3,9,3,0,0,2,1,42,998,1,16
"2025000016671",1,9,5,4,0,0,1,1,71,1968,2,14
"2025000016672",2,9,10,8,0,0,2,1,71,1395,1,7
"2025000016672",1,5,19,8,0,0,1,1,37,645,1,17
"2025000016673",1,9,19,0,5,0,1,1,19,1398,1,6
"2025000016674",1,9,19,0,2,0,3,1,18,1490,1,16
"2025000016675",2,19,10,1,0,0,2,1,29,1560,2,7
"2025000016675",3,19,19,1,0,0,2,2,56,1753,2,14
"2025000016675",1,19,19,1,0,0,1,1,27,2198,2,7
"2025000016676",2,9,19,0,0,0,0,1,34,1987,8,2
"2025000016676",1,5,19,0,5,7,1,1,30,1130,1,16
"2025000016677",1,9,19,0,0,0,4,1,49,1598,2,11
"2025000016678",1,11,5,1,0,0,1,1,58,9360,2,14
"2025000016679",2,9,3,0,0,0,2,2,36,1968,2,9
"2025000016679",1,19,-1,0,-1,-1,-1,3,-1,1499,2,4
"2025000016680",1,-1,5,9,9,0,0,3,-1,-1,-1,-1
"2025000016681",1,9,7,4,1,0,3,2,37,998,1,16
"2025000016681",2,9,19,8,1,0,1,2,20,1395,1,9
"2025000016682",2,9,9,1,0,0,3,3,-1,-1,-1,-1
"2025000016682",1,3,13,1,0,0,1,2,36,124,1,11
"2025000016683",1,9,19,3,5,9,1,1,-1,1390,1,15
"2025000016684",2,9,15,0,0,0,1,1,20,1296,1,16
"2025000016684",1,9,2,0,0,0,2,1,41,1596,1,11
"2025000016685",1,9,19,8,0,0,1,2,20,1968,2,11
"2025000016685",2,8,9,6,0,0,1,1,64,1598,1,11
"2025000016686",1,5,99,9,9,99,9,1,36,675,1,7
"2025000016686",2,3,99,9,9,99,1,3,-1,108,1,5
"2025000016687",2,9,19,0,0,0,2,1,34,1956,2,7
"2025000016687",1,9,19,0,0,0,1,1,68,1200,1,1
"2025000016688",1,9,9,5,0,0,4,1,26,1598,2,11
"2025000016689",2,9,19,0,0,0,1,2,20,998,1,9
"2025000016689",1,9,19,0,1,0,2,2,39,1242,1,16
"2025000016690",1,9,19,2,0,0,1,2,32,1686,2,8
"2025000016691",1,90,19,5,0,0,1,3,-1,-1,-1,-1
"2025000016692",2,19,4,0,0,0,0,1,40,2198,2,9
"2025000016692",1,3,13,0,0,0,1,1,17,124,1,0
"2025000016693",2,9,5,1,0,0,1,1,36,1368,1,14
"2025000016693",1,9,5,1,0,0,2,2,57,1560,2,10
"2025000016694",1,11,19,1,0,0,0,2,23,4500,2,5
"2025000016695",1,11,19,1,0,0,1,1,58,-1,-1,-1
"2025000016695",4,9,19,1,0,0,2,1,19,1496,1,4
"2025000016695",3,19,19,1,0,0,2,1,63,1995,2,5
"2025000016695",2,11,19,1,0,0,2,1,52,7698,2,4
"2025000016696",1,9,19,1,0,0,1,2,88,999,1,9
"2025000016696",2,9,10,1,0,0,2,2,60,-1,-1,-1
"2025000016697",2,9,2,0,0,0,2,3,-1,1199,1,1
"2025000016697",1,1,19,0,0,4,1,1,43,-1,-1,-1
"2025000016698",2,9,99,9,9,99,1,3,-1,1596,1,11
"2025000016698",1,1,99,9,9,99,2,1,19,-1,-1,-1
"2025000016699",1,9,99,9,9,99,1,2,70,1364,1,6
"2025000016699",2,19,99,9,9,99,2,1,-1,2198,2,8
"2025000016700",2,9,19,0,0,0,1,1,69,1995,2,6
"2025000016700",1,9,19,0,0,0,1,1,22,1998,1,8
"2025000016701",2,19,4,0,0,0,2,1,36,2299,2,2
"2025000016701",3,9,4,0,0,0,2,2,59,1399,1,16
"2025000016701",1,21,19,0,0,0,1,1,30,12900,2,16
"2025000016701",4,9,4,0,0,0,2,3,57,1998,1,5
"2025000016702",1,9,5,1,0,0,1,2,34,1398,1,8
"2025000016703",1,23,19,0,0,0,1,1,31,-1,-1,-1
"2025000016704",2,9,9,1,0,0,1,1,68,998,1,1
"2025000016704",1,5,19,1,0,0,1,1,22,988,1,18
"2025000016704",3,9,7,2,0,0,0,1,24,2495,2,19
"2025000016705",1,9,19,3,0,0,1,1,53,1598,1,17
"2025000016705",2,1,19,8,0,0,1,1,19,-1,-1,-1
"2025000016706",1,1,19,1,0,10,4,2,32,-1,-1,-1
"2025000016707",1,11,19,0,0,0,1,1,37,4461,2,11
"2025000016708",1,9,19,0,0,0,1,1,55,1499,1,5
"2025000016709",2,9,2,0,0,0,2,1,-1,999,1,3
"2025000016709",1,3,19,0,0,4,1,1,25,125,1,0
"2025000016710",1,5,19,0,0,1,1,1,53,899,1,25
"2025000016711",1,9,19,0,0,0,1,1,19,1968,2,16
"2025000016712",2,98,-1,0,-1,-1,-1,3,-1,-1,-1,-1
"2025000016712",1,19,-1,0,-1,-1,-1,3,30,2198,2,7
"2025000016712",3,9,4,0,0,0,-1,3,55,2231,2,15
"2025000016713",1,9,19,1,0,0,1,1,32,1598,1,14
"2025000016714",1,21,11,0,0,0,4,1,57,4500,2,4
"2025000016714",2,9,19,0,1,0,3,1,34,1968,2,10
"2025000016715",1,1,99,9,9,99,9,1,28,-1,-1,-1
"2025000016715",2,9,99,9,9,99,1,3,-1,-1,-1,-1
"2025000016716",1,9,3,8,0,0,3,1,45,1797,8,8
"2025000016717",1,9,9,8,0,0,1,1,27,1398,1,11
"2025000016717",2,9,19,8,0,0,1,1,54,1997,8,1
"2025000016718",1,9,7,6,0,0,1,1,27,2995,1,3
"2025000016718",2,11,19,1,0,0,1,2,38,4500,2,4
"2025000016719",1,9,19,0,0,0,1,1,35,1995,2,6
"2025000016719",2,9,19,0,0,0,1,1,50,1598,2,4
"2025000016720",1,9,13,8,0,0,0,3,35,-1,-1,-1
"2025000016720",2,9,19,8,2,0,1,2,38,1395,1,7
"2025000016721",1,9,5,6,0,0,1,1,37,1896,2,22
"2025000016721",3,9,5,6,0,0,2,2,35,1498,1,1
"2025000016721",2,9,3,2,0,0,2,1,37,1598,1,18
"2025000016722",1,19,-1,0,-1,-1,3,3,-1,-1,-1,-1
"2025000016723",1,9,19,0,2,0,1,1,21,1461,2,17
"2025000016724",2,5,14,0,0,0,1,1,52,999,1,5
"2025000016724",1,9,6,0,0,0,3,1,35,1984,1,13
"2025000016725",1,9,-1,-1,-1,-1,-1,3,-1,-1,-1,-1
"2025000016726",2,9,3,0,0,0,2,1,73,1560,2,12
"2025000016726",3,9,3,0,0,0,2,1,37,-1,-1,-1
"2025000016726",4,9,3,0,0,0,2,1,-1,1362,1,12
"2025000016726",1,9,19,0,0,0,1,2,40,898,1,5
"2025000016727",1,9,19,0,1,0,2,2,24,998,1,17
"2025000016728",1,10,4,8,0,0,2,2,43,1995,2,15
"2025000016728",2,19,19,8,0,0,1,1,33,1753,2,19
"2025000016729",1,3,99,9,9,99,9,1,37,-1,-1,-1
"2025000016730",1,9,19,0,0,0,1,1,71,1991,1,6
"2025000016731",1,19,15,0,2,0,2,1,45,1995,2,10
"2025000016731",2,19,11,0,0,0,1,1,35,1995,2,4
"2025000016732",1,3,19,5,0,7,1,1,26,124,1,2
"2025000016733",3,19,2,0,0,0,3,3,-1,2298,2,7
"2025000016733",1,9,19,0,0,0,1,1,25,2149,2,14
"2025000016733",2,9,5,0,0,0,1,1,84,1197,1,5
"2025000016734",1,9,4,0,0,0,2,2,56,999,1,4
"2025000016734",2,9,4,0,0,0,1,2,19,-1,-1,-1
"2025000016735",1,9,19,8,0,0,1,1,41,1600,1,16
"2025000016735",2,9,9,5,0,0,1,1,19,1390,1,6
"2025000016736",1,1,19,8,0,0,0,2,58,-1,-1,-1
"2025000016736",2,8,19,4,0,0,0,2,54,1318,1,4
"2025000016737",3,9,19,0,0,0,3,2,22,1956,2,8
"2025000016737",2,9,19,0,0,0,3,1,73,1591,1,12
"2025000016737",1,9,19,0,1,0,3,1,44,1999,2,5
"2025000016738",1,99,19,0,0,0,4,3,-1,-1,-1,-1
"2025000016739",1,9,19,0,0,0,1,2,61,1398,2,14
"2025000016739",3,9,19,0,1,0,1,1,50,999,1,2
"2025000016739",4,9,19,0,0,0,2,1,18,1242,1,15
"2025000016739",2,9,4,0,0,0,1,2,59,1896,2,12
"2025000016740",2,3,19,1,0,0,1,1,17,125,1,11
"2025000016740",1,9,6,1,0,0,1,1,37,1999,2,4
"2025000016741",1,9,19,0,1,0,1,2,26,1398,1,5
"2025000016741",3,9,19,0,0,0,1,1,38,1200,1,9
"2025000016741",2,9,19,0,0,0,1,2,34,2487,8,4
"2025000016742",1,9,-1,0,-1,-1,-1,1,78,1333,1,2
"2025000016742",2,1,-1,0,-1,-1,-1,1,17,-1,-1,-1
"2025000016743",1,9,10,2,0,0,1,1,31,1198,1,19
"2025000016743",2,9,19,1,0,0,4,1,34,1296,1,15
"2025000016744",1,5,4,0,0,0,4,1,26,649,1,12
"2025000016745",2,9,99,9,9,99,2,3,-1,2993,2,6
"2025000016745",1,9,99,9,9,99,1,1,31,998,1,13
"2025000016746",1,9,99,9,9,99,2,1,40,1461,2,6
"2025000016746",2,9,99,9,9,99,9,1,33,1197,1,6
"2025000016747",2,9,2,0,0,0,3,2,74,1360,1,12
"2025000016747",3,9,2,0,0,0,2,3,-1,-1,3,2
"2025000016747",1,9,19,0,0,0,4,2,21,998,1,11
"2025000016748",2,21,19,0,0,0,2,1,43,12809,2,0
"2025000016748",1,9,19,0,0,0,1,1,38,-1,-1,-1
"2025000016749",1,9,9,1,0,0,1,1,47,999,1,7
"2025000016749",2,1,19,8,0,0,1,1,20,-1,-1,-1
"2025000016750",1,19,19,0,0,0,1,1,50,1995,2,2
"2025000016750",2,9,19,0,0,0,1,1,30,2148,2,13
"2025000016751",1,9,5,6,0,0,1,2,25,1197,1,7
"2025000016752",1,19,11,2,0,0,1,1,29,1968,2,5
"2025000016752",2,3,19,2,0,0,2,1,22,-1,3,0
"2025000016753",2,19,19,8,0,0,1,1,-1,1598,2,9
"2025000016753",1,9,19,8,0,0,3,1,55,1956,2,9
"2025000016754",2,3,5,3,0,0,2,1,26,125,1,0
"2025000016754",1,9,5,3,0,0,1,1,82,1999,1,13
"2025000016755",2,9,19,0,0,0,0,-1,-1,2967,2,0
"2025000016755",1,9,19,0,0,10,1,1,21,1124,1,17
"2025000016756",2,9,9,8,9,0,1,3,39,-1,-1,-1
"2025000016756",1,3,19,8,9,0,1,1,26,125,1,3
"2025000016757",3,9,2,0,0,0,2,1,37,1388,1,14
"2025000016757",1,9,19,0,0,0,1,1,43,1796,1,15
"2025000016757",2,19,2,0,0,0,2,1,32,2999,2,14
"2025000016758",1,3,19,8,2,12,4,2,46,125,1,3
"2025000016759",1,9,5,0,0,0,4,2,58,999,1,2
"2025000016759",2,1,19,0,5,0,1,1,8,-1,-1,-1
"2025000016760",1,9,99,2,9,99,2,1,32,1598,1,21
"2025000016760",2,9,99,2,9,99,9,3,-1,2143,2,7
"2025000016761",2,9,19,8,0,0,1,1,44,1997,2,4
"2025000016761",1,9,9,6,1,0,1,2,21,1198,1,8
"2025000016762",1,9,3,2,0,0,3,1,27,1984,1,15
"2025000016762",2,1,19,1,0,0,1,1,23,-1,-1,-1
"2025000016763",2,9,14,1,0,0,1,2,28,1596,1,17
"2025000016763",1,9,19,2,0,0,1,1,50,1299,1,17
"2025000016764",1,9,19,0,0,0,4,3,-1,-1,-1,-1
"2025000016764",2,1,19,0,0,0,3,1,41,-1,-1,-1
"2025000016765",1,19,19,0,0,0,3,1,21,1560,2,6
"2025000016765",2,19,19,0,0,0,3,1,52,1461,2,10
"2025000016766",2,20,19,0,1,0,2,1,46,-1,-1,-1
"2025000016766",1,9,19,0,0,0,1,1,57,1968,2,10
"2025000016767",1,9,19,0,0,0,1,1,22,-1,-1,-1
"2025000016767",2,11,2,0,0,0,2,1,36,3900,2,14
"2025000016768",2,1,19,8,1,0,1,1,30,-1,-1,-1
"2025000016768",1,19,9,8,0,0,1,1,40,1950,2,2
"2025000016769",1,9,19,0,1,10,1,2,28,1910,2,13
"2025000016770",1,9,19,1,0,0,1,3,27,-1,-1,-1
"2025000016771",1,9,19,0,0,4,4,1,88,1596,1,7
"2025000016771",2,9,2,0,0,0,4,3,-1,1997,1,11
"2025000016772",2,9,3,1,0,0,2,1,42,1498,1,0
"2025000016772",1,9,19,1,0,0,1,2,-1,-1,-1,-1
"2025000016773",2,98,19,8,0,0,4,1,48,4460,2,0
"2025000016773",1,9,5,8,0,0,1,1,78,1422,2,8
"2025000016774",1,9,19,0,0,0,3,1,68,1950,2,6
"2025000016774",3,9,19,0,0,0,1,2,33,1197,1,6
"2025000016774",2,9,19,0,0,0,3,1,37,1998,2,13
"2025000016775",2,9,19,8,0,0,1,1,59,1199,1,19
"2025000016775",1,9,9,4,0,0,3,2,23,1968,2,12
"2025000016776",2,9,19,1,1,0,3,2,19,1149,1,14
"2025000016776",1,9,9,8,0,0,3,1,81,1591,1,3
"2025000016777",1,9,19,1,0,0,1,1,24,1339,1,15
"2025000016778",1,9,19,0,0,0,1,1,49,1364,1,3
"2025000016778",2,9,19,0,0,0,1,1,53,1995,2,10
"2025000016779",1,19,9,8,0,0,1,1,56,1598,2,9
"2025000016779",2,9,19,8,0,0,3,2,76,1598,2,11
"2025000016780",1,8,15,0,0,0,3,1,57,1998,7,13
"2025000016781",1,9,99,9,9,99,1,1,48,-1,3,2
"2025000016782",2,9,19,0,1,0,1,1,22,1200,1,10
"2025000016782",1,9,19,0,1,0,1,1,54,-1,-1,-1
"2025000016783",1,9,19,0,0,0,4,2,32,1498,1,5
"2025000016783",2,9,2,0,0,0,3,2,31,1969,8,0
"2025000016784",1,3,7,0,1,0,4,1,26,125,1,2
"2025000016785",1,9,19,4,1,9,1,1,45,1686,2,10
"2025000016786",1,9,19,1,0,0,1,1,26,-1,-1,-1
"2025000016786",3,19,3,1,0,0,0,1,54,1968,2,13
"2025000016786",4,9,3,1,0,0,0,2,-1,1200,1,5
"2025000016786",2,5,3,1,0,0,2,1,31,1262,1,8
"2025000016787",1,19,19,0,0,0,1,1,23,1499,2,1
"2025000016788",1,9,19,0,0,0,1,2,42,-1,-1,-1
"2025000016789",2,9,10,8,0,0,2,2,75,1598,1,5
"2025000016789",1,19,19,8,1,0,1,1,26,2298,2,3
"2025000016790",1,9,19,1,0,0,1,1,33,-1,-1,-1
"2025000016791",2,1,9,1,0,0,3,1,-1,-1,-1,-1
"2025000016791",1,9,9,1,0,0,1,2,74,1995,2,8
"2025000016792",2,9,99,9,9,99,9,3,-1,1364,1,17
"2025000016792",1,1,99,9,9,99,1,1,61,-1,-1,-1
"2025000016793",1,9,5,6,0,0,3,2,27,999,1,0
"2025000016793",2,3,14,8,0,0,1,1,23,124,1,4
"2025000016794",1,19,19,0,0,0,1,1,-1,2198,2,13
"2025000016795",2,3,19,0,0,0,1,1,17,124,1,13
"2025000016795",1,9,3,0,0,0,2,2,33,998,1,7
"2025000016796",2,9,4,0,0,0,2,2,34,1200,1,9
"2025000016796",1,9,11,0,0,0,1,1,23,-1,-1,-1
"2025000016797",1,9,19,1,0,0,1,1,64,999,1,10
"2025000016797",2,1,19,1,0,0,4,1,20,-1,-1,-1
"2025000016798",2,9,9,1,0,0,4,1,50,1968,2,3
"2025000016798",3,21,19,1,0,0,1,1,56,6693,2,9
"2025000016798",1,9,5,1,0,0,1,1,28,1997,2,14
"2025000016799",1,1,19,0,0,0,1,1,28,-1,-1,-1
"2025000016800",1,9,19,1,0,0,4,2,38,2188,2,15
"2025000016800",2,9,19,8,0,0,1,2,52,1497,8,17
"2025000016801",2,9,7,6,0,0,1,1,40,1598,2,7
"2025000016801",1,9,19,8,0,0,1,3,-1,-1,-1,-1
"2025000016802",1,9,4,6,0,0,1,1,19,1390,1,12
"2025000016802",2,9,3,6,0,0,2,1,41,3498,1,11
"2025000016803",1,9,10,1,0,0,1,1,61,999,1,1
"2025000016803",2,9,5,1,0,0,1,3,-1,1560,2,9
"2025000016804",1,9,19,0,0,0,1,3,-1,-1,-1,-1
"2025000016805",2,9,99,9,9,99,1,3,-1,2143,2,7
"2025000016805",1,3,99,9,9,99,1,1,27,125,1,15
"2025000016806",1,9,9,8,0,0,1,2,54,1956,2,9
"2025000016807",1,11,4,2,0,0,1,2,37,6700,2,3
"2025000016808",2,9,19,1,0,0,1,1,53,1999,1,18
"2025000016808",1,9,19,2,0,0,1,1,27,1997,2,14
"2025000016809",1,8,1,0,0,0,2,1,40,1797,8,8
"2025000016810",1,19,19,0,2,0,1,1,45,1968,2,10
"2025000016810",2,9,19,0,0,0,1,1,40,1461,2,6
"2025000016811",1,9,9,8,0,0,1,2,60,1968,2,2
"2025000016811",2,1,19,4,0,0,1,1,25,-1,-1,-1
"2025000016812",2,9,3,0,0,0,2,1,45,1991,8,3
"2025000016812",1,9,3,0,0,0,2,1,54,1968,2,8
"2025000016812",5,9,3,0,0,0,2,2,40,1598,2,4
"2025000016812",4,9,3,0,0,0,2,1,28,1968,2,3
"2025000016812",3,19,19,0,0,0,2,1,54,2298,2,3
"2025000016812",6,21,19,0,1,0,1,1,30,5880,2,11
"2025000016813",2,9,4,8,0,0,2,2,39,999,1,1
"2025000016813",1,9,4,8,0,0,1,3,-1,-1,-1,-1
"2025000016814",1,9,19,1,0,0,1,1,32,-1,-1,-1
"2025000016815",1,11,7,0,0,0,0,1,50,12600,2,15
"2025000016816",2,9,3,0,0,0,2,2,38,1987,8,2
"2025000016816",3,19,3,0,0,0,4,2,37,-1,-1,-1
"2025000016816",1,19,19,0,0,0,1,1,30,2143,2,5
"2025000016817",1,9,19,1,0,0,1,1,23,1498,1,4
"2025000016817",2,9,3,1,0,0,2,2,53,1373,1,4
"2025000016817",3,9,3,1,0,0,2,1,17,998,1,6
"2025000016818",3,9,8,1,0,0,0,2,30,1998,2,14
"2025000016818",2,9,9,6,0,0,3,2,46,1984,1,0
"2025000016818",1,3,13,1,0,0,1,1,32,125,1,5
"2025000016819",2,9,19,0,0,0,1,1,30,1968,2,0
"2025000016819",1,19,7,0,0,0,3,1,53,-1,-1,-1
"2025000016820",1,9,9,2,0,0,3,1,37,998,1,20
"2025000016821",1,1,19,0,0,0,0,1,34,-1,-1,-1
"2025000016822",1,19,4,2,0,0,4,1,42,1870,2,18
"2025000016823",1,9,19,0,0,0,1,1,35,2993,2,14
"2025000016823",3,19,2,0,0,0,2,-1,-1,2402,2,17
"2025000016823",2,9,9,0,0,0,1,2,38,1596,1,14
"2025000016824",1,9,99,9,9,99,2,1,40,-1,-1,-1
"2025000016824",2,9,99,9,0,99,9,3,-1,2521,1,18
"2025000016825",1,9,19,0,5,0,3,1,52,1199,1,3
"2025000016825",2,8,19,0,0,0,3,1,38,1956,2,6
"2025000016826",1,9,19,0,1,0,1,1,20,1598,2,8
"2025000016827",2,9,19,0,0,0,3,1,61,1598,1,15
"2025000016827",3,9,19,0,0,0,1,1,24,1229,1,11
"2025000016827",1,9,19,0,0,0,3,1,22,-1,-1,-1
"2025000016828",2,9,19,0,0,0,1,1,22,1598,2,6
"2025000016828",3,9,2,0,0,0,1,3,-1,-1,3,0
"2025000016828",4,19,2,0,0,0,3,3,-1,2198,2,10
"2025000016828",1,3,-1,0,-1,-1,-1,3,20,125,1,1
"2025000016829",2,19,19,8,0,0,1,1,40,2402,2,19
"2025000016829",1,9,19,6,0,0,4,1,73,1461,2,5
"2025000016830",1,9,5,1,0,0,3,1,26,1984,1,7
"2025000016830",2,2,13,1,0,0,1,2,25,125,1,1
"2025000016831",1,5,5,4,5,0,0,1,28,890,1,0
"2025000016832",1,9,19,1,0,0,1,2,40,2993,2,9
"2025000016833",1,5,19,0,0,0,1,1,39,599,1,19
"2025000016833",2,5,3,0,0,0,2,1,42,599,1,7
"2025000016834",2,9,9,1,0,0,3,2,46,1997,2,13
"2025000016834",1,5,19,1,0,0,1,1,47,649,1,4
"2025000016835",1,8,7,6,0,0,4,1,52,2143,2,6
"2025000016835",2,1,9,1,0,0,1,2,26,-1,-1,-1
"2025000016836",2,9,99,9,9,99,9,3,-1,2995,1,17
"2025000016836",1,9,99,9,9,99,2,2,41,1329,1,13
"2025000016837",1,5,19,0,0,0,1,1,29,749,1,17
"2025000016837",3,9,19,0,0,0,1,1,42,1598,2,10
"2025000016837",4,9,19,0,0,0,3,1,40,1400,1,14
"2025000016837",2,5,19,0,0,0,1,1,23,598,1,26
"2025000016838",1,9,5,6,0,0,4,2,28,-1,-1,-1
"2025000016838",2,9,19,1,0,0,1,2,43,-1,-1,-1
"2025000016839",2,3,19,8,0,0,4,2,29,125,1,22
"2025000016839",1,9,19,8,0,0,1,1,26,1950,2,0
"2025000016840",2,9,7,0,0,0,2,2,24,1200,1,8
"2025000016840",1,9,19,0,2,0,1,-1,-1,2487,8,2
"2025000016841",1,1,19,0,0,0,0,2,57,-1,-1,-1
"2025000016842",1,3,4,1,0,0,0,1,33,125,1,4
"2025000016843",1,9,19,8,0,0,1,1,40,1498,1,3
"2025000016844",1,9,19,1,0,0,1,1,38,1598,2,7
"2025000016845",2,1,19,0,2,1,1,2,29,-1,-1,-1
"2025000016845",1,9,9,0,0,0,1,2,34,1598,2,7
"2025000016846",2,21,19,0,0,0,3,1,-1,-1,-1,-1