"collision_index","vehicle_reference","vehicle_type","vehicle_manoeuvre","junction_location","skidding_and_overturning","hit_object_in_carriageway","first_point_of_impact","sex_of_driver","age_of_driver","engine_capacity_cc","propulsion_code","age_of_vehicle"
"2025000016846",1,9,19,0,0,0,4,2,49,1364,1,6
"2025000016847",1,1,19,0,0,0,1,1,85,-1,-1,-1
"2025000016848",1,9,19,0,0,0,4,1,71,999,1,2
"2025000016849",1,9,7,5,0,0,4,2,22,1339,8,9
"2025000016849",2,3,19,1,0,0,1,1,40,124,1,10
"2025000016850",2,9,19,8,0,0,9,3,-1,-1,-1,-1
"2025000016850",1,1,19,8,0,0,9,1,29,-1,-1,-1
"2025000016851",2,9,19,1,0,0,4,1,47,1598,1,5
"2025000016851",1,9,19,6,0,0,4,1,73,1596,1,9
"2025000016852",2,19,19,4,0,0,1,1,30,2143,2,9
"2025000016852",1,9,9,3,1,0,4,1,35,1800,1,24
"2025000016853",1,9,12,0,0,0,1,1,27,999,1,3
"2025000016853",2,21,19,0,0,0,4,1,37,12902,2,2
"2025000016854",1,3,19,0,0,10,1,1,26,124,1,20
"2025000016855",1,98,19,0,0,0,3,3,-1,-1,-1,-1
"2025000016855",2,21,19,0,0,0,3,1,45,12777,2,2
"2025000016856",2,9,19,4,0,0,1,1,26,1896,2,14
"2025000016856",1,9,9,4,0,0,3,2,59,1956,2,5
"2025000016857",2,9,19,0,0,0,2,1,54,1242,1,9
"2025000016857",1,9,4,0,0,0,1,1,76,1797,8,10
"2025000016858",2,9,19,0,0,0,1,2,65,-1,-1,-1
"2025000016858",1,9,19,0,1,0,1,1,26,-1,-1,-1
"2025000016859",1,9,19,0,0,0,1,1,20,1598,1,13
"2025000016859",2,19,19,0,0,0,1,1,28,1997,2,0
"2025000016860",2,9,3,0,0,0,2,1,39,1968,2,12
"2025000016860",3,19,3,0,0,0,2,3,20,1499,2,4
"2025000016860",1,9,3,0,0,0,1,1,25,1995,2,8
"2025000016861",2,4,19,1,0,0,1,1,59,-1,3,1
"2025000016861",1,9,9,8,0,0,4,2,70,1198,1,10
"2025000016862",1,9,12,1,1,0,1,1,-1,1991,1,4
"2025000016862",2,9,4,5,0,0,2,1,46,1560,2,8
"2025000016863",1,9,9,8,0,0,3,1,53,1995,2,6
"2025000016863",2,19,19,8,0,0,1,1,53,5193,2,9
"2025000016864",2,9,19,3,0,0,1,2,83,1339,1,7
"2025000016864",1,19,5,4,0,0,1,1,57,2143,2,2
"2025000016865",2,9,19,0,0,0,1,3,-1,-1,-1,-1
"2025000016865",1,9,19,0,0,0,2,2,25,1896,2,16
"2025000016866",1,9,5,7,0,0,3,2,19,1242,1,5
"2025000016866",2,21,19,8,0,0,4,1,41,10677,2,7
"2025000016867",1,9,15,0,0,0,3,1,39,2979,1,8
"2025000016867",2,9,19,0,0,0,4,2,28,1998,1,20
"2025000016868",1,19,9,0,0,0,1,1,48,1598,2,4
"2025000016869",1,9,19,8,0,0,4,1,91,2199,2,9
"2025000016869",2,9,19,1,0,0,1,2,24,1794,1,19
"2025000016870",1,9,9,0,0,0,1,2,50,1396,1,13
"2025000016870",2,23,19,0,0,0,1,1,22,-1,-1,-1
"2025000016871",2,19,19,1,0,0,1,1,30,1560,2,5
"2025000016871",1,9,9,8,5,0,3,1,50,-1,-1,-1
"2025000016872",1,9,1,8,0,0,2,1,40,1686,2,10
"2025000016873",1,9,19,0,0,0,1,1,30,1598,2,3
"2025000016873",2,9,3,0,0,0,2,2,43,2000,2,12
"2025000016874",1,19,1,0,0,0,2,1,54,1997,2,12
"2025000016874",2,11,19,0,0,0,4,1,42,4760,2,10
"2025000016875",1,11,15,0,0,0,0,1,43,6700,2,6
"2025000016875",2,9,15,0,0,0,0,3,-1,-1,-1,-1
"2025000016876",2,9,3,0,0,0,3,2,38,1968,2,3
"2025000016876",1,9,19,0,0,0,3,3,-1,-1,-1,-1
"2025000016877",1,9,19,0,2,0,1,1,23,1968,2,16
"2025000016878",1,19,2,0,0,0,2,1,26,1968,2,0
"2025000016878",2,1,19,0,0,0,1,1,16,-1,-1,-1
"2025000016879",2,9,4,0,0,0,2,1,27,1499,2,8
"2025000016879",1,11,19,0,0,0,1,1,57,7300,2,14
"2025000016880",2,9,99,8,0,0,1,3,-1,1206,1,13
"2025000016880",1,3,99,8,0,0,3,2,22,110,1,1
"2025000016881",2,11,19,1,0,0,1,1,56,4461,2,9
"2025000016881",1,9,9,7,0,0,1,1,77,1997,2,14
"2025000016882",1,9,9,0,0,0,1,1,36,-1,-1,-1
"2025000016882",2,1,19,0,0,0,2,1,64,-1,-1,-1
"2025000016883",2,3,99,9,9,99,1,3,-1,124,1,2
"2025000016883",1,9,99,9,9,99,9,1,18,998,1,12
"2025000016884",1,9,13,0,0,0,3,2,33,1685,2,9
"2025000016884",2,9,19,0,0,0,4,1,52,1997,2,13
"2025000016885",1,9,10,0,0,0,1,1,58,1299,1,18
"2025000016885",2,9,19,0,0,0,4,2,35,998,1,7
"2025000016886",1,9,19,1,0,10,1,1,85,1560,2,10
"2025000016886",2,1,19,1,0,0,2,1,14,-1,-1,-1
"2025000016887",1,9,13,0,0,0,4,3,-1,-1,-1,-1
"2025000016887",2,1,19,0,1,0,3,1,12,-1,-1,-1
"2025000016888",1,11,19,1,0,0,1,2,39,4461,2,11
"2025000016889",1,9,1,0,0,0,2,1,38,2521,1,17
"2025000016890",2,8,19,0,0,0,4,1,56,1797,8,7
"2025000016890",1,1,5,0,0,0,1,2,12,-1,-1,-1
"2025000016891",1,5,19,0,0,0,1,1,46,1043,1,6
"2025000016892",2,9,19,0,0,0,3,1,35,1461,2,10
"2025000016892",1,3,13,0,0,0,3,1,46,124,1,1
"2025000016893",1,9,19,4,0,0,1,1,78,1197,1,5
"2025000016893",2,9,19,3,0,0,4,2,61,1995,1,17
"2025000016894",1,9,15,8,0,0,4,3,-1,-1,-1,-1
"2025000016894",2,1,3,8,0,0,3,1,41,-1,-1,-1
"2025000016895",2,19,1,0,0,0,2,1,40,1560,2,10
"2025000016895",1,9,2,0,0,0,3,3,-1,2995,8,4
"2025000016896",1,9,5,1,0,0,1,2,-1,1149,1,10
"2025000016897",1,9,19,0,0,0,1,1,39,-1,-1,-1
"2025000016897",2,9,19,0,0,0,2,2,33,1968,2,13
"2025000016898",2,9,3,1,0,0,1,3,-1,1797,8,15
"2025000016898",1,9,19,8,0,0,1,2,29,1995,2,11
"2025000016899",2,11,19,0,0,0,1,2,50,6700,2,11
"2025000016899",3,9,19,0,0,0,0,1,51,1995,2,0
"2025000016899",1,9,13,0,0,0,1,1,21,1796,1,15
"2025000016900",1,9,3,1,0,0,2,2,58,1108,1,23
"2025000016900",2,9,-1,1,0,0,1,1,-1,2720,2,18
"2025000016901",1,9,9,5,0,0,4,2,-1,-1,-1,-1
"2025000016901",2,90,19,8,5,0,1,2,52,-1,-1,-1
"2025000016902",1,9,19,0,0,11,1,1,74,1499,2,3
"2025000016903",1,9,19,1,0,0,3,1,51,1229,1,17
"2025000016904",2,19,2,0,0,0,1,1,57,1461,2,9
"2025000016904",1,9,19,0,2,0,1,2,42,1598,2,7
"2025000016905",2,11,4,1,0,0,0,1,22,4250,2,14
"2025000016905",1,9,9,8,0,0,0,2,38,2993,2,7
"2025000016906",1,9,19,0,0,10,1,1,40,1798,1,8
"2025000016906",2,21,19,0,0,0,1,1,34,12809,2,4
"2025000016907",1,9,19,0,0,0,1,2,86,1398,2,12
"2025000016907",2,9,19,0,0,0,1,2,60,1329,1,11
"2025000016908",2,1,19,0,0,0,2,1,12,-1,-1,-1
"2025000016908",1,9,19,0,0,0,1,3,-1,-1,-1,-1
"2025000016909",2,9,19,8,0,0,4,1,41,1360,1,18
"2025000016909",1,9,5,4,0,0,3,3,-1,-1,-1,-1
"2025000016910",2,9,5,4,0,0,1,3,-1,1995,2,6
"2025000016910",1,1,19,1,0,0,4,1,34,-1,-1,-1
"2025000016911",1,19,19,0,1,0,1,1,59,-1,-1,-1
"2025000016912",2,9,19,8,0,0,1,2,33,1490,1,4
"2025000016912",1,19,19,8,0,0,1,1,39,2143,2,5
"2025000016913",1,9,19,8,0,10,3,1,53,-1,3,5
"2025000016913",2,21,11,1,0,0,4,1,48,10837,2,7
"2025000016914",2,9,6,4,0,0,1,1,56,1560,2,12
"2025000016914",1,3,19,4,5,0,1,1,18,124,1,3
"2025000016915",1,9,19,0,0,0,1,1,20,1596,1,15
"2025000016915",2,9,19,0,0,0,2,1,28,-1,-1,-1
"2025000016916",1,9,19,0,5,11,1,1,39,1497,8,5
"2025000016917",2,19,2,0,0,0,2,1,33,1995,2,4
"2025000016917",1,19,19,0,0,4,1,1,37,2143,2,3
"2025000016918",1,9,19,0,0,4,1,2,36,1242,1,14
"2025000016918",2,9,2,0,0,10,2,2,25,999,1,1
"2025000016919",2,9,7,6,0,0,3,2,23,999,1,3
"2025000016919",1,9,19,8,0,0,4,1,89,1798,8,5
"2025000016920",1,9,5,0,0,0,1,1,32,1248,1,7
"2025000016921",1,9,4,0,0,0,1,1,28,1968,2,15
"2025000016921",2,9,4,0,0,0,2,1,21,1200,1,1
"2025000016922",1,9,9,5,0,0,1,3,-1,-1,-1,-1
"2025000016922",2,1,19,8,0,0,4,1,15,-1,-1,-1
"2025000016923",2,9,3,2,0,0,2,2,49,1149,1,13
"2025000016923",1,19,19,2,0,0,1,1,31,1598,2,5
"2025000016924",1,9,19,1,0,0,4,2,60,1969,8,1
"2025000016925",1,9,19,0,0,0,1,2,33,1995,2,9
"2025000016926",1,5,13,0,2,7,4,1,32,1000,1,14
"2025000016926",2,9,19,0,0,0,3,1,57,2143,2,7
"2025000016927",1,9,9,5,0,0,4,2,20,1399,2,12
"2025000016928",1,9,9,8,0,0,1,1,41,1991,1,3
"2025000016929",1,9,-1,0,0,0,1,2,28,1197,1,6
"2025000016929",2,9,-1,0,0,0,1,1,27,998,1,10
"2025000016930",1,9,19,0,0,0,1,1,27,1995,2,7
"2025000016930",2,3,19,0,0,0,1,1,24,125,1,7
"2025000016931",1,9,-1,1,0,0,1,3,-1,-1,-1,-1
"2025000016931",2,1,-1,8,0,0,3,1,16,-1,-1,-1
"2025000016932",2,1,9,3,5,0,4,1,43,-1,-1,-1
"2025000016932",1,9,19,6,0,0,1,1,30,1499,1,6
"2025000016933",1,9,9,2,0,0,1,1,55,2362,1,16
"2025000016933",2,3,19,1,0,0,1,1,22,125,1,3
"2025000016934",1,1,19,1,1,0,1,1,50,-1,-1,-1
"2025000016934",2,9,8,1,0,0,1,1,21,1395,1,10
"2025000016935",1,1,99,9,9,99,9,1,-1,-1,-1,-1
"2025000016935",2,9,99,9,9,99,9,3,-1,1796,1,10
"2025000016936",1,9,19,1,0,0,1,2,58,1997,2,15
"2025000016936",3,9,3,1,0,0,3,1,58,-1,-1,-1
"2025000016936",4,9,3,1,0,0,3,1,74,-1,-1,-1
"2025000016936",2,9,19,8,0,0,4,1,48,-1,-1,-1
"2025000016937",1,1,99,9,9,99,9,1,53,-1,-1,-1
"2025000016937",2,23,99,9,9,99,9,1,-1,-1,-1,-1
"2025000016938",1,9,19,0,0,7,1,2,28,1248,2,15
"2025000016939",1,11,4,0,0,0,0,1,34,9000,2,15
"2025000016940",1,9,19,0,0,0,1,1,39,1242,1,15
"2025000016940",2,97,4,0,0,0,2,1,-1,-1,-1,-1
"2025000016941",1,9,19,1,0,0,1,3,30,2993,2,15
"2025000016941",2,9,19,1,0,0,2,2,47,1950,2,3
"2025000016942",2,9,7,5,0,0,2,1,20,1598,1,17
"2025000016942",1,11,4,1,0,0,1,1,39,-1,3,0
"2025000016943",2,9,19,8,1,4,1,1,59,1498,1,2
"2025000016943",3,20,2,2,0,0,3,1,-1,-1,-1,-1
"2025000016943",1,9,9,6,0,0,3,2,28,1248,1,8
"2025000016944",1,5,19,0,0,0,1,2,59,890,1,3
"2025000016944",2,5,4,0,0,0,2,2,45,649,1,18
"2025000016945",1,9,19,1,0,0,1,1,37,1199,1,0
"2025000016946",1,9,19,8,0,0,1,2,29,1990,1,12
"2025000016947",2,19,19,8,0,0,4,1,57,-1,-1,-1
"2025000016947",1,9,19,1,0,0,1,2,36,1969,2,6
"2025000016948",1,-1,19,0,0,0,1,1,20,-1,-1,-1
"2025000016948",2,18,19,0,0,0,1,1,-1,-1,-1,-1
"2025000016949",2,9,3,1,0,0,2,1,42,1598,2,9
"2025000016949",1,9,19,1,0,0,1,1,48,2993,2,12
"2025000016950",1,9,99,0,9,99,1,1,21,-1,-1,-1
"2025000016950",2,19,99,0,9,99,9,3,-1,-1,-1,-1
"2025000016950",3,9,99,0,9,99,9,3,-1,1598,1,10
"2025000016951",2,9,4,0,0,0,2,1,30,1499,1,3
"2025000016951",1,9,19,0,0,0,4,1,30,1198,1,15
"2025000016952",2,9,19,0,0,0,2,2,24,1586,1,12
"2025000016952",1,11,19,0,0,0,1,1,64,9360,2,6
"2025000016952",3,9,19,0,0,0,2,1,23,1598,2,3
"2025000016953",1,9,19,0,0,0,4,2,66,1242,1,8
"2025000016954",1,9,19,0,5,0,3,1,27,1896,2,17
"2025000016955",1,9,7,0,0,0,1,1,43,-1,-1,-1
"2025000016955",2,1,19,0,5,0,1,1,37,-1,-1,-1
"2025000016956",1,9,19,0,0,0,1,1,25,998,1,9
"2025000016956",3,9,4,0,0,0,2,2,32,1199,1,2
"2025000016956",2,9,4,0,0,0,2,1,46,2979,1,20
"2025000016957",3,9,2,0,0,0,3,-1,-1,1242,1,13
"2025000016957",2,9,19,0,0,0,1,2,61,1968,2,13
"2025000016957",1,9,5,0,0,0,1,1,31,1598,2,11
"2025000016957",4,9,2,0,0,0,3,-1,-1,1390,1,14
"2025000016958",1,11,19,2,0,0,1,1,46,6700,2,10
"2025000016959",2,9,9,1,0,0,1,1,32,1400,2,18
"2025000016959",1,19,19,1,0,0,1,1,44,1499,2,4
"2025000016960",1,19,19,0,0,0,1,1,21,1686,2,12
"2025000016960",2,9,19,0,0,0,1,1,25,1398,1,5
"2025000016961",3,9,19,0,0,0,3,2,39,1968,2,2
"2025000016961",2,9,19,0,0,0,3,1,58,999,1,2
"2025000016961",1,9,19,0,0,0,3,1,30,1896,2,15
"2025000016962",1,9,7,1,0,0,3,2,26,1461,2,11
"2025000016962",2,21,19,8,0,0,4,1,19,10837,2,12
"2025000016963",1,9,19,0,0,0,1,1,28,1998,1,4
"2025000016963",2,11,19,0,0,0,1,1,60,4461,2,8
"2025000016964",1,11,19,1,0,0,0,3,-1,-1,-1,-1
"2025000016965",1,5,5,6,1,0,3,1,70,1690,1,10
"2025000016965",2,20,-1,8,0,0,4,1,82,-1,-1,-1
"2025000016966",1,11,19,8,0,0,1,1,57,6700,2,4
"2025000016967",1,9,19,0,1,0,1,1,24,1497,1,17
"2025000016967",2,21,19,0,0,0,1,1,57,4249,2,9
"2025000016968",1,9,5,8,0,0,1,1,45,999,1,9
"2025000016969",1,9,4,0,0,0,2,2,37,1560,2,10
"2025000016969",2,19,19,0,0,0,1,1,-1,1996,2,1
"2025000016970",1,9,99,9,9,99,2,1,36,1299,1,19
"2025000016971",2,9,99,9,9,99,1,3,40,1910,2,14
"2025000016971",1,3,99,9,9,99,9,1,40,125,1,1
"2025000016972",2,9,19,0,0,0,1,2,35,1149,1,10
"2025000016972",3,9,19,0,0,0,0,1,40,1984,1,2
"2025000016972",1,9,19,0,0,0,1,1,40,1332,1,1
"2025000016973",2,9,19,7,0,0,1,1,75,2987,2,13
"2025000016973",1,9,19,1,1,0,1,1,43,1798,8,2
"2025000016974",1,9,19,1,1,0,1,1,30,1399,1,6
"2025000016974",2,9,2,1,0,0,4,3,-1,1499,1,8
"2025000016975",1,9,19,0,0,0,3,1,50,1364,1,16
"2025000016975",2,19,19,0,0,0,3,1,52,1997,2,2
"2025000016976",1,9,19,1,0,0,4,1,-1,-1,-1,-1
"2025000016977",2,9,99,9,9,99,9,3,-1,1595,1,14
"2025000016977",1,1,99,9,9,99,9,1,28,-1,-1,-1
"2025000016978",1,1,19,8,0,0,4,1,53,-1,-1,-1
"2025000016979",1,3,19,8,2,0,1,1,21,125,1,8
"2025000016979",2,9,9,8,0,0,1,1,-1,1400,1,18
"2025000016980",1,21,19,0,2,0,3,1,32,10837,2,8
"2025000016981",2,9,19,8,0,0,4,1,75,1461,2,5
"2025000016981",1,21,19,8,0,0,3,1,50,7698,2,8
"2025000016982",2,1,19,8,0,0,1,2,24,-1,-1,-1
"2025000016982",1,9,7,1,0,0,1,2,42,1997,2,13
"2025000016983",2,4,15,0,0,0,1,1,28,1157,1,17
"2025000016983",1,9,11,0,0,0,2,1,29,1582,2,8
"2025000016984",1,2,19,8,0,0,1,1,27,49,1,5
"2025000016985",2,9,3,8,0,0,1,1,65,-1,-1,-1
"2025000016985",1,9,19,4,0,9,1,2,66,-1,-1,-1
"2025000016985",3,9,3,8,0,0,4,2,32,1332,1,3
"2025000016986",1,9,5,1,0,4,3,1,30,1991,1,3
"2025000016986",3,9,3,1,0,0,2,2,32,1598,1,19
"2025000016986",4,19,2,1,0,0,2,3,-1,2953,2,19
"2025000016986",2,9,3,1,0,0,2,1,54,-1,-1,-1
"2025000016987",1,1,99,9,9,99,1,1,36,-1,-1,-1
"2025000016987",2,9,99,9,9,99,9,1,66,1397,1,21
"2025000016988",2,9,19,8,0,0,4,2,55,1999,2,5
"2025000016988",1,9,3,6,0,0,1,1,34,998,1,16
"2025000016989",2,5,2,0,0,0,2,1,67,748,1,24
"2025000016989",3,5,2,0,0,0,2,1,62,748,1,28
"2025000016989",1,5,19,0,0,0,1,1,63,749,1,7
"2025000016990",1,9,19,0,0,0,1,2,47,1598,1,10
"2025000016991",1,9,19,0,0,0,1,1,22,1229,1,13
"2025000016991",2,17,1,0,0,0,1,1,20,-1,-1,-1
"2025000016992",1,10,7,4,0,0,1,1,62,1950,2,0
"2025000016992",2,5,19,4,0,0,1,1,48,806,1,10
"2025000016993",1,11,19,1,0,0,1,1,56,4500,2,6
"2025000016993",2,9,5,1,0,0,1,1,70,1124,1,19
"2025000016994",1,9,9,6,0,0,4,2,34,1560,2,12
"2025000016994",2,1,19,8,0,0,1,1,22,-1,-1,-1
"2025000016995",2,9,2,2,0,0,1,1,18,1461,2,9
"2025000016995",3,19,19,1,0,0,1,1,23,1995,2,3
"2025000016995",1,5,19,1,1,4,4,1,34,750,1,23
"2025000016996",1,9,19,0,1,0,0,2,25,1796,1,15
"2025000016997",1,9,99,9,9,99,9,3,34,1798,1,13
"2025000016997",2,1,99,9,9,99,9,1,90,-1,-1,-1
"2025000016998",4,8,19,0,0,0,1,1,51,1499,1,5
"2025000016998",1,19,19,0,0,0,2,1,39,1248,2,12
"2025000016998",5,9,19,0,0,0,1,1,18,998,1,8
"2025000016998",2,9,19,0,0,0,1,1,42,1598,2,4
"2025000016998",3,9,19,0,0,0,2,1,44,1998,1,8
"2025000016999",1,4,19,3,0,10,4,1,73,349,1,0
"2025000017000",1,9,4,0,1,0,3,1,22,998,1,10
"2025000017001",1,19,19,0,0,0,2,1,51,1560,2,7
"2025000017001",4,9,19,0,0,0,1,2,30,2204,2,12
"2025000017001",3,9,19,0,0,0,1,1,38,998,1,3
"2025000017001",2,9,19,0,0,0,1,1,33,1685,2,5
"2025000017002",1,1,19,2,0,0,1,1,21,-1,-1,-1
"2025000017003",2,1,9,5,5,0,4,1,20,-1,-1,-1
"2025000017003",1,8,19,1,0,0,1,1,66,2499,2,8
"2025000017004",2,-1,19,8,0,0,3,1,23,-1,-1,-1
"2025000017004",1,9,7,5,0,0,1,2,24,1598,2,10
"2025000017005",2,9,19,0,0,0,3,2,49,1229,1,15
"2025000017005",1,9,19,0,0,0,1,1,-1,-1,-1,-1
"2025000017006",1,20,3,0,0,0,2,1,62,-1,-1,-1
"2025000017006",2,9,3,0,0,0,2,2,37,1560,2,7
"2025000017006",4,9,19,0,0,0,1,2,73,1956,2,7
"2025000017006",3,5,3,0,0,0,2,1,62,798,1,5
"2025000017007",1,21,19,0,0,0,1,1,53,12777,2,1
"2025000017007",2,9,19,0,0,0,1,1,22,998,1,7
"2025000017008",2,1,19,0,0,0,3,1,60,-1,-1,-1
"2025000017008",1,98,19,0,0,0,4,1,76,-1,-1,-1
"2025000017009",1,9,19,0,0,0,1,2,44,1498,1,2
"2025000017010",1,9,19,0,0,0,1,1,55,1896,2,22
"2025000017011",2,1,19,1,0,0,3,1,22,-1,-1,-1
"2025000017011",1,4,19,6,5,11,1,1,30,-1,-1,-1
"2025000017012",2,9,19,0,0,0,2,2,22,1597,2,4
"2025000017012",1,19,19,0,0,0,1,1,32,1995,2,10
"2025000017013",2,9,3,0,0,0,2,2,31,1364,1,6
"2025000017013",3,9,3,0,0,0,2,2,17,-1,-1,-1
"2025000017013",1,9,19,0,0,0,1,2,33,1598,1,11
"2025000017014",1,9,19,0,2,0,1,1,33,-1,-1,-1
"2025000017015",2,9,3,1,0,0,2,2,53,1686,2,11
"2025000017015",1,9,19,1,0,0,1,2,18,1199,2,11
"2025000017016",1,9,19,1,0,0,1,2,41,1596,1,16
"2025000017016",2,-1,19,1,0,0,4,1,28,-1,-1,-1
"2025000017017",1,9,19,0,5,10,4,2,17,1242,1,9
"2025000017018",1,8,19,8,0,0,4,1,53,1598,2,9
"2025000017018",2,9,19,8,0,0,1,3,-1,1997,2,15
"2025000017019",1,9,19,1,0,0,1,1,76,1596,1,15
"2025000017020",1,9,19,0,0,0,4,2,18,1242,1,9
"2025000017020",3,19,2,0,0,0,2,1,48,-1,-1,-1
"2025000017020",2,4,19,0,1,0,1,1,23,645,1,8
"2025000017021",1,9,9,5,0,0,1,1,-1,-1,-1,-1
"2025000017021",2,9,19,8,0,0,3,1,61,998,1,14
"2025000017022",2,9,99,9,9,99,2,1,33,2993,2,6
"2025000017022",1,5,99,9,9,99,1,1,46,1215,1,7
"2025000017023",1,8,9,2,0,0,4,1,51,1798,8,3
"2025000017023",2,5,4,2,2,0,1,2,62,900,1,6
"2025000017024",1,9,19,8,1,0,4,1,83,1200,1,9
"2025000017024",2,9,19,1,1,0,1,2,57,-1,-1,-1
"2025000017025",1,11,19,4,0,0,1,1,63,4250,2,10
"2025000017025",2,9,4,4,0,0,2,1,-1,1968,2,4
"2025000017026",1,9,19,1,0,0,1,3,-1,-1,-1,-1
"2025000017027",1,9,19,0,0,0,-1,3,-1,-1,-1,-1
"2025000017028",1,9,19,0,0,10,1,2,35,1242,1,15
"2025000017028",2,19,19,0,0,0,1,1,58,7146,2,16
"2025000017029",2,11,19,8,0,0,3,1,52,6696,2,7
"2025000017029",1,1,19,8,0,0,3,1,6,-1,-1,-1
"2025000017030",1,9,9,1,0,0,1,1,31,1497,8,4
"2025000017030",2,3,19,1,0,0,1,1,19,125,1,8
"2025000017031",1,9,19,1,0,0,2,2,43,1339,1,17
"2025000017031",2,9,19,1,0,0,1,1,-1,1968,2,14
"2025000017031",3,9,19,1,0,0,2,1,-1,1598,1,7
"2025000017032",2,9,19,0,2,0,3,1,41,-1,-1,-1
"2025000017032",1,9,19,0,0,0,3,2,22,1461,2,8
"2025000017033",1,9,19,0,0,0,4,1,37,-1,-1,-1
"2025000017034",2,9,19,1,0,0,3,1,43,1896,2,16
"2025000017034",3,21,19,1,0,0,3,1,58,-1,-1,-1
"2025000017034",1,9,19,2,1,0,3,2,44,1968,2,4
"2025000017035",1,11,5,0,0,0,1,1,59,5132,2,2
"2025000017035",2,1,-1,0,-1,-1,-1,1,11,-1,-1,-1
"2025000017036",1,9,7,2,0,0,1,2,51,2987,2,14
"2025000017037",2,20,4,1,0,0,2,1,51,5193,2,1
"2025000017037",1,21,3,1,0,0,2,1,41,12419,2,4
"2025000017037",3,19,19,1,0,0,1,1,59,-1,-1,-1
"2025000017038",2,9,9,8,0,0,4,1,38,-1,3,0
"2025000017038",1,1,15,1,5,0,1,1,19,-1,-1,-1
"2025000017039",1,9,19,0,2,0,4,1,58,1500,2,5
"2025000017040",1,9,19,0,0,0,3,1,60,1997,1,17
"2025000017040",2,9,19,0,0,0,3,2,43,-1,3,1
"2025000017041",1,9,9,1,0,0,1,1,-1,1141,1,118
"2025000017042",1,9,19,1,0,7,1,1,33,1242,1,17
"2025000017043",1,1,19,0,2,0,1,1,53,-1,-1,-1
"2025000017043",2,22,5,0,0,0,3,1,-1,-1,-1,-1
"2025000017044",4,9,4,0,0,0,2,2,21,1229,1,9
"2025000017044",5,9,4,0,0,0,4,1,45,-1,-1,-1
"2025000017044",2,9,4,0,0,0,2,1,82,1997,2,9
"2025000017044",3,9,4,0,0,0,2,2,29,1461,2,11
"2025000017044",1,21,19,0,0,0,1,1,27,12742,2,4
"2025000017044",6,20,4,0,0,0,2,1,25,9037,2,0
"2025000017045",1,3,5,1,5,0,4,1,18,125,1,7
"2025000017045",2,9,9,6,0,0,1,1,31,1498,1,0
"2025000017046",1,3,14,0,5,0,4,1,18,125,1,4
"2025000017046",2,9,5,0,0,0,3,1,31,1598,1,14
"2025000017047",1,9,19,1,0,0,1,1,38,1229,1,8
"2025000017047",3,19,4,1,0,0,2,2,32,-1,-1,-1
"2025000017047",2,9,4,1,0,0,2,2,60,1364,1,7
"2025000017048",2,9,3,1,0,0,2,2,39,1388,1,17
"2025000017048",1,9,19,1,0,0,1,3,-1,-1,-1,-1
"2025000017049",1,5,19,6,0,0,4,1,44,689,1,3
"2025000017049",2,9,19,6,0,0,3,2,29,1598,1,12
"2025000017050",1,9,9,1,0,0,1,3,-1,-1,-1,-1
"2025000017050",2,1,19,1,0,0,1,1,32,-1,-1,-1
"2025000017051",2,9,7,6,0,0,1,2,29,-1,-1,-1
"2025000017051",1,1,19,1,0,0,4,1,63,-1,-1,-1
"2025000017052",1,9,19,2,0,0,1,1,55,1956,2,9
"2025000017052",2,9,4,2,0,0,2,1,51,1240,1,17
"2025000017053",2,9,19,0,0,0,1,1,28,1598,1,6
"2025000017053",1,9,19,0,0,0,1,2,45,1997,2,9
"2025000017053",3,9,4,0,0,0,2,1,55,1796,1,8
"2025000017054",1,9,2,0,0,0,4,3,30,999,1,3
"2025000017054",2,1,19,0,0,0,1,1,16,-1,-1,-1
"2025000017055",1,3,19,8,0,0,1,1,19,124,1,12
"2025000017056",1,9,8,1,0,0,1,1,71,-1,-1,-1
"2025000017056",2,9,19,8,0,0,4,2,42,2199,2,6
"2025000017057",1,3,7,0,0,0,4,1,24,124,1,6
"2025000017058",1,9,19,8,0,0,1,2,39,1398,1,9
"2025000017059",1,3,19,0,0,0,1,1,27,108,1,4
"2025000017060",2,9,19,8,1,10,1,1,33,1596,1,12
"2025000017060",1,9,9,5,1,10,1,1,23,1598,2,11
"2025000017061",2,9,-1,-1,-1,-1,-1,2,65,1329,1,12
"2025000017061",1,9,-1,-1,-1,-1,-1,1,82,1998,1,15
"2025000017062",2,9,99,0,9,99,1,3,-1,2429,1,18
"2025000017062",1,3,99,0,9,99,9,1,25,108,1,7
"2025000017063",2,9,9,6,0,0,1,1,31,1461,2,7
"2025000017063",1,9,14,8,0,0,1,1,22,1995,2,13
"2025000017064",1,9,3,0,0,0,2,1,70,2494,8,4
"2025000017064",2,9,3,0,0,0,2,2,34,998,1,6
"2025000017064",3,9,19,0,0,0,1,1,27,1339,1,14
"2025000017065",1,9,19,0,0,0,1,2,29,1598,2,10
"2025000017066",1,3,99,0,0,0,1,1,44,125,1,3
"2025000017067",3,9,2,8,0,0,3,-1,-1,1496,1,9
"2025000017067",1,9,19,8,0,0,1,2,89,998,1,9
"2025000017067",2,9,19,8,0,0,1,2,39,1498,1,2
"2025000017068",1,9,9,5,0,0,3,1,36,2993,2,13