"collision_index","vehicle_reference","vehicle_type","vehicle_manoeuvre","junction_location","skidding_and_overturning","hit_object_in_carriageway","first_point_of_impact","sex_of_driver","age_of_driver","engine_capacity_cc","propulsion_code","age_of_vehicle"
"2025000017068",2,1,19,8,0,0,1,1,27,-1,-1,-1
"2025000017069",1,9,19,1,0,0,1,1,29,2979,1,15
"2025000017070",2,19,6,1,0,0,1,1,21,-1,-1,-1
"2025000017070",1,5,19,1,0,0,4,1,43,776,1,0
"2025000017071",1,9,19,1,0,0,1,1,26,1598,2,11
"2025000017072",1,9,19,0,0,0,1,1,58,1200,1,7
"2025000017073",2,8,19,8,0,0,3,1,31,1685,2,5
"2025000017073",1,8,19,6,0,0,4,1,-1,1797,8,5
"2025000017074",1,9,19,0,0,0,1,1,-1,1364,1,6
"2025000017074",2,9,4,0,0,0,2,2,28,1396,1,11
"2025000017075",2,9,4,0,0,0,2,2,55,1798,8,6
"2025000017075",1,9,19,0,0,0,1,1,60,-1,-1,-1
"2025000017076",1,9,7,5,0,0,1,2,69,1388,1,15
"2025000017077",1,9,19,4,0,0,1,-1,-1,-1,-1,-1
"2025000017077",2,1,19,8,0,0,1,1,23,-1,-1,-1
"2025000017078",1,9,99,0,9,99,9,1,34,1999,2,9
"2025000017078",2,9,99,0,9,99,9,3,-1,1797,8,11
"2025000017079",1,9,19,8,1,0,2,2,35,-1,3,3
"2025000017079",2,9,19,8,0,0,1,1,33,1999,2,7
"2025000017080",1,9,19,0,0,0,4,1,77,1560,2,12
"2025000017081",2,11,4,4,0,0,1,1,58,6700,2,5
"2025000017081",1,9,7,8,0,0,1,3,75,998,1,0
"2025000017082",2,9,19,0,0,0,1,1,44,1839,1,17
"2025000017082",1,97,7,0,0,0,1,1,21,-1,-1,-1
"2025000017083",2,9,19,8,0,0,1,1,72,999,1,6
"2025000017083",1,9,9,8,0,0,3,1,18,1198,1,11
"2025000017084",2,-1,19,6,0,0,3,2,18,-1,-1,-1
"2025000017084",1,9,19,8,0,0,1,1,29,-1,-1,-1
"2025000017085",1,9,19,0,1,0,3,2,52,1896,2,13
"2025000017086",1,5,7,8,0,0,1,1,40,670,1,9
"2025000017087",1,9,7,0,0,0,1,3,49,1560,2,9
"2025000017087",2,3,15,0,5,0,1,1,28,124,1,1
"2025000017087",3,9,2,0,0,0,2,3,-1,1797,8,7
"2025000017088",2,9,19,0,0,0,1,1,63,1332,1,4
"2025000017088",1,9,13,0,0,0,3,1,20,1968,2,9
"2025000017089",1,9,19,0,0,0,1,3,-1,998,1,16
"2025000017089",2,9,19,0,0,0,2,3,-1,-1,-1,-1
"2025000017090",2,-1,19,0,0,0,2,1,25,-1,-1,-1
"2025000017090",1,9,13,0,0,0,1,3,-1,-1,-1,-1
"2025000017091",1,3,9,8,2,0,1,1,27,125,1,2
"2025000017092",1,11,5,2,0,0,3,1,49,6700,2,5
"2025000017093",1,9,19,5,0,0,1,1,86,999,1,1
"2025000017094",2,9,4,1,0,0,2,1,32,1591,1,0
"2025000017094",1,9,19,1,0,0,1,3,-1,2993,2,10
"2025000017095",1,19,9,0,0,0,1,1,64,-1,3,3
"2025000017096",1,9,19,8,0,0,1,1,46,1598,2,7
"2025000017097",1,9,7,0,1,0,2,1,40,-1,-1,-1
"2025000017097",2,9,19,0,1,0,1,1,28,1998,1,12
"2025000017098",1,9,19,0,2,0,3,1,62,999,1,0
"2025000017099",1,9,9,8,1,0,3,1,67,1910,2,14
"2025000017099",2,9,19,8,1,0,1,1,72,1373,8,2
"2025000017100",1,4,19,0,1,0,1,2,45,125,1,3
"2025000017101",3,9,19,0,0,10,2,1,59,1199,1,3
"2025000017101",2,9,19,0,0,10,3,1,62,1598,1,16
"2025000017101",1,9,19,0,0,0,1,3,-1,1797,8,12
"2025000017101",4,9,19,0,0,0,1,1,33,1332,1,3
"2025000017102",2,9,19,8,0,0,1,2,20,1598,1,2
"2025000017102",1,9,9,5,0,0,4,2,36,1598,2,10
"2025000017103",2,9,19,8,0,0,4,1,52,1598,2,4
"2025000017103",1,9,19,6,0,0,1,2,49,1685,2,5
"2025000017104",1,19,19,0,0,0,1,1,21,1461,2,5
"2025000017105",1,9,19,5,0,10,1,1,32,-1,-1,-1
"2025000017105",2,9,19,1,0,0,0,3,-1,2993,12,0
"2025000017106",1,9,19,0,5,5,4,1,21,1596,1,10
"2025000017107",2,90,99,9,9,99,9,1,-1,-1,-1,-1
"2025000017107",1,1,99,9,9,99,1,2,21,-1,-1,-1
"2025000017108",2,9,12,0,0,0,2,1,31,1969,2,3
"2025000017108",1,9,19,0,0,0,1,1,24,2998,1,4
"2025000017109",2,1,19,2,0,0,1,2,26,-1,-1,-1
"2025000017109",1,9,3,2,0,0,4,1,43,999,1,2
"2025000017110",1,9,5,0,0,0,1,1,32,1997,2,13
"2025000017110",2,1,19,0,0,0,1,1,46,-1,-1,-1
"2025000017111",2,9,19,0,0,0,3,1,44,-1,-1,-1
"2025000017111",1,19,19,0,0,0,3,3,-1,-1,-1,-1
"2025000017112",3,9,19,0,0,0,2,1,62,2179,2,8
"2025000017112",2,9,19,0,0,0,1,1,38,-1,-1,-1
"2025000017112",4,9,19,0,0,0,2,2,26,1598,8,0
"2025000017112",1,19,12,0,0,0,1,1,33,1995,2,6
"2025000017113",2,9,3,0,0,0,2,2,32,1461,2,11
"2025000017113",1,9,7,0,0,0,1,3,40,-1,-1,-1
"2025000017114",2,9,19,0,0,0,1,2,47,1499,2,4
"2025000017114",1,9,19,0,2,7,1,1,28,1399,2,16
"2025000017115",2,9,9,1,0,0,4,1,24,-1,-1,-1
"2025000017115",1,5,9,1,0,0,1,2,44,-1,-1,-1
"2025000017116",3,9,19,0,0,0,2,2,58,1349,1,11
"2025000017116",2,19,19,0,0,0,1,1,24,2143,2,12
"2025000017116",1,9,19,0,0,0,2,1,63,1596,1,10
"2025000017116",4,9,19,0,0,0,2,1,62,1395,1,5
"2025000017117",1,11,19,0,5,0,4,1,40,4760,2,11
"2025000017118",1,9,19,1,0,0,1,1,19,1598,2,9
"2025000017118",2,9,5,6,0,0,2,1,51,1598,2,7
"2025000017119",3,9,19,0,0,0,1,3,40,1998,1,3
"2025000017119",4,9,19,0,0,0,1,3,-1,-1,-1,-1
"2025000017119",2,9,19,0,0,0,1,3,-1,1999,8,5
"2025000017119",1,9,19,0,0,0,2,3,-1,-1,-1,-1
"2025000017120",1,11,4,1,0,0,0,1,47,5132,2,7
"2025000017121",2,9,19,8,0,0,1,2,-1,1461,2,11
"2025000017121",1,1,19,8,0,0,1,1,45,-1,-1,-1
"2025000017122",2,9,15,0,0,0,1,1,45,-1,-1,-1
"2025000017122",3,21,2,0,0,0,0,3,-1,5193,2,2
"2025000017122",1,9,5,0,0,0,2,2,29,-1,-1,-1
"2025000017123",1,9,9,5,0,0,4,1,49,1997,2,17
"2025000017123",2,1,19,1,0,0,1,1,20,-1,-1,-1
"2025000017124",2,1,19,0,5,0,1,1,20,-1,-1,-1
"2025000017124",1,9,19,0,0,0,1,1,44,1461,2,7
"2025000017125",3,19,19,1,0,0,3,1,47,1560,2,2
"2025000017125",4,19,7,1,0,0,0,3,-1,1997,2,2
"2025000017125",2,19,19,1,0,0,1,1,26,1560,2,10
"2025000017125",1,19,19,1,0,0,1,1,33,2148,2,11
"2025000017126",1,9,9,1,0,0,4,2,31,1598,1,3
"2025000017127",1,11,10,6,0,0,1,2,58,4500,2,10
"2025000017127",2,11,19,1,0,0,3,1,28,4500,2,4
"2025000017128",2,9,99,9,9,99,9,3,-1,-1,-1,-1
"2025000017128",1,9,99,9,9,99,2,1,30,1328,1,12
"2025000017128",4,9,99,9,9,99,9,3,-1,-1,-1,-1
"2025000017128",3,9,99,9,9,99,9,3,-1,-1,-1,-1
"2025000017129",2,9,19,0,0,0,2,2,40,1497,8,0
"2025000017129",1,9,19,0,0,0,1,3,-1,-1,-1,-1
"2025000017130",2,9,19,8,0,0,1,1,52,1329,1,14
"2025000017130",1,9,5,6,0,10,3,1,58,1798,1,7
"2025000017131",2,9,19,1,0,0,1,1,29,2480,1,8
"2025000017131",1,9,19,1,0,0,4,1,55,1798,8,6
"2025000017131",3,9,2,2,0,0,4,1,29,1968,2,10
"2025000017132",1,9,2,0,0,0,2,3,-1,-1,-1,-1
"2025000017132",2,3,19,0,0,4,1,1,17,125,1,2
"2025000017133",1,9,1,2,0,0,2,1,40,-1,-1,-1
"2025000017134",2,9,2,1,0,0,1,-1,-1,1686,2,11
"2025000017134",1,97,19,1,5,0,1,1,24,-1,-1,-1
"2025000017135",2,9,99,9,9,99,9,3,-1,1984,1,1
"2025000017135",1,1,99,9,9,99,1,1,41,-1,-1,-1
"2025000017136",1,1,5,6,0,0,1,1,6,-1,-1,-1
"2025000017136",2,9,19,1,0,0,1,2,25,999,1,0
"2025000017137",1,9,19,0,0,0,1,1,47,1339,1,13
"2025000017138",1,9,19,0,0,0,1,1,19,1197,1,9
"2025000017139",1,9,19,0,0,10,3,1,44,-1,-1,-1
"2025000017139",2,9,19,0,0,0,1,1,31,-1,-1,-1
"2025000017140",1,9,19,0,0,0,0,1,78,1968,2,8
"2025000017141",1,9,9,8,0,0,4,2,35,1685,2,7
"2025000017141",2,9,10,8,0,0,3,2,42,1499,2,9
"2025000017142",1,9,9,1,0,0,3,1,17,1598,2,10
"2025000017142",3,9,19,2,0,0,1,2,46,1686,2,8
"2025000017142",2,9,19,2,0,0,1,2,46,1498,1,13
"2025000017143",1,9,19,7,0,0,1,1,29,1499,1,9
"2025000017143",2,9,4,8,0,0,2,1,21,998,1,8
"2025000017144",1,5,19,0,2,10,1,1,26,998,1,16
"2025000017144",2,9,19,0,0,0,1,1,62,1968,2,10
"2025000017145",3,9,19,0,0,0,3,1,32,1998,1,7
"2025000017145",2,9,19,0,0,0,2,2,19,899,1,8
"2025000017145",1,9,19,0,0,0,1,2,18,998,1,13
"2025000017146",2,1,19,1,0,0,1,1,30,-1,-1,-1
"2025000017146",1,9,9,5,0,0,4,1,47,1984,1,8
"2025000017147",2,9,19,8,0,0,1,1,33,2993,2,13
"2025000017147",1,9,9,5,0,0,4,2,55,1197,1,9
"2025000017148",1,1,99,9,9,99,9,1,26,-1,-1,-1
"2025000017148",2,8,99,9,9,99,9,3,-1,-1,-1,-1
"2025000017149",2,1,19,0,0,0,1,1,11,-1,-1,-1
"2025000017149",1,9,19,0,0,0,4,2,-1,-1,-1,-1
"2025000017150",1,2,19,0,0,0,4,1,62,49,1,7
"2025000017151",1,9,19,1,0,0,1,1,56,1198,1,8
"2025000017151",2,1,19,1,0,0,1,1,6,-1,-1,-1
"2025000017152",1,9,5,0,0,0,1,1,39,1997,2,6
"2025000017152",3,19,5,0,0,0,1,1,52,1499,2,2
"2025000017152",2,20,19,0,0,0,1,1,29,2299,2,11
"2025000017153",1,1,99,9,9,99,1,1,26,-1,-1,-1
"2025000017153",2,9,99,9,9,99,2,3,-1,1991,1,3
"2025000017154",1,3,19,0,0,0,1,3,-1,124,1,6
"2025000017155",2,9,4,1,0,0,1,2,70,998,1,4
"2025000017155",1,9,3,1,0,0,2,2,29,-1,-1,-1
"2025000017156",1,9,9,5,0,0,1,2,62,2499,1,14
"2025000017156",2,1,13,1,0,0,1,1,25,-1,-1,-1
"2025000017157",1,3,19,1,0,0,1,1,18,124,1,12
"2025000017158",2,9,19,0,0,0,1,1,30,1598,1,13
"2025000017158",1,9,19,0,0,0,2,1,44,1956,2,12
"2025000017159",1,9,19,0,0,0,2,1,36,1598,1,9
"2025000017159",2,9,13,0,0,0,4,1,28,-1,-1,-1
"2025000017160",1,9,19,0,0,0,0,3,-1,-1,-1,-1
"2025000017160",2,9,19,0,2,0,1,1,54,1995,2,4
"2025000017161",2,9,19,0,0,0,2,1,53,2967,2,0
"2025000017161",1,9,11,0,1,0,1,1,46,1998,1,16
"2025000017162",2,9,2,0,0,0,0,3,-1,1332,1,5
"2025000017162",1,9,19,0,0,4,4,2,41,1998,8,8
"2025000017163",1,9,19,1,0,0,1,1,81,1242,1,8
"2025000017164",1,9,19,0,0,0,1,1,36,1984,2,11
"2025000017165",1,9,13,1,0,0,4,1,26,-1,-1,-1
"2025000017165",2,19,9,5,0,0,3,1,42,2402,2,16
"2025000017166",1,9,19,8,0,0,1,1,41,-1,-1,-1
"2025000017166",2,1,19,8,0,0,3,1,55,-1,-1,-1
"2025000017167",2,9,5,1,0,0,1,1,41,1332,1,4
"2025000017167",1,8,19,1,0,0,3,1,22,1499,1,0
"2025000017168",3,11,19,0,0,0,1,1,69,10667,2,2
"2025000017168",1,19,19,0,0,0,1,1,27,1995,2,2
"2025000017168",2,9,4,0,0,0,2,1,50,1560,2,4
"2025000017169",1,9,19,3,0,0,1,1,40,-1,-1,-1
"2025000017170",1,1,19,0,0,11,1,2,26,-1,-1,-1
"2025000017171",2,1,19,0,0,0,0,1,31,-1,-1,-1
"2025000017171",1,9,6,0,0,0,0,2,23,1461,2,5
"2025000017172",1,9,19,0,1,10,1,1,18,1991,1,9
"2025000017173",1,9,3,1,0,0,1,1,48,1798,1,15
"2025000017173",2,9,3,1,0,0,2,1,34,1598,8,0
"2025000017174",1,11,-1,-1,-1,-1,-1,3,-1,4500,2,1
"2025000017175",1,5,19,0,0,10,4,1,42,1050,1,10
"2025000017176",1,9,5,0,0,0,1,1,41,999,1,6
"2025000017176",4,9,2,0,0,0,4,1,74,1490,8,2
"2025000017176",3,9,2,0,0,0,1,1,-1,1461,2,9
"2025000017176",2,9,2,0,0,0,2,1,73,1329,1,12
"2025000017177",2,19,99,9,9,99,9,3,-1,2143,2,8
"2025000017177",1,1,99,9,9,99,9,3,66,-1,-1,-1
"2025000017178",1,9,19,0,2,0,1,1,49,-1,-1,-1
"2025000017179",1,19,19,0,0,0,2,1,-1,2198,2,12
"2025000017179",2,9,4,0,0,0,1,1,-1,2993,2,1
"2025000017180",1,9,1,0,0,0,2,2,79,998,1,1
"2025000017180",3,9,2,0,0,0,2,-1,-1,1299,1,24
"2025000017180",2,9,2,0,0,0,2,-1,-1,998,1,4
"2025000017180",4,9,2,0,0,0,1,-1,-1,1560,2,11
"2025000017181",1,9,19,1,0,0,1,1,30,1390,1,9
"2025000017181",2,9,2,1,0,0,1,2,38,1329,1,7
"2025000017182",2,9,19,0,0,0,4,1,30,1580,8,2
"2025000017182",1,5,19,0,0,0,3,1,51,-1,-1,-1
"2025000017183",1,9,-1,0,0,4,1,2,78,1242,1,8
"2025000017183",2,9,2,0,0,0,1,1,37,2993,2,17
"2025000017184",2,1,19,8,0,0,3,1,47,-1,-1,-1
"2025000017184",1,9,9,8,0,0,1,2,56,1910,2,14
"2025000017185",2,19,19,8,0,0,1,1,52,1995,2,3
"2025000017185",1,9,1,8,0,0,2,1,37,1248,1,3
"2025000017186",1,9,19,0,0,0,3,1,48,1798,8,5
"2025000017186",2,9,19,0,0,0,3,3,-1,2204,2,14
"2025000017187",1,2,19,1,0,10,1,2,22,49,1,12
"2025000017188",2,1,19,8,0,0,1,1,19,-1,-1,-1
"2025000017188",1,9,9,6,0,0,4,2,57,1968,2,5
"2025000017189",2,1,19,8,0,0,1,1,32,-1,-1,-1
"2025000017189",1,19,5,8,0,0,1,1,28,3198,2,6
"2025000017190",1,11,99,9,9,99,9,2,56,6696,2,10
"2025000017191",2,9,19,1,0,0,3,2,61,2435,1,22
"2025000017191",1,9,7,5,0,10,1,2,17,1560,2,18
"2025000017192",1,9,3,1,0,0,1,2,55,1998,1,5
"2025000017193",1,9,19,0,2,0,1,1,46,1242,1,10
"2025000017194",1,9,9,8,0,0,3,1,40,1797,8,6
"2025000017194",2,19,19,1,0,0,1,1,38,1997,2,4
"2025000017195",2,3,5,8,0,0,4,1,26,125,1,11
"2025000017195",1,9,5,8,0,0,1,2,31,999,1,0
"2025000017196",1,8,5,0,0,0,0,1,55,1798,8,7
"2025000017197",1,9,9,6,0,0,3,1,46,1198,1,15
"2025000017197",2,-1,19,1,0,0,1,1,48,-1,-1,-1
"2025000017198",2,9,19,0,0,0,1,1,-1,998,1,8
"2025000017198",1,9,19,0,0,0,1,2,20,1149,1,15
"2025000017198",3,9,19,0,0,0,2,2,40,-1,-1,-1
"2025000017199",2,9,19,4,0,0,1,1,34,1498,1,13
"2025000017199",1,1,19,3,1,0,1,1,35,-1,-1,-1
"2025000017200",1,9,5,1,0,0,2,1,22,998,1,4
"2025000017200",2,9,4,1,0,0,2,1,68,1200,1,1
"2025000017201",1,9,9,0,2,0,1,1,36,1794,1,19
"2025000017202",1,9,19,3,0,0,1,2,57,1997,2,13
"2025000017203",2,1,14,2,0,0,3,1,28,-1,-1,-1
"2025000017203",3,9,2,2,0,0,4,3,-1,1598,1,10
"2025000017203",1,11,19,2,0,0,4,1,29,5132,2,7
"2025000017204",1,9,19,0,0,0,1,1,79,1796,1,18
"2025000017205",1,11,19,0,0,0,0,1,38,5132,2,7
"2025000017206",1,19,19,1,0,0,4,3,-1,1997,2,6
"2025000017207",1,9,19,8,0,0,4,2,48,1896,2,18
"2025000017207",2,9,7,6,0,0,1,1,-1,1969,2,8
"2025000017208",1,9,5,6,0,0,1,1,77,-1,-1,-1
"2025000017209",1,9,19,0,0,0,0,3,-1,-1,-1,-1
"2025000017209",3,9,19,0,1,0,1,2,44,1499,1,3
"2025000017209",2,9,19,0,0,0,1,1,33,1332,1,2
"2025000017210",1,9,19,0,0,0,1,1,50,999,1,5
"2025000017211",1,9,19,1,0,0,1,1,-1,-1,-1,-1
"2025000017212",2,9,19,1,0,0,4,2,38,998,1,17
"2025000017212",1,90,19,1,0,0,1,1,30,-1,-1,-1
"2025000017213",2,1,19,1,0,0,1,1,13,-1,-1,-1
"2025000017213",1,9,4,1,0,0,3,2,29,1798,1,6
"2025000017214",1,9,19,8,0,0,1,1,36,1498,2,3
"2025000017214",2,8,19,8,0,0,3,1,59,1560,2,6
"2025000017215",1,11,19,1,0,0,1,1,47,6700,2,5
"2025000017215",2,9,9,8,0,0,4,2,21,998,1,4
"2025000017216",2,9,99,0,9,99,1,3,-1,1591,1,11
"2025000017216",1,9,99,0,9,99,2,1,44,998,1,7
"2025000017217",1,19,5,1,0,0,3,1,59,1995,2,8
"2025000017217",2,1,19,1,0,0,0,1,59,-1,-1,-1
"2025000017218",1,5,19,0,0,0,1,1,35,1301,1,3
"2025000017218",2,9,19,0,0,0,2,2,60,1597,2,7
"2025000017219",1,5,19,8,2,0,1,1,60,999,1,16
"2025000017219",2,11,9,6,0,0,0,1,47,9600,2,20
"2025000017220",1,11,99,9,9,99,9,1,-1,6696,2,9
"2025000017221",2,9,2,1,0,0,1,3,-1,2499,1,16
"2025000017221",1,9,5,1,0,0,1,2,42,1598,2,7
"2025000017222",1,9,7,0,2,0,1,1,24,1984,1,6
"2025000017223",3,9,4,0,1,0,0,1,-1,1598,8,2
"2025000017223",1,19,19,0,1,0,3,1,37,2198,2,8
"2025000017223",2,9,19,0,0,0,3,1,35,-1,-1,-1
"2025000017224",2,5,19,8,0,0,1,1,63,1237,1,14
"2025000017224",1,9,19,8,0,0,1,2,53,1499,1,8
"2025000017225",1,9,19,0,5,0,1,1,28,2999,8,4
"2025000017226",1,21,19,0,0,0,1,1,66,12777,2,3
"2025000017227",1,9,19,0,0,0,1,1,35,1242,1,17
"2025000017228",1,3,19,0,0,0,1,1,20,124,1,1
"2025000017228",2,9,4,0,0,0,2,1,42,1596,1,14
"2025000017229",2,10,19,8,0,0,1,1,18,-1,-1,-1
"2025000017229",1,9,19,8,0,0,4,1,22,1299,1,19
"2025000017230",1,9,9,0,0,0,1,2,43,1329,1,13
"2025000017230",2,9,19,0,0,0,4,1,56,2993,2,12
"2025000017231",2,9,19,8,0,0,1,1,-1,1399,1,14
"2025000017231",1,1,19,8,0,0,2,1,15,-1,-1,-1
"2025000017232",1,9,9,8,0,0,4,1,47,2143,2,7
"2025000017232",2,8,19,1,0,0,1,1,43,1956,2,6
"2025000017233",1,19,19,1,0,0,1,1,27,1499,2,4
"2025000017233",2,9,9,1,0,0,4,2,67,1461,2,9
"2025000017234",1,9,19,2,0,0,1,1,73,2544,1,21
"2025000017235",1,2,19,0,0,0,1,1,16,50,1,5
"2025000017235",2,9,19,0,0,0,1,2,48,1597,1,21
"2025000017236",1,5,19,0,0,0,1,1,26,891,1,29
"2025000017237",1,9,5,1,0,0,1,3,-1,-1,-1,-1
"2025000017237",2,1,19,1,0,0,1,1,12,-1,-1,-1
"2025000017238",2,9,19,1,0,0,1,1,27,2979,1,6
"2025000017238",1,9,19,1,0,0,1,1,43,1797,8,8
"2025000017238",3,9,19,1,0,0,1,1,21,2993,2,10
"2025000017239",1,9,19,1,0,0,1,2,24,1390,1,13
"2025000017239",2,9,3,1,0,0,1,3,-1,1600,2,13
"2025000017240",1,19,19,0,1,0,1,1,21,1995,2,4
"2025000017240",3,9,4,0,0,0,2,2,54,-1,-1,-1
"2025000017240",2,9,4,0,0,0,2,1,39,1598,2,9
"2025000017241",2,2,5,1,5,0,2,1,18,110,1,2
"2025000017241",1,9,19,1,0,0,1,1,19,1198,1,16
"2025000017242",1,9,9,5,0,0,4,1,22,1596,1,12
"2025000017242",2,5,19,1,1,0,1,1,54,1098,1,14
"2025000017243",1,9,9,1,1,0,1,1,28,1998,1,14
"2025000017244",1,9,99,0,9,99,9,2,53,1598,2,7
"2025000017244",2,9,99,0,9,99,9,3,-1,2979,1,17
"2025000017245",1,9,7,0,0,0,1,1,45,1968,2,15
"2025000017246",2,9,99,9,9,99,9,3,61,1332,1,4
"2025000017246",1,9,99,9,9,99,9,1,18,1242,1,12
"2025000017247",1,9,3,0,0,0,1,1,42,1596,1,13
"2025000017247",2,9,3,0,0,0,4,2,34,1198,1,9
"2025000017248",2,11,13,8,0,0,1,1,51,5132,2,1
"2025000017248",1,8,9,8,0,0,3,1,64,1968,2,3
"2025000017249",2,9,99,9,9,99,9,2,34,1797,8,11
"2025000017249",1,8,99,9,9,99,2,1,40,1998,8,6
"2025000017250",2,9,9,1,0,0,2,1,51,1596,1,11
"2025000017250",1,19,19,1,0,0,1,1,21,-1,-1,-1
"2025000017251",2,8,19,0,0,0,2,1,50,-1,-1,-1
"2025000017251",1,5,19,0,0,0,1,3,-1,599,1,28
"2025000017252",2,9,19,0,0,0,1,2,25,1499,1,3
"2025000017252",1,9,13,0,0,0,1,2,50,1398,1,12
"2025000017252",3,9,19,0,0,0,3,2,30,1991,2,18
"2025000017253",1,9,19,1,0,0,1,1,70,2967,2,15
"2025000017254",1,9,9,2,0,0,1,2,23,1242,1,7
"2025000017255",1,9,9,1,0,0,1,1,36,898,1,2
"2025000017256",2,19,13,0,0,0,4,1,19,2198,2,15
"2025000017256",1,9,3,0,0,0,1,1,60,1968,2,5
"2025000017257",2,2,7,0,1,8,1,1,16,49,1,14
"2025000017257",1,9,2,0,0,0,3,1,39,1399,2,13
"2025000017258",1,90,19,0,0,10,1,1,41,-1,-1,-1
"2025000017259",1,9,19,0,1,0,3,2,31,1242,1,14
"2025000017260",2,9,19,8,2,0,1,2,24,1984,1,12
"2025000017260",1,9,9,8,0,10,4,1,36,999,1,3
"2025000017261",1,98,2,0,0,0,3,3,-1,-1,-1,-1
"2025000017261",2,9,19,0,1,4,1,1,36,1796,1,12
"2025000017262",2,9,19,0,0,0,2,1,37,1968,2,10
"2025000017262",1,9,19,0,0,0,1,3,-1,-1,-1,-1
"2025000017263",1,1,19,0,0,0,3,2,11,-1,-1,-1
"2025000017263",2,11,19,0,0,0,3,1,65,12902,2,4
"2025000017264",1,3,19,1,0,0,1,1,53,124,1,8
"2025000017264",2,9,9,8,0,0,4,1,44,1390,1,19
"2025000017264",3,9,19,2,0,0,2,1,41,1968,2,0
"2025000017265",2,9,19,0,2,0,1,1,55,998,1,21
"2025000017265",1,9,19,0,0,0,1,2,63,1998,1,5
"2025000017266",1,8,5,4,0,0,3,1,33,1798,8,3
"2025000017266",2,3,19,3,0,0,1,1,27,124,1,2
"2025000017267",1,19,19,0,0,0,0,1,59,2143,2,6
"2025000017268",2,19,19,1,0,0,1,1,44,1968,2,3
"2025000017268",3,9,3,1,0,0,1,1,62,1896,2,15
"2025000017268",1,9,19,8,0,0,4,1,22,1794,1,19
"2025000017269",1,9,5,6,0,0,1,1,82,999,1,0
"2025000017269",2,9,19,1,0,0,3,1,46,1498,1,1
"2025000017270",1,9,-1,0,-1,-1,-1,3,-1,-1,-1,-1
"2025000017271",2,1,19,3,0,0,4,1,41,-1,-1,-1
"2025000017271",1,9,19,4,0,0,4,1,19,1242,1,16
"2025000017272",2,9,5,0,0,0,4,2,31,1560,2,6
"2025000017272",1,3,19,0,0,0,1,1,17,125,1,9
"2025000017273",1,9,19,1,0,0,1,1,38,1968,2,3
"2025000017274",2,9,13,1,0,0,1,1,-1,1988,1,21
"2025000017274",1,9,9,1,0,0,3,1,31,2488,2,15
"2025000017275",1,9,19,1,0,0,1,3,67,-1,-1,-1
"2025000017276",3,9,19,2,0,0,2,1,47,1798,8,11
"2025000017276",4,9,19,8,0,0,1,2,41,1999,2,5
"2025000017276",5,9,3,2,0,0,2,3,-1,1798,8,6
"2025000017276",1,9,19,8,0,0,1,1,52,-1,3,2
"2025000017276",2,9,19,8,0,0,4,1,28,2143,2,8
"2025000017277",2,9,3,1,0,0,1,3,-1,1198,1,13
"2025000017277",1,9,3,6,0,0,2,1,20,1560,2,10
"2025000017278",2,1,19,8,0,0,4,1,38,-1,-1,-1
"2025000017278",1,9,9,8,0,0,1,1,39,-1,3,1
"2025000017279",1,9,19,0,0,4,1,1,60,2143,2,4
"2025000017279",2,9,2,0,0,0,1,1,39,1969,2,6
"2025000017280",1,9,9,1,0,0,4,2,34,2521,1,15
"2025000017280",2,1,19,1,0,0,1,2,38,-1,-1,-1
"2025000017281",1,3,19,0,0,0,1,1,49,108,1,5
"2025000017282",1,9,19,3,0,0,3,2,57,1998,1,4
"2025000017282",2,9,19,3,0,0,4,2,33,1499,1,8
"2025000017283",2,19,19,3,0,0,1,3,-1,-1,-1,-1
"2025000017283",1,9,19,4,5,0,1,1,84,1248,1,5
"2025000017284",1,19,19,0,0,0,4,1,59,-1,-1,-1
"2025000017284",2,9,19,0,0,0,3,1,68,1797,8,6
"2025000017285",2,9,7,1,0,0,1,1,64,1584,1,17
"2025000017285",1,9,19,1,0,0,2,1,31,1240,1,20
"2025000017286",2,9,3,3,0,0,2,1,45,2179,2,16
"2025000017286",1,9,19,3,0,0,1,1,52,1969,2,5
"2025000017287",2,1,9,8,1,0,2,1,13,-1,-1,-1
"2025000017287",1,9,19,8,0,0,1,2,44,1991,2,10
"2025000017288",1,9,7,5,0,0,4,1,78,1600,8,1
"2025000017288",2,1,15,1,0,0,4,1,48,-1,-1,-1
"2025000017289",2,9,12,0,0,0,0,1,-1,-1,-1,-1
"2025000017289",1,5,19,0,0,10,1,1,32,998,1,3
"2025000017290",1,9,7,6,0,0,1,1,18,1329,1,7
"2025000017290",2,9,3,1,0,0,1,1,18,1332,1,6
"2025000017291",3,9,2,1,0,0,2,3,-1,1797,8,4
"2025000017291",1,9,3,1,1,0,2,1,41,1598,2,6
"2025000017291",4,9,2,1,0,0,1,3,-1,1798,8,5
"2025000017291",2,9,14,1,1,0,1,1,42,1995,2,7
"2025000017292",1,9,99,9,9,99,9,3,-1,-1,-1,-1
"2025000017293",2,9,19,0,0,0,1,1,40,1242,1,11
"2025000017293",1,9,19,0,0,0,1,1,26,1753,2,15
"2025000017294",1,9,19,1,0,0,1,2,37,1339,1,10
"2025000017295",2,9,3,1,0,0,2,1,27,1968,2,7
"2025000017295",1,9,19,1,0,0,1,3,-1,1910,2,18
"2025000017296",2,9,19,1,0,0,4,2,29,1968,2,2