"collision_index","vehicle_reference","vehicle_type","vehicle_manoeuvre","junction_location","skidding_and_overturning","hit_object_in_carriageway","first_point_of_impact","sex_of_driver","age_of_driver","engine_capacity_cc","propulsion_code","age_of_vehicle"
"2025000017296",1,19,19,1,0,0,4,1,23,-1,3,1
"2025000017297",1,9,19,8,0,0,4,2,34,1997,2,5
"2025000017297",2,9,5,6,0,0,1,2,61,1560,2,12
"2025000017298",1,9,19,0,0,0,1,2,38,1997,1,8
"2025000017298",2,9,19,0,0,0,2,1,53,2143,2,10
"2025000017299",3,9,19,1,0,0,1,2,57,999,1,2
"2025000017299",1,19,19,1,0,10,4,1,34,1560,2,9
"2025000017299",2,9,19,1,0,0,1,1,25,1686,2,15
"2025000017300",1,9,5,8,0,0,1,2,25,1229,1,14
"2025000017300",2,9,19,8,0,0,3,2,50,999,1,1
"2025000017301",1,9,19,8,0,0,3,1,69,1364,1,11
"2025000017302",2,4,19,8,0,0,3,1,32,350,1,5
"2025000017302",1,19,19,8,0,0,1,1,58,1197,1,6
"2025000017303",1,3,99,0,9,99,0,1,25,125,1,3
"2025000017303",2,9,99,0,9,99,1,3,-1,-1,3,1
"2025000017304",1,5,19,0,1,0,0,1,34,647,1,29
"2025000017305",1,9,19,0,0,0,1,1,21,1149,1,12
"2025000017305",2,9,19,0,0,0,2,1,39,1591,1,7
"2025000017306",1,9,19,2,0,0,3,1,22,-1,-1,-1
"2025000017306",2,9,19,1,0,0,3,1,31,1896,2,15
"2025000017307",1,9,7,1,0,0,1,1,39,1499,2,6
"2025000017307",2,9,7,8,0,0,2,1,49,1984,1,10
"2025000017308",1,19,3,1,0,0,4,1,55,2287,2,6
"2025000017308",2,1,15,1,2,10,3,1,35,-1,-1,-1
"2025000017309",2,3,19,1,0,0,1,1,43,124,1,2
"2025000017309",1,9,1,1,0,0,2,1,-1,-1,-1,-1
"2025000017310",3,9,2,0,0,0,3,1,-1,1560,2,11
"2025000017310",2,9,2,0,0,0,3,1,-1,898,1,4
"2025000017310",4,9,2,0,0,0,1,1,-1,1248,1,11
"2025000017310",1,9,19,0,0,0,1,1,-1,-1,-1,-1
"2025000017311",1,9,4,2,0,0,1,1,48,1968,2,8
"2025000017311",2,1,5,6,0,0,2,1,55,-1,-1,-1
"2025000017312",1,19,19,0,5,0,4,1,37,-1,-1,-1
"2025000017313",2,9,19,0,0,0,3,2,47,1197,1,8
"2025000017313",3,9,19,0,0,0,1,1,34,1598,1,13
"2025000017313",1,9,13,0,0,0,1,1,20,1995,2,11
"2025000017314",1,9,5,1,0,0,1,1,60,1796,1,18
"2025000017314",2,9,3,1,0,0,2,2,38,2199,2,7
"2025000017315",1,9,10,5,0,0,2,2,58,1242,1,7
"2025000017315",3,19,19,1,0,0,1,1,59,1968,2,9
"2025000017315",2,9,10,5,0,0,2,1,67,1248,1,9
"2025000017316",2,9,4,0,0,0,2,2,30,1995,2,10
"2025000017316",1,9,19,0,0,0,1,3,30,-1,-1,-1
"2025000017317",1,9,7,1,0,0,1,1,49,1461,2,10
"2025000017317",2,9,4,1,0,0,2,2,54,1496,2,5
"2025000017318",2,9,19,2,0,0,2,3,-1,-1,-1,-1
"2025000017318",1,1,19,2,0,0,1,1,27,-1,-1,-1
"2025000017319",1,9,19,0,0,0,1,1,27,1582,2,11
"2025000017320",2,9,19,1,0,0,1,1,29,1596,1,13
"2025000017320",1,9,99,1,0,0,2,2,25,1395,1,8
"2025000017321",1,19,5,6,0,0,1,1,62,2287,2,13
"2025000017321",2,9,19,8,0,0,4,2,46,998,1,7
"2025000017322",1,9,2,1,0,0,0,1,40,1998,8,7
"2025000017322",2,1,19,1,0,0,0,1,23,-1,-1,-1
"2025000017323",1,19,1,0,0,0,2,1,45,1995,2,1
"2025000017324",1,9,3,1,0,0,2,1,31,1968,2,8
"2025000017324",2,9,19,8,0,0,3,1,-1,2143,2,8
"2025000017325",2,9,19,0,0,0,1,2,65,-1,3,0
"2025000017325",1,9,19,0,0,0,1,2,21,1598,2,8
"2025000017326",1,3,19,8,9,99,4,1,36,125,1,6
"2025000017326",2,9,99,9,9,99,1,1,-1,3498,1,15
"2025000017327",1,9,4,0,0,0,1,1,49,-1,-1,-1
"2025000017327",2,9,3,0,0,0,2,2,68,-1,-1,-1
"2025000017327",3,9,3,0,0,0,2,1,42,1586,1,9
"2025000017328",1,9,99,9,9,99,1,3,-1,2979,1,23
"2025000017328",2,3,99,9,9,99,2,1,26,113,1,4
"2025000017329",2,9,3,1,0,0,2,1,39,1798,8,3
"2025000017329",1,9,19,1,0,0,1,3,-1,1956,2,11
"2025000017330",1,9,19,8,0,0,1,1,21,1390,1,11
"2025000017330",2,9,5,6,0,0,3,2,29,898,1,5
"2025000017331",1,5,5,1,0,0,0,1,58,1000,1,12
"2025000017332",1,5,11,8,0,0,4,1,34,1200,1,1
"2025000017332",2,9,19,8,0,0,3,1,35,1997,2,18
"2025000017333",1,9,19,1,0,10,1,2,20,1200,1,7
"2025000017334",1,9,19,4,1,0,1,1,27,1598,1,13
"2025000017334",2,9,19,8,0,0,1,2,34,1199,1,2
"2025000017335",1,9,13,3,0,0,1,1,22,1598,1,10
"2025000017335",2,1,19,3,0,0,2,1,82,-1,-1,-1
"2025000017336",1,9,5,6,0,0,3,1,43,2979,1,4
"2025000017336",2,9,19,1,0,0,1,1,55,1997,2,11
"2025000017337",1,9,19,1,0,0,4,1,24,1591,1,5
"2025000017338",1,1,19,0,0,0,1,1,32,-1,-1,-1
"2025000017338",2,9,3,0,0,0,2,1,32,1198,1,10
"2025000017339",2,5,19,1,2,0,4,1,-1,749,1,9
"2025000017339",1,9,5,1,0,0,1,2,18,1229,1,2
"2025000017340",1,1,99,9,9,99,0,2,23,-1,-1,-1
"2025000017340",2,19,99,9,9,99,1,3,34,2179,2,1
"2025000017341",2,3,19,8,0,0,1,1,17,125,1,4
"2025000017341",1,9,9,6,0,0,1,1,46,1596,1,17
"2025000017342",1,1,19,8,0,0,3,1,20,-1,-1,-1
"2025000017342",2,9,9,5,0,0,1,1,-1,1984,2,14
"2025000017343",2,9,19,0,0,0,3,2,58,1900,2,16
"2025000017343",1,9,19,0,1,0,4,2,45,1461,2,14
"2025000017344",2,9,19,0,0,0,3,2,27,1240,1,19
"2025000017344",1,98,-1,0,-1,-1,-1,3,-1,-1,-1,-1
"2025000017345",1,9,9,5,0,0,1,3,-1,-1,-1,-1
"2025000017346",2,19,4,8,0,0,2,1,23,2402,2,11
"2025000017346",1,21,4,8,0,0,1,1,22,12902,2,8
"2025000017347",2,9,19,1,0,0,2,1,28,1395,8,1
"2025000017347",1,9,19,1,0,0,1,1,69,2184,2,18
"2025000017348",1,9,19,8,0,0,1,1,66,1462,8,1
"2025000017349",1,9,7,5,0,0,1,2,67,1598,1,8
"2025000017350",1,9,9,0,0,0,3,1,53,-1,3,3
"2025000017350",2,1,9,0,0,0,4,1,52,-1,-1,-1
"2025000017351",2,9,19,0,0,0,1,3,-1,-1,-1,-1
"2025000017351",1,3,4,0,0,0,2,1,23,125,1,1
"2025000017352",1,9,5,1,0,0,1,2,32,1997,1,11
"2025000017353",1,9,19,0,0,0,1,2,62,1398,1,3
"2025000017354",2,9,19,0,0,0,3,1,56,2987,2,14
"2025000017354",1,9,19,0,0,0,1,1,21,1229,1,14
"2025000017355",1,9,19,1,0,0,1,3,-1,-1,-1,-1
"2025000017356",1,9,9,5,5,0,1,2,29,1390,1,13
"2025000017357",1,9,19,0,0,0,1,1,77,1197,1,10
"2025000017358",1,9,19,1,0,0,4,2,35,998,1,10
"2025000017359",1,9,19,0,0,0,1,2,31,1591,1,5
"2025000017360",2,9,19,0,0,0,1,1,38,1686,2,13
"2025000017360",1,9,19,0,0,0,1,-1,-1,1910,2,17
"2025000017361",2,1,-1,0,0,0,0,1,54,-1,-1,-1
"2025000017361",1,19,19,0,0,0,0,3,-1,-1,-1,-1
"2025000017362",2,-1,7,0,0,0,1,3,30,-1,-1,-1
"2025000017362",1,9,19,0,0,0,4,1,33,1364,1,11
"2025000017363",1,9,19,0,0,0,1,3,25,-1,-1,-1
"2025000017364",1,9,13,0,0,0,4,1,50,1197,1,10
"2025000017364",2,1,12,0,0,0,3,2,47,-1,-1,-1
"2025000017365",2,9,99,9,9,99,9,3,42,1598,8,0
"2025000017365",1,1,99,9,9,99,1,1,47,-1,-1,-1
"2025000017366",2,-1,9,4,0,0,2,1,12,-1,-1,-1
"2025000017366",1,9,6,4,0,0,1,1,38,1242,1,16
"2025000017367",2,9,19,1,0,0,1,1,62,1591,1,3
"2025000017367",1,9,10,6,0,0,3,1,18,1229,1,12
"2025000017368",1,19,19,0,0,0,4,1,56,1995,2,4
"2025000017368",2,1,19,0,0,0,3,1,14,-1,-1,-1
"2025000017369",2,9,3,0,0,0,2,2,43,1242,1,7
"2025000017369",3,9,3,0,0,0,2,1,22,998,1,7
"2025000017369",4,9,3,0,0,0,2,2,55,1364,1,3
"2025000017369",1,20,19,0,1,0,1,1,40,4500,2,7
"2025000017370",1,9,13,1,0,0,4,2,31,-1,-1,-1
"2025000017370",2,9,9,5,0,0,3,1,63,2488,8,2
"2025000017371",1,9,19,4,0,0,3,1,42,1896,2,22
"2025000017371",2,1,19,8,0,0,1,1,46,-1,-1,-1
"2025000017372",1,5,19,0,1,0,3,1,49,998,1,3
"2025000017372",2,9,19,0,0,0,3,1,45,-1,-1,-1
"2025000017373",2,9,19,0,0,0,3,1,23,1197,1,13
"2025000017373",1,9,19,0,0,0,3,1,43,1781,1,20
"2025000017374",1,19,19,1,0,0,1,1,20,1997,2,1
"2025000017374",2,11,5,1,0,0,2,3,55,4500,2,4
"2025000017375",1,4,19,0,0,0,1,1,29,124,1,3
"2025000017376",2,3,5,1,0,0,1,1,19,124,1,1
"2025000017376",1,9,9,2,0,0,4,1,24,3199,1,19
"2025000017377",1,19,19,1,0,0,4,3,-1,-1,-1,-1
"2025000017378",1,9,19,0,0,0,1,2,30,1364,2,17
"2025000017378",2,9,19,0,0,0,1,2,51,998,1,12
"2025000017379",1,9,19,0,2,0,1,2,38,-1,-1,-1
"2025000017380",3,9,4,0,0,0,1,1,80,1000,1,6
"2025000017380",1,9,4,0,0,0,0,3,-1,-1,-1,-1
"2025000017380",2,19,4,0,0,0,2,1,-1,-1,-1,-1
"2025000017381",2,9,19,8,0,0,1,2,50,1339,1,19
"2025000017381",1,11,19,8,0,0,1,3,30,5132,2,3
"2025000017382",2,9,99,9,9,99,2,3,-1,2995,1,4
"2025000017382",1,9,99,9,9,99,2,2,32,1995,2,6
"2025000017383",2,9,9,8,0,0,4,1,28,1591,1,9
"2025000017383",1,9,19,8,0,0,1,1,85,1388,1,7
"2025000017384",1,8,9,5,0,0,1,1,48,1477,8,4
"2025000017384",2,3,15,1,0,0,1,1,24,108,1,7
"2025000017385",1,9,9,8,0,0,4,2,32,1197,1,6
"2025000017385",2,23,19,1,0,0,1,1,37,-1,3,1
"2025000017386",1,9,19,0,0,0,1,1,45,1797,8,10
"2025000017386",3,5,19,0,0,0,1,1,60,-1,-1,-1
"2025000017386",2,9,19,0,0,0,1,2,35,1498,1,3
"2025000017387",1,9,9,2,0,0,1,1,50,3498,2,21
"2025000017388",2,9,19,0,0,0,3,2,30,1998,1,1
"2025000017388",1,9,11,0,0,0,0,3,68,3150,2,23
"2025000017389",1,19,19,1,0,0,1,1,40,1870,2,17
"2025000017389",2,19,19,1,0,0,1,1,30,1598,2,5
"2025000017390",1,9,19,0,5,0,4,1,52,-1,-1,-1
"2025000017391",2,9,19,8,0,0,1,2,20,1149,1,22
"2025000017391",1,9,9,5,0,0,1,1,19,1388,1,13
"2025000017392",1,3,99,9,9,99,9,1,33,125,1,7
"2025000017392",2,9,99,9,9,99,9,3,-1,1796,1,17
"2025000017393",2,9,4,0,0,0,2,2,25,999,1,2
"2025000017393",1,19,19,0,0,0,1,1,29,1995,2,7
"2025000017393",3,9,4,0,0,0,2,1,27,1200,1,1
"2025000017394",2,9,99,0,9,99,2,3,-1,1598,1,5
"2025000017394",1,3,99,0,9,99,1,1,37,125,1,6
"2025000017395",1,3,19,2,0,4,1,1,19,125,1,2
"2025000017395",2,19,3,2,0,0,2,1,68,2198,2,8
"2025000017396",2,9,4,0,1,0,2,2,21,998,1,13
"2025000017396",1,9,19,0,0,0,1,3,-1,-1,-1,-1
"2025000017397",1,9,19,0,5,10,4,2,33,1390,1,17
"2025000017398",1,9,19,1,0,0,1,1,33,1968,2,11
"2025000017398",3,9,19,1,0,0,0,1,63,1364,1,6
"2025000017398",2,9,19,1,0,0,1,1,50,1595,1,4
"2025000017399",1,19,19,0,0,0,1,1,33,1968,2,1
"2025000017399",2,9,19,0,0,0,2,1,58,1968,2,12
"2025000017400",1,3,4,1,0,7,1,2,31,124,1,3
"2025000017400",2,5,4,1,0,0,2,3,-1,1298,1,24
"2025000017401",1,9,19,0,2,10,3,1,45,2996,1,8
"2025000017402",3,9,2,0,0,0,4,-1,-1,1086,1,18
"2025000017402",2,9,2,0,0,0,1,-1,-1,698,1,20
"2025000017402",1,9,7,0,1,4,1,1,61,1998,1,17
"2025000017403",1,9,19,0,1,0,1,1,24,-1,-1,-1
"2025000017404",2,9,99,9,9,99,1,1,42,2494,8,3
"2025000017404",1,1,99,9,9,99,1,1,27,-1,-1,-1
"2025000017405",1,9,14,0,0,0,1,2,39,1395,1,9
"2025000017405",2,11,2,0,0,0,0,1,43,9000,2,16
"2025000017406",1,11,4,0,0,0,4,1,-1,9360,2,18
"2025000017407",1,9,12,1,0,0,1,2,63,1332,8,2
"2025000017407",2,1,19,1,0,0,3,1,38,-1,-1,-1
"2025000017408",1,9,19,0,5,0,1,2,28,1248,1,9
"2025000017409",2,19,7,5,0,0,4,1,36,1995,2,5
"2025000017409",1,11,19,1,0,0,3,1,49,6700,2,5
"2025000017410",1,3,19,0,0,0,1,1,18,125,1,2
"2025000017410",3,9,19,0,0,0,4,1,20,1798,1,9
"2025000017410",2,9,19,0,0,0,3,1,51,1798,8,2
"2025000017411",2,21,99,9,9,99,9,3,-1,10677,2,5
"2025000017411",1,9,99,9,9,99,9,1,22,1798,1,13
"2025000017412",1,9,19,0,2,0,1,1,30,998,1,13
"2025000017413",2,1,19,0,5,0,3,1,56,-1,-1,-1
"2025000017413",1,19,13,0,0,0,4,3,-1,-1,-1,-1
"2025000017414",1,9,19,0,0,0,1,3,-1,-1,-1,-1
"2025000017415",1,9,19,0,0,0,1,1,46,1995,2,13
"2025000017416",2,9,19,8,0,0,4,2,51,1598,2,8
"2025000017416",1,9,5,6,0,0,1,1,69,1995,2,17
"2025000017417",1,1,19,0,2,0,3,1,53,-1,-1,-1
"2025000017417",2,19,19,0,0,0,4,1,45,1598,2,9
"2025000017418",1,11,4,1,0,0,0,1,24,4500,2,4
"2025000017419",1,9,99,9,9,99,2,3,-1,1398,1,5
"2025000017420",2,3,19,1,1,0,1,1,16,124,1,13
"2025000017420",1,9,9,8,0,0,1,2,23,1995,2,9
"2025000017421",2,11,19,0,0,0,1,1,55,6700,2,13
"2025000017421",1,19,19,0,0,0,1,1,36,2198,2,9
"2025000017422",1,3,19,9,0,0,9,1,42,124,1,4
"2025000017422",2,1,10,9,9,99,9,3,-1,-1,-1,-1
"2025000017423",1,9,9,8,0,0,1,1,25,1390,1,7
"2025000017423",2,9,19,1,0,0,1,1,31,1398,1,11
"2025000017424",1,9,4,1,0,0,2,2,27,1349,1,7
"2025000017424",2,21,19,1,1,0,1,1,39,12777,2,6
"2025000017425",1,23,19,8,0,0,1,1,31,-1,-1,-1
"2025000017425",2,9,9,5,0,0,4,1,59,1997,2,12
"2025000017426",3,9,4,1,0,0,0,2,30,1984,1,1
"2025000017426",2,9,7,5,0,0,3,2,33,1968,2,10
"2025000017426",1,9,9,5,0,0,1,2,27,1560,2,16
"2025000017427",2,9,9,1,0,0,3,1,59,1390,1,14
"2025000017427",1,9,13,8,0,0,4,1,59,1998,1,0
"2025000017428",1,19,19,0,0,0,1,2,56,1499,2,2
"2025000017429",1,3,19,1,1,0,3,1,33,125,1,6
"2025000017429",2,9,9,1,0,0,0,2,40,-1,-1,-1
"2025000017430",1,9,9,8,0,0,1,1,28,1398,2,16
"2025000017431",2,9,19,6,0,0,1,3,34,-1,-1,-1
"2025000017431",1,3,19,2,0,0,3,1,23,-1,-1,-1
"2025000017432",1,9,7,4,0,0,1,2,42,1956,2,11
"2025000017432",2,1,19,3,0,0,4,2,45,-1,-1,-1
"2025000017433",1,9,19,0,5,10,1,1,42,1598,1,12
"2025000017434",2,9,19,8,1,0,4,2,46,1560,2,11
"2025000017434",1,9,19,8,1,0,1,2,36,1149,1,18
"2025000017435",3,11,8,4,0,0,3,1,43,4461,2,4
"2025000017435",1,9,19,4,0,0,1,2,23,1560,2,6
"2025000017435",2,9,7,3,0,0,4,1,29,1560,2,8
"2025000017436",1,19,5,2,0,0,3,1,58,2298,2,5
"2025000017436",2,9,19,1,1,0,1,1,25,1149,1,14
"2025000017437",1,9,19,0,5,7,4,1,59,1498,1,2
"2025000017438",1,9,19,1,0,0,1,1,23,1596,1,13
"2025000017438",2,9,19,2,0,0,1,2,25,1560,2,11
"2025000017439",1,9,4,0,0,0,1,2,19,1995,12,3
"2025000017439",2,9,4,0,0,0,2,1,33,1296,1,16
"2025000017439",3,9,4,0,0,0,2,1,46,1560,2,14
"2025000017440",1,9,9,8,0,0,1,1,60,1248,1,9
"2025000017441",1,9,9,6,0,0,4,1,29,1498,1,6
"2025000017441",2,5,19,8,0,0,4,1,30,1050,1,16
"2025000017442",1,9,19,0,0,0,4,1,42,1999,2,1
"2025000017443",1,9,19,1,0,0,1,2,28,1353,1,0
"2025000017443",2,1,19,1,0,0,2,1,22,-1,-1,-1
"2025000017444",1,11,19,0,0,0,1,1,55,9300,5,4
"2025000017445",1,9,5,2,5,10,2,2,23,998,1,8
"2025000017445",2,8,19,1,0,0,1,1,48,2143,2,5
"2025000017446",2,9,10,1,0,0,2,1,33,1398,1,4
"2025000017446",1,9,15,1,0,0,1,1,37,1242,1,8
"2025000017447",2,9,3,1,0,0,2,1,43,1969,8,1
"2025000017447",3,9,4,1,0,0,4,2,41,3982,1,2
"2025000017447",1,9,3,1,0,0,2,2,65,1395,1,3
"2025000017447",4,9,19,1,0,0,1,2,64,999,1,1
"2025000017448",2,1,19,1,9,0,2,1,36,-1,-1,-1
"2025000017448",1,9,19,9,9,0,1,1,39,-1,3,1
"2025000017449",2,9,19,0,0,0,3,2,36,1560,2,13
"2025000017449",1,2,19,0,1,0,1,1,30,124,1,18
"2025000017450",1,9,19,1,0,0,3,2,23,1229,1,12
"2025000017450",2,9,19,2,0,0,1,3,25,-1,-1,-1
"2025000017451",1,9,19,0,0,4,4,1,-1,999,1,1
"2025000017451",2,9,2,0,0,0,3,2,33,1364,1,10
"2025000017452",1,9,1,8,0,0,2,3,-1,1497,8,8
"2025000017453",1,9,19,0,0,0,1,3,-1,-1,-1,-1
"2025000017454",2,9,19,8,0,0,1,2,30,998,1,3
"2025000017454",1,19,9,5,0,0,1,1,54,2143,2,3
"2025000017455",1,9,19,0,0,0,1,2,42,1198,1,4
"2025000017456",2,-1,19,8,0,0,1,2,33,-1,-1,-1
"2025000017456",1,8,19,8,0,0,1,1,59,2776,2,6
"2025000017457",1,9,19,1,0,0,1,1,39,1896,2,20
"2025000017458",2,9,11,8,0,0,4,3,-1,-1,-1,-1
"2025000017458",1,4,19,8,0,0,3,1,20,125,1,4
"2025000017459",1,11,5,0,0,0,4,1,28,6692,2,11
"2025000017460",1,9,9,8,0,0,3,2,54,1398,1,5
"2025000017460",2,9,19,8,0,0,4,1,47,1580,8,2
"2025000017461",1,21,19,0,0,0,1,1,27,15607,2,12
"2025000017461",2,9,19,0,0,0,2,2,29,998,1,2
"2025000017462",1,11,19,0,0,0,1,1,62,4461,2,12
"2025000017462",3,9,3,0,0,0,2,2,58,1587,1,15
"2025000017462",2,9,3,0,0,0,2,1,18,998,1,12
"2025000017462",4,9,3,0,0,0,2,1,47,998,1,8
"2025000017463",1,5,13,4,0,9,1,2,25,645,1,8
"2025000017464",1,9,19,0,0,4,1,1,37,1582,2,14
"2025000017464",2,9,2,0,0,0,1,1,39,1461,2,10
"2025000017465",1,9,19,1,0,0,4,2,-1,1499,1,2
"2025000017465",2,11,7,6,0,0,1,1,71,6871,2,12
"2025000017466",2,3,14,1,0,0,1,1,25,124,1,6
"2025000017466",1,9,7,8,1,0,1,2,42,2143,2,11
"2025000017467",2,9,7,8,0,0,4,2,38,1968,2,8
"2025000017467",1,9,7,4,0,0,1,1,82,1200,1,6
"2025000017468",1,3,19,1,0,0,1,1,33,-1,-1,-1
"2025000017469",1,9,9,1,0,0,1,1,68,1596,1,17
"2025000017469",2,9,19,1,0,0,1,2,31,1496,1,6
"2025000017470",1,90,9,2,0,0,2,1,53,7146,2,6
"2025000017471",1,9,19,0,0,0,3,1,-1,2993,2,10
"2025000017472",1,9,5,6,0,0,1,1,39,1560,2,6
"2025000017472",2,9,19,8,0,0,4,2,27,1199,1,2
"2025000017473",1,19,19,0,0,0,2,1,24,2143,2,3
"2025000017473",2,9,3,0,0,0,2,1,22,1388,1,10
"2025000017473",3,9,3,0,0,0,2,2,30,1991,2,11
"2025000017474",2,9,19,0,0,11,1,1,62,-1,-1,-1
"2025000017474",1,9,19,0,0,11,1,1,24,1364,1,16
"2025000017475",1,9,19,0,1,0,1,2,18,998,1,14
"2025000017475",2,9,19,0,0,0,1,2,44,1956,2,12
"2025000017476",2,9,19,0,0,0,1,1,28,1995,2,7
"2025000017476",1,19,6,0,0,0,3,1,40,2198,2,11
"2025000017477",1,19,19,0,0,0,4,1,42,1950,2,1
"2025000017478",2,9,19,0,0,0,4,2,73,1242,1,17
"2025000017478",1,1,19,0,0,0,1,1,58,-1,-1,-1
"2025000017479",2,1,4,1,0,0,1,1,41,-1,-1,-1
"2025000017479",1,9,9,2,0,0,1,1,39,1598,2,6
"2025000017480",3,1,19,0,0,0,3,1,59,-1,-1,-1
"2025000017480",1,9,19,0,0,0,3,2,31,999,1,1
"2025000017480",2,1,19,0,0,0,4,1,58,-1,-1,-1
"2025000017480",5,1,19,0,0,0,1,1,38,-1,-1,-1
"2025000017480",4,1,19,0,0,0,1,1,55,-1,-1,-1
"2025000017481",2,9,19,8,0,0,1,2,36,1248,2,9
"2025000017481",1,9,5,2,0,0,1,3,34,1896,2,18
"2025000017482",2,1,19,8,0,0,1,1,24,-1,-1,-1
"2025000017482",1,9,9,8,0,0,1,1,53,1968,2,15
"2025000017483",1,9,9,6,0,0,3,1,31,1969,2,8
"2025000017483",2,9,19,1,0,0,1,1,36,1560,2,7
"2025000017484",1,1,9,1,0,0,1,1,31,-1,-1,-1
"2025000017485",1,9,19,0,0,1,1,3,-1,1598,2,9
"2025000017485",2,9,19,0,0,0,2,1,32,2143,2,4
"2025000017486",1,11,5,0,0,0,0,1,52,-1,3,2
"2025000017487",2,9,2,2,0,0,3,3,-1,1242,1,8
"2025000017487",1,9,19,2,5,4,1,2,28,1199,2,11
"2025000017487",3,9,2,2,0,0,2,3,-1,1497,8,8
"2025000017488",2,9,5,1,0,4,1,3,-1,1796,1,11
"2025000017488",1,9,3,1,0,0,2,2,26,998,1,9
"2025000017489",1,8,5,0,0,0,0,3,-1,1598,2,5
"2025000017490",1,19,19,0,0,0,1,1,21,1995,2,4
"2025000017490",2,19,4,0,0,0,2,1,42,-1,3,2
"2025000017491",1,9,19,0,0,0,1,1,17,999,1,0
"2025000017492",2,9,19,1,0,0,4,1,71,1998,1,14
"2025000017492",1,9,19,1,0,0,3,2,51,1796,1,14
"2025000017493",2,9,19,4,0,0,4,1,38,-1,-1,-1
"2025000017493",1,3,19,1,0,0,1,1,32,125,1,14
"2025000017494",2,3,19,8,1,0,1,1,17,-1,-1,-1
"2025000017494",1,9,7,6,0,0,3,2,30,1197,1,7
"2025000017495",1,19,19,0,0,0,1,2,50,1461,2,9
"2025000017496",2,9,19,1,0,0,1,1,51,-1,-1,-1
"2025000017496",1,9,7,6,0,0,3,2,43,998,1,4
"2025000017497",1,19,19,4,0,0,1,1,-1,1798,8,1
"2025000017497",2,1,19,3,0,0,4,1,54,-1,-1,-1
"2025000017498",1,9,19,0,5,0,1,1,24,1685,2,9
"2025000017499",2,19,19,0,0,0,1,1,39,1995,2,5
"2025000017499",1,19,19,0,0,0,0,1,27,-1,-1,-1
"2025000017500",1,9,19,1,0,0,1,3,34,1950,2,7
"2025000017500",2,9,19,8,0,0,9,1,29,1500,2,2
"2025000017501",1,9,19,0,0,0,1,1,24,1596,1,19
"2025000017502",1,9,19,0,5,10,1,1,32,1560,2,18
"2025000017503",1,5,19,2,0,4,1,1,63,745,1,5
"2025000017503",2,21,2,2,0,0,2,1,53,10677,2,6
"2025000017504",1,9,19,0,0,0,1,1,22,1390,1,11
"2025000017505",2,9,99,0,9,99,1,3,-1,-1,-1,-1
"2025000017505",1,9,99,0,9,99,9,1,34,1797,8,11
"2025000017506",1,9,19,0,0,0,3,1,-1,999,1,3
"2025000017506",2,9,19,0,0,0,3,1,45,1498,8,0
"2025000017507",1,1,7,2,0,0,1,1,53,-1,-1,-1
"2025000017507",2,9,14,1,0,0,3,1,23,2494,8,5
"2025000017508",3,11,2,1,0,0,0,3,-1,-1,-1,-1
"2025000017508",1,9,19,1,0,0,1,1,32,1598,2,4
"2025000017508",2,9,19,2,0,0,1,1,51,1685,2,4
"2025000017509",1,9,19,1,0,0,1,2,23,-1,-1,-1
"2025000017509",2,9,19,2,0,0,1,2,46,1497,8,0
"2025000017510",1,19,9,1,0,0,1,3,30,1560,2,6
"2025000017510",2,9,19,1,0,0,1,1,33,996,1,12
"2025000017511",2,9,19,0,0,0,1,1,19,-1,-1,-1
"2025000017511",1,9,9,0,0,0,1,2,46,1461,2,8
"2025000017512",1,20,9,5,0,0,1,1,61,4462,2,9
"2025000017512",2,9,12,2,0,0,1,1,31,2987,2,14
"2025000017513",2,1,19,0,0,0,4,1,33,-1,-1,-1
"2025000017513",1,9,19,0,0,0,3,3,31,-1,-1,-1
"2025000017514",2,11,19,1,0,0,0,3,-1,5132,2,1
"2025000017514",1,9,19,2,0,0,1,1,46,1798,8,4
"2025000017515",1,11,9,8,0,0,0,1,22,5132,2,9
"2025000017516",2,9,13,1,0,0,1,1,44,2995,1,4
"2025000017516",1,9,7,6,0,0,1,2,63,998,1,10
"2025000017517",1,9,19,1,1,0,1,1,68,1796,1,13
"2025000017518",1,9,99,0,9,99,2,2,49,1329,1,10
"2025000017518",2,9,99,0,9,99,2,3,-1,-1,-1,-1
"2025000017519",2,9,19,0,0,0,1,1,46,1796,1,25
"2025000017519",1,9,19,0,0,0,4,1,27,-1,-1,-1
"2025000017520",2,3,3,0,5,0,2,1,24,125,1,7
"2025000017520",1,19,19,0,0,4,1,1,31,2143,2,4
"2025000017521",2,8,2,0,0,0,3,1,43,1798,8,0
"2025000017521",1,9,19,0,0,4,1,1,58,1598,1,22
"2025000017522",2,19,99,0,9,99,3,3,-1,-1,-1,-1
"2025000017522",1,1,19,0,9,99,9,1,42,-1,-1,-1
"2025000017523",2,19,2,0,0,0,3,3,-1,-1,-1,-1
"2025000017523",1,9,19,0,0,0,1,1,46,1798,8,9
"2025000017524",1,9,14,0,0,0,1,2,62,1198,1,17
"2025000017524",2,9,2,0,0,0,3,2,40,998,1,9
"2025000017525",1,98,19,0,0,0,1,3,-1,-1,-1,-1
"2025000017525",2,9,19,0,0,0,2,1,24,1595,1,6