"collision_index","vehicle_reference","vehicle_type","vehicle_manoeuvre","junction_location","skidding_and_overturning","hit_object_in_carriageway","first_point_of_impact","sex_of_driver","age_of_driver","engine_capacity_cc","propulsion_code","age_of_vehicle"
"2025000018239",1,9,19,1,0,0,4,1,65,1598,1,18
"2025000018240",2,9,99,0,9,99,1,3,-1,1997,2,6
"2025000018240",1,9,99,0,9,99,2,2,21,1242,1,3
"2025000018241",2,9,1,9,9,99,2,3,-1,-1,3,1
"2025000018241",1,8,3,9,9,99,1,1,53,1998,8,4
"2025000018242",2,9,5,0,0,0,1,3,-1,-1,-1,-1
"2025000018242",1,9,3,0,1,0,2,2,54,1398,1,3
"2025000018243",1,3,99,9,9,99,1,1,29,124,1,11
"2025000018243",2,9,99,9,9,99,3,3,35,1968,2,5
"2025000018244",1,9,19,3,5,4,3,1,37,1984,1,6
"2025000018244",2,9,2,2,0,0,0,3,-1,1997,1,16
"2025000018245",1,9,5,2,0,0,1,2,61,1364,1,15
"2025000018246",1,3,99,0,9,12,4,1,24,-1,-1,-1
"2025000018246",2,9,99,0,9,12,4,3,-1,-1,-1,-1
"2025000018247",2,9,4,0,0,0,2,2,34,1560,2,13
"2025000018247",1,9,-1,0,-1,-1,-1,2,-1,-1,-1,-1
"2025000018248",1,3,19,0,0,0,3,1,26,125,1,3
"2025000018249",1,9,5,6,0,0,4,1,36,1968,2,7
"2025000018249",2,3,19,1,0,0,1,1,19,124,1,9
"2025000018250",1,3,3,1,0,0,2,1,38,125,1,2
"2025000018250",2,9,5,1,0,0,1,2,32,999,1,6
"2025000018251",1,1,19,0,1,0,1,1,-1,-1,-1,-1
"2025000018251",2,9,19,0,0,0,4,1,33,-1,3,1
"2025000018252",1,9,19,0,5,0,1,2,21,1598,1,16
"2025000018253",2,9,19,1,0,0,1,1,-1,-1,-1,-1
"2025000018253",1,9,3,1,0,0,2,2,40,1242,1,7
"2025000018254",4,19,19,0,0,0,2,1,37,2143,2,4
"2025000018254",1,9,5,0,0,0,3,1,25,1995,2,11
"2025000018254",2,19,19,0,0,0,4,1,27,1499,2,4
"2025000018254",3,9,19,0,0,0,3,2,26,1399,2,13
"2025000018255",2,9,8,1,0,0,2,1,58,-1,-1,-1
"2025000018255",1,9,19,1,0,0,1,1,34,2993,2,11
"2025000018256",2,9,19,0,0,0,1,1,20,1248,1,7
"2025000018256",1,9,13,0,0,0,1,1,31,1560,2,11
"2025000018256",6,9,19,0,0,0,0,1,34,1984,1,3
"2025000018256",4,9,19,0,0,0,4,1,21,1498,1,2
"2025000018256",5,11,19,0,0,0,3,1,66,4500,2,13
"2025000018256",3,9,19,0,0,0,1,2,31,1498,1,6
"2025000018257",1,9,9,3,0,0,1,1,52,1598,2,4
"2025000018258",1,9,19,1,0,0,1,2,39,2967,2,14
"2025000018258",2,-1,19,1,0,0,1,1,46,-1,-1,-1
"2025000018259",2,19,15,1,0,0,4,1,33,1995,2,0
"2025000018259",1,9,5,1,0,0,3,1,20,1461,2,7
"2025000018260",1,9,19,0,5,0,1,1,24,999,1,7
"2025000018260",2,9,2,0,0,0,3,1,40,1956,2,10
"2025000018261",1,9,19,0,0,0,3,3,30,-1,-1,-1
"2025000018262",2,9,4,0,0,0,1,1,81,1560,2,9
"2025000018262",1,3,15,0,1,0,1,1,60,85,1,33
"2025000018263",1,9,12,0,0,0,0,2,26,1560,2,8
"2025000018264",2,9,19,8,1,0,1,1,23,2497,1,18
"2025000018264",1,9,5,2,1,7,4,1,33,1493,1,26
"2025000018265",1,9,19,0,0,0,1,1,80,1490,1,0
"2025000018266",1,21,12,0,0,0,3,1,-1,10837,2,4
"2025000018266",2,9,19,0,0,0,3,1,52,1997,2,14
"2025000018267",1,19,19,0,0,0,0,1,60,2198,2,13
"2025000018267",2,9,19,0,0,11,1,1,59,3824,1,14
"2025000018268",2,9,19,0,0,0,1,1,83,1499,2,4
"2025000018268",1,9,19,0,1,11,3,1,23,-1,-1,-1
"2025000018269",2,20,19,8,0,0,1,1,54,10837,2,4
"2025000018269",1,8,19,8,0,0,3,1,57,1968,2,0
"2025000018270",1,9,9,6,0,0,1,1,26,1497,8,9
"2025000018270",2,1,19,1,0,0,3,1,63,-1,-1,-1
"2025000018271",2,9,11,0,0,0,4,2,35,1200,1,3
"2025000018271",1,20,11,0,0,0,1,3,-1,4461,2,12
"2025000018272",1,9,19,0,0,0,1,1,44,1582,2,12
"2025000018273",1,9,19,8,0,0,1,2,46,1498,1,12
"2025000018273",2,3,19,8,0,0,4,1,49,125,1,3
"2025000018274",2,9,19,1,0,0,0,2,50,1498,1,2
"2025000018274",1,9,99,1,0,0,0,1,37,1969,8,2
"2025000018274",3,9,4,1,0,0,1,1,42,1995,2,9
"2025000018275",1,9,99,9,9,99,2,1,21,6208,1,13
"2025000018275",2,9,99,9,9,99,1,3,-1,2995,1,5
"2025000018276",1,9,19,0,0,0,1,1,33,-1,-1,-1
"2025000018277",1,9,19,0,0,0,3,1,40,1999,2,8
"2025000018277",2,9,19,0,0,0,3,3,-1,-1,-1,-1
"2025000018278",2,9,19,0,0,0,2,1,33,1968,2,7
"2025000018278",1,9,19,0,0,0,1,2,30,1242,1,14
"2025000018278",3,9,19,0,0,0,2,1,53,1499,2,4
"2025000018279",1,9,99,9,9,99,9,2,39,2993,2,6
"2025000018280",1,9,19,0,0,0,1,1,35,2993,2,9
"2025000018281",1,9,19,0,0,0,1,2,26,-1,-1,-1
"2025000018282",3,9,19,0,0,0,3,1,49,1598,2,10
"2025000018282",1,4,13,0,1,0,3,1,19,124,1,9
"2025000018282",2,21,19,0,0,0,3,1,67,12777,2,5
"2025000018283",2,9,3,8,0,0,2,1,36,1968,2,9
"2025000018283",1,11,19,8,0,0,1,1,59,8268,2,17
"2025000018284",1,9,19,8,0,0,1,2,58,1360,1,14
"2025000018285",1,9,19,1,0,0,3,1,35,2393,2,7
"2025000018285",2,19,19,1,0,0,3,1,49,10837,2,3
"2025000018285",3,19,19,1,0,0,3,1,34,10837,2,8
"2025000018286",1,97,19,1,1,10,2,3,23,-1,-1,-1
"2025000018287",1,9,1,8,0,0,2,2,-1,1998,1,18
"2025000018288",1,9,19,8,0,0,1,3,-1,-1,-1,-1
"2025000018288",2,1,19,8,5,0,2,1,61,-1,-1,-1
"2025000018289",1,9,9,6,0,0,1,1,57,2143,2,6
"2025000018289",2,10,19,8,0,0,1,2,36,-1,-1,-1
"2025000018290",1,11,5,0,0,0,1,1,62,9000,2,12
"2025000018291",1,9,99,9,9,99,9,3,-1,-1,-1,-1
"2025000018292",2,9,19,1,0,0,1,1,35,2993,2,15
"2025000018292",1,9,3,1,0,0,2,2,54,1796,1,13
"2025000018293",1,11,9,0,0,0,0,1,47,6370,2,11
"2025000018294",1,9,9,8,0,0,4,1,67,1587,1,21
"2025000018294",2,9,19,8,0,0,1,1,25,1499,2,4
"2025000018295",1,9,5,6,0,0,1,2,80,1598,2,11
"2025000018295",3,9,2,2,0,0,2,3,-1,1197,1,8
"2025000018295",4,9,2,2,0,0,2,3,-1,1595,1,8
"2025000018295",2,9,19,8,0,0,2,2,33,999,1,16
"2025000018296",2,1,9,6,0,0,4,2,50,-1,-1,-1
"2025000018296",1,19,9,6,0,0,1,1,56,2143,2,10
"2025000018297",2,9,9,5,0,0,2,1,21,-1,-1,-1
"2025000018297",1,19,19,1,0,0,1,2,35,-1,3,1
"2025000018298",1,11,19,1,0,0,0,3,-1,-1,-1,-1
"2025000018299",1,4,9,1,0,0,2,1,43,125,1,16
"2025000018299",2,9,19,1,0,0,1,2,38,1995,2,14
"2025000018300",1,23,4,8,0,0,1,1,58,-1,-1,-1
"2025000018300",2,9,19,8,0,0,1,1,86,1598,2,13
"2025000018301",2,1,-1,-1,-1,-1,4,1,50,-1,-1,-1
"2025000018301",1,9,-1,-1,-1,-1,1,1,72,1598,1,15
"2025000018302",1,9,19,1,0,0,1,1,33,1968,2,8
"2025000018303",2,9,99,2,9,99,9,1,47,1364,1,9
"2025000018303",1,9,9,5,9,99,1,3,32,1198,1,13
"2025000018304",1,9,4,8,0,0,1,2,25,999,1,4
"2025000018304",2,9,4,8,0,0,2,3,-1,-1,3,3
"2025000018305",1,9,19,0,0,0,3,1,17,1229,1,11
"2025000018305",2,9,19,0,0,0,3,1,25,1598,1,11
"2025000018306",1,9,19,8,0,0,4,1,73,1598,8,0
"2025000018307",1,9,19,0,0,0,1,1,23,1499,1,8
"2025000018307",2,3,9,0,0,0,2,1,60,125,1,1
"2025000018308",2,1,9,6,0,0,2,2,27,-1,-1,-1
"2025000018308",1,9,7,6,0,0,1,1,71,1598,1,12
"2025000018309",1,19,7,5,0,0,0,1,70,-1,-1,-1
"2025000018309",2,1,15,1,0,0,0,1,63,-1,-1,-1
"2025000018310",1,9,19,8,0,0,1,1,33,1598,2,7
"2025000018310",2,9,19,8,0,0,2,1,20,999,1,3
"2025000018311",2,9,4,0,0,0,2,1,26,1598,2,7
"2025000018311",1,19,19,0,0,0,1,1,52,1598,2,3
"2025000018312",1,11,5,0,0,0,0,1,60,6700,2,14
"2025000018313",2,9,5,0,0,0,4,1,-1,-1,-1,-1
"2025000018313",1,9,19,0,0,0,3,2,34,1560,2,12
"2025000018314",1,9,99,9,9,99,9,2,30,999,1,3
"2025000018314",2,3,99,9,9,99,9,1,-1,636,1,6
"2025000018315",1,9,9,5,0,0,4,2,30,-1,3,7
"2025000018316",1,9,19,0,0,0,4,3,-1,-1,-1,-1
"2025000018316",2,4,19,0,0,0,3,1,18,330,1,10
"2025000018317",1,9,19,0,0,0,3,1,64,1596,1,10
"2025000018318",2,19,19,0,0,0,3,1,41,1997,2,2
"2025000018318",1,19,19,0,5,10,1,1,52,2299,2,7
"2025000018319",1,9,19,8,0,0,1,2,26,1598,1,17
"2025000018320",1,3,19,3,0,0,3,1,18,125,1,3
"2025000018320",2,9,19,4,0,0,4,2,33,1999,1,16
"2025000018321",1,4,3,1,0,0,0,1,20,124,1,17
"2025000018321",3,9,19,1,0,0,0,1,28,1498,1,4
"2025000018321",2,9,19,1,0,0,0,1,26,1399,1,3
"2025000018322",1,9,7,8,0,0,1,1,67,1995,2,20
"2025000018322",2,19,19,1,0,0,1,1,25,1598,2,4
"2025000018322",4,19,2,2,0,0,3,3,-1,-1,-1,-1
"2025000018322",3,9,2,2,0,0,4,3,-1,1598,1,12
"2025000018323",2,9,1,0,0,0,2,1,25,998,1,18
"2025000018323",1,9,3,0,0,0,4,1,60,-1,-1,-1
"2025000018324",1,9,19,0,0,0,1,1,31,1390,1,15
"2025000018325",2,9,19,0,0,0,1,1,36,2231,2,12
"2025000018325",1,9,19,0,1,0,1,1,24,1794,1,21
"2025000018326",2,9,19,0,0,0,2,1,21,999,1,8
"2025000018326",1,9,19,0,0,0,1,3,-1,1332,8,0
"2025000018327",2,9,19,1,0,0,1,1,71,1499,1,5
"2025000018327",1,1,19,2,0,0,4,1,25,-1,-1,-1
"2025000018328",2,9,99,9,9,99,9,3,-1,999,1,1
"2025000018328",1,4,99,9,9,99,9,1,26,471,1,8
"2025000018329",2,19,99,9,0,99,1,1,22,1968,2,5
"2025000018329",1,11,7,4,0,0,1,1,-1,4500,2,2
"2025000018330",2,9,19,0,1,0,4,1,58,-1,-1,-1
"2025000018330",3,9,19,0,0,0,3,2,72,2143,2,7
"2025000018330",1,19,19,0,0,0,3,3,35,-1,-1,-1
"2025000018331",1,23,-1,8,-1,-1,-1,3,-1,-1,-1,-1
"2025000018332",1,9,19,4,0,0,1,1,76,1364,1,4
"2025000018332",2,9,19,4,0,0,4,1,37,2179,2,14
"2025000018333",1,8,19,0,0,0,1,1,44,1798,8,0
"2025000018333",2,1,12,0,0,0,1,1,25,-1,-1,-1
"2025000018334",1,9,2,0,0,0,4,2,56,-1,-1,-1
"2025000018334",2,9,2,0,0,0,1,2,29,1968,2,10
"2025000018335",1,3,99,9,9,99,1,2,25,125,1,1
"2025000018335",2,9,99,9,9,99,1,3,-1,1318,1,6
"2025000018336",1,9,19,2,0,0,3,1,73,1560,2,12
"2025000018336",2,5,19,8,0,0,1,1,70,1043,1,8
"2025000018337",3,19,3,1,0,0,1,2,25,2198,2,9
"2025000018337",1,9,19,8,0,0,4,1,19,998,1,7
"2025000018337",2,9,19,8,0,0,1,1,70,1477,1,0
"2025000018338",1,9,9,1,0,0,4,1,35,1229,1,12
"2025000018339",1,9,3,0,0,0,2,1,47,1798,8,5
"2025000018339",2,9,3,0,0,0,2,1,69,1596,1,19
"2025000018339",3,20,19,0,0,0,1,1,58,4485,2,9
"2025000018340",2,9,99,9,9,99,2,3,-1,1596,1,18
"2025000018340",1,9,99,9,9,99,1,2,33,1797,8,5
"2025000018341",1,9,19,0,0,0,1,1,25,1395,1,9
"2025000018341",2,19,19,0,0,0,1,1,60,1461,2,6
"2025000018342",1,2,5,0,0,0,3,1,28,49,1,5
"2025000018343",2,9,3,0,0,0,2,1,79,1200,1,3
"2025000018343",1,9,19,0,5,4,1,1,63,998,1,4
"2025000018344",2,9,9,6,0,0,1,2,25,2993,2,6
"2025000018344",1,9,19,1,0,0,1,2,34,1598,1,13
"2025000018345",1,19,4,1,0,0,1,1,21,1248,2,14
"2025000018345",2,9,8,1,0,0,2,1,53,2982,2,6
"2025000018346",1,9,19,0,0,0,1,2,70,998,1,2
"2025000018347",2,1,9,8,0,0,2,1,71,-1,-1,-1
"2025000018347",1,9,13,8,0,0,1,1,57,-1,3,7
"2025000018348",1,9,19,1,0,0,4,1,19,-1,-1,-1
"2025000018348",2,9,19,8,0,0,1,2,52,-1,-1,-1
"2025000018349",1,9,7,0,0,0,0,1,33,1910,2,17
"2025000018349",2,9,19,0,1,0,2,1,21,1995,2,14
"2025000018350",1,9,19,1,0,0,1,3,-1,-1,-1,-1
"2025000018351",1,22,19,8,0,0,3,2,42,-1,-1,-1
"2025000018351",2,9,7,6,0,0,4,2,-1,-1,-1,-1
"2025000018352",1,3,19,3,1,0,0,1,20,125,1,10
"2025000018353",2,1,19,1,0,0,3,1,24,-1,-1,-1
"2025000018353",1,9,19,1,0,0,1,1,56,1398,1,8
"2025000018354",3,9,19,0,0,0,3,3,44,-1,-1,-1
"2025000018354",1,20,19,0,0,0,0,3,34,-1,-1,-1
"2025000018354",2,9,19,0,0,8,1,2,50,999,1,7
"2025000018355",2,11,-1,1,0,0,1,3,-1,4461,2,11
"2025000018355",1,9,3,1,0,0,2,1,22,1598,2,7
"2025000018356",1,9,19,0,0,0,1,1,53,-1,-1,-1
"2025000018357",1,9,9,6,0,0,1,1,59,1395,8,0
"2025000018358",4,9,19,0,0,0,2,2,27,1600,2,11
"2025000018358",3,9,19,0,0,0,2,2,50,1328,1,15
"2025000018358",1,9,19,0,0,0,1,2,43,1598,2,7
"2025000018358",2,9,19,0,0,0,2,2,74,1991,2,11
"2025000018359",1,9,19,1,0,0,1,1,33,1685,2,12
"2025000018360",1,3,19,0,0,0,4,1,35,125,1,1
"2025000018360",2,19,5,0,0,0,1,3,-1,-1,-1,-1
"2025000018361",1,9,19,2,0,0,1,1,60,1498,1,4
"2025000018362",2,9,19,8,0,0,1,1,42,1399,2,21
"2025000018362",1,9,4,8,0,0,2,1,30,999,1,3
"2025000018363",2,9,99,0,0,0,1,1,18,999,1,22
"2025000018363",1,3,99,0,0,0,2,1,19,125,1,6
"2025000018364",1,9,19,0,0,0,1,1,59,1596,1,14
"2025000018364",3,21,19,0,0,0,2,1,36,12742,2,3
"2025000018364",2,9,19,0,0,0,2,1,46,1968,2,2
"2025000018365",1,9,19,0,0,0,1,1,20,1580,8,2
"2025000018365",2,9,19,0,5,0,1,2,53,1598,2,9
"2025000018366",1,9,19,0,0,0,1,1,56,1499,1,6
"2025000018367",2,9,99,9,9,99,1,3,-1,1328,1,17
"2025000018367",1,3,99,9,9,99,9,1,25,125,1,8
"2025000018368",2,3,19,1,0,0,1,1,38,1255,1,12
"2025000018368",1,9,9,8,0,0,1,1,71,1995,2,13
"2025000018369",2,9,3,0,0,0,2,2,45,1395,1,5
"2025000018369",1,9,4,0,0,0,1,2,30,1968,2,8
"2025000018370",2,9,9,1,0,0,1,2,41,999,1,1
"2025000018370",1,9,9,1,0,0,3,2,35,1596,1,6
"2025000018371",1,9,19,1,0,0,4,2,70,-1,-1,-1
"2025000018371",2,1,19,1,0,0,3,2,56,-1,-1,-1
"2025000018372",2,1,7,6,0,0,4,2,53,-1,-1,-1
"2025000018372",1,9,5,6,0,0,4,1,56,1994,2,14
"2025000018373",2,9,12,1,0,0,3,2,19,1229,1,9
"2025000018373",1,9,12,1,2,0,1,2,69,1798,8,6
"2025000018373",3,9,19,1,0,0,2,1,-1,898,1,7
"2025000018374",1,9,9,0,0,0,3,1,41,1482,1,0
"2025000018374",2,9,19,0,0,0,1,1,39,-1,-1,-1
"2025000018375",1,9,9,6,0,0,1,1,62,1588,1,21
"2025000018375",2,4,19,8,0,0,1,1,34,-1,-1,-1
"2025000018376",2,9,9,6,0,0,3,2,41,1598,1,10
"2025000018376",1,9,4,8,1,10,1,1,29,1560,2,14
"2025000018377",2,9,19,1,0,0,1,1,50,1968,2,16
"2025000018377",1,1,19,8,0,0,0,1,24,-1,-1,-1
"2025000018378",2,9,19,8,1,0,1,1,43,1998,2,6
"2025000018378",1,9,19,8,0,0,1,2,44,1995,2,9
"2025000018379",1,9,19,0,0,0,1,2,60,1595,1,2
"2025000018380",1,9,19,4,0,0,1,1,41,1390,1,17
"2025000018380",2,9,9,4,0,0,4,2,24,1199,1,0
"2025000018381",2,9,19,8,0,0,1,1,35,1999,1,14
"2025000018381",3,9,2,2,0,0,1,1,-1,-1,-1,-1
"2025000018381",1,9,9,8,0,0,1,1,-1,1199,1,6
"2025000018382",2,9,9,8,0,0,3,1,50,1798,1,16
"2025000018382",1,9,13,3,0,10,1,1,18,1242,1,14
"2025000018382",3,9,3,4,0,0,3,1,41,1364,2,17
"2025000018382",4,9,19,1,0,0,0,1,41,2993,2,4
"2025000018383",2,9,19,0,0,10,1,1,43,2148,2,13
"2025000018383",1,9,13,0,0,7,1,1,32,1560,2,9
"2025000018384",2,9,19,0,0,0,2,2,44,-1,-1,-1
"2025000018384",1,9,19,0,0,0,1,1,42,1560,2,8
"2025000018385",1,9,-1,-1,-1,-1,-1,3,-1,1968,2,16
"2025000018385",2,9,9,2,0,0,3,1,32,2993,2,15
"2025000018386",1,9,19,0,5,0,3,1,20,-1,-1,-1
"2025000018387",1,9,19,0,5,0,1,1,36,1686,2,12
"2025000018388",1,9,19,1,0,0,1,2,37,1995,1,17
"2025000018388",2,9,19,1,0,0,1,2,19,-1,-1,-1
"2025000018389",1,9,9,8,0,0,1,1,17,1328,1,12
"2025000018389",2,3,19,8,0,0,1,1,25,110,1,0
"2025000018390",2,11,19,0,0,0,2,3,-1,-1,-1,-1
"2025000018390",1,11,19,0,0,0,1,1,61,6871,2,10
"2025000018391",2,8,8,1,0,0,2,1,29,1396,1,9
"2025000018391",1,19,4,1,0,0,1,1,38,1598,2,8
"2025000018392",2,9,19,0,0,0,4,1,37,1969,2,0
"2025000018392",1,21,19,0,3,0,3,1,53,10837,2,9
"2025000018393",1,9,19,0,1,0,1,2,38,998,1,20
"2025000018394",1,9,19,8,0,0,1,2,31,1587,1,17
"2025000018394",2,9,5,4,0,0,3,2,51,1199,8,0
"2025000018395",1,9,9,6,0,0,3,2,37,2993,2,4
"2025000018395",2,9,19,1,0,0,1,1,41,1968,2,5
"2025000018396",2,9,2,0,0,0,0,1,-1,2360,1,16
"2025000018396",1,9,19,0,0,0,1,2,74,1200,1,5
"2025000018397",2,9,19,0,0,0,1,1,38,-1,-1,-1
"2025000018397",1,9,4,0,0,0,2,1,64,1199,1,0
"2025000018398",1,11,9,2,0,0,0,1,45,-1,2,57
"2025000018399",1,9,19,0,0,0,1,1,53,1499,1,0
"2025000018399",2,9,19,0,0,0,1,1,86,1461,2,11
"2025000018399",3,9,19,0,0,0,3,2,59,1596,1,16
"2025000018400",1,9,19,8,0,0,3,1,36,1998,8,4
"2025000018400",2,11,19,8,0,0,1,1,39,-1,-1,-1
"2025000018401",3,9,19,2,0,0,1,3,-1,1560,2,9
"2025000018401",2,9,19,2,0,0,2,3,-1,1910,2,17
"2025000018401",1,9,19,2,0,0,2,2,-1,-1,-1,-1
"2025000018402",1,19,5,0,0,0,1,3,30,-1,-1,-1
"2025000018402",2,9,19,0,0,0,3,2,52,1390,1,17
"2025000018403",2,1,19,1,0,0,2,1,54,-1,-1,-1
"2025000018403",1,9,9,1,0,0,1,3,-1,-1,-1,-1
"2025000018404",2,9,19,8,5,0,4,2,35,1461,2,4
"2025000018404",1,19,19,6,0,0,1,1,32,2151,2,14
"2025000018405",1,4,19,0,0,0,1,1,19,125,1,6
"2025000018406",2,9,9,0,0,0,2,1,59,2996,1,17
"2025000018406",1,19,19,0,0,0,1,1,36,1248,2,9
"2025000018407",1,9,99,9,9,99,9,3,-1,1498,1,3
"2025000018408",1,9,7,8,0,0,1,1,72,998,1,8
"2025000018409",1,9,19,1,1,0,1,1,21,1461,2,8
"2025000018409",2,19,19,1,0,0,3,2,37,-1,-1,-1
"2025000018410",1,9,19,0,1,0,4,1,75,1582,2,14
"2025000018411",3,9,19,0,0,0,1,1,30,1799,1,12
"2025000018411",2,19,19,0,0,0,1,1,49,1995,2,3
"2025000018411",1,9,19,0,0,0,1,2,71,1386,1,9
"2025000018412",1,9,10,1,0,0,2,2,37,1686,2,12
"2025000018412",2,19,19,1,0,0,1,1,22,1996,2,0
"2025000018413",2,11,5,1,0,0,0,1,55,4500,2,3
"2025000018413",1,9,11,1,0,0,0,2,43,1396,2,10
"2025000018414",1,9,19,8,2,0,1,2,23,1299,1,19
"2025000018415",2,9,19,0,0,0,1,2,73,1598,8,1
"2025000018415",1,9,19,0,0,0,1,1,62,1498,8,1
"2025000018416",2,99,19,0,0,0,4,3,-1,-1,-1,-1
"2025000018416",1,90,19,0,0,0,3,1,55,-1,-1,-1
"2025000018417",7,9,6,8,0,0,3,1,21,1499,8,5
"2025000018417",2,9,19,1,0,0,0,1,37,1998,1,3
"2025000018417",3,9,9,1,0,0,1,1,32,1998,1,3
"2025000018417",4,9,19,2,0,0,4,2,28,1229,1,7
"2025000018417",6,19,19,8,0,0,4,1,32,1995,2,1
"2025000018417",1,9,19,1,0,0,0,1,42,2993,2,3
"2025000018417",5,9,19,2,0,0,2,1,29,1364,1,15
"2025000018418",2,1,19,8,5,0,3,1,40,-1,-1,-1
"2025000018418",1,9,9,8,0,0,1,1,-1,2993,2,15
"2025000018419",1,3,19,1,2,0,2,1,22,124,1,9
"2025000018419",2,9,9,8,0,0,4,1,33,2143,2,5
"2025000018420",1,9,19,0,0,0,1,1,46,2000,1,16
"2025000018420",2,9,19,0,0,0,1,2,36,1998,1,18
"2025000018421",1,9,19,2,0,0,1,1,55,-1,-1,-1
"2025000018421",2,8,19,2,0,0,3,1,47,-1,-1,-1
"2025000018422",1,9,19,1,0,10,1,2,46,-1,-1,-1
"2025000018422",2,9,19,2,0,0,3,1,25,1968,2,6
"2025000018423",2,3,19,1,0,0,1,1,36,125,1,3
"2025000018423",1,9,9,5,5,0,1,1,26,1364,1,12
"2025000018424",1,9,99,0,9,99,9,3,-1,-1,-1,-1
"2025000018425",2,1,19,3,0,0,3,1,34,-1,-1,-1
"2025000018425",1,9,5,4,0,0,1,1,-1,-1,3,2
"2025000018426",2,17,19,0,0,0,3,1,21,6728,2,10
"2025000018426",1,21,19,0,0,0,1,1,48,4500,2,4
"2025000018427",2,9,19,0,0,0,1,1,47,2993,2,4
"2025000018427",1,19,19,0,1,0,4,1,17,1997,2,3
"2025000018428",1,9,19,0,1,0,1,1,46,1905,1,30
"2025000018428",2,9,19,0,0,0,1,3,-1,-1,-1,-1
"2025000018429",2,1,9,2,0,0,4,1,17,-1,-1,-1
"2025000018429",1,9,19,2,0,0,4,2,23,-1,-1,-1
"2025000018430",1,9,9,1,0,0,1,1,50,1798,8,1
"2025000018431",2,9,19,1,0,0,1,1,33,1598,1,14
"2025000018431",1,9,19,1,0,0,1,1,59,1598,1,17
"2025000018432",1,9,99,9,9,99,9,1,23,1596,1,10
"2025000018432",2,9,99,9,9,99,9,3,62,1598,8,1
"2025000018433",1,3,14,1,0,0,4,1,33,125,1,2
"2025000018433",2,9,5,6,0,0,1,2,41,1968,2,11
"2025000018434",1,9,19,0,0,0,1,2,86,1399,1,11
"2025000018435",2,9,9,8,0,0,4,2,37,1796,1,13
"2025000018435",1,9,19,4,0,0,1,2,56,2993,2,5
"2025000018436",2,9,19,1,0,0,1,2,23,1598,2,11
"2025000018436",1,9,9,8,0,0,4,1,18,1198,1,13
"2025000018437",1,19,19,0,5,0,1,1,79,1995,2,12
"2025000018437",2,9,2,0,0,0,2,1,38,1498,1,3
"2025000018438",1,9,4,2,0,0,2,1,38,1560,2,11
"2025000018439",1,9,19,0,0,0,1,2,80,998,1,11
"2025000018440",1,9,9,1,0,0,1,1,25,1390,1,19
"2025000018441",1,9,19,1,0,0,1,1,38,1398,1,8
"2025000018441",2,9,3,1,0,0,2,2,55,998,1,4
"2025000018442",1,9,19,8,0,0,3,1,34,1798,8,6
"2025000018442",2,4,19,8,0,0,1,1,32,125,1,4
"2025000018443",1,9,7,8,0,0,1,1,34,1398,1,9
"2025000018443",2,1,9,8,0,0,4,3,-1,-1,-1,-1
"2025000018444",1,9,19,0,5,0,1,2,39,1999,1,14
"2025000018445",1,1,19,1,0,0,1,2,18,-1,-1,-1
"2025000018446",1,9,19,0,0,0,1,1,45,1968,2,4
"2025000018446",2,9,19,0,0,0,2,2,41,1396,1,12
"2025000018447",1,9,19,0,5,0,1,1,38,2993,2,16
"2025000018448",1,9,1,8,0,0,2,2,47,2993,2,8
"2025000018449",2,1,19,0,0,0,0,1,61,-1,-1,-1
"2025000018449",1,1,19,0,5,0,0,1,63,-1,-1,-1
"2025000018450",1,9,19,0,1,0,1,2,29,1248,1,12
"2025000018451",2,9,9,6,0,0,1,1,33,1995,2,5
"2025000018451",1,3,14,6,0,0,1,1,31,125,1,6
"2025000018452",2,9,4,0,0,0,2,1,33,1332,8,0
"2025000018452",1,9,19,0,0,0,1,1,31,998,1,5
"2025000018453",1,4,19,0,1,11,1,1,43,411,1,2
"2025000018454",2,9,-1,0,0,0,2,1,55,1997,1,25
"2025000018454",1,9,-1,0,0,0,1,1,50,1598,1,11
"2025000018455",1,19,7,8,0,10,1,1,34,-1,3,4
"2025000018456",2,9,2,0,0,0,2,3,-1,1968,2,5
"2025000018456",1,9,19,0,0,4,4,1,86,1398,1,21
"2025000018457",3,9,4,0,0,0,2,1,44,1398,2,10
"2025000018457",4,9,4,0,0,0,2,1,53,-1,-1,-1
"2025000018457",2,9,4,0,0,0,2,1,23,1797,8,6
"2025000018457",1,9,4,0,0,0,1,1,39,-1,-1,-1
"2025000018458",1,9,19,1,0,0,1,1,32,1995,2,15
"2025000018458",2,9,3,1,1,0,2,2,44,1386,1,13
"2025000018459",1,3,19,8,1,10,4,1,18,124,1,1
"2025000018460",2,9,99,0,9,99,9,1,59,2999,1,5
"2025000018460",1,1,99,0,9,99,9,2,31,-1,-1,-1
"2025000018461",2,9,99,9,9,99,9,3,-1,-1,-1,-1
"2025000018461",1,1,99,9,9,99,1,1,40,-1,-1,-1
"2025000018462",2,11,2,1,0,0,0,3,-1,-1,-1,-1
"2025000018462",1,8,7,8,0,0,4,1,73,1560,2,10
"2025000018463",1,9,19,1,0,0,1,2,66,1299,1,20
"2025000018463",2,9,10,8,0,0,1,2,49,1968,2,4