"collision_index","vehicle_reference","vehicle_type","vehicle_manoeuvre","junction_location","skidding_and_overturning","hit_object_in_carriageway","first_point_of_impact","sex_of_driver","age_of_driver","engine_capacity_cc","propulsion_code","age_of_vehicle"
"2025000019133",1,9,19,0,1,0,1,2,24,999,1,3
"2025000019133",2,17,5,0,0,0,4,1,24,6788,2,3
"2025000019134",1,3,99,0,9,99,1,1,24,125,1,2
"2025000019134",2,9,99,0,9,99,2,3,-1,1998,1,0
"2025000019135",1,9,19,0,0,0,1,1,-1,1951,2,16
"2025000019135",2,9,4,0,0,0,2,1,35,1798,8,3
"2025000019136",1,11,4,1,0,0,0,1,22,8268,2,16
"2025000019137",1,9,3,0,0,0,2,2,56,999,1,3
"2025000019137",2,9,19,0,0,0,1,3,-1,1242,1,16
"2025000019138",1,9,19,2,0,0,1,1,27,2993,2,10
"2025000019138",2,9,2,2,0,0,1,3,-1,-1,-1,-1
"2025000019138",3,19,2,2,0,0,2,3,-1,2198,2,6
"2025000019139",1,9,19,8,0,0,4,1,54,1997,1,6
"2025000019139",2,5,19,8,0,0,1,1,42,1037,1,4
"2025000019140",1,9,19,4,0,0,1,1,50,-1,3,4
"2025000019140",2,1,19,8,0,0,2,1,28,-1,-1,-1
"2025000019141",2,9,99,9,9,99,1,3,-1,-1,-1,-1
"2025000019141",1,9,99,9,9,99,2,1,54,-1,-1,-1
"2025000019142",1,9,19,1,0,0,1,2,28,1997,2,12
"2025000019142",2,3,19,1,0,0,3,1,63,125,1,1
"2025000019143",1,3,99,9,9,99,9,3,34,292,1,2
"2025000019143",2,9,99,9,9,99,9,3,-1,1798,1,18
"2025000019144",1,3,19,0,0,0,1,1,55,125,1,0
"2025000019145",1,9,19,8,0,0,1,1,-1,-1,-1,-1
"2025000019145",2,1,19,8,0,0,4,1,26,-1,-1,-1
"2025000019146",2,9,19,1,0,0,1,2,39,1597,2,8
"2025000019146",1,9,19,1,0,0,1,1,44,1560,2,8
"2025000019147",1,9,13,0,1,0,1,1,62,-1,-1,-1
"2025000019147",3,9,19,0,0,0,2,1,34,-1,-1,-1
"2025000019147",2,21,19,0,0,0,1,1,25,-1,-1,-1
"2025000019148",1,1,19,0,0,0,2,1,58,-1,-1,-1
"2025000019148",2,9,2,0,0,0,0,3,30,1598,1,11
"2025000019149",1,9,99,9,9,99,1,1,25,1598,1,10
"2025000019150",1,9,4,0,0,0,1,1,58,1997,2,12
"2025000019150",2,9,3,0,0,0,2,2,64,2099,2,17
"2025000019151",2,1,19,8,0,0,1,1,47,-1,-1,-1
"2025000019151",1,9,9,6,0,0,1,2,42,1461,2,8
"2025000019152",1,9,9,8,0,0,1,2,-1,1197,1,11
"2025000019152",2,4,8,8,0,0,1,1,34,-1,-1,-1
"2025000019153",2,9,7,1,0,0,1,1,30,1685,2,6
"2025000019153",3,19,2,1,0,0,1,3,-1,-1,-1,-1
"2025000019153",1,5,19,1,0,4,1,1,30,600,1,23
"2025000019154",2,17,5,6,1,0,1,1,63,-1,2,18
"2025000019154",1,9,19,8,5,0,3,1,26,1968,2,17
"2025000019155",1,11,19,1,0,0,0,1,20,4500,2,2
"2025000019155",2,9,7,1,0,0,0,2,36,1896,2,16
"2025000019156",1,9,19,0,2,0,1,1,22,1248,1,11
"2025000019157",1,9,12,0,0,0,3,1,24,1499,1,4
"2025000019157",2,98,19,0,0,0,4,1,22,-1,-1,-1
"2025000019158",2,90,19,0,5,10,4,1,38,7698,2,6
"2025000019158",1,90,19,0,0,0,0,3,-1,-1,-1,-1
"2025000019159",1,11,4,1,0,0,0,3,-1,-1,-1,-1
"2025000019160",2,1,14,2,0,0,3,1,45,-1,-1,-1
"2025000019160",1,9,14,2,0,0,1,1,69,999,1,3
"2025000019161",1,11,2,1,0,0,0,1,60,4250,2,10
"2025000019162",1,9,5,1,0,0,3,2,74,1364,1,5
"2025000019163",1,9,19,0,1,0,1,1,27,1975,1,18
"2025000019163",2,9,19,0,0,0,1,1,55,1598,8,0
"2025000019164",2,4,14,0,1,0,0,1,17,125,1,1
"2025000019164",1,97,14,0,0,0,0,3,-1,-1,-1,-1
"2025000019165",2,3,19,8,1,0,3,1,35,113,1,6
"2025000019165",1,19,9,6,0,0,0,1,62,2261,1,12
"2025000019166",1,9,19,8,0,0,4,2,53,1149,1,11
"2025000019167",3,9,19,2,0,0,2,1,46,-1,-1,-1
"2025000019167",1,19,19,1,1,0,1,1,22,2198,2,9
"2025000019167",2,19,19,2,0,0,2,1,56,1498,2,4
"2025000019168",2,9,19,0,0,0,1,1,17,1242,1,17
"2025000019168",1,19,19,0,0,0,1,1,30,1950,2,2
"2025000019169",2,1,19,1,0,0,4,1,67,-1,-1,-1
"2025000019169",1,-1,9,2,0,0,1,1,-1,-1,-1,-1
"2025000019170",1,19,19,2,0,0,1,1,38,1399,2,11
"2025000019171",1,9,1,2,0,0,1,2,52,1197,1,9
"2025000019172",1,9,19,0,0,0,3,1,78,2179,2,12
"2025000019172",2,21,19,0,0,0,3,1,35,12777,2,1
"2025000019173",1,9,2,0,0,0,2,2,28,2204,2,12
"2025000019173",2,9,2,0,0,0,2,1,50,2488,2,16
"2025000019173",3,9,19,0,0,4,1,1,37,1956,2,11
"2025000019174",2,9,2,0,0,0,1,-1,-1,1296,1,18
"2025000019174",1,23,13,0,1,4,1,3,-1,-1,-1,-1
"2025000019175",1,1,99,9,9,99,9,2,57,-1,-1,-1
"2025000019176",3,21,19,0,1,0,3,1,57,12902,2,4
"2025000019176",2,9,19,0,1,0,2,2,35,1597,1,16
"2025000019176",1,98,19,0,0,0,1,3,35,-1,-1,-1
"2025000019177",1,9,19,6,1,0,1,1,37,2720,2,19
"2025000019178",2,9,19,4,0,0,1,1,58,1798,8,4
"2025000019178",1,9,5,4,0,0,1,1,49,1995,2,5
"2025000019179",1,9,19,0,2,0,3,2,19,1368,1,12
"2025000019180",3,8,3,1,0,0,2,1,26,1798,8,3
"2025000019180",2,9,19,1,0,0,0,3,18,1395,1,6
"2025000019180",1,9,19,1,0,0,1,1,27,2995,1,5
"2025000019181",1,9,19,2,0,0,1,2,17,1242,1,15
"2025000019182",1,9,19,0,0,0,1,3,-1,1798,8,6
"2025000019183",2,20,19,0,0,0,3,1,31,4500,2,3
"2025000019183",1,21,19,0,0,0,3,1,27,12902,2,2
"2025000019184",1,5,12,0,1,0,1,1,21,803,1,9
"2025000019185",2,9,19,8,0,0,1,1,75,999,1,3
"2025000019185",3,9,10,1,0,0,3,1,49,1995,2,12
"2025000019185",1,9,9,5,0,0,4,1,73,1560,2,12
"2025000019186",1,11,9,8,0,0,3,1,42,-1,3,0
"2025000019186",2,9,9,8,0,0,1,3,-1,2143,2,7
"2025000019187",1,9,7,2,0,0,1,1,27,1598,2,11
"2025000019188",1,1,19,0,0,0,3,1,70,-1,-1,-1
"2025000019189",1,9,7,1,0,0,4,2,33,1124,1,18
"2025000019190",1,9,9,6,0,0,1,1,30,-1,-1,-1
"2025000019190",2,9,3,1,0,0,1,1,54,1997,2,13
"2025000019191",1,9,9,1,0,0,1,1,68,1422,2,9
"2025000019191",2,1,19,2,2,0,1,2,-1,-1,-1,-1
"2025000019192",1,9,19,1,0,0,4,1,41,1242,1,15
"2025000019192",2,1,9,2,0,0,1,1,15,-1,-1,-1
"2025000019193",1,9,8,3,0,0,1,1,39,1968,2,3
"2025000019193",2,1,19,4,0,0,3,1,41,-1,-1,-1
"2025000019194",1,19,19,1,0,0,2,3,-1,2400,2,21
"2025000019195",1,4,19,0,5,0,1,1,33,125,1,7
"2025000019195",2,9,6,0,0,0,1,3,-1,1598,1,17
"2025000019196",1,9,19,0,2,4,1,1,24,999,1,6
"2025000019196",2,9,2,0,1,0,1,3,-1,1598,2,8
"2025000019197",2,1,19,6,0,0,3,2,15,-1,-1,-1
"2025000019197",1,-1,5,8,0,0,1,3,40,-1,-1,-1
"2025000019198",1,9,19,0,0,0,1,1,47,1969,2,8
"2025000019198",2,90,4,0,0,0,2,1,63,-1,-1,-1
"2025000019198",3,9,4,0,0,0,2,2,35,1560,2,9
"2025000019199",2,9,19,0,0,0,1,1,31,-1,-1,-1
"2025000019199",1,9,19,0,0,0,1,1,34,-1,-1,-1
"2025000019200",2,9,4,0,0,0,3,1,22,1968,2,8
"2025000019200",1,21,19,0,5,0,4,1,54,12900,2,9
"2025000019201",1,19,19,0,0,0,4,3,-1,-1,3,0
"2025000019202",2,9,19,0,1,0,1,1,52,1242,1,18
"2025000019202",1,9,19,0,0,0,2,1,49,1968,2,6
"2025000019203",1,1,99,9,9,99,9,1,24,-1,-1,-1
"2025000019203",2,9,99,9,9,99,9,3,-1,-1,-1,-1
"2025000019204",1,9,19,0,0,0,1,1,87,1580,8,4
"2025000019205",1,9,5,6,0,0,3,2,36,1596,1,9
"2025000019205",2,1,19,4,1,0,1,1,25,-1,-1,-1
"2025000019206",1,9,9,8,0,0,3,2,34,-1,3,2
"2025000019206",2,19,19,1,0,0,1,1,29,2463,2,18
"2025000019207",1,9,19,1,0,0,1,1,57,1798,8,5
"2025000019207",2,9,19,1,0,10,3,1,22,1968,2,6
"2025000019208",1,11,4,8,0,0,0,3,-1,6700,2,9
"2025000019209",2,11,-1,0,-1,-1,-1,1,61,9360,2,7
"2025000019209",1,9,-1,0,-1,-1,-1,3,-1,-1,-1,-1
"2025000019210",1,9,19,1,0,0,1,1,37,1598,2,6
"2025000019211",1,9,19,0,0,0,1,2,20,1149,1,11
"2025000019212",2,9,19,0,0,0,2,1,57,-1,-1,-1
"2025000019212",1,9,19,0,0,0,1,1,36,-1,-1,-1
"2025000019213",2,11,5,1,0,0,1,1,26,6700,2,8
"2025000019213",1,9,19,1,0,0,1,2,24,-1,-1,-1
"2025000019214",1,1,19,1,0,0,-1,1,-1,-1,-1,-1
"2025000019214",2,9,5,1,0,0,4,1,77,1598,2,7
"2025000019215",3,9,2,0,0,0,2,3,-1,999,1,1
"2025000019215",2,9,2,0,0,4,3,3,-1,1461,2,9
"2025000019215",1,9,19,0,0,4,4,1,19,1197,1,5
"2025000019216",2,9,9,1,0,0,3,1,31,2143,2,9
"2025000019216",1,9,19,1,0,0,1,1,50,1798,8,2
"2025000019217",1,9,-1,0,0,0,1,1,79,1753,2,16
"2025000019217",2,9,-1,0,0,0,1,2,77,1200,1,7
"2025000019218",1,9,19,0,0,0,1,1,39,1995,2,1
"2025000019219",1,9,99,9,9,99,2,1,36,1798,8,11
"2025000019219",2,9,99,9,9,99,2,1,38,2987,2,17
"2025000019220",1,21,7,0,5,10,1,1,60,16353,2,3
"2025000019221",2,9,9,6,0,0,4,1,68,2894,1,2
"2025000019221",1,9,19,8,0,0,3,1,29,1497,8,1
"2025000019222",2,9,19,0,0,0,4,1,47,1998,1,3
"2025000019222",1,19,12,0,1,0,3,1,37,1995,2,7
"2025000019223",2,19,3,0,0,0,2,1,33,1995,2,5
"2025000019223",1,21,19,0,0,0,1,1,31,6374,2,10
"2025000019224",2,19,8,1,0,0,4,1,26,1998,2,15
"2025000019224",1,9,19,1,0,0,1,2,18,-1,-1,-1
"2025000019225",2,9,19,8,0,0,4,2,37,1969,8,0
"2025000019225",1,9,9,8,0,0,3,2,68,1560,2,15
"2025000019226",1,11,4,0,0,0,0,1,48,4764,2,12
"2025000019227",2,2,19,0,0,0,4,1,16,50,1,0
"2025000019227",1,9,19,0,0,0,3,1,23,2261,1,5
"2025000019228",1,9,9,2,0,0,1,1,25,1240,1,12
"2025000019228",2,19,19,1,0,0,1,1,36,1995,2,5
"2025000019229",2,9,7,6,0,0,1,3,-1,998,1,6
"2025000019229",1,1,19,8,0,0,3,1,32,-1,-1,-1
"2025000019230",1,9,99,9,9,99,2,2,18,-1,-1,-1
"2025000019230",2,9,99,9,9,99,1,1,-1,1197,1,11
"2025000019231",1,11,19,8,0,0,0,1,21,6700,2,1
"2025000019232",1,9,5,5,0,0,3,2,37,1799,1,16
"2025000019232",2,3,19,8,0,0,1,1,38,108,1,7
"2025000019233",1,9,5,2,0,0,1,2,56,998,1,17
"2025000019233",2,9,9,2,0,0,4,1,38,-1,-1,-1
"2025000019234",1,9,19,1,0,0,1,2,36,1968,2,14
"2025000019234",2,9,2,1,0,0,1,3,-1,2149,2,16
"2025000019235",1,9,99,9,9,99,9,3,-1,-1,-1,-1
"2025000019236",2,9,19,0,0,0,2,1,17,1984,1,0
"2025000019236",1,9,19,0,0,0,1,3,-1,-1,-1,-1
"2025000019237",1,9,19,0,0,0,4,2,75,998,1,6
"2025000019238",1,11,2,1,0,0,0,1,37,6700,2,1
"2025000019239",1,1,19,6,0,0,3,1,22,-1,-1,-1
"2025000019239",2,9,19,8,0,0,1,1,20,1399,2,10
"2025000019240",1,19,1,0,0,0,2,1,40,1995,2,6
"2025000019241",2,9,9,1,1,0,3,2,31,1364,1,11
"2025000019241",1,8,9,1,0,0,1,1,60,2143,2,7
"2025000019242",1,9,19,0,5,0,1,2,69,1332,1,2
"2025000019243",2,1,19,0,0,0,1,1,12,-1,-1,-1
"2025000019243",1,11,4,0,0,10,2,1,58,6700,2,8
"2025000019244",1,11,19,0,0,0,4,1,64,5100,2,8
"2025000019245",2,9,3,0,0,0,1,1,38,2987,2,9
"2025000019245",1,9,4,0,0,0,2,1,32,2488,8,0
"2025000019246",1,11,19,1,0,0,4,1,59,10838,2,6
"2025000019247",2,9,19,1,0,0,1,2,30,1998,1,5
"2025000019247",1,9,9,5,0,0,3,2,19,1197,1,12
"2025000019248",1,9,99,0,9,99,2,1,35,998,1,14
"2025000019248",2,9,99,0,9,99,1,3,57,1595,1,13
"2025000019249",1,9,5,6,0,0,1,1,29,1598,2,6
"2025000019249",2,8,14,8,0,0,4,1,56,1560,2,6
"2025000019250",1,9,19,8,0,0,-1,3,-1,-1,-1,-1
"2025000019251",2,90,19,8,0,0,4,1,28,-1,-1,-1
"2025000019251",1,9,9,6,0,0,1,2,51,993,1,21
"2025000019252",1,9,19,0,0,0,1,1,68,1242,1,12
"2025000019252",2,9,3,0,0,0,2,2,71,1198,1,7
"2025000019252",3,9,3,0,0,0,2,1,29,998,1,13
"2025000019253",1,9,19,8,0,0,3,1,26,1781,1,17
"2025000019253",2,9,19,8,0,0,1,1,46,2993,2,3
"2025000019254",2,9,5,0,0,0,4,1,28,-1,-1,-1
"2025000019254",1,23,3,0,0,0,0,1,28,-1,-1,-1
"2025000019255",2,19,2,8,0,0,0,3,-1,2402,2,17
"2025000019255",1,9,2,8,0,0,0,3,-1,2191,2,6
"2025000019256",1,9,5,4,0,0,3,1,-1,1560,2,15
"2025000019256",2,3,19,8,1,0,1,1,37,124,1,9
"2025000019257",1,9,19,0,0,0,1,1,33,2979,1,20
"2025000019257",2,19,2,0,0,0,4,3,-1,2198,2,15
"2025000019258",2,9,19,2,0,0,1,1,50,1498,1,9
"2025000019258",1,9,4,1,0,0,1,2,28,1329,1,9
"2025000019258",3,9,2,2,0,0,3,3,-1,1333,1,0
"2025000019259",1,9,19,0,0,0,3,2,49,1997,2,11
"2025000019259",4,11,3,0,0,0,3,1,61,6696,2,5
"2025000019259",3,9,3,0,0,0,3,1,56,1968,2,11
"2025000019259",2,9,3,0,0,0,3,1,41,1997,2,10
"2025000019260",1,9,9,8,0,0,1,1,46,1399,1,6
"2025000019260",2,2,19,8,0,0,1,1,35,-1,3,1
"2025000019261",1,9,9,1,0,0,1,1,42,1598,2,7
"2025000019261",2,3,19,1,0,0,1,1,18,125,1,7
"2025000019262",1,9,4,0,0,0,1,1,38,1797,8,12
"2025000019263",2,9,19,0,0,0,1,1,44,1497,8,15
"2025000019263",1,9,3,0,0,0,2,1,36,3999,1,9
"2025000019264",2,1,19,2,0,0,1,1,21,-1,-1,-1
"2025000019264",1,9,19,8,0,0,4,1,33,1498,1,3
"2025000019265",1,9,19,0,0,0,4,1,28,1995,2,6
"2025000019266",2,1,5,6,0,0,2,2,59,-1,-1,-1
"2025000019266",1,9,5,6,0,0,1,2,55,1368,1,12
"2025000019267",1,3,13,1,0,0,1,1,32,-1,-1,-1
"2025000019267",2,9,9,1,0,0,1,2,27,1973,1,23
"2025000019268",1,9,19,8,0,0,1,1,19,1198,1,9
"2025000019268",2,1,19,8,0,0,3,1,37,-1,-1,-1
"2025000019269",1,9,19,3,0,0,1,1,28,1999,1,16
"2025000019270",1,9,19,0,0,0,3,1,38,2143,2,8
"2025000019271",2,9,19,1,0,0,1,2,60,1499,1,3
"2025000019271",1,9,7,1,0,0,4,1,22,1995,2,15
"2025000019272",1,1,19,2,0,0,1,1,13,-1,-1,-1
"2025000019273",1,9,11,2,0,0,4,3,-1,998,1,9
"2025000019274",1,9,3,0,0,0,1,2,-1,1390,1,20
"2025000019274",2,19,3,0,0,0,2,2,41,1560,2,8
"2025000019275",1,19,9,6,0,0,3,1,37,1560,2,5
"2025000019275",2,9,19,8,0,0,1,1,20,1968,2,0
"2025000019276",2,9,99,9,9,99,9,3,-1,-1,-1,-1
"2025000019276",1,1,99,9,9,99,1,1,25,-1,-1,-1
"2025000019277",1,2,13,1,0,0,1,1,16,49,1,1
"2025000019277",2,9,5,1,0,0,3,1,29,1395,8,3
"2025000019278",1,1,99,9,9,99,9,1,39,-1,-1,-1
"2025000019278",2,1,99,9,9,99,9,3,-1,-1,-1,-1
"2025000019279",1,9,19,0,2,0,1,1,18,998,1,22
"2025000019280",2,20,11,2,0,0,1,1,41,-1,-1,-1
"2025000019280",1,9,12,1,0,0,3,1,30,1992,2,15
"2025000019281",2,21,99,9,9,99,9,3,-1,11705,2,17
"2025000019281",1,9,99,9,9,99,2,1,27,1398,1,8
"2025000019282",1,9,3,0,0,0,2,2,44,1388,1,15
"2025000019282",2,98,5,0,0,0,1,3,-1,-1,-1,-1
"2025000019283",1,9,99,9,9,99,1,1,70,-1,-1,-1
"2025000019283",2,9,99,9,9,99,1,3,-1,-1,-1,-1
"2025000019284",1,9,19,1,0,4,1,2,49,1333,1,3
"2025000019284",2,9,2,1,0,0,2,3,-1,1999,2,5
"2025000019285",1,10,5,1,0,0,1,1,-1,-1,-1,-1
"2025000019285",2,10,5,1,0,0,2,1,47,1995,2,3
"2025000019286",2,9,19,1,0,0,1,1,23,998,1,10
"2025000019286",1,9,8,1,0,0,2,1,29,1997,2,6
"2025000019287",2,9,19,0,0,0,1,2,47,1461,2,6
"2025000019287",1,9,19,0,0,0,1,1,74,1242,1,1
"2025000019288",2,3,19,1,0,0,1,1,28,125,1,10
"2025000019288",1,8,19,1,0,0,1,1,56,2143,2,5
"2025000019289",1,3,5,0,2,10,1,1,17,108,1,4
"2025000019290",1,9,19,1,0,0,1,1,22,1595,1,5
"2025000019290",2,9,6,1,0,0,3,2,58,1968,2,1
"2025000019291",1,5,99,9,9,99,9,1,39,645,1,9
"2025000019291",2,9,99,9,9,99,1,3,-1,1969,8,3
"2025000019292",2,9,99,9,9,99,1,2,-1,1390,1,12
"2025000019292",1,1,99,9,9,99,9,1,59,-1,-1,-1
"2025000019293",1,9,19,0,0,0,1,1,33,1997,2,7
"2025000019293",2,9,19,0,0,0,4,1,27,1968,2,11
"2025000019294",1,3,19,8,0,0,1,1,29,125,1,6
"2025000019294",2,90,19,8,0,0,3,1,31,2987,2,1
"2025000019295",2,1,9,5,5,0,4,1,17,-1,-1,-1
"2025000019295",1,9,19,1,0,0,3,1,67,1798,1,15
"2025000019296",1,9,14,2,0,0,4,1,37,-1,3,1
"2025000019296",2,11,2,2,0,0,0,1,-1,-1,-1,-1
"2025000019297",1,19,99,9,9,99,1,1,55,1560,2,4
"2025000019297",2,1,99,9,9,99,9,1,-1,-1,-1,-1
"2025000019298",1,9,9,3,1,0,3,2,23,1598,1,10
"2025000019298",2,9,12,3,0,0,4,3,34,-1,-1,-1
"2025000019299",2,5,7,3,0,0,4,1,23,998,1,5
"2025000019299",1,9,19,4,0,0,3,2,68,999,1,3
"2025000019300",1,9,19,0,0,0,1,1,50,1598,2,8
"2025000019300",2,20,19,0,1,0,1,1,37,6871,2,10
"2025000019301",1,5,4,1,0,0,1,1,-1,1170,1,3
"2025000019301",2,5,4,1,0,4,1,1,-1,1170,1,6
"2025000019302",1,5,19,4,1,0,1,1,20,599,1,26
"2025000019302",2,9,19,4,0,0,0,1,38,1969,2,4
"2025000019303",1,9,9,1,0,0,4,2,42,1499,1,1
"2025000019303",2,5,5,1,0,0,1,1,29,948,1,3
"2025000019304",1,21,11,0,0,0,1,1,63,12902,2,1
"2025000019304",2,9,19,0,0,0,3,1,28,1560,2,11
"2025000019305",1,9,19,0,5,12,1,1,40,1999,2,4
"2025000019306",1,9,99,9,9,99,9,1,26,1362,1,9
"2025000019306",2,9,99,9,9,99,9,3,-1,-1,-1,-1
"2025000019307",1,9,7,8,0,0,1,1,-1,998,1,4
"2025000019308",1,9,2,1,0,8,3,3,-1,2360,8,4
"2025000019308",2,3,19,6,0,4,1,1,30,108,1,4
"2025000019309",1,9,13,8,0,0,-1,3,-1,1296,1,14
"2025000019309",2,9,4,8,0,0,2,1,69,-1,-1,-1
"2025000019309",3,11,4,8,0,0,1,3,-1,6700,2,5
"2025000019310",1,9,9,1,0,0,1,2,21,1395,1,9
"2025000019310",2,9,19,1,0,0,1,1,74,1373,8,4
"2025000019311",1,9,19,0,0,0,1,1,27,1984,1,14
"2025000019311",2,9,2,0,0,0,2,1,53,1591,1,3
"2025000019312",1,9,1,0,0,0,2,2,30,2967,2,12
"2025000019312",2,9,4,0,0,0,2,2,41,1598,1,12
"2025000019313",2,1,19,0,0,0,1,2,6,-1,-1,-1
"2025000019313",1,9,-1,0,-1,-1,-1,3,-1,-1,-1,-1
"2025000019314",2,9,19,1,0,0,1,1,32,1968,2,6
"2025000019314",1,19,9,7,0,0,0,1,37,1498,2,1
"2025000019315",1,9,11,8,0,0,2,2,22,1598,8,1
"2025000019315",2,21,19,1,0,0,1,1,67,12777,2,9
"2025000019316",1,11,19,3,0,0,4,1,28,5900,2,13
"2025000019316",2,9,5,4,0,0,1,2,23,1388,1,9
"2025000019317",2,8,7,6,1,0,1,1,56,1798,8,2
"2025000019317",1,11,19,1,0,0,1,1,44,4461,2,6
"2025000019318",1,1,19,1,0,0,1,1,26,-1,-1,-1
"2025000019319",2,9,2,2,0,4,4,3,-1,-1,3,1
"2025000019319",4,9,2,2,0,0,2,3,-1,-1,-1,-1
"2025000019319",5,9,3,2,0,0,4,2,32,1398,1,10
"2025000019319",1,9,7,2,0,4,1,1,21,2996,1,18
"2025000019319",3,9,2,2,0,4,2,3,-1,1242,1,11
"2025000019319",6,9,19,2,0,0,0,1,38,1987,8,0
"2025000019320",1,4,19,0,5,0,1,1,26,108,1,10
"2025000019320",2,19,1,0,0,0,2,1,33,1997,2,5
"2025000019321",3,9,4,0,0,0,2,1,46,1995,2,6
"2025000019321",2,9,4,0,0,0,2,2,28,1582,2,7
"2025000019321",1,19,19,0,1,0,1,1,23,1499,2,4
"2025000019322",2,9,9,9,9,99,4,1,-1,-1,-1,-1
"2025000019322",1,1,99,9,9,99,9,2,28,-1,-1,-1
"2025000019323",2,1,19,8,0,0,4,1,43,-1,-1,-1
"2025000019323",1,9,5,4,0,0,1,2,56,2995,1,12
"2025000019324",4,9,19,0,0,0,1,1,54,1968,2,5
"2025000019324",1,19,12,0,0,0,2,1,29,2198,2,3
"2025000019324",5,9,12,0,0,0,1,2,56,2687,1,12
"2025000019324",2,9,12,0,0,0,1,2,33,999,1,4
"2025000019324",3,19,19,0,0,0,1,1,58,2143,2,6
"2025000019325",1,-1,19,0,0,0,1,3,-1,-1,-1,-1
"2025000019325",2,9,19,0,0,0,2,1,45,1395,1,7
"2025000019326",2,9,8,1,0,0,3,2,49,1461,2,11
"2025000019326",1,11,9,5,0,0,3,1,60,7300,2,21
"2025000019327",3,9,4,0,0,0,0,2,55,2143,2,8
"2025000019327",2,9,4,0,0,0,2,1,34,1984,1,3
"2025000019327",4,9,2,0,0,0,0,1,83,998,1,9
"2025000019327",1,5,19,0,2,0,1,1,58,903,1,4
"2025000019328",1,9,19,0,0,0,1,2,17,1248,2,11
"2025000019329",1,20,19,8,0,0,4,1,55,4500,2,5
"2025000019330",1,9,3,1,0,0,3,3,30,-1,-1,-1
"2025000019330",2,1,3,1,0,0,4,1,60,-1,-1,-1
"2025000019331",2,1,19,0,0,0,1,1,36,-1,-1,-1
"2025000019331",1,9,19,0,0,0,1,1,-1,-1,-1,-1
"2025000019332",1,8,5,0,0,0,3,1,50,1798,8,5
"2025000019333",1,11,19,1,0,0,0,1,44,5132,2,6
"2025000019334",1,3,19,1,0,0,1,1,43,125,1,14
"2025000019335",1,23,19,8,0,11,1,1,32,-1,-1,-1
"2025000019336",1,19,11,3,0,0,0,1,44,1968,2,5
"2025000019336",2,9,19,3,1,0,4,2,21,1995,2,15
"2025000019337",1,9,19,0,0,0,1,2,22,1198,1,18
"2025000019338",2,23,19,0,0,0,1,1,76,-1,-1,-1
"2025000019338",1,9,4,0,0,0,2,1,68,1992,2,15
"2025000019339",2,9,99,9,9,99,9,1,45,1395,8,0
"2025000019339",1,1,99,9,9,99,9,1,46,-1,-1,-1
"2025000019340",2,9,10,0,0,0,3,1,57,1998,8,5
"2025000019340",1,3,19,0,0,0,1,1,29,108,1,10
"2025000019341",1,2,19,0,0,0,1,3,-1,-1,-1,-1
"2025000019341",2,9,4,0,0,0,2,1,67,1461,2,12
"2025000019342",3,21,99,9,9,99,1,3,-1,9290,5,2
"2025000019342",1,9,99,9,9,99,2,2,22,1496,1,6
"2025000019342",2,9,99,9,9,99,9,3,-1,1598,1,12
"2025000019343",2,1,19,0,5,0,1,1,27,-1,-1,-1
"2025000019343",1,8,5,0,0,0,3,3,-1,1950,12,4
"2025000019344",1,9,9,1,0,0,1,3,-1,1333,1,1
"2025000019344",2,9,4,1,0,0,1,1,38,1799,1,12
"2025000019345",1,9,12,0,0,0,1,2,22,999,1,2
"2025000019345",3,9,19,0,0,0,1,2,58,1398,1,5
"2025000019345",2,8,19,0,0,0,3,1,55,1968,2,6
"2025000019346",2,1,19,8,5,0,1,1,-1,-1,-1,-1
"2025000019346",1,9,9,8,0,0,1,3,-1,-1,-1,-1
"2025000019347",3,19,19,0,0,0,1,1,38,1995,2,0
"2025000019347",1,9,3,0,0,0,2,1,28,1997,2,9
"2025000019347",2,9,3,0,0,0,2,1,52,999,1,0
"2025000019347",4,9,19,0,0,0,1,2,33,1332,1,2
"2025000019347",5,9,19,0,0,0,2,2,65,1998,1,1
"2025000019348",1,9,19,1,0,0,1,1,32,1968,2,10
"2025000019348",2,3,19,1,0,0,2,1,41,998,1,19
"2025000019349",1,9,19,0,5,0,1,1,36,1498,1,5
"2025000019350",1,9,4,1,0,0,1,2,38,1997,2,8
"2025000019350",2,9,3,1,0,0,2,1,46,1968,2,12
"2025000019351",1,19,4,0,2,0,4,1,41,1995,2,1
"2025000019352",1,9,19,8,0,0,1,1,53,1598,2,9
"2025000019352",2,3,19,8,0,0,1,1,46,124,1,6
"2025000019353",1,8,19,1,0,0,1,1,45,1797,8,9
"2025000019354",1,9,9,0,0,0,1,1,20,1896,2,12
"2025000019355",1,4,19,0,0,0,1,1,23,471,1,4
"2025000019356",5,9,19,2,0,0,2,1,20,1229,1,14
"2025000019356",4,9,4,2,0,0,2,2,66,998,1,3
"2025000019356",3,9,3,2,0,0,2,1,36,1197,1,5
"2025000019356",1,9,19,1,0,0,1,1,53,3498,1,15
"2025000019356",2,9,13,1,0,0,2,1,46,1797,8,5
"2025000019356",6,21,4,2,0,0,2,1,46,12777,2,2
"2025000019357",2,19,19,1,0,0,4,1,58,1598,2,5
"2025000019357",1,9,19,1,0,0,1,3,-1,1242,1,12