"collision_index","vehicle_reference","vehicle_type","vehicle_manoeuvre","junction_location","skidding_and_overturning","hit_object_in_carriageway","first_point_of_impact","sex_of_driver","age_of_driver","engine_capacity_cc","propulsion_code","age_of_vehicle"
"2025000019358",1,9,11,0,1,0,4,3,-1,-1,-1,-1
"2025000019358",2,9,19,0,0,0,3,1,32,1987,8,0
"2025000019359",2,21,4,0,0,0,2,1,48,10837,2,5
"2025000019359",1,21,19,0,0,0,1,1,46,12742,2,1
"2025000019360",2,19,19,0,0,0,1,1,56,-1,-1,-1
"2025000019360",1,9,19,0,0,0,1,1,55,2143,2,11
"2025000019361",1,3,19,1,5,0,1,1,20,125,1,9
"2025000019362",1,1,19,0,2,0,0,2,51,-1,-1,-1
"2025000019362",2,1,19,0,2,0,0,1,44,-1,-1,-1
"2025000019363",2,1,9,8,0,0,4,1,55,-1,-1,-1
"2025000019363",1,3,15,8,0,0,1,1,45,385,1,24
"2025000019364",1,9,9,1,0,0,3,2,59,998,1,10
"2025000019364",2,1,10,1,0,0,4,2,59,-1,-1,-1
"2025000019365",1,9,19,0,0,0,3,1,31,1499,1,0
"2025000019366",1,9,19,2,0,0,1,1,53,1200,1,8
"2025000019367",1,9,19,8,0,0,1,1,31,1395,1,8
"2025000019368",1,9,19,8,1,10,1,1,32,1390,1,14
"2025000019369",2,19,19,0,0,0,3,1,29,2402,2,15
"2025000019369",1,17,19,0,0,0,4,1,22,6788,2,2
"2025000019370",2,9,19,1,0,0,1,1,24,1995,1,16
"2025000019370",1,9,9,6,0,0,1,1,50,999,1,5
"2025000019371",1,9,19,0,0,0,1,1,56,999,1,2
"2025000019371",2,9,19,0,0,0,2,1,45,-1,-1,-1
"2025000019372",1,9,9,6,0,0,1,1,84,1299,1,16
"2025000019372",2,1,19,8,0,0,4,2,50,-1,-1,-1
"2025000019373",1,9,9,2,0,0,1,1,63,1969,8,1
"2025000019374",2,9,19,6,0,0,4,2,35,1596,1,15
"2025000019374",3,9,8,6,0,0,3,2,35,1120,2,6
"2025000019374",1,9,19,8,1,0,1,2,59,2967,2,10
"2025000019374",4,9,19,8,0,0,1,2,60,1461,2,6
"2025000019375",1,9,5,1,2,0,4,2,56,1199,1,1
"2025000019376",1,9,4,1,0,7,4,2,57,998,1,6
"2025000019377",2,9,19,8,5,0,1,1,28,2198,2,10
"2025000019377",1,9,19,8,0,0,4,1,28,-1,-1,-1
"2025000019378",3,9,4,0,0,0,2,1,54,1956,2,8
"2025000019378",1,9,19,0,0,0,1,1,51,999,1,1
"2025000019378",2,9,4,0,0,0,2,2,54,-1,-1,-1
"2025000019379",2,9,5,0,0,0,2,1,39,1968,2,7
"2025000019379",1,19,19,0,0,0,1,1,54,1498,2,2
"2025000019380",1,11,19,1,0,0,0,1,39,5132,2,5
"2025000019380",2,9,9,1,0,0,0,3,71,-1,-1,-1
"2025000019381",1,9,9,1,0,0,3,1,33,1598,2,6
"2025000019381",2,5,19,1,2,0,1,1,33,-1,-1,-1
"2025000019382",1,11,19,2,0,0,0,1,67,4500,2,4
"2025000019383",2,21,4,0,0,0,2,1,45,12902,2,4
"2025000019383",1,11,19,0,0,0,1,1,20,5132,2,4
"2025000019384",2,9,19,1,0,0,1,1,20,-1,-1,-1
"2025000019384",1,9,4,1,0,0,2,2,32,1984,1,0
"2025000019385",1,9,13,0,0,0,1,1,22,1998,1,3
"2025000019385",2,9,19,0,0,0,2,2,56,1198,1,8
"2025000019386",2,9,19,8,0,0,1,1,53,1199,1,1
"2025000019386",1,9,7,6,0,0,2,1,18,1390,1,10
"2025000019387",1,9,1,0,0,0,2,2,-1,-1,3,2
"2025000019388",1,9,7,1,0,0,4,2,66,1200,1,7
"2025000019388",2,5,19,1,0,0,1,1,23,645,1,23
"2025000019389",1,9,19,0,1,0,1,1,65,1686,2,15
"2025000019389",2,9,19,0,0,0,1,2,18,1242,1,13
"2025000019390",2,19,13,1,0,0,4,1,67,1997,2,6
"2025000019390",1,1,9,1,5,0,3,1,17,-1,-1,-1
"2025000019391",2,9,19,2,0,0,3,1,54,2199,2,12
"2025000019391",1,9,9,1,0,0,3,2,58,1598,1,10
"2025000019392",1,9,19,0,0,0,1,3,-1,-1,-1,-1
"2025000019392",2,1,19,0,0,0,4,1,75,-1,-1,-1
"2025000019393",1,9,7,1,0,0,4,2,26,1999,2,5
"2025000019393",2,3,19,1,0,0,1,1,19,124,1,2
"2025000019394",2,9,9,8,0,0,4,2,50,-1,-1,-1
"2025000019394",1,8,19,8,0,0,1,1,-1,1797,8,3
"2025000019395",2,1,4,8,0,8,1,1,28,-1,-1,-1
"2025000019395",1,9,3,1,0,8,4,1,32,1499,2,7
"2025000019396",2,9,2,0,0,4,2,2,65,1198,1,17
"2025000019396",3,9,2,0,0,0,2,2,59,1240,1,18
"2025000019396",1,9,19,0,0,4,1,2,34,998,1,19
"2025000019397",3,9,3,0,0,0,4,1,62,1997,2,11
"2025000019397",1,19,19,0,1,10,3,1,28,2143,2,5
"2025000019397",2,9,3,0,0,0,4,1,28,998,1,8
"2025000019397",4,9,19,0,0,0,1,2,18,1368,1,13
"2025000019398",1,9,19,1,0,0,1,1,49,1984,1,14
"2025000019398",2,1,19,1,0,0,3,1,47,-1,-1,-1
"2025000019399",1,19,1,0,0,0,2,1,53,1995,2,4
"2025000019399",2,19,2,0,0,0,0,3,-1,1995,2,3
"2025000019400",1,5,13,1,1,0,1,1,59,998,1,5
"2025000019400",2,9,9,1,0,0,2,1,61,1560,2,13
"2025000019401",1,2,19,0,2,0,3,1,-1,-1,-1,-1
"2025000019402",1,9,19,8,0,0,1,1,24,2792,1,13
"2025000019403",2,19,19,1,0,0,1,1,36,2143,2,6
"2025000019403",1,9,9,7,0,0,3,1,55,1798,8,0
"2025000019404",1,9,5,2,0,0,3,2,19,998,8,3
"2025000019404",2,9,19,8,0,0,1,1,78,1984,1,7
"2025000019405",1,19,-1,7,0,0,1,1,37,2200,2,3
"2025000019405",2,9,-1,0,0,0,4,2,42,1997,2,13
"2025000019406",1,9,99,9,9,99,2,1,22,1198,1,17
"2025000019406",2,8,99,9,9,99,1,3,-1,1968,2,5
"2025000019407",1,9,7,5,0,0,4,1,31,2143,2,8
"2025000019407",2,5,19,1,0,0,3,1,36,1745,1,5
"2025000019408",1,97,-1,0,-1,-1,-1,1,43,-1,-1,-1
"2025000019409",1,9,2,1,0,0,1,1,47,1596,1,20
"2025000019409",2,9,2,1,0,0,1,2,56,1498,1,4
"2025000019410",2,9,2,0,0,0,2,3,-1,1248,1,11
"2025000019410",3,9,2,0,0,0,3,3,-1,1968,2,11
"2025000019410",1,8,2,0,1,4,2,1,38,1995,2,8
"2025000019410",4,19,2,0,0,0,3,3,-1,2198,2,6
"2025000019411",1,19,1,0,0,0,2,1,48,2402,2,21
"2025000019412",1,9,99,9,9,99,9,1,36,1329,1,8
"2025000019413",2,9,4,0,0,0,1,1,36,2179,2,13
"2025000019413",1,9,19,0,0,0,2,1,34,1798,8,5
"2025000019414",1,1,99,9,9,99,1,3,19,-1,-1,-1
"2025000019414",2,9,99,9,9,99,1,3,-1,898,1,3
"2025000019415",1,9,12,0,0,0,1,2,34,1339,8,10
"2025000019415",2,11,19,0,0,0,1,1,30,6696,2,9
"2025000019415",3,9,19,0,0,0,1,2,45,999,1,6
"2025000019416",1,9,3,8,0,0,2,1,35,1498,1,3
"2025000019416",2,9,19,8,0,0,1,1,64,4367,2,6
"2025000019417",1,2,99,9,9,99,9,3,-1,-1,-1,-1
"2025000019418",2,19,19,0,0,0,1,1,67,2500,2,12
"2025000019418",1,9,19,0,0,0,1,2,27,1598,1,12
"2025000019419",2,8,3,0,0,0,2,1,54,1968,2,8
"2025000019419",1,9,19,0,0,0,1,1,44,1968,2,17
"2025000019420",1,3,19,0,0,0,1,2,67,124,1,2
"2025000019421",1,5,4,2,0,0,2,1,48,900,1,2
"2025000019421",2,9,19,1,0,0,1,1,-1,1950,2,3
"2025000019422",1,9,19,0,0,0,1,2,68,1598,2,6
"2025000019423",2,9,19,8,0,0,4,1,27,1598,2,12
"2025000019423",1,9,19,8,0,0,1,2,24,1199,1,4
"2025000019424",2,4,19,0,1,0,1,1,60,248,1,8
"2025000019424",1,9,9,0,0,0,1,2,36,1560,2,6
"2025000019425",2,9,19,8,0,0,4,1,26,1896,2,16
"2025000019425",1,9,9,5,0,0,1,3,-1,-1,-1,-1
"2025000019426",2,9,9,8,0,0,4,1,19,999,1,7
"2025000019426",1,9,19,4,0,0,1,1,24,1998,1,0
"2025000019427",1,9,3,1,0,0,2,1,27,995,1,10
"2025000019427",2,9,19,1,0,0,1,1,50,1596,1,18
"2025000019428",1,9,19,0,0,0,4,1,26,2143,2,5
"2025000019429",1,9,19,0,0,0,1,1,18,1398,2,13
"2025000019430",2,19,19,0,0,0,3,1,61,-1,-1,-1
"2025000019430",1,9,19,0,5,0,3,1,55,-1,-1,-1
"2025000019431",1,9,9,0,0,0,1,2,34,1332,1,4
"2025000019431",2,9,3,0,0,0,1,2,44,1598,2,8
"2025000019432",1,9,19,8,0,0,4,3,-1,-1,-1,-1
"2025000019432",2,9,19,8,0,0,1,3,-1,998,1,9
"2025000019433",1,9,9,6,0,0,1,2,63,999,1,3
"2025000019433",2,9,19,1,0,0,4,2,50,1398,1,9
"2025000019434",2,9,19,2,0,0,1,2,25,999,1,1
"2025000019434",3,19,19,2,0,0,1,1,63,1248,2,13
"2025000019434",1,9,19,1,1,0,1,2,23,1368,1,8
"2025000019435",1,9,19,0,0,0,4,1,19,1598,1,11
"2025000019436",1,9,99,9,9,99,1,3,77,1999,1,16
"2025000019437",1,1,99,9,9,99,1,1,39,-1,-1,-1
"2025000019438",2,19,5,1,0,0,2,2,39,1995,2,1
"2025000019438",1,1,4,1,0,0,1,1,17,-1,-1,-1
"2025000019439",1,9,19,1,0,0,1,1,79,1339,1,19
"2025000019439",2,9,9,1,0,0,1,1,57,2497,1,18
"2025000019440",1,9,19,0,0,0,1,2,46,1399,1,6
"2025000019441",1,19,19,2,0,0,1,3,-1,-1,-1,-1
"2025000019442",1,9,19,0,1,0,3,2,47,1598,1,19
"2025000019443",1,2,19,8,0,0,1,1,29,108,1,14
"2025000019443",2,9,9,8,0,0,1,1,54,1968,2,15
"2025000019444",2,9,19,1,0,0,1,2,57,2987,2,7
"2025000019444",1,9,5,8,0,0,1,1,49,1798,8,6
"2025000019445",1,9,19,1,0,0,1,1,42,1197,1,6
"2025000019446",1,9,19,2,0,7,1,1,49,1461,2,5
"2025000019447",3,9,99,9,9,99,1,3,-1,-1,-1,-1
"2025000019447",2,9,99,9,9,99,1,3,-1,1598,1,16
"2025000019447",1,9,99,9,9,99,2,2,32,1968,2,3
"2025000019448",1,11,19,0,0,5,1,1,34,6700,2,7
"2025000019449",1,9,19,0,0,0,1,3,-1,1968,2,8
"2025000019449",2,9,19,0,0,0,1,1,28,1995,2,7
"2025000019450",2,9,19,8,0,0,1,3,-1,1598,1,8
"2025000019450",1,9,19,8,0,0,3,1,58,-1,3,1
"2025000019451",1,9,19,0,1,0,1,1,19,1390,1,17
"2025000019452",1,11,4,0,0,0,0,2,43,4461,2,7
"2025000019452",2,1,19,0,0,0,0,3,-1,-1,-1,-1
"2025000019453",2,-1,4,0,0,0,3,2,14,-1,-1,-1
"2025000019453",1,9,19,0,0,0,1,1,21,999,1,4
"2025000019454",1,9,9,2,0,0,1,1,42,-1,-1,-1
"2025000019455",2,9,5,1,0,0,1,1,61,1560,2,9
"2025000019455",1,1,19,1,2,0,1,2,27,-1,-1,-1
"2025000019456",1,9,19,8,0,10,1,3,25,1500,2,1
"2025000019456",2,9,19,8,0,0,1,1,63,1595,1,18
"2025000019457",1,9,19,0,0,0,4,1,46,2720,2,13
"2025000019458",4,9,4,0,0,0,2,1,35,1995,2,16
"2025000019458",6,9,4,0,0,0,1,1,35,1598,2,12
"2025000019458",1,9,4,0,0,0,2,1,39,2191,2,0
"2025000019458",3,9,4,0,0,0,2,1,48,2776,2,16
"2025000019458",2,9,4,0,0,0,2,1,63,1498,1,4
"2025000019458",5,9,4,0,0,0,1,1,30,1995,2,5
"2025000019459",2,9,19,8,0,0,3,1,63,1995,2,11
"2025000019459",1,9,19,8,0,0,4,1,75,1242,1,9
"2025000019460",2,1,19,1,0,0,1,1,30,-1,-1,-1
"2025000019460",1,8,5,6,0,0,3,1,53,-1,-1,-1
"2025000019461",1,9,19,0,0,0,1,3,-1,-1,-1,-1
"2025000019461",3,9,19,0,0,0,2,1,-1,-1,-1,-1
"2025000019461",2,9,19,0,0,0,3,2,-1,1995,2,20
"2025000019462",3,21,19,0,0,0,3,1,54,7698,2,4
"2025000019462",2,9,19,0,0,0,1,2,28,1390,1,18
"2025000019462",1,9,4,0,0,0,2,2,24,1598,1,7
"2025000019463",1,9,19,0,0,0,1,1,34,998,1,3
"2025000019464",2,1,19,1,2,0,2,2,61,-1,-1,-1
"2025000019464",1,9,9,1,5,0,1,1,79,1798,8,5
"2025000019465",2,19,19,0,0,0,1,1,37,1598,2,10
"2025000019465",1,9,19,0,0,0,3,1,41,1560,2,16
"2025000019466",1,9,99,9,9,99,1,3,-1,1591,1,8
"2025000019466",2,90,19,8,0,0,3,1,-1,-1,-1,-1
"2025000019467",1,3,19,8,1,0,3,1,24,110,1,1
"2025000019467",2,9,9,1,0,0,1,2,26,1084,1,4
"2025000019468",2,9,13,0,1,7,3,1,54,1360,1,14
"2025000019468",1,21,11,0,0,0,4,1,39,10837,2,1
"2025000019469",1,9,19,0,0,0,1,1,50,-1,-1,-1
"2025000019470",2,9,19,0,0,0,1,1,75,1582,2,7
"2025000019470",1,9,3,0,0,0,2,2,35,1461,2,5
"2025000019471",1,1,19,2,0,0,2,2,73,-1,-1,-1
"2025000019471",2,9,19,2,0,0,1,1,18,1390,1,8
"2025000019472",1,9,5,1,1,0,1,1,29,1248,1,15
"2025000019472",2,9,19,8,9,0,4,1,-1,1364,1,17
"2025000019473",1,9,19,0,0,0,1,1,45,1598,2,5
"2025000019474",1,9,4,1,0,10,1,2,35,1794,1,16
"2025000019475",2,1,19,0,5,4,1,2,31,-1,-1,-1
"2025000019475",1,9,2,0,0,0,3,1,43,1499,2,4
"2025000019476",2,11,19,0,0,0,1,2,28,9200,2,18
"2025000019476",1,19,11,0,0,0,3,1,37,2287,2,0
"2025000019477",1,19,19,0,1,0,1,1,24,3198,2,5
"2025000019477",2,9,19,0,1,10,1,2,24,1388,1,19
"2025000019478",2,1,19,1,0,0,1,2,56,-1,-1,-1
"2025000019478",1,9,9,1,0,0,1,1,33,1197,1,5
"2025000019479",1,9,9,8,0,0,1,1,38,1590,1,18
"2025000019480",1,9,19,0,1,0,1,1,61,-1,-1,-1
"2025000019481",1,5,4,0,0,0,1,1,35,765,1,0
"2025000019481",2,9,4,0,0,0,2,1,31,1968,2,10
"2025000019482",2,3,19,1,0,0,4,1,52,124,1,1
"2025000019482",1,9,19,1,0,0,4,2,33,1685,2,6
"2025000019483",1,1,19,6,0,0,4,1,23,-1,-1,-1
"2025000019484",2,9,19,0,0,0,3,2,49,1364,1,7
"2025000019484",1,9,11,0,0,0,4,2,49,2487,8,0
"2025000019485",2,9,9,8,0,0,1,1,50,1198,1,8
"2025000019485",1,4,19,8,5,0,3,1,18,125,1,1
"2025000019486",1,9,5,1,0,0,1,2,29,-1,-1,-1
"2025000019487",1,5,19,1,1,0,1,1,31,749,1,11
"2025000019488",2,9,4,4,0,0,2,1,34,1399,1,8
"2025000019488",1,9,19,4,0,0,1,1,27,1999,2,4
"2025000019489",1,2,19,1,0,0,1,1,26,125,1,4
"2025000019489",2,9,2,1,0,0,0,3,-1,1461,2,9
"2025000019490",1,9,9,5,0,0,3,2,52,-1,-1,-1
"2025000019490",2,1,19,1,0,0,1,1,14,-1,-1,-1
"2025000019491",1,1,19,0,0,0,1,3,-1,-1,-1,-1
"2025000019492",1,9,19,8,0,11,1,1,48,1240,1,17
"2025000019493",1,9,5,6,0,0,2,2,17,-1,-1,-1
"2025000019493",2,9,19,1,0,0,1,2,21,998,1,11
"2025000019494",2,11,19,0,0,0,0,1,-1,9000,2,13
"2025000019494",1,9,5,0,0,0,0,3,-1,1598,2,4
"2025000019495",1,9,6,0,0,0,1,1,48,1798,8,3
"2025000019496",1,3,19,8,9,0,9,3,-1,-1,-1,-1
"2025000019497",2,3,7,3,0,0,3,1,30,125,1,5
"2025000019497",1,9,7,3,0,0,1,1,28,1798,8,7
"2025000019498",2,1,19,8,0,0,1,1,45,-1,-1,-1
"2025000019498",1,9,9,8,0,0,3,1,61,1498,1,3
"2025000019499",2,9,4,0,0,0,2,1,62,1461,2,9
"2025000019499",1,9,19,0,0,0,1,1,26,2231,2,14
"2025000019500",1,9,19,0,1,0,1,3,-1,1390,1,9
"2025000019500",2,8,19,0,1,10,2,1,42,1986,2,13
"2025000019501",1,4,19,8,0,0,1,1,17,125,1,1
"2025000019501",2,9,9,8,0,0,3,1,18,1229,1,10
"2025000019502",1,-1,19,1,0,0,1,1,16,-1,-1,-1
"2025000019502",2,9,15,1,0,0,1,1,50,1242,1,15
"2025000019503",2,9,4,0,0,0,2,2,35,1598,1,10
"2025000019503",1,9,-1,0,-1,-1,-1,3,-1,1422,2,13
"2025000019504",2,9,99,9,9,99,9,3,-1,1991,2,14
"2025000019504",1,3,99,9,9,99,9,2,21,124,1,0
"2025000019505",2,9,5,6,0,0,3,2,40,1390,1,11
"2025000019505",1,3,19,2,0,0,4,1,17,108,1,1
"2025000019506",2,9,-1,0,0,0,2,1,54,-1,-1,-1
"2025000019506",1,9,-1,0,0,0,1,3,-1,1995,1,18
"2025000019507",1,9,19,2,1,0,1,1,20,1984,1,13
"2025000019507",2,9,19,2,0,0,3,2,52,1498,1,6
"2025000019508",2,9,19,8,0,0,1,2,29,1598,1,10
"2025000019508",1,9,19,8,0,0,1,1,50,1364,2,12
"2025000019509",1,9,9,8,0,0,4,3,-1,1598,1,18
"2025000019509",2,5,19,8,0,0,1,1,46,948,1,5
"2025000019510",2,1,19,8,0,0,1,2,32,-1,-1,-1
"2025000019510",1,9,19,8,0,0,3,1,58,1360,1,14
"2025000019511",1,9,5,6,0,0,4,2,33,1242,1,17
"2025000019511",2,9,19,8,0,0,1,1,67,1999,8,8
"2025000019512",2,19,2,0,0,0,2,1,34,2198,2,7
"2025000019512",1,19,11,0,0,0,1,1,39,1995,2,6
"2025000019513",2,9,19,0,0,0,1,1,65,1598,2,3
"2025000019513",1,9,19,0,0,0,1,1,67,1246,1,17
"2025000019514",1,11,19,0,1,0,1,1,29,12000,2,16
"2025000019515",1,19,19,1,0,11,4,3,-1,1560,2,11
"2025000019516",2,19,19,0,0,0,3,2,48,2148,2,13
"2025000019516",1,9,19,0,0,11,3,1,56,1968,2,13
"2025000019517",2,9,19,0,0,0,0,1,49,-1,-1,-1
"2025000019517",1,3,19,0,0,0,3,1,23,-1,-1,-1
"2025000019518",2,9,12,0,0,0,3,3,45,-1,-1,-1
"2025000019518",1,9,19,0,0,0,4,1,38,3993,1,5
"2025000019519",1,9,19,0,1,0,1,1,39,998,1,8
"2025000019519",2,9,3,0,0,0,2,2,52,1968,2,8
"2025000019520",2,19,19,8,0,0,4,1,54,1598,2,7
"2025000019520",1,4,19,1,0,0,1,1,21,124,1,0
"2025000019521",1,5,10,1,0,0,3,1,32,649,1,13
"2025000019521",2,9,13,8,0,0,4,1,-1,1596,1,18
"2025000019522",2,9,3,6,0,0,0,2,49,1995,12,0
"2025000019522",1,5,19,1,0,0,3,1,74,980,1,33
"2025000019523",1,19,19,4,0,11,1,1,25,2198,2,9
"2025000019524",1,9,19,0,0,0,1,2,33,1398,1,8
"2025000019525",1,19,19,8,0,0,1,1,36,1598,2,7
"2025000019525",2,1,7,8,0,0,2,1,18,-1,-1,-1
"2025000019526",2,19,19,4,0,0,1,1,51,1461,2,10
"2025000019526",1,9,3,4,0,0,2,1,52,1997,2,6
"2025000019527",2,9,5,0,0,0,1,1,54,1968,2,16
"2025000019527",1,4,13,0,0,0,1,1,21,124,1,4
"2025000019528",1,1,19,1,0,0,1,1,12,-1,-1,-1
"2025000019528",2,9,19,1,0,0,3,2,38,1997,1,19
"2025000019529",1,9,19,8,2,0,4,1,33,1998,1,6
"2025000019530",2,5,19,0,0,11,1,1,40,865,1,10
"2025000019530",1,9,5,0,0,0,1,1,50,2993,2,4
"2025000019531",1,90,19,8,0,0,3,1,21,2100,1,32
"2025000019531",2,11,19,8,0,0,1,1,66,6700,2,0
"2025000019532",1,19,5,1,0,0,-1,2,57,1995,2,7
"2025000019533",2,9,19,8,0,0,1,2,86,1461,2,12
"2025000019533",1,9,4,8,0,0,2,1,54,1248,2,14
"2025000019534",1,9,19,1,0,0,3,1,51,1598,2,10
"2025000019534",2,90,19,1,0,0,3,3,-1,-1,-1,-1
"2025000019535",1,5,19,0,0,0,1,1,23,125,1,5
"2025000019535",2,9,19,0,0,0,2,3,-1,-1,-1,-1
"2025000019536",2,9,19,1,0,0,1,2,30,1598,1,17
"2025000019536",1,9,9,1,0,0,1,1,22,1198,1,15
"2025000019537",1,5,13,0,1,0,0,1,41,1352,1,10
"2025000019538",2,9,19,0,0,0,1,2,38,1994,1,20
"2025000019538",3,21,19,0,0,0,3,1,33,12780,2,8
"2025000019538",1,9,19,0,0,0,0,1,55,1968,2,6
"2025000019539",1,9,5,4,0,0,1,1,72,1396,1,10
"2025000019539",2,1,9,8,0,0,4,1,34,-1,-1,-1
"2025000019540",2,4,19,0,0,0,2,1,35,498,1,16
"2025000019540",1,9,19,0,0,0,1,3,-1,-1,-1,-1
"2025000019541",1,9,9,2,0,0,1,1,43,1598,1,13
"2025000019542",2,9,19,0,1,0,1,1,18,2495,2,21
"2025000019542",1,9,3,0,0,0,2,2,17,998,1,14
"2025000019543",1,9,19,1,0,0,1,2,25,1956,2,9
"2025000019544",2,9,9,8,0,0,3,2,36,1560,2,5
"2025000019544",1,19,19,8,0,0,1,1,41,2287,2,10
"2025000019545",2,9,19,8,0,0,3,2,20,998,1,9
"2025000019545",1,2,19,8,0,0,1,2,27,49,1,5
"2025000019546",1,1,19,8,0,0,1,1,33,-1,-1,-1
"2025000019546",2,9,19,1,0,0,1,1,36,1794,1,20
"2025000019547",2,1,19,1,0,0,2,2,74,-1,-1,-1
"2025000019547",1,9,19,1,0,0,1,1,19,2967,2,13
"2025000019548",1,9,5,0,0,12,0,1,37,1896,2,19
"2025000019549",2,11,19,0,0,10,3,1,56,4500,2,2
"2025000019549",1,9,19,0,1,0,3,1,22,-1,-1,-1
"2025000019549",3,11,2,0,0,0,2,1,43,12000,2,16
"2025000019550",2,9,3,1,0,0,2,1,20,1364,1,13
"2025000019550",1,9,19,1,0,0,1,1,17,1598,1,15
"2025000019550",3,9,3,1,0,0,2,1,30,1997,2,15
"2025000019550",4,9,3,1,0,0,3,1,66,1910,2,14
"2025000019551",1,9,5,4,0,0,1,1,64,-1,-1,-1
"2025000019551",2,1,19,8,2,0,2,1,53,-1,-1,-1
"2025000019552",1,11,19,0,0,0,0,1,33,-1,3,1
"2025000019553",1,19,19,0,0,0,1,1,43,2198,2,5
"2025000019553",3,9,3,0,0,0,2,1,48,1373,1,1
"2025000019553",2,9,3,0,0,0,2,1,24,1248,1,4
"2025000019554",1,9,14,1,0,0,1,1,22,1596,1,11
"2025000019554",2,9,9,7,0,0,3,1,62,1995,2,14
"2025000019555",2,9,19,1,0,0,3,1,49,1596,1,16
"2025000019555",1,9,9,6,0,0,1,1,36,1968,2,9
"2025000019556",2,8,9,5,0,0,1,3,-1,1798,8,6
"2025000019556",1,1,19,6,5,0,1,1,24,-1,-1,-1
"2025000019557",1,9,19,0,0,0,1,2,22,1598,2,10
"2025000019558",1,1,19,0,0,0,1,1,29,-1,-1,-1
"2025000019558",2,9,6,0,0,0,1,3,-1,-1,-1,-1
"2025000019559",2,9,9,5,0,0,1,1,49,-1,-1,-1
"2025000019559",1,3,19,8,0,0,1,1,23,-1,-1,-1
"2025000019560",1,9,19,4,0,0,4,1,-1,-1,-1,-1
"2025000019561",2,9,99,9,9,99,9,3,-1,1229,1,10
"2025000019561",1,3,99,9,9,99,1,1,39,125,1,2
"2025000019562",1,5,13,1,0,0,1,1,59,999,1,19
"2025000019562",2,9,6,1,0,0,3,1,72,1498,1,3
"2025000019563",2,9,9,0,0,0,0,1,24,1995,1,17
"2025000019563",1,9,9,0,0,0,4,1,21,1995,2,14
"2025000019563",3,5,7,0,0,0,1,1,59,798,1,3
"2025000019564",2,9,19,3,0,0,1,1,35,1995,2,11
"2025000019564",1,9,19,4,0,0,1,1,23,1461,2,4
"2025000019565",1,9,7,0,0,0,1,2,45,1968,2,5
"2025000019565",2,9,19,0,0,0,4,1,71,1498,1,2
"2025000019566",2,9,99,9,9,99,9,3,-1,2360,1,12
"2025000019566",1,1,99,9,9,99,9,1,30,-1,-1,-1
"2025000019567",1,9,19,0,0,0,4,1,68,1242,1,12
"2025000019568",2,9,19,8,0,0,1,2,33,999,1,2
"2025000019568",1,1,19,8,0,0,1,1,9,-1,-1,-1
"2025000019569",2,9,4,0,0,0,0,1,46,-1,-1,-1
"2025000019569",1,9,1,0,0,0,1,1,-1,1798,8,4
"2025000019570",1,9,5,1,0,0,1,1,-1,-1,-1,-1
"2025000019570",2,9,2,1,0,0,2,2,47,1332,1,2
"2025000019571",1,9,19,0,0,0,1,1,22,1999,1,18
"2025000019572",1,9,19,0,0,10,3,2,79,1332,1,1
"2025000019573",1,9,19,0,0,4,1,1,24,1968,2,5
"2025000019573",2,19,2,0,0,0,4,1,-1,1995,2,4
"2025000019574",1,9,7,5,0,0,3,2,45,1598,1,15
"2025000019574",2,9,19,8,0,0,3,1,32,1389,1,24
"2025000019575",2,19,2,0,0,0,2,3,-1,1560,2,5
"2025000019575",1,9,19,0,0,0,1,1,30,1896,2,15
"2025000019576",1,9,1,1,0,0,4,1,49,1998,1,5
"2025000019576",2,9,19,1,0,0,1,1,40,1998,8,6
"2025000019576",3,19,2,2,0,0,2,3,-1,2143,2,6
"2025000019577",3,19,4,0,0,0,1,1,25,2198,2,6
"2025000019577",5,9,19,0,0,0,2,1,41,1969,2,5
"2025000019577",6,9,19,0,0,0,3,2,37,1199,1,2
"2025000019577",2,9,4,0,0,0,2,2,27,1598,1,5
"2025000019577",4,9,19,0,0,0,2,1,56,1398,1,6
"2025000019577",7,9,19,0,0,0,2,1,30,-1,-1,-1
"2025000019577",1,11,19,0,0,0,1,1,33,12000,2,14
"2025000019578",1,1,19,0,0,0,3,1,65,-1,-1,-1
"2025000019579",2,9,19,6,0,0,3,1,24,999,1,3
"2025000019579",1,9,19,1,0,0,1,2,60,1461,2,9
"2025000019580",2,19,19,0,0,0,3,1,40,2499,2,6
"2025000019580",1,9,19,0,0,0,1,2,67,1598,1,15
"2025000019581",2,19,13,8,2,0,4,1,42,1560,2,11
"2025000019581",1,9,12,8,0,0,3,1,53,2967,2,1
"2025000019582",2,9,9,0,0,0,4,2,79,1685,2,9
"2025000019582",1,5,19,0,0,0,1,1,47,1103,1,2
"2025000019583",1,11,19,0,0,99,9,1,-1,4500,2,5
"2025000019584",1,11,19,1,0,0,1,1,53,-1,-1,-1
"2025000019584",2,9,3,1,0,0,2,1,32,1586,1,1
"2025000019585",1,9,19,2,0,4,1,1,21,1149,1,14
"2025000019585",2,9,2,2,0,0,1,-1,-1,999,1,4
"2025000019586",1,3,99,9,9,99,9,1,22,125,1,0
"2025000019586",2,9,99,8,0,0,1,3,-1,999,1,2
"2025000019587",1,9,19,2,0,0,1,1,40,1198,1,16