"collision_index","vehicle_reference","vehicle_type","vehicle_manoeuvre","junction_location","skidding_and_overturning","hit_object_in_carriageway","first_point_of_impact","sex_of_driver","age_of_driver","engine_capacity_cc","propulsion_code","age_of_vehicle"
"2025000019588",1,9,19,0,0,0,1,1,36,2987,2,15
"2025000019589",1,9,19,1,0,0,2,1,39,1798,8,10
"2025000019589",4,9,19,2,0,0,2,1,56,1229,1,10
"2025000019589",3,9,19,2,0,0,1,1,27,2480,1,9
"2025000019589",2,9,4,2,0,0,0,1,69,1398,1,11
"2025000019590",2,5,19,8,0,0,1,1,64,1250,1,24
"2025000019590",1,9,9,6,0,0,1,1,29,2143,2,7
"2025000019591",2,9,9,8,0,0,2,2,50,1396,1,12
"2025000019591",1,9,19,4,0,0,1,2,-1,-1,-1,-1
"2025000019592",2,9,19,0,0,0,2,1,38,1798,1,13
"2025000019592",1,98,19,0,0,0,1,1,-1,-1,-1,-1
"2025000019593",1,9,7,1,0,0,1,3,-1,-1,-1,-1
"2025000019594",2,1,19,8,0,0,1,1,21,-1,-1,-1
"2025000019594",1,9,5,6,0,0,1,2,58,1461,2,5
"2025000019595",1,9,7,5,0,0,2,1,32,2261,1,5
"2025000019595",2,19,19,1,0,0,1,1,-1,1995,2,1
"2025000019596",2,9,7,8,1,0,3,1,39,1995,2,3
"2025000019596",1,19,9,8,0,0,1,1,31,-1,-1,-1
"2025000019597",1,9,19,0,0,0,1,2,34,1560,2,11
"2025000019597",2,9,19,0,0,0,4,1,25,1598,1,15
"2025000019598",2,19,4,0,0,0,3,1,33,1560,2,13
"2025000019598",1,9,7,0,0,0,4,2,44,1332,1,3
"2025000019599",2,1,19,8,0,0,1,1,46,-1,-1,-1
"2025000019599",1,9,9,6,0,0,3,2,89,1339,1,13
"2025000019600",1,3,9,2,2,0,0,2,18,125,1,6
"2025000019601",1,9,19,0,0,0,4,2,34,1348,1,21
"2025000019601",2,9,19,0,0,0,3,1,19,1229,1,14
"2025000019602",1,9,99,0,9,99,9,3,25,999,1,4
"2025000019602",2,9,99,0,9,99,9,3,44,1999,2,4
"2025000019603",1,5,7,5,0,0,4,1,58,883,1,6
"2025000019604",1,3,19,9,9,99,9,1,38,125,1,3
"2025000019605",1,9,11,0,-1,-1,-1,1,77,1798,1,16
"2025000019605",2,3,19,0,-1,-1,-1,1,51,125,1,8
"2025000019606",2,9,5,0,0,0,4,1,81,1332,8,2
"2025000019606",1,3,19,0,0,0,1,1,30,124,1,1
"2025000019607",1,5,7,1,0,0,1,1,34,599,1,13
"2025000019607",2,9,9,1,0,0,0,3,-1,-1,-1,-1
"2025000019608",1,9,19,0,0,0,3,2,39,1498,1,6
"2025000019608",2,9,19,0,0,0,3,1,-1,1597,1,35
"2025000019609",2,-1,19,6,0,0,1,1,18,-1,-1,-1
"2025000019609",1,9,19,3,0,0,4,2,38,1595,1,5
"2025000019610",1,9,5,1,0,0,4,3,30,-1,-1,-1
"2025000019611",1,3,14,0,2,0,0,1,25,125,1,2
"2025000019612",1,9,1,0,0,0,2,2,-1,1242,1,9
"2025000019612",2,1,19,0,0,0,1,2,12,-1,-1,-1
"2025000019613",2,1,19,3,5,0,4,1,37,-1,-1,-1
"2025000019613",1,9,5,8,0,0,3,1,53,1798,8,6
"2025000019614",1,1,19,0,0,0,0,1,57,-1,-1,-1
"2025000019615",1,11,4,0,0,0,0,1,53,9000,2,3
"2025000019616",2,9,99,9,0,0,0,3,-1,1596,1,7
"2025000019616",1,9,3,9,0,0,3,2,29,1595,1,5
"2025000019616",3,9,1,9,0,99,2,3,-1,-1,3,2
"2025000019617",1,9,7,6,0,0,3,2,48,1997,1,7
"2025000019617",3,-1,19,1,0,0,1,3,15,-1,-1,-1
"2025000019617",2,-1,19,1,0,0,1,1,13,-1,-1,-1
"2025000019618",1,19,19,0,0,0,4,1,25,2402,2,12
"2025000019619",2,1,19,1,1,0,0,1,55,-1,-1,-1
"2025000019619",1,9,7,2,0,0,0,2,40,1560,2,9
"2025000019620",1,9,19,0,0,0,1,3,30,1242,1,14
"2025000019621",1,19,5,0,0,0,3,1,60,1870,2,15
"2025000019622",1,5,19,3,1,0,4,1,31,599,1,22
"2025000019623",1,5,19,0,5,0,4,1,28,847,1,6
"2025000019624",2,1,-1,-1,0,0,-1,1,34,-1,-1,-1
"2025000019624",1,9,-1,-1,0,0,-1,3,-1,-1,-1,-1
"2025000019625",1,9,19,8,0,0,1,2,20,1397,1,15
"2025000019625",2,19,19,8,0,0,4,2,33,-1,-1,-1
"2025000019626",1,1,9,1,0,0,2,1,49,-1,-1,-1
"2025000019626",2,3,19,1,0,0,1,1,18,125,1,1
"2025000019627",2,9,3,0,0,0,4,1,27,-1,-1,-1
"2025000019627",1,9,1,0,0,4,2,1,80,1388,1,20
"2025000019628",2,11,5,1,0,0,0,1,25,4500,2,13
"2025000019628",1,9,13,1,0,0,0,3,-1,1689,2,19
"2025000019629",1,9,12,1,1,4,1,2,40,1248,2,8
"2025000019629",3,9,2,2,0,0,2,3,-1,3456,8,11
"2025000019629",2,19,19,1,0,0,1,3,-1,-1,-1,-1
"2025000019630",2,9,11,5,0,0,4,1,24,1598,2,3
"2025000019630",1,9,19,6,0,0,1,1,48,-1,-1,-1
"2025000019631",1,9,9,5,0,0,4,1,60,1951,2,17
"2025000019631",2,1,19,8,0,0,1,1,6,-1,-1,-1
"2025000019632",2,9,19,1,0,0,1,1,58,1395,8,3
"2025000019632",1,9,9,1,0,0,1,1,58,1591,1,4
"2025000019633",1,-1,19,8,0,0,3,1,60,-1,-1,-1
"2025000019633",2,9,9,5,0,0,3,1,49,1969,8,2
"2025000019634",4,9,2,0,0,0,2,1,48,1248,2,7
"2025000019634",3,9,2,0,0,0,2,3,-1,1896,2,14
"2025000019634",1,9,19,0,0,0,1,1,-1,2993,2,7
"2025000019634",2,19,2,0,0,0,2,3,-1,2463,2,18
"2025000019635",1,21,19,0,0,0,1,1,66,12740,5,2
"2025000019635",2,9,4,0,0,0,2,2,32,1498,1,1
"2025000019636",2,9,5,6,0,0,1,2,29,1596,1,9
"2025000019636",1,9,19,8,0,0,4,2,54,1242,1,14
"2025000019637",1,9,9,1,0,0,1,1,30,1598,2,5
"2025000019638",1,9,19,1,5,0,1,2,52,1496,1,7
"2025000019638",2,9,7,5,0,0,1,1,25,1968,2,9
"2025000019639",2,9,-1,-1,-1,0,-1,3,-1,2198,2,14
"2025000019639",1,9,9,1,1,0,-1,3,-1,999,1,1
"2025000019639",3,9,-1,-1,-1,0,-1,3,-1,1896,2,19
"2025000019639",4,9,-1,-1,-1,0,-1,3,-1,1598,2,3
"2025000019639",5,9,9,-1,1,0,-1,3,-1,2143,2,7
"2025000019640",1,-1,99,9,9,99,9,1,18,-1,-1,-1
"2025000019640",2,9,99,9,9,99,4,3,-1,-1,-1,-1
"2025000019641",1,9,7,8,0,0,2,1,39,1968,2,8
"2025000019641",2,2,19,1,2,0,1,2,18,49,1,2
"2025000019642",1,9,15,0,0,0,4,1,94,1339,1,9
"2025000019642",2,1,19,0,0,0,2,1,66,-1,-1,-1
"2025000019643",1,19,2,0,0,0,2,1,29,1995,2,0
"2025000019643",2,9,19,0,0,0,1,1,75,1580,8,4
"2025000019644",1,9,99,1,0,99,1,2,29,1997,2,7
"2025000019644",2,19,1,1,0,0,2,3,-1,2143,2,9
"2025000019645",1,9,19,0,0,0,3,2,39,1197,1,8
"2025000019645",2,5,9,0,0,0,4,1,45,689,1,5
"2025000019646",1,-1,19,1,0,0,0,1,25,-1,-1,-1
"2025000019647",2,9,19,4,0,0,1,2,30,1587,1,16
"2025000019647",1,9,9,4,0,0,3,1,24,1499,2,2
"2025000019648",1,3,99,9,9,99,9,1,37,125,1,1
"2025000019649",1,9,19,0,0,0,0,1,22,-1,-1,-1
"2025000019650",1,9,9,5,0,0,4,1,43,2231,2,14
"2025000019650",2,1,19,8,0,0,1,1,55,-1,-1,-1
"2025000019651",1,9,99,9,9,99,2,3,-1,1797,8,10
"2025000019652",2,9,19,8,0,0,1,1,30,-1,-1,-1
"2025000019652",1,9,19,-1,-1,-1,2,2,53,1461,2,14
"2025000019653",2,19,19,0,0,0,1,1,29,1997,2,17
"2025000019653",1,19,19,0,0,0,1,2,41,2402,2,14
"2025000019654",2,9,5,8,0,0,1,1,31,1598,2,5
"2025000019654",1,11,9,6,0,0,1,1,25,9360,2,7
"2025000019655",1,9,19,0,1,0,1,1,42,1339,1,14
"2025000019655",2,9,2,0,0,0,2,1,56,-1,-1,-1
"2025000019656",1,9,4,1,0,0,1,1,30,1560,2,12
"2025000019657",1,8,4,1,0,0,2,1,45,-1,-1,-1
"2025000019657",2,3,4,1,0,0,1,1,20,-1,-1,-1
"2025000019658",2,11,5,4,0,0,3,1,33,1080,2,6
"2025000019658",1,9,5,4,0,0,4,2,23,1461,2,11
"2025000019659",2,19,1,9,0,0,2,1,-1,2143,2,6
"2025000019659",1,3,19,9,9,0,1,1,44,125,1,0
"2025000019660",1,3,99,9,9,99,1,1,21,-1,-1,-1
"2025000019660",2,9,99,9,9,99,9,3,-1,-1,-1,-1
"2025000019661",1,9,7,2,0,0,3,2,23,2000,2,15
"2025000019661",2,9,19,2,0,0,4,1,70,998,1,9
"2025000019662",1,1,99,9,9,99,1,1,35,-1,-1,-1
"2025000019662",2,9,99,9,9,99,9,3,71,1796,1,13
"2025000019663",1,9,19,0,1,0,4,1,37,1598,2,5
"2025000019664",1,9,4,1,0,0,1,3,30,-1,-1,-1
"2025000019665",1,3,99,9,9,99,9,3,39,124,1,4
"2025000019665",2,9,99,9,9,99,9,3,-1,1242,1,14
"2025000019666",2,3,13,0,0,0,1,1,21,124,1,9
"2025000019666",1,17,9,0,0,0,3,1,42,7400,2,18
"2025000019666",3,9,19,0,0,0,0,1,77,1998,2,15
"2025000019667",1,9,19,0,0,0,0,1,-1,-1,-1,-1
"2025000019667",3,19,19,0,0,0,1,1,53,2198,2,11
"2025000019667",2,9,13,0,0,0,1,1,22,1984,1,12
"2025000019668",2,11,19,4,0,0,1,1,53,6700,2,11
"2025000019668",1,9,19,3,0,0,1,2,36,1229,1,11
"2025000019669",1,9,19,8,0,0,1,1,72,1498,1,0
"2025000019670",1,1,5,6,0,0,1,1,13,-1,-1,-1
"2025000019670",2,9,19,1,0,0,3,2,55,1968,2,6
"2025000019671",2,21,2,0,0,0,2,1,59,10837,2,5
"2025000019671",1,9,19,0,0,0,1,1,78,1248,2,15
"2025000019672",1,9,19,0,2,0,1,2,44,4398,1,19
"2025000019673",1,9,14,0,0,4,1,1,42,1956,2,12
"2025000019673",2,9,2,0,-1,0,3,1,23,1997,2,16
"2025000019674",2,9,19,1,0,0,1,1,20,1950,2,6
"2025000019674",1,9,8,1,0,0,2,2,64,1395,1,9
"2025000019675",1,11,19,1,0,0,1,1,65,6700,2,9
"2025000019676",2,3,3,1,0,0,2,1,36,108,1,6
"2025000019676",1,9,3,1,0,0,1,1,25,1339,1,14
"2025000019677",1,9,19,0,2,0,4,2,23,1598,1,12
"2025000019678",2,9,99,9,0,0,0,1,38,2496,1,15
"2025000019678",1,21,99,9,0,0,9,1,46,7698,2,3
"2025000019679",1,9,19,0,0,0,1,3,-1,-1,-1,-1
"2025000019680",1,9,4,0,0,0,2,2,59,1997,1,3
"2025000019680",2,19,4,0,0,0,1,1,59,1995,2,3
"2025000019681",2,9,99,3,0,99,9,1,27,1582,2,7
"2025000019681",1,9,99,3,0,99,2,2,24,999,1,11
"2025000019682",1,8,19,0,0,0,3,1,29,1598,2,6
"2025000019683",1,9,5,1,0,0,1,2,34,1248,1,6
"2025000019684",1,3,13,0,0,0,1,1,59,125,1,8
"2025000019684",2,9,19,0,0,0,3,2,61,1124,1,17
"2025000019685",1,9,19,1,0,0,1,1,85,1598,1,16
"2025000019685",2,9,19,1,5,0,1,2,67,1149,1,8
"2025000019686",2,1,19,1,0,0,1,1,21,-1,-1,-1
"2025000019686",1,9,9,2,0,0,4,1,48,1968,2,10
"2025000019687",1,9,7,2,0,0,4,1,55,1398,1,4
"2025000019688",2,9,19,1,0,0,2,2,67,1396,2,9
"2025000019688",3,9,19,1,0,0,1,2,25,999,1,5
"2025000019688",1,9,9,6,0,0,0,3,50,-1,-1,-1
"2025000019688",4,9,19,1,0,0,1,1,20,1242,1,14
"2025000019689",1,8,19,1,0,0,1,1,38,1798,8,8
"2025000019689",2,3,5,1,0,0,1,1,22,125,1,4
"2025000019690",1,9,19,0,0,0,3,2,53,1956,2,11
"2025000019691",1,8,10,6,0,0,-1,1,30,-1,-1,-1
"2025000019691",2,1,19,8,5,-1,4,2,25,-1,-1,-1
"2025000019692",2,9,9,6,0,0,1,2,52,2000,2,17
"2025000019692",1,19,3,5,0,0,1,1,31,1995,2,2
"2025000019693",1,5,19,0,1,0,3,1,47,636,1,15
"2025000019694",1,9,9,2,0,0,1,2,30,1368,1,6
"2025000019694",2,2,19,1,0,0,4,1,18,49,1,10
"2025000019695",2,9,19,1,0,0,1,1,34,1332,8,0
"2025000019695",1,21,3,4,0,0,2,1,42,2998,2,1
"2025000019696",2,19,2,1,0,0,2,1,71,1461,2,8
"2025000019696",1,9,19,2,0,4,1,2,94,999,1,6
"2025000019697",1,9,4,0,0,0,2,1,45,-1,-1,-1
"2025000019697",2,9,19,0,0,0,1,2,49,-1,-1,-1
"2025000019698",1,19,9,2,0,0,1,1,32,-1,3,1
"2025000019699",3,21,3,0,0,0,2,1,28,6728,2,2
"2025000019699",2,9,4,0,0,0,2,2,79,1560,2,8
"2025000019699",1,9,19,0,0,0,1,1,75,2499,1,14
"2025000019700",1,9,13,2,0,0,3,1,19,2143,2,8
"2025000019700",4,9,19,1,0,0,0,1,42,1987,8,1
"2025000019700",2,9,4,1,0,0,3,1,36,1998,1,20
"2025000019700",3,11,5,1,0,0,3,1,54,-1,3,1
"2025000019701",2,9,19,1,0,10,1,3,-1,1329,1,8
"2025000019701",1,1,19,8,0,0,3,1,25,-1,-1,-1
"2025000019702",1,9,19,0,0,0,1,1,20,-1,-1,-1
"2025000019702",2,9,19,0,0,0,2,1,58,-1,-1,-1
"2025000019703",2,9,19,1,0,0,1,2,21,1900,2,15
"2025000019703",1,19,19,2,0,0,4,1,46,-1,-1,-1
"2025000019704",1,9,19,0,0,0,1,1,21,-1,-1,-1
"2025000019705",2,9,19,1,0,0,1,1,32,2402,2,13
"2025000019705",1,9,9,7,0,0,1,1,36,-1,-1,-1
"2025000019706",1,8,99,0,9,99,1,1,39,1477,8,2
"2025000019706",2,9,99,0,9,99,9,3,-1,-1,-1,-1
"2025000019707",1,9,99,9,9,99,2,1,48,-1,-1,-1
"2025000019707",2,9,99,1,0,0,2,2,-1,-1,-1,-1
"2025000019708",2,1,19,1,0,0,1,1,14,-1,-1,-1
"2025000019708",1,9,19,2,0,0,1,2,67,998,1,5
"2025000019709",1,9,99,9,9,99,9,3,-1,1582,2,10
"2025000019710",1,19,19,1,0,0,0,1,49,2287,2,14
"2025000019711",1,9,19,0,5,0,1,1,59,1685,2,4
"2025000019712",1,9,99,9,9,99,4,2,42,1591,1,5
"2025000019713",1,9,3,0,0,0,1,2,20,999,8,1
"2025000019713",2,9,4,0,0,0,2,1,27,1598,8,2
"2025000019714",2,9,2,0,0,0,3,1,60,1560,2,6
"2025000019714",1,9,19,0,2,4,1,1,76,1956,2,10
"2025000019715",1,9,19,0,0,0,1,1,-1,-1,-1,-1
"2025000019716",1,9,19,8,0,0,0,3,-1,-1,-1,-1
"2025000019716",2,11,5,8,0,0,0,1,29,6700,2,7
"2025000019717",2,9,19,0,1,0,1,2,20,1199,1,22
"2025000019717",1,9,4,0,0,0,2,1,40,998,1,7
"2025000019718",1,1,19,0,5,0,3,2,15,-1,-1,-1
"2025000019718",2,11,19,0,0,0,1,1,67,12902,2,5
"2025000019719",2,9,19,1,0,0,1,2,81,998,1,1
"2025000019719",3,9,19,1,0,0,1,1,53,2143,2,13
"2025000019719",1,19,7,6,0,0,1,1,61,2299,2,12
"2025000019720",2,1,19,1,0,0,1,1,66,-1,-1,-1
"2025000019720",1,-1,19,2,0,0,1,1,37,-1,-1,-1
"2025000019721",2,9,99,9,9,99,9,3,-1,1798,1,11
"2025000019721",1,3,99,9,9,99,1,1,31,125,1,1
"2025000019722",2,1,5,6,0,0,0,2,-1,-1,-1,-1
"2025000019722",1,11,5,1,0,0,0,1,55,7698,2,5
"2025000019723",1,9,19,3,0,0,1,1,41,2487,8,5
"2025000019723",2,9,7,3,0,0,4,1,30,1968,2,17
"2025000019724",2,20,4,0,0,0,2,1,32,-1,-1,-1
"2025000019724",1,19,19,0,0,0,1,1,47,5132,2,1
"2025000019725",1,9,19,8,0,0,1,1,75,1200,1,4
"2025000019726",1,4,19,0,1,0,1,1,21,109,1,8
"2025000019727",1,9,9,6,0,0,3,1,67,1951,2,16
"2025000019727",2,3,19,8,0,0,1,2,52,115,1,7
"2025000019728",1,9,19,1,0,0,3,2,57,1499,1,3
"2025000019729",2,9,19,8,0,0,4,2,68,1499,8,0
"2025000019729",1,1,19,6,0,0,1,2,8,-1,-1,-1
"2025000019730",1,9,4,1,0,10,1,1,39,1995,2,15
"2025000019731",1,9,3,6,0,0,1,3,-1,2143,2,7
"2025000019731",2,1,5,6,0,0,2,1,57,-1,-1,-1
"2025000019732",2,9,4,4,0,0,2,2,62,1229,1,16
"2025000019732",1,9,19,4,0,0,1,2,30,1598,2,8
"2025000019733",2,9,19,8,0,0,1,2,48,-1,-1,-1
"2025000019733",1,9,19,6,0,0,3,1,-1,2183,2,12
"2025000019734",3,9,19,0,0,0,0,3,-1,-1,-1,-1
"2025000019734",1,9,13,0,0,0,1,2,37,1995,2,3
"2025000019734",2,19,19,0,0,0,1,1,45,12777,2,5
"2025000019735",1,9,19,0,5,0,1,1,20,1968,2,5
"2025000019736",2,98,-1,0,-1,-1,-1,3,-1,-1,-1,-1
"2025000019736",1,11,5,0,0,0,0,1,21,9000,2,12
"2025000019737",1,9,19,0,0,0,1,2,52,-1,-1,-1
"2025000019737",2,9,19,0,0,0,1,3,-1,-1,-1,-1
"2025000019738",2,9,3,0,0,0,1,2,-1,-1,-1,-1
"2025000019738",1,20,19,0,0,0,1,1,-1,-1,-1,-1
"2025000019739",1,9,19,0,0,0,1,2,55,1685,2,7
"2025000019740",2,9,19,1,0,0,1,1,46,1969,8,1
"2025000019740",1,9,19,1,0,0,4,1,51,2967,1,17
"2025000019741",1,4,19,0,1,9,1,1,17,-1,-1,-1
"2025000019742",1,9,19,0,5,0,2,1,43,2143,2,5
"2025000019742",2,11,19,0,0,0,1,1,44,6700,2,7
"2025000019743",2,9,19,0,0,0,1,1,53,1332,8,2
"2025000019743",1,5,12,0,0,0,1,1,57,649,1,14
"2025000019744",1,-1,19,0,0,0,1,1,17,-1,-1,-1
"2025000019745",2,9,4,0,0,0,2,1,33,-1,-1,-1
"2025000019745",1,19,19,0,0,0,1,1,37,2298,2,8
"2025000019745",3,9,19,0,0,0,1,2,64,1999,2,4
"2025000019746",1,2,12,0,0,0,4,1,42,125,1,1
"2025000019746",2,19,19,0,0,0,4,1,57,1995,2,3
"2025000019747",1,9,19,0,1,0,1,1,28,1998,1,16
"2025000019748",2,11,2,0,0,0,0,1,32,9360,2,11
"2025000019748",1,9,14,0,0,0,1,1,64,2800,2,26
"2025000019749",1,9,19,1,0,0,1,2,28,1590,1,21
"2025000019750",2,9,2,0,0,0,2,1,42,988,1,2
"2025000019750",1,8,1,0,0,0,2,1,59,1968,2,7
"2025000019751",2,9,19,0,0,0,3,1,30,1330,1,1
"2025000019751",1,9,19,0,0,0,1,1,29,1596,1,16
"2025000019752",2,9,19,4,0,0,1,2,-1,999,1,5
"2025000019752",1,1,19,8,0,0,2,1,27,-1,-1,-1
"2025000019753",1,19,19,0,5,7,1,1,46,-1,-1,-1
"2025000019754",2,9,7,1,0,0,1,2,65,1248,1,11
"2025000019754",1,9,9,6,0,0,1,1,41,1968,2,7
"2025000019755",2,9,99,9,9,99,1,3,-1,1797,8,12
"2025000019755",1,3,99,9,9,99,2,1,52,108,1,9
"2025000019756",2,5,19,0,0,0,1,1,58,1103,1,0
"2025000019756",5,9,19,0,0,0,1,1,65,998,1,2
"2025000019756",1,5,19,0,0,0,1,1,59,1103,1,4
"2025000019756",3,5,19,0,0,0,1,1,59,955,1,2
"2025000019756",4,19,19,0,0,0,1,1,41,2143,2,5
"2025000019757",1,9,6,0,0,0,3,1,23,1395,1,5
"2025000019757",2,9,19,0,0,0,1,1,44,1998,1,0
"2025000019758",2,9,99,9,9,99,9,3,-1,2987,2,9
"2025000019758",1,9,99,9,9,99,9,1,51,1796,1,16
"2025000019759",1,2,19,1,0,0,1,3,-1,-1,-1,-1
"2025000019760",1,9,19,0,0,0,1,1,35,1332,1,11
"2025000019761",2,19,19,8,0,0,1,1,27,1995,2,2
"2025000019761",1,1,19,8,0,0,1,2,12,-1,-1,-1
"2025000019762",2,9,4,8,0,0,2,1,35,2993,2,8
"2025000019762",1,9,11,1,1,0,1,1,18,1600,1,19
"2025000019762",4,19,19,8,0,0,1,1,54,1499,2,5
"2025000019762",3,9,19,8,0,0,3,1,52,1598,1,15
"2025000019763",1,9,5,4,0,9,1,1,21,1950,12,1
"2025000019764",1,9,19,2,0,0,3,2,18,998,1,1
"2025000019764",2,9,14,2,0,0,1,3,-1,2993,2,18
"2025000019765",2,1,19,8,0,0,4,1,52,-1,-1,-1
"2025000019765",1,9,5,5,0,0,1,1,47,996,1,9
"2025000019766",2,9,19,0,0,0,4,3,-1,-1,-1,-1
"2025000019766",1,3,19,0,0,0,1,1,39,125,1,12
"2025000019767",2,22,19,6,0,0,3,1,56,-1,-1,-1
"2025000019767",1,9,19,1,0,0,1,1,29,1386,1,17
"2025000019768",1,5,13,0,0,0,1,1,35,599,1,23
"2025000019768",2,5,13,0,0,0,1,1,48,649,1,26
"2025000019769",2,9,19,0,0,0,4,2,23,1242,1,7
"2025000019769",1,9,19,0,1,0,4,2,28,1995,2,13
"2025000019770",2,9,9,5,0,0,1,2,36,1498,1,2
"2025000019770",1,23,19,2,0,0,1,1,36,-1,3,0
"2025000019771",1,9,19,0,1,6,3,1,20,1229,1,13
"2025000019772",1,9,19,0,0,0,1,2,72,1497,8,1
"2025000019772",2,9,19,0,0,0,1,1,60,1498,8,3
"2025000019773",1,9,7,8,0,0,1,1,51,1796,1,16
"2025000019773",2,1,5,8,2,0,3,1,40,-1,-1,-1
"2025000019774",1,11,5,0,0,0,0,1,58,4461,2,4
"2025000019775",1,9,19,1,0,0,1,1,-1,-1,-1,-1
"2025000019776",1,9,9,6,0,0,1,3,-1,1995,2,10
"2025000019777",2,9,10,1,0,0,2,1,35,1956,2,11
"2025000019777",1,9,19,1,0,0,1,3,-1,-1,-1,-1
"2025000019778",1,9,9,8,0,0,3,2,73,1364,1,15
"2025000019778",2,3,19,1,0,0,1,1,23,124,1,13
"2025000019779",1,5,19,0,2,0,0,1,56,-1,-1,-1
"2025000019780",2,9,9,5,0,0,3,1,33,1390,1,11
"2025000019780",1,9,9,6,0,0,1,1,32,1490,8,1
"2025000019781",1,20,19,0,5,0,1,1,32,-1,-1,-1
"2025000019782",2,9,19,0,0,0,1,1,42,-1,-1,-1
"2025000019782",1,9,19,0,1,0,1,1,19,1388,1,17
"2025000019783",1,9,19,0,0,0,1,1,89,1686,2,9
"2025000019784",2,9,11,3,1,0,1,1,46,1598,1,11
"2025000019784",1,9,11,5,1,0,2,2,43,1461,2,3
"2025000019785",2,9,13,0,2,0,4,1,47,999,1,12
"2025000019785",1,9,13,0,0,0,3,1,37,2969,2,15
"2025000019786",1,9,19,0,0,0,1,3,-1,-1,-1,-1
"2025000019786",2,1,5,0,0,0,2,1,48,-1,-1,-1
"2025000019787",1,19,19,0,0,0,1,1,52,1995,2,6
"2025000019788",1,9,12,0,0,0,0,3,-1,1560,2,10
"2025000019788",2,19,19,0,5,0,4,2,36,-1,-1,-1
"2025000019789",2,3,19,8,2,0,1,1,20,125,1,2
"2025000019789",1,19,7,6,0,0,3,1,36,1995,2,4
"2025000019790",1,9,9,6,0,0,3,1,56,1598,2,11
"2025000019790",2,5,14,8,0,0,1,1,-1,689,1,5
"2025000019791",1,9,9,8,0,0,1,1,55,-1,-1,-1
"2025000019792",2,9,5,8,0,0,1,1,55,1498,1,5
"2025000019792",1,9,5,8,0,0,4,1,55,1461,2,12
"2025000019793",1,2,19,2,2,0,3,1,21,108,1,4
"2025000019793",2,9,13,2,0,0,4,1,47,1598,1,13
"2025000019794",1,9,9,2,0,0,1,2,45,1242,1,8
"2025000019795",1,9,7,0,0,0,1,1,56,1360,1,21
"2025000019795",2,1,19,0,0,0,-1,1,18,-1,-1,-1
"2025000019796",1,11,2,0,0,0,0,3,-1,-1,-1,-1
"2025000019797",1,9,19,0,0,0,2,2,47,1999,2,6
"2025000019797",2,9,19,0,0,0,1,2,40,1368,1,3
"2025000019798",2,9,5,1,0,0,3,2,56,1598,1,6
"2025000019798",1,1,5,1,0,0,1,1,13,-1,-1,-1
"2025000019799",1,9,9,5,0,0,1,3,-1,-1,-1,-1
"2025000019800",2,9,9,9,9,99,9,3,-1,-1,-1,-1
"2025000019800",1,1,7,1,9,99,9,1,63,-1,-1,-1
"2025000019801",1,9,5,0,0,0,1,3,-1,-1,-1,-1
"2025000019802",1,9,19,0,0,0,1,2,19,1598,1,14
"2025000019803",1,8,4,2,0,0,4,3,-1,-1,-1,-1
"2025000019804",2,9,19,0,1,0,3,1,29,1560,2,12
"2025000019804",1,9,19,0,2,0,3,1,51,2143,2,6
"2025000019805",1,9,19,1,0,0,1,1,-1,1364,1,5
"2025000019805",2,9,9,1,0,0,3,2,36,1461,2,5
"2025000019806",2,21,19,0,0,0,1,1,37,12419,2,3
"2025000019806",1,9,19,0,0,0,1,1,52,1497,8,2
"2025000019807",1,5,99,9,9,99,9,1,46,649,1,9
"2025000019807",2,9,99,9,9,99,3,1,34,-1,3,2
"2025000019808",1,19,19,0,0,0,1,1,27,1753,2,11
"2025000019808",2,9,4,0,0,0,2,2,26,2143,2,4
"2025000019808",3,19,4,0,0,0,2,1,32,2200,2,1
"2025000019809",2,3,9,3,0,0,4,1,30,125,1,6
"2025000019809",1,9,19,4,0,0,3,2,67,-1,-1,-1
"2025000019810",1,19,7,5,0,0,4,1,-1,2298,2,8
"2025000019810",2,9,19,8,0,0,3,1,-1,998,1,16
"2025000019811",2,9,19,8,0,0,1,1,26,1229,1,18
"2025000019811",1,9,19,8,0,0,1,1,39,1580,8,2
"2025000019812",1,11,5,2,0,0,0,1,64,4500,2,8
"2025000019813",1,8,-1,0,-1,-1,-1,1,-1,1364,2,8
"2025000019814",1,8,7,5,0,0,1,1,43,1997,2,11
"2025000019814",2,1,19,8,0,0,1,1,19,-1,-1,-1
"2025000019815",2,9,19,0,0,0,1,1,32,1339,1,15
"2025000019815",1,9,4,0,0,0,2,2,67,999,1,3
"2025000019816",2,19,19,1,0,0,1,1,58,1995,2,1
"2025000019816",1,19,19,1,0,0,1,1,42,1997,2,3
"2025000019816",3,9,19,1,0,0,0,1,36,1986,2,14
"2025000019817",1,4,19,0,0,0,1,1,26,124,1,15
"2025000019818",2,9,99,5,0,0,9,3,19,-1,-1,-1
"2025000019818",1,1,99,1,0,0,9,2,33,-1,-1,-1
"2025000019819",1,9,19,0,0,0,4,1,37,1560,2,10
"2025000019820",2,9,99,9,9,99,1,3,-1,1995,2,4
"2025000019820",1,3,99,9,9,99,2,1,22,125,1,4
"2025000019821",1,9,9,1,0,0,4,2,45,1242,1,9
"2025000019821",2,4,19,1,0,0,1,1,24,124,1,6
"2025000019822",1,5,19,0,1,10,1,1,19,600,2,23