"collision_index","vehicle_reference","vehicle_type","vehicle_manoeuvre","junction_location","skidding_and_overturning","hit_object_in_carriageway","first_point_of_impact","sex_of_driver","age_of_driver","engine_capacity_cc","propulsion_code","age_of_vehicle"
"2025000019823",2,3,19,8,0,0,1,1,22,125,1,3
"2025000019823",1,9,19,6,0,0,1,1,46,1598,1,11
"2025000019824",1,9,-1,0,-1,-1,-1,1,-1,-1,-1,-1
"2025000019825",1,9,19,2,1,0,1,2,22,999,1,7
"2025000019826",1,9,5,3,0,0,4,1,31,-1,-1,-1
"2025000019826",2,1,19,4,0,0,4,1,45,-1,-1,-1
"2025000019827",1,19,19,6,0,0,1,1,20,1598,2,7
"2025000019827",2,9,19,1,0,0,4,2,56,1200,1,4
"2025000019828",1,9,7,6,0,0,4,1,46,1998,8,7
"2025000019828",2,1,4,1,0,0,1,2,6,-1,-1,-1
"2025000019829",2,9,19,1,0,0,1,1,47,1896,2,17
"2025000019829",1,9,9,1,0,0,4,1,17,1242,1,10
"2025000019830",1,11,3,1,0,0,1,1,30,6700,2,11
"2025000019831",2,1,14,2,0,4,3,1,47,-1,-1,-1
"2025000019831",1,8,14,2,0,0,4,1,60,1798,8,4
"2025000019832",2,9,4,8,0,0,1,1,42,1598,1,13
"2025000019832",1,1,19,8,0,0,1,1,27,-1,-1,-1
"2025000019833",1,9,6,8,0,0,3,1,17,1399,2,12
"2025000019833",2,9,19,8,0,0,1,1,-1,1968,2,11
"2025000019834",1,9,19,1,0,0,4,3,-1,-1,-1,-1
"2025000019834",2,9,2,1,0,0,4,3,-1,-1,-1,-1
"2025000019835",1,9,4,0,0,0,2,2,73,998,1,9
"2025000019835",2,9,2,0,0,0,2,2,40,1490,8,1
"2025000019836",2,9,99,9,9,99,2,3,45,1984,1,15
"2025000019836",1,9,99,9,9,99,2,1,21,1390,1,9
"2025000019837",1,9,99,9,9,99,9,2,33,1500,2,6
"2025000019838",2,9,19,1,5,0,2,2,35,1997,2,12
"2025000019838",1,9,15,1,1,7,1,1,31,1998,1,5
"2025000019839",2,1,19,8,0,0,1,1,30,-1,-1,-1
"2025000019839",1,9,9,6,0,0,1,1,49,1339,1,9
"2025000019840",1,97,19,2,0,0,0,3,-1,-1,-1,-1
"2025000019841",1,11,19,0,0,0,0,1,49,4500,2,9
"2025000019841",2,9,19,0,0,0,0,3,-1,-1,-1,-1
"2025000019842",1,9,5,6,0,0,1,2,21,1910,2,14
"2025000019842",2,9,19,1,0,0,1,2,36,1995,2,7
"2025000019843",1,20,19,0,0,0,1,1,39,-1,-1,-1
"2025000019844",1,97,19,0,0,0,1,3,-1,-1,-1,-1
"2025000019845",2,9,4,0,0,0,3,1,26,1685,2,6
"2025000019845",1,9,19,0,0,0,3,1,30,-1,-1,-1
"2025000019846",2,9,19,4,0,0,1,3,25,1896,2,17
"2025000019846",1,9,3,4,0,0,2,1,34,1950,2,7
"2025000019847",1,19,19,0,0,0,1,1,22,2143,2,4
"2025000019847",2,19,4,0,5,0,2,1,30,2143,2,8
"2025000019848",1,9,19,0,0,0,1,1,22,1796,1,14
"2025000019848",2,1,19,0,0,0,1,1,34,-1,-1,-1
"2025000019849",2,9,19,8,1,0,1,2,31,-1,3,1
"2025000019849",1,9,7,6,1,0,3,1,23,1499,1,0
"2025000019850",1,3,-1,-1,-1,-1,-1,1,36,124,1,6
"2025000019850",2,19,-1,-1,-1,-1,-1,1,51,1950,2,3
"2025000019851",1,9,19,0,0,0,1,1,33,1796,1,19
"2025000019852",1,9,19,0,0,0,1,1,89,1198,1,9
"2025000019852",2,20,4,0,0,0,2,1,39,5880,2,11
"2025000019853",1,9,19,0,0,11,1,1,17,1248,1,13
"2025000019854",1,8,4,1,0,0,2,1,30,1797,8,6
"2025000019854",2,9,19,2,0,7,2,1,23,1497,8,4
"2025000019855",1,9,19,0,0,4,1,1,24,1950,2,0
"2025000019855",2,9,2,0,0,0,1,3,-1,2143,2,10
"2025000019856",1,9,3,0,0,0,2,1,21,1198,1,12
"2025000019856",2,9,19,0,0,0,1,1,35,1595,1,22
"2025000019857",2,9,5,4,0,0,1,2,70,999,8,0
"2025000019857",1,3,6,3,5,0,4,1,17,125,1,0
"2025000019858",3,9,2,8,0,0,3,3,-1,1999,2,7
"2025000019858",1,9,5,4,0,11,1,1,92,1497,8,0
"2025000019858",2,19,19,8,0,0,3,1,43,1995,2,8
"2025000019859",1,5,19,0,1,0,3,1,25,750,1,17
"2025000019860",1,9,7,4,0,0,1,1,49,1968,2,7
"2025000019860",2,1,13,8,0,0,2,1,28,-1,-1,-1
"2025000019861",1,5,19,0,5,0,3,1,67,883,1,7
"2025000019861",2,9,19,0,0,0,4,2,72,998,1,15
"2025000019862",2,9,19,0,0,0,2,2,47,1198,1,8
"2025000019862",1,9,19,0,0,0,1,3,-1,1349,1,11
"2025000019863",2,19,19,1,0,0,1,1,28,2200,2,1
"2025000019863",1,9,19,1,0,0,1,2,47,1461,2,15
"2025000019864",2,9,11,3,0,0,4,3,-1,-1,-1,-1
"2025000019864",1,9,19,8,0,0,3,1,39,2148,2,15
"2025000019865",2,11,19,0,0,0,3,2,58,4461,2,8
"2025000019865",1,9,19,0,0,0,1,2,38,1398,2,11
"2025000019866",2,1,4,1,0,0,1,1,18,-1,-1,-1
"2025000019866",1,9,19,1,0,0,1,3,-1,-1,-1,-1
"2025000019867",2,9,9,8,0,0,4,1,59,2979,1,21
"2025000019867",1,9,19,1,0,0,1,2,-1,2000,2,14
"2025000019868",2,21,19,0,0,0,2,1,26,10677,2,4
"2025000019868",1,3,19,0,5,0,3,1,44,125,1,3
"2025000019869",1,9,5,2,0,0,4,1,36,1396,1,19
"2025000019870",1,9,13,0,0,0,4,1,39,1560,2,13
"2025000019870",2,20,19,0,0,0,3,3,-1,-1,-1,-1
"2025000019871",1,9,99,9,9,99,1,2,55,-1,-1,-1
"2025000019871",2,9,99,9,9,99,1,3,-1,-1,-1,-1
"2025000019872",2,1,19,1,1,0,0,1,54,-1,-1,-1
"2025000019872",1,17,9,1,0,0,0,1,60,-1,-1,-1
"2025000019873",1,9,9,2,0,0,1,2,77,1390,1,9
"2025000019873",2,3,7,2,0,0,0,1,29,125,1,2
"2025000019874",2,2,99,9,9,99,1,3,-1,125,1,7
"2025000019874",1,9,99,9,9,99,2,2,33,1997,1,3
"2025000019875",2,9,19,1,0,0,3,1,26,1499,2,6
"2025000019875",1,4,19,2,0,0,3,1,18,124,1,4
"2025000019876",2,9,99,9,9,99,9,1,78,999,1,4
"2025000019876",1,1,99,9,9,99,9,2,62,-1,-1,-1
"2025000019877",1,9,19,0,0,0,0,3,-1,-1,-1,-1
"2025000019877",2,11,19,0,0,0,0,2,31,6700,2,5
"2025000019878",1,9,9,8,0,0,3,1,18,1798,8,1
"2025000019878",2,9,19,8,0,4,1,1,22,1984,1,7
"2025000019878",4,9,2,2,0,0,2,3,-1,1968,2,11
"2025000019878",3,19,2,2,0,4,3,3,-1,2143,2,4
"2025000019879",2,9,19,0,0,0,1,3,53,1197,1,10
"2025000019879",1,9,19,0,0,0,3,1,43,1998,8,5
"2025000019880",2,9,4,0,0,0,2,2,31,2967,2,9
"2025000019880",1,9,19,0,0,0,1,1,26,1498,1,15
"2025000019881",2,9,19,0,0,0,1,1,17,1229,1,15
"2025000019881",1,9,19,0,0,0,1,1,43,1582,2,12
"2025000019882",1,8,9,8,0,0,1,1,38,1477,8,5
"2025000019883",1,9,5,0,0,0,4,1,54,-1,-1,-1
"2025000019884",1,3,19,1,0,0,1,1,48,125,1,6
"2025000019884",2,9,9,1,0,0,1,2,27,1198,1,10
"2025000019885",2,9,19,8,1,0,1,1,65,1248,1,8
"2025000019885",1,9,10,8,0,0,2,1,36,1364,1,15
"2025000019886",2,9,19,8,1,0,1,1,32,1596,1,15
"2025000019886",1,9,19,6,0,0,1,1,82,1596,1,16
"2025000019887",1,1,19,8,5,0,1,1,38,-1,-1,-1
"2025000019887",2,8,10,8,0,0,3,1,-1,1798,8,7
"2025000019888",2,5,19,0,0,0,1,1,59,649,1,5
"2025000019888",1,9,19,0,0,0,1,2,-1,1560,2,8
"2025000019889",1,9,5,8,0,0,4,1,63,1598,2,10
"2025000019890",1,9,4,0,0,0,2,2,51,1498,1,4
"2025000019890",3,9,19,0,0,0,1,1,25,1248,1,9
"2025000019890",2,9,4,0,0,0,2,2,72,1497,8,7
"2025000019891",2,1,19,1,0,0,1,1,33,-1,-1,-1
"2025000019891",1,9,9,1,0,0,4,1,28,1798,8,11
"2025000019892",1,9,19,8,0,0,1,1,27,1796,1,15
"2025000019893",2,9,19,0,0,0,3,1,30,1299,1,13
"2025000019893",1,9,2,0,0,0,4,2,30,1560,2,12
"2025000019894",1,1,9,0,0,0,4,1,24,-1,-1,-1
"2025000019894",2,9,3,0,0,0,1,1,45,1969,2,8
"2025000019895",1,-1,19,4,0,0,1,2,16,-1,-1,-1
"2025000019895",2,1,19,8,0,0,1,1,58,-1,-1,-1
"2025000019896",3,9,19,0,1,11,1,1,53,1998,1,16
"2025000019896",1,21,19,0,0,0,0,1,75,12740,2,9
"2025000019896",2,9,19,0,1,11,2,1,55,1998,1,2
"2025000019897",2,11,19,0,0,0,1,1,62,9000,2,4
"2025000019897",1,19,19,0,0,0,1,1,46,2143,2,3
"2025000019898",1,9,19,1,0,0,1,1,32,1995,2,12
"2025000019899",1,9,19,6,0,0,1,1,87,1910,2,14
"2025000019900",1,11,19,2,0,0,0,1,37,4500,2,12
"2025000019901",1,19,19,0,0,0,4,1,67,-1,-1,-1
"2025000019902",1,9,9,8,0,0,1,2,41,1968,2,9
"2025000019902",2,11,19,8,0,0,4,1,25,6700,2,12
"2025000019903",1,9,13,0,0,0,4,1,59,999,1,4
"2025000019903",3,9,19,0,0,0,2,1,73,2199,2,3
"2025000019903",2,3,13,0,0,0,3,1,49,124,1,1
"2025000019904",1,4,99,9,9,99,9,1,35,125,1,7
"2025000019904",2,9,99,9,9,99,1,3,-1,1242,1,8
"2025000019905",1,19,19,2,0,4,4,1,29,1995,2,11
"2025000019905",2,9,2,8,0,4,2,-1,-1,1598,1,21
"2025000019906",3,9,19,0,0,0,1,1,57,1598,1,8
"2025000019906",2,19,19,0,5,0,1,1,33,2198,2,13
"2025000019906",1,9,19,0,0,0,1,3,25,1968,2,15
"2025000019907",2,9,19,8,0,0,3,1,18,998,1,11
"2025000019907",1,9,19,6,0,0,1,2,50,2894,1,5
"2025000019908",1,1,-1,0,-1,-1,1,3,-1,-1,-1,-1
"2025000019909",2,5,19,8,0,0,4,2,61,745,1,5
"2025000019909",1,9,7,1,0,0,1,1,64,1986,2,16
"2025000019910",1,1,19,1,1,0,0,1,31,-1,-1,-1
"2025000019911",1,9,5,0,0,0,1,3,-1,1968,2,6
"2025000019911",2,9,2,0,0,0,2,2,46,1499,8,6
"2025000019912",2,9,2,1,0,0,4,3,-1,999,1,1
"2025000019912",1,9,4,1,0,0,3,1,85,1496,1,0
"2025000019913",3,9,4,0,0,0,2,1,67,1332,8,4
"2025000019913",2,19,4,0,0,0,2,1,35,1499,2,2
"2025000019913",4,9,4,0,0,0,2,1,40,-1,-1,-1
"2025000019913",1,11,4,0,0,0,1,1,53,10838,2,9
"2025000019914",1,3,13,1,5,0,4,2,37,125,1,1
"2025000019914",2,9,9,8,0,0,3,2,29,1242,1,13
"2025000019915",1,9,19,0,0,0,1,1,-1,-1,-1,-1
"2025000019916",1,9,19,0,0,7,1,2,62,1248,1,13
"2025000019917",2,9,2,0,0,0,2,1,71,1997,2,13
"2025000019917",1,9,19,0,0,4,1,3,-1,-1,-1,-1
"2025000019918",1,9,19,0,2,0,1,1,35,-1,-1,-1
"2025000019919",1,3,5,3,0,0,3,1,26,125,1,0
"2025000019919",2,19,5,3,0,0,1,1,64,1995,2,6
"2025000019920",2,3,19,8,0,0,1,1,23,125,1,0
"2025000019920",1,9,7,8,0,0,4,1,46,1498,1,5
"2025000019921",1,9,14,2,0,0,1,2,47,1596,1,12
"2025000019921",2,9,10,1,0,0,3,1,40,1968,2,14
"2025000019922",1,9,3,0,0,0,1,2,81,1598,1,14
"2025000019922",2,9,2,0,0,0,4,2,31,1598,2,12
"2025000019922",3,9,19,0,0,0,1,1,33,1364,1,4
"2025000019923",1,9,19,2,0,0,1,2,55,1591,1,5
"2025000019924",2,9,4,1,0,4,2,1,46,1998,1,1
"2025000019924",3,9,10,1,0,0,2,2,29,1499,2,7
"2025000019924",1,9,12,1,0,4,1,2,20,1461,2,8
"2025000019925",1,9,19,0,0,0,2,1,55,999,1,8
"2025000019925",3,9,19,0,0,0,1,3,-1,-1,-1,-1
"2025000019925",2,9,19,0,0,0,2,1,30,1461,2,7
"2025000019926",1,9,19,0,0,0,2,1,-1,-1,-1,-1
"2025000019926",2,3,19,0,0,0,1,1,21,125,1,1
"2025000019927",1,9,5,5,1,10,1,2,30,-1,-1,-1
"2025000019928",2,19,19,1,0,0,3,1,35,2148,2,16
"2025000019928",1,9,9,5,0,0,1,1,77,1388,1,13
"2025000019929",1,9,19,7,5,10,1,1,40,999,1,14
"2025000019929",2,21,19,1,0,0,3,1,-1,-1,-1,-1
"2025000019930",2,5,19,1,0,0,1,1,22,660,1,14
"2025000019930",1,9,19,1,0,0,3,1,32,1950,2,7
"2025000019931",2,9,4,0,0,0,1,1,43,1984,1,20
"2025000019931",1,9,4,0,0,0,2,1,49,2993,2,10
"2025000019932",2,9,99,9,9,99,1,3,-1,1797,8,8
"2025000019932",1,9,99,9,9,99,2,2,45,2143,2,5
"2025000019933",2,2,19,6,0,0,3,1,16,-1,-1,-1
"2025000019933",1,9,9,4,0,0,4,2,29,1461,2,11
"2025000019934",1,9,6,6,0,0,2,1,41,1364,1,14
"2025000019934",2,1,19,2,0,0,1,1,28,-1,-1,-1
"2025000019935",1,1,19,8,0,0,4,2,38,-1,-1,-1
"2025000019935",2,9,7,6,0,0,1,3,-1,1598,1,20
"2025000019936",2,4,13,0,0,0,4,1,24,125,1,3
"2025000019936",1,9,19,0,0,0,3,2,27,1798,8,6
"2025000019937",1,98,19,2,0,0,4,3,-1,-1,-1,-1
"2025000019938",2,1,19,1,0,0,1,1,19,-1,-1,-1
"2025000019938",1,9,19,1,0,0,1,3,-1,-1,-1,-1
"2025000019939",1,19,19,1,0,0,1,1,76,2460,2,16
"2025000019940",1,11,5,1,0,0,0,1,50,4500,2,7
"2025000019940",2,19,11,5,0,0,0,3,-1,1968,2,1
"2025000019941",1,9,4,0,0,0,2,1,-1,1995,2,13
"2025000019941",2,19,19,0,0,0,1,1,38,1997,2,2
"2025000019942",1,9,19,0,5,0,1,1,40,4395,1,3
"2025000019942",3,9,19,0,0,2,2,2,39,1598,8,0
"2025000019942",2,9,19,0,0,2,4,2,67,1998,1,4
"2025000019943",2,11,3,0,0,0,2,1,45,4500,2,8
"2025000019943",1,9,11,0,0,0,1,2,31,999,1,10
"2025000019944",2,1,19,1,0,0,1,1,82,-1,-1,-1
"2025000019944",1,9,7,8,0,0,1,2,43,-1,-1,-1
"2025000019945",2,19,2,0,0,0,4,1,43,1753,2,13
"2025000019945",1,9,4,0,0,0,4,1,39,1242,1,19
"2025000019946",1,9,19,0,0,0,4,1,67,1995,1,16
"2025000019947",1,19,19,1,0,0,1,1,29,1560,2,13
"2025000019947",3,9,4,1,0,0,2,2,85,-1,-1,-1
"2025000019947",2,8,4,1,0,0,2,1,66,1797,8,8
"2025000019948",1,9,19,0,1,0,1,1,25,1781,1,21
"2025000019948",2,9,19,0,0,0,1,2,39,1598,2,6
"2025000019949",1,9,19,0,0,0,1,1,31,1198,1,7
"2025000019950",1,9,19,0,1,0,1,1,58,998,1,4
"2025000019951",2,9,5,1,0,0,2,1,29,1998,1,2
"2025000019951",1,19,5,1,0,0,1,1,40,1968,2,2
"2025000019952",2,9,99,9,9,99,9,3,49,2995,1,19
"2025000019952",1,9,99,9,9,99,9,2,64,1242,1,13
"2025000019953",1,9,15,1,0,0,3,1,41,1192,1,19
"2025000019953",2,9,7,1,0,0,4,1,-1,2993,2,3
"2025000019954",1,9,19,0,5,0,1,3,-1,1198,1,18
"2025000019955",1,9,4,2,0,0,1,1,86,1389,1,18
"2025000019955",2,9,4,2,0,0,2,1,45,1799,1,11
"2025000019956",1,9,19,0,1,0,1,2,69,1229,1,9
"2025000019956",2,9,3,0,0,0,1,1,46,1968,2,14
"2025000019957",1,2,7,1,1,10,1,1,16,49,1,3
"2025000019958",1,9,1,5,0,0,2,1,47,1490,1,2
"2025000019959",1,9,8,6,0,0,2,1,19,1598,1,19
"2025000019959",2,9,19,1,0,0,1,3,-1,-1,-1,-1
"2025000019960",2,1,19,1,0,4,1,1,52,-1,-1,-1
"2025000019960",1,9,5,2,0,0,1,1,27,1497,8,15
"2025000019961",1,9,19,8,0,0,9,1,31,-1,-1,-1
"2025000019961",2,9,19,8,0,0,9,3,-1,1242,1,12
"2025000019962",1,9,19,0,2,0,1,1,19,1198,1,17
"2025000019962",2,9,19,0,1,0,1,2,29,1582,2,9
"2025000019963",2,9,19,0,0,0,1,2,64,1560,2,14
"2025000019963",1,1,19,0,0,0,1,1,30,-1,-1,-1
"2025000019964",1,9,19,0,0,0,1,1,38,1997,2,11
"2025000019965",1,9,19,0,5,0,3,2,81,998,1,1
"2025000019966",1,9,19,0,0,0,1,-1,-1,-1,-1,-1
"2025000019966",4,9,2,0,0,0,1,1,41,1560,2,12
"2025000019966",2,9,2,0,0,0,3,-1,-1,1598,2,9
"2025000019966",3,9,2,0,0,0,1,-1,-1,1390,1,23
"2025000019967",1,9,9,4,0,0,1,2,-1,-1,-1,-1
"2025000019967",2,9,19,8,0,0,1,1,50,1968,2,7
"2025000019968",1,9,19,0,0,0,1,2,34,999,1,0
"2025000019969",2,19,19,8,0,0,1,1,32,1248,2,9
"2025000019969",1,9,19,6,1,0,3,2,78,1969,2,6
"2025000019970",1,9,99,9,9,99,9,2,48,1781,1,16
"2025000019970",2,9,99,9,9,99,1,3,28,1995,2,10
"2025000019971",1,3,19,1,0,0,1,1,29,-1,-1,-1
"2025000019971",2,9,5,1,0,0,1,1,64,-1,-1,-1
"2025000019972",2,9,19,0,0,0,2,1,50,1950,2,0
"2025000019972",1,9,19,0,0,0,1,2,24,1364,1,12
"2025000019973",1,-1,7,8,0,0,1,2,34,-1,-1,-1
"2025000019974",2,9,19,0,0,0,2,2,44,1999,2,8
"2025000019974",1,9,19,0,0,0,1,1,34,1386,1,17
"2025000019975",2,9,99,9,9,99,9,3,-1,-1,-1,-1
"2025000019975",1,9,99,9,9,99,1,1,25,1995,2,6
"2025000019976",1,9,4,0,0,0,4,2,18,875,1,13
"2025000019977",1,1,99,9,9,99,0,1,56,-1,-1,-1
"2025000019977",2,9,99,9,9,99,9,3,-1,1781,1,25
"2025000019978",1,9,1,0,0,0,2,1,-1,1461,2,8
"2025000019978",2,9,19,0,0,0,1,2,46,1910,2,14
"2025000019979",1,4,9,8,0,0,3,1,17,125,1,0
"2025000019979",2,9,19,8,0,0,3,-1,41,1997,1,6
"2025000019980",1,9,99,9,9,99,9,2,68,2143,2,3
"2025000019980",2,9,99,9,9,99,9,3,38,1599,1,17
"2025000019981",2,9,9,5,5,0,3,1,45,898,1,4
"2025000019981",1,9,13,8,0,0,1,1,39,1995,2,18
"2025000019982",1,11,5,0,0,0,0,1,56,4461,2,3
"2025000019983",1,11,19,1,0,0,1,1,57,2402,2,19
"2025000019984",1,9,19,8,0,0,1,2,22,1149,1,16
"2025000019985",1,9,19,0,1,6,1,1,20,1598,2,9
"2025000019986",1,9,19,0,0,0,1,2,29,1197,1,6
"2025000019987",2,1,19,8,5,0,1,2,26,-1,-1,-1
"2025000019987",1,8,19,4,0,0,1,1,70,1598,2,6
"2025000019988",4,21,19,1,1,0,1,1,22,-1,-1,-1
"2025000019988",2,21,19,1,1,0,2,1,56,12742,2,3
"2025000019988",1,19,9,5,0,0,0,3,-1,1968,2,3
"2025000019988",3,9,19,1,1,0,2,1,58,1995,2,3
"2025000019989",1,9,19,0,2,0,3,1,30,1461,2,6
"2025000019990",2,9,9,1,0,0,4,2,53,1686,2,10
"2025000019990",1,1,19,1,0,0,1,1,30,-1,-1,-1
"2025000019991",1,4,15,2,2,0,4,1,16,198,1,18
"2025000019991",3,9,19,2,0,0,0,1,31,1998,1,3
"2025000019991",2,9,4,2,0,0,1,1,36,1240,1,17
"2025000019992",1,9,19,0,0,0,1,2,37,998,1,13
"2025000019993",2,20,7,2,0,0,3,1,37,2143,2,3
"2025000019993",1,9,19,6,0,0,3,1,17,1598,1,13
"2025000019994",1,-1,99,0,9,99,9,3,-1,-1,-1,-1
"2025000019995",1,97,99,1,0,0,9,3,-1,-1,-1,-1
"2025000019995",2,1,19,1,0,0,9,1,-1,-1,-1,-1
"2025000019996",1,9,19,0,5,0,3,1,17,1560,2,16
"2025000019997",2,9,13,0,0,11,1,1,20,1500,2,3
"2025000019997",1,9,1,0,0,11,2,2,25,1198,1,8
"2025000019997",3,9,2,0,0,11,2,3,-1,1498,1,2
"2025000019998",2,1,19,1,0,0,3,2,32,-1,-1,-1
"2025000019998",1,1,11,1,0,0,3,3,-1,-1,-1,-1
"2025000019999",2,-1,19,-1,0,0,-1,1,17,-1,-1,-1
"2025000019999",1,9,19,-1,0,0,-1,2,67,1499,1,2
"2025000020000",1,9,19,8,0,0,3,1,77,1998,1,6
"2025000020000",2,1,19,8,0,0,1,1,47,-1,-1,-1
"2025000020001",1,9,19,1,0,0,1,2,34,1598,1,16
"2025000020001",2,9,9,1,0,0,1,1,23,1995,2,15
"2025000020002",2,9,99,9,9,99,1,3,30,1596,1,9
"2025000020002",1,1,99,9,9,99,1,2,26,-1,-1,-1
"2025000020003",2,9,19,8,0,0,1,2,52,1242,1,3
"2025000020003",1,19,19,8,0,0,4,1,22,2198,2,7
"2025000020004",1,3,19,0,0,0,1,3,-1,125,1,10
"2025000020005",1,1,19,0,0,0,1,1,29,-1,-1,-1
"2025000020005",2,9,2,0,0,0,2,3,-1,2500,1,-1
"2025000020006",1,9,5,4,0,0,1,2,34,-1,-1,-1
"2025000020006",2,9,19,3,0,0,4,1,67,1364,1,7
"2025000020007",2,1,19,3,0,0,1,1,61,-1,-1,-1
"2025000020007",1,9,19,4,0,0,3,2,35,998,1,7
"2025000020008",1,9,19,0,0,0,1,1,53,1560,2,5
"2025000020009",1,9,19,1,0,0,1,1,37,1598,1,10
"2025000020009",2,9,5,6,0,0,2,1,43,1910,2,11
"2025000020010",1,9,19,0,5,0,1,1,39,-1,-1,-1
"2025000020011",1,9,19,0,2,0,3,2,26,1896,2,21
"2025000020012",1,9,19,8,0,0,1,2,20,1197,1,7
"2025000020012",2,9,9,5,0,0,1,1,54,1199,1,3
"2025000020013",1,5,19,8,0,0,4,1,27,1200,1,1
"2025000020013",2,9,9,8,0,0,1,1,20,1968,2,13
"2025000020014",2,21,9,8,0,0,2,1,57,16400,2,6
"2025000020014",1,9,19,1,0,0,1,1,18,1242,1,15
"2025000020015",2,98,99,9,9,99,1,3,-1,-1,-1,-1
"2025000020015",1,1,99,9,9,99,1,1,37,-1,-1,-1
"2025000020016",1,9,7,6,0,0,1,1,41,1956,2,12
"2025000020016",2,1,19,1,0,0,1,1,25,-1,-1,-1
"2025000020017",1,9,4,0,0,0,1,1,23,2393,2,0
"2025000020017",2,9,4,0,0,0,2,2,26,1398,1,7
"2025000020018",2,1,19,8,0,0,1,1,27,-1,-1,-1
"2025000020018",1,9,19,8,0,0,4,1,51,1950,12,2
"2025000020019",1,20,19,0,0,7,3,1,48,-1,-1,-1
"2025000020020",2,8,5,3,0,0,4,1,45,1798,8,5
"2025000020020",1,8,5,4,0,0,4,1,53,1797,8,9
"2025000020021",1,1,99,9,9,99,1,1,31,-1,-1,-1
"2025000020021",2,9,99,9,9,99,9,3,-1,2494,8,5
"2025000020022",1,19,19,3,5,10,1,2,71,-1,-1,-1
"2025000020023",1,9,19,1,0,0,3,2,28,1994,2,13
"2025000020023",2,9,9,1,5,0,1,1,69,1248,2,19
"2025000020024",2,21,2,7,0,0,2,1,70,12902,2,7
"2025000020024",1,9,12,7,0,4,1,2,31,1598,1,10
"2025000020025",1,9,19,0,0,0,1,1,61,1499,2,4
"2025000020025",2,9,19,0,0,0,1,1,33,1968,2,10
"2025000020026",2,9,19,1,0,0,1,2,33,1598,1,6
"2025000020026",1,9,19,1,1,0,1,2,22,999,1,1
"2025000020027",2,9,3,1,0,0,2,2,42,1781,1,20
"2025000020027",1,9,19,1,0,0,1,2,22,2998,1,5
"2025000020028",1,21,19,0,0,0,4,3,-1,-1,-1,-1
"2025000020028",2,8,12,0,0,0,3,1,41,1997,2,10
"2025000020029",1,9,19,0,1,0,4,1,25,1595,1,18
"2025000020030",2,9,9,1,1,0,1,1,39,1399,2,14
"2025000020030",1,9,13,1,5,10,1,1,34,1496,2,4
"2025000020031",1,9,99,9,9,99,2,1,39,-1,3,3
"2025000020031",2,3,99,9,9,99,2,3,-1,-1,-1,-1
"2025000020032",1,9,19,0,0,0,4,2,56,1498,1,3
"2025000020032",2,21,12,0,0,0,3,1,-1,10837,2,8
"2025000020033",1,9,7,0,1,10,1,2,45,998,1,0
"2025000020034",2,1,7,6,0,0,3,2,54,-1,-1,-1
"2025000020034",1,9,9,5,0,0,1,1,77,998,1,5
"2025000020035",1,9,19,4,0,0,4,1,43,-1,-1,-1
"2025000020035",2,19,19,4,0,0,1,1,45,2198,2,17
"2025000020036",1,9,19,2,0,0,1,3,-1,-1,-1,-1
"2025000020037",1,9,1,0,0,0,2,1,29,1968,2,12
"2025000020038",1,9,19,7,1,0,1,1,46,2987,2,5
"2025000020039",2,9,19,1,0,0,0,1,33,1969,8,2
"2025000020039",1,3,19,8,0,10,1,3,-1,125,1,5
"2025000020039",3,9,19,1,0,0,0,2,32,1969,8,0
"2025000020040",2,9,19,3,0,0,3,1,33,1968,2,15
"2025000020040",1,19,19,3,0,0,3,1,65,2287,2,14
"2025000020041",1,9,19,0,0,0,1,1,82,999,1,9
"2025000020041",2,9,19,0,0,0,2,2,41,-1,3,1
"2025000020042",1,9,19,1,0,0,1,1,37,1998,2,11
"2025000020042",2,9,2,1,0,0,2,3,-1,1498,1,15
"2025000020043",2,9,10,1,0,0,2,1,46,2143,2,13
"2025000020043",1,9,19,1,0,0,1,1,27,2698,2,15
"2025000020043",3,9,10,1,0,0,2,1,37,1461,2,7
"2025000020044",2,1,5,8,0,0,3,2,14,-1,-1,-1
"2025000020044",1,9,3,8,0,0,1,1,73,1968,2,14
"2025000020045",1,9,10,1,0,0,1,3,-1,-1,-1,-1
"2025000020045",2,9,19,2,0,0,2,2,36,1685,2,3
"2025000020046",1,9,19,8,0,0,1,2,67,-1,-1,-1
"2025000020047",1,9,19,0,0,0,2,2,20,1198,1,4
"2025000020047",2,9,19,0,0,0,1,1,29,1598,2,5
"2025000020048",2,9,19,0,0,0,3,1,39,1998,8,2
"2025000020048",1,9,19,0,0,0,3,2,36,998,1,14
"2025000020049",1,20,11,0,2,0,1,1,76,-1,-1,-1
"2025000020050",1,9,19,0,0,0,1,2,-1,1496,1,4
"2025000020051",2,9,19,0,0,0,1,1,34,1968,2,8
"2025000020051",1,9,19,0,0,0,1,1,89,1948,1,23
"2025000020052",2,9,2,1,0,0,2,3,-1,2184,2,17
"2025000020052",1,9,19,1,0,0,1,2,49,998,1,22
"2025000020053",1,9,5,4,0,0,3,1,44,1596,1,15
"2025000020053",2,1,9,8,0,0,1,1,35,-1,-1,-1
"2025000020054",2,5,9,3,0,0,3,1,38,1301,1,0
"2025000020054",1,9,19,3,0,0,3,1,37,1242,1,12