"collision_index","vehicle_reference","vehicle_type","vehicle_manoeuvre","junction_location","skidding_and_overturning","hit_object_in_carriageway","first_point_of_impact","sex_of_driver","age_of_driver","engine_capacity_cc","propulsion_code","age_of_vehicle"
"2025000020288",1,9,6,0,0,0,2,1,49,1199,1,1
"2025000020288",2,2,19,0,0,0,4,1,46,125,1,2
"2025000020289",1,9,19,0,2,0,4,1,49,1999,2,3
"2025000020290",1,9,19,0,5,7,1,1,58,-1,-1,-1
"2025000020291",1,9,19,0,0,0,1,1,37,1586,1,7
"2025000020292",1,19,14,0,0,0,4,1,-1,-1,-1,-1
"2025000020292",2,9,2,0,0,0,3,2,32,-1,-1,-1
"2025000020293",1,9,19,1,0,10,1,1,19,1229,1,11
"2025000020294",2,9,2,0,0,0,1,1,-1,1197,1,5
"2025000020294",1,9,1,0,0,4,2,1,-1,1794,1,14
"2025000020295",2,9,4,0,0,0,2,1,29,1598,1,12
"2025000020295",1,19,4,0,0,0,1,1,34,1598,2,5
"2025000020296",1,9,4,1,0,0,2,1,39,998,1,17
"2025000020296",2,19,3,1,0,0,1,1,33,1997,2,4
"2025000020297",1,9,99,1,9,99,2,2,24,1598,1,6
"2025000020297",2,9,19,1,0,99,1,3,-1,1796,1,13
"2025000020298",1,9,19,0,0,0,1,2,37,-1,-1,-1
"2025000020299",1,1,99,9,9,99,9,1,46,-1,-1,-1
"2025000020299",2,9,99,9,9,99,9,3,-1,1598,1,14
"2025000020299",3,1,99,9,9,99,0,3,-1,-1,-1,-1
"2025000020300",2,1,19,0,0,0,3,2,9,-1,-1,-1
"2025000020300",1,9,19,0,0,0,1,2,55,998,1,3
"2025000020301",1,1,19,1,0,0,1,1,44,-1,-1,-1
"2025000020301",2,9,7,1,0,0,4,2,-1,1997,2,11
"2025000020302",1,9,12,0,0,0,3,2,67,1398,1,5
"2025000020302",2,21,4,0,0,0,1,1,55,4500,2,2
"2025000020303",1,9,19,8,0,0,1,3,18,-1,-1,-1
"2025000020304",2,9,99,9,9,99,9,3,-1,-1,-1,-1
"2025000020304",1,3,99,9,9,99,9,1,53,124,1,20
"2025000020305",2,5,19,1,0,0,4,1,22,599,1,24
"2025000020305",1,9,9,1,0,0,1,2,25,1398,1,3
"2025000020306",1,9,19,0,0,0,4,2,31,1364,1,13
"2025000020307",1,9,2,0,0,8,4,2,-1,-1,-1,-1
"2025000020307",2,1,99,0,9,99,4,2,13,-1,-1,-1
"2025000020308",1,9,19,1,0,0,1,1,29,1968,2,9
"2025000020308",2,9,19,1,0,0,4,1,44,1198,1,12
"2025000020309",1,3,19,0,1,0,1,1,18,125,1,7
"2025000020310",2,9,2,0,0,0,2,1,58,2401,2,19
"2025000020310",1,9,19,0,0,0,1,1,45,1461,2,5
"2025000020311",1,9,19,8,0,0,1,2,51,2000,1,24
"2025000020311",2,9,9,8,0,0,1,2,28,1364,1,11
"2025000020312",1,9,19,1,0,0,4,1,74,2184,2,19
"2025000020313",1,98,19,1,1,0,1,1,52,-1,-1,-1
"2025000020313",2,9,10,5,0,0,1,2,68,1797,8,9
"2025000020314",1,9,19,0,0,0,3,2,40,-1,-1,-1
"2025000020314",2,21,19,0,0,0,3,1,-1,12740,2,7
"2025000020315",2,1,10,1,0,0,3,1,31,-1,-1,-1
"2025000020315",1,9,9,8,0,0,1,3,-1,-1,-1,-1
"2025000020316",1,1,19,1,0,0,1,2,23,-1,-1,-1
"2025000020316",2,9,2,1,0,0,0,1,-1,-1,-1,-1
"2025000020317",1,9,19,6,0,0,1,1,51,1951,2,17
"2025000020317",2,9,19,1,0,0,1,1,52,-1,-1,-1
"2025000020318",1,9,19,2,0,0,1,1,58,-1,-1,-1
"2025000020319",1,9,3,4,0,0,1,3,44,-1,-1,-1
"2025000020319",2,9,4,5,0,0,2,1,23,-1,-1,-1
"2025000020320",1,1,19,0,0,0,0,1,53,-1,-1,-1
"2025000020321",1,9,19,0,0,7,1,1,55,-1,-1,-1
"2025000020322",2,9,4,1,0,0,4,2,38,1560,2,8
"2025000020322",1,1,19,1,5,0,1,1,30,-1,-1,-1
"2025000020323",1,9,19,0,5,0,1,1,54,1598,1,8
"2025000020324",1,3,13,2,1,0,1,1,27,124,1,15
"2025000020324",3,9,5,2,0,0,1,2,39,1596,1,7
"2025000020324",2,9,9,2,0,0,1,1,30,2143,2,7
"2025000020325",2,19,2,0,0,0,2,3,-1,1868,2,17
"2025000020325",1,9,14,0,5,0,1,1,41,1596,1,14
"2025000020326",1,1,10,1,0,0,3,1,58,-1,-1,-1
"2025000020326",2,19,9,6,0,0,4,1,-1,2488,2,15
"2025000020327",1,9,19,0,0,0,1,2,19,1368,1,14
"2025000020327",2,9,19,0,0,0,1,1,21,1329,1,12
"2025000020328",2,1,19,4,0,0,1,1,20,-1,-1,-1
"2025000020328",1,11,19,4,0,0,4,2,35,4500,2,13
"2025000020329",1,19,14,0,0,4,1,1,29,1995,2,1
"2025000020329",2,19,2,0,0,0,2,3,-1,2402,2,17
"2025000020330",1,9,19,0,2,0,1,2,27,1560,2,11
"2025000020331",1,19,9,8,1,0,3,1,42,2287,2,7
"2025000020331",2,9,19,8,1,0,1,1,18,1560,2,11
"2025000020331",3,9,8,1,0,0,3,2,47,1353,1,4
"2025000020332",1,9,19,1,1,0,1,1,36,1591,1,4
"2025000020333",1,21,7,6,0,0,4,1,51,6700,2,6
"2025000020334",1,19,19,4,0,0,1,1,39,1598,2,4
"2025000020334",2,9,19,8,0,0,4,2,32,1229,1,9
"2025000020335",1,5,13,0,0,7,1,1,52,1043,1,12
"2025000020336",2,1,11,1,0,0,1,1,19,-1,-1,-1
"2025000020336",1,9,19,1,0,0,3,2,19,898,1,3
"2025000020337",1,19,4,1,0,0,1,1,50,2148,2,16
"2025000020337",2,19,10,1,0,0,2,1,-1,1995,2,4
"2025000020338",1,9,19,0,0,0,1,1,42,1364,1,7
"2025000020339",2,90,19,8,0,0,1,1,27,-1,-1,-1
"2025000020339",1,9,9,8,0,0,3,2,-1,1587,1,18
"2025000020340",1,9,7,1,0,0,4,2,24,1398,1,11
"2025000020341",1,9,5,0,2,10,1,1,62,1242,1,10
"2025000020342",2,5,4,1,0,0,2,1,69,690,1,6
"2025000020342",1,9,19,1,0,0,1,1,73,-1,3,3
"2025000020343",2,9,19,1,0,0,3,2,49,999,1,4
"2025000020343",1,19,19,1,0,0,3,1,55,2998,2,4
"2025000020344",2,9,9,8,0,0,3,2,46,1969,2,6
"2025000020344",1,9,14,8,5,0,4,2,55,1461,2,10
"2025000020345",2,1,19,0,0,0,1,1,45,-1,-1,-1
"2025000020345",1,9,19,0,0,0,0,1,-1,-1,-1,-1
"2025000020346",2,9,7,8,0,0,1,1,19,1598,1,9
"2025000020346",1,19,9,8,0,0,1,1,29,1686,2,18
"2025000020347",2,1,19,1,0,0,1,1,15,-1,-1,-1
"2025000020347",1,9,19,1,0,0,4,3,-1,-1,-1,-1
"2025000020348",1,9,19,0,1,0,3,1,27,1968,2,20
"2025000020349",1,9,9,0,0,0,3,2,38,1364,1,5
"2025000020349",2,4,19,0,5,0,1,1,27,293,1,6
"2025000020350",1,9,99,9,9,99,9,1,32,3993,1,8
"2025000020351",1,9,19,0,0,0,4,3,-1,-1,-1,-1
"2025000020352",2,-1,19,4,0,0,1,1,36,-1,-1,-1
"2025000020352",1,9,19,3,0,0,4,1,50,1797,8,11
"2025000020353",1,9,19,0,0,0,2,1,19,973,1,19
"2025000020353",2,9,19,0,0,0,1,3,-1,-1,-1,-1
"2025000020354",1,9,19,1,0,0,1,1,74,3724,1,18
"2025000020355",2,9,19,0,0,0,1,1,39,1968,2,10
"2025000020355",1,9,19,0,0,0,1,1,18,2495,2,19
"2025000020356",1,21,19,0,0,0,1,1,51,7698,2,7
"2025000020356",2,9,3,0,0,0,2,2,23,1248,2,5
"2025000020357",2,19,99,1,9,99,1,3,-1,2402,2,9
"2025000020357",1,9,99,1,9,99,2,2,29,1461,2,4
"2025000020358",1,9,19,1,0,0,4,3,-1,998,1,10
"2025000020359",1,9,5,0,0,0,1,1,70,1582,2,6
"2025000020359",2,9,19,0,0,0,1,2,62,1398,2,11
"2025000020360",1,9,19,3,0,0,1,3,-1,1984,1,18
"2025000020361",1,9,5,8,0,0,3,1,27,1422,2,18
"2025000020361",2,9,19,8,0,0,1,2,37,2720,2,15
"2025000020362",1,9,5,0,0,0,1,3,45,1364,1,8
"2025000020362",2,9,3,0,0,0,2,1,46,1998,1,1
"2025000020363",1,19,11,0,0,0,2,1,30,2494,2,18
"2025000020363",3,9,19,0,0,0,2,1,45,-1,-1,-1
"2025000020363",2,3,15,0,0,0,1,1,18,125,1,1
"2025000020364",1,9,9,6,0,0,1,2,57,1582,2,10
"2025000020365",2,9,99,9,9,99,9,3,-1,-1,-1,-1
"2025000020365",1,3,99,9,9,99,9,1,39,125,1,7
"2025000020366",3,9,19,0,0,0,2,1,28,1399,1,6
"2025000020366",1,9,19,0,0,0,1,1,73,2143,2,7
"2025000020366",2,19,3,0,0,0,2,1,37,1499,2,3
"2025000020366",4,9,19,0,0,0,2,1,44,1595,1,4
"2025000020367",2,1,19,8,0,0,4,1,32,-1,-1,-1
"2025000020367",1,9,19,1,0,0,4,2,53,-1,-1,-1
"2025000020368",1,19,19,1,0,0,1,1,36,1560,2,4
"2025000020368",2,9,19,1,0,0,2,2,31,2894,1,0
"2025000020369",1,20,7,5,0,0,1,2,29,-1,-1,-1
"2025000020370",1,21,9,1,0,0,3,1,22,5132,2,2
"2025000020371",1,3,19,0,1,0,1,1,25,124,1,11
"2025000020372",1,9,19,1,0,0,1,2,50,1248,2,7
"2025000020372",2,1,19,6,0,0,4,1,46,-1,-1,-1
"2025000020373",1,9,19,8,5,0,4,1,56,1997,2,13
"2025000020373",2,9,5,8,0,0,1,1,73,1997,2,6
"2025000020374",1,9,99,9,9,99,2,1,45,1368,1,9
"2025000020374",2,19,99,9,9,99,9,3,-1,-1,3,1
"2025000020375",1,11,19,8,0,0,3,1,58,6696,2,8
"2025000020376",1,9,19,1,0,0,2,1,33,2687,1,16
"2025000020376",5,9,19,1,0,0,1,1,34,1969,8,0
"2025000020376",4,20,19,1,0,0,2,1,38,-1,-1,-1
"2025000020376",3,19,2,1,0,0,3,3,-1,2298,2,1
"2025000020376",2,9,19,1,0,0,0,1,47,1969,8,0
"2025000020377",1,9,19,0,4,0,1,1,53,2495,2,17
"2025000020378",1,9,19,1,5,0,1,1,52,1332,1,24
"2025000020379",1,4,19,0,0,0,3,1,28,649,1,1
"2025000020380",2,9,19,8,0,0,1,1,32,1794,1,23
"2025000020380",1,9,19,8,0,0,1,2,41,1598,1,20
"2025000020381",2,11,19,1,0,0,1,1,58,4500,2,2
"2025000020381",1,9,19,8,0,0,3,2,38,1397,1,15
"2025000020382",2,9,6,1,0,0,4,1,58,-1,-1,-1
"2025000020382",1,3,19,1,0,0,1,1,38,125,1,3
"2025000020383",1,9,19,0,0,0,1,1,55,2997,2,2
"2025000020384",2,9,19,1,0,0,1,1,78,1248,1,15
"2025000020384",1,9,19,1,0,0,1,1,47,1990,1,11
"2025000020385",1,1,99,9,9,99,1,1,28,-1,-1,-1
"2025000020385",2,8,99,9,9,99,9,3,-1,-1,-1,-1
"2025000020386",1,9,19,0,0,0,1,1,53,1598,1,8
"2025000020386",2,9,2,0,0,0,2,2,48,999,1,3
"2025000020387",1,9,19,1,0,0,1,1,44,1910,2,17
"2025000020387",2,9,3,2,0,0,2,1,45,1149,1,16
"2025000020388",1,11,7,5,1,11,1,1,40,5132,2,4
"2025000020389",2,9,19,0,0,0,1,2,44,1598,2,7
"2025000020389",1,3,19,0,0,0,3,1,37,125,1,2
"2025000020390",2,9,4,2,0,0,3,2,26,1499,1,2
"2025000020390",1,3,5,2,0,4,1,1,16,108,1,6
"2025000020391",2,1,5,4,0,0,3,2,50,-1,-1,-1
"2025000020391",1,9,5,4,0,0,4,2,77,998,1,14
"2025000020392",1,9,19,0,0,0,1,2,59,1997,1,12
"2025000020392",2,9,19,0,0,0,3,1,56,1461,2,4
"2025000020392",3,9,19,0,0,0,1,1,40,1968,2,8
"2025000020393",1,4,13,1,2,0,1,1,23,125,1,10
"2025000020393",2,9,9,1,1,0,3,1,26,1968,2,5
"2025000020394",2,9,19,8,0,0,3,2,43,1399,1,4
"2025000020394",1,9,1,6,0,0,2,1,-1,2993,2,4
"2025000020395",1,9,9,6,0,0,1,1,52,1994,1,21
"2025000020395",2,9,19,8,0,0,1,2,80,1360,1,18
"2025000020396",1,9,7,5,0,0,2,2,53,1499,1,4
"2025000020396",2,3,19,1,2,0,1,1,23,125,1,4
"2025000020397",1,98,-1,-1,-1,-1,-1,1,57,12809,2,3
"2025000020397",2,10,-1,-1,-1,-1,-1,1,53,-1,-1,-1
"2025000020398",2,9,4,0,0,0,2,2,46,1560,2,8
"2025000020398",1,19,4,0,0,0,1,1,39,-1,3,2
"2025000020399",1,9,4,8,0,0,1,1,33,1229,1,13
"2025000020399",2,1,15,8,1,0,1,1,18,-1,-1,-1
"2025000020400",2,9,99,9,9,99,9,3,-1,-1,-1,-1
"2025000020400",1,3,99,9,9,99,9,1,20,-1,-1,-1
"2025000020401",2,9,9,8,0,0,1,1,68,1400,1,19
"2025000020401",3,19,19,1,0,0,3,1,57,1248,2,12
"2025000020401",1,9,19,1,0,0,1,1,18,1968,2,15
"2025000020402",2,9,19,1,0,0,1,3,-1,-1,-1,-1
"2025000020402",1,9,19,1,0,0,2,2,52,-1,-1,-1
"2025000020403",1,9,19,0,0,10,1,1,21,1984,1,2
"2025000020404",2,8,99,0,9,99,1,3,-1,1798,8,7
"2025000020404",1,3,99,0,9,99,2,1,20,125,1,7
"2025000020405",1,9,2,0,5,0,1,1,84,3189,1,16
"2025000020406",1,9,1,0,0,0,2,2,55,1598,1,14
"2025000020407",1,9,9,2,0,0,1,3,-1,-1,-1,-1
"2025000020408",1,9,19,0,2,0,1,1,23,1968,2,9
"2025000020409",1,9,19,0,0,10,1,2,24,1896,2,15
"2025000020410",2,9,19,0,0,0,1,2,64,899,1,11
"2025000020410",1,9,19,0,0,0,1,1,57,-1,-1,-1
"2025000020411",2,8,11,1,0,99,4,3,47,1991,8,4
"2025000020411",1,1,19,1,9,99,3,3,28,-1,-1,-1
"2025000020412",1,9,19,8,0,0,1,1,69,1596,1,8
"2025000020413",2,9,19,8,0,0,1,1,17,1598,2,6
"2025000020413",1,9,19,8,0,0,1,1,18,999,1,3
"2025000020414",1,9,19,0,1,0,1,1,26,1998,1,2
"2025000020414",2,9,19,0,0,0,1,1,34,1896,2,13
"2025000020415",1,9,12,3,0,0,3,3,-1,1560,2,10
"2025000020415",2,9,19,3,0,0,4,2,32,1242,1,10
"2025000020416",1,9,19,0,9,99,2,1,25,1598,2,5
"2025000020416",2,19,19,0,9,99,1,1,-1,2143,2,7
"2025000020417",1,9,3,0,0,0,2,1,41,-1,-1,-1
"2025000020417",2,9,19,0,0,0,1,1,37,-1,-1,-1
"2025000020418",2,9,19,8,0,0,1,2,50,1999,2,3
"2025000020418",1,9,9,5,0,0,1,1,31,1790,8,9
"2025000020419",1,9,9,0,0,0,4,1,41,1968,2,6
"2025000020419",2,9,19,0,0,0,1,3,-1,2143,2,8
"2025000020420",1,98,5,1,0,0,3,1,65,4461,2,16
"2025000020420",2,18,19,1,0,0,1,1,52,-1,-1,-1
"2025000020421",1,9,19,1,0,0,1,1,-1,998,1,9
"2025000020421",2,9,19,1,0,0,2,2,45,1461,2,9
"2025000020422",1,1,99,9,9,99,9,3,-1,-1,-1,-1
"2025000020423",1,19,19,8,0,0,3,1,67,2143,2,4
"2025000020424",3,9,19,8,0,4,1,2,64,1995,2,7
"2025000020424",2,9,3,8,0,4,2,1,20,1242,1,14
"2025000020424",1,9,10,5,0,0,2,2,23,1595,1,9
"2025000020425",1,3,19,9,9,99,1,2,35,124,1,1
"2025000020425",2,9,99,9,9,99,2,1,39,1995,2,9
"2025000020426",1,9,9,1,0,0,1,2,41,1560,2,9
"2025000020426",2,9,19,1,0,0,1,1,69,2286,1,39
"2025000020427",2,1,19,0,0,0,4,1,57,-1,-1,-1
"2025000020427",1,9,5,0,0,0,1,2,43,1598,1,17
"2025000020428",1,19,2,2,0,0,4,1,-1,1995,2,4
"2025000020428",2,9,2,2,0,4,3,1,26,1595,1,4
"2025000020429",4,19,3,0,0,0,2,1,40,1499,2,2
"2025000020429",3,9,3,0,0,0,1,1,44,1984,1,8
"2025000020429",2,19,3,0,0,0,1,1,54,1499,2,8
"2025000020429",1,9,19,0,0,0,1,2,55,1497,8,16
"2025000020430",1,9,19,2,0,0,1,2,36,989,1,19
"2025000020431",1,9,19,0,0,0,1,1,67,1598,1,10
"2025000020431",2,9,4,0,0,0,2,2,57,1229,1,19
"2025000020431",3,9,4,0,0,0,2,1,66,1598,2,6
"2025000020432",2,19,99,9,9,99,2,3,-1,2287,2,2
"2025000020432",1,9,99,9,9,99,1,3,-1,3700,1,18
"2025000020433",1,3,19,1,1,0,1,1,21,124,1,12
"2025000020433",2,9,9,6,0,0,1,1,-1,-1,-1,-1
"2025000020434",1,9,3,1,0,0,1,1,32,1798,8,4
"2025000020434",2,9,19,1,0,0,3,1,49,1598,1,8
"2025000020435",1,19,99,9,9,99,2,1,31,1995,2,3
"2025000020435",2,9,99,9,9,99,9,1,76,1498,1,18
"2025000020436",1,9,19,0,0,0,2,2,33,1910,2,13
"2025000020436",3,9,19,0,0,0,1,1,44,1997,2,13
"2025000020436",2,19,19,0,0,0,4,1,23,1995,2,4
"2025000020437",1,1,4,0,0,10,1,2,19,-1,-1,-1
"2025000020438",1,19,7,0,0,0,2,1,45,1996,2,7
"2025000020438",2,9,4,0,0,0,1,2,47,2720,2,15
"2025000020439",1,19,19,6,0,0,1,1,24,-1,-1,-1
"2025000020439",2,9,19,8,0,0,4,1,64,1596,1,18
"2025000020439",3,9,19,8,0,0,3,1,42,-1,-1,-1
"2025000020440",3,17,4,1,0,0,0,3,-1,6596,2,1
"2025000020440",2,19,9,6,0,0,3,1,44,2198,2,4
"2025000020440",1,9,13,1,0,0,1,1,23,1995,2,7
"2025000020441",2,9,19,0,0,0,1,2,41,1999,2,3
"2025000020441",1,20,6,0,0,0,3,1,54,-1,-1,-1
"2025000020442",1,5,19,0,1,0,3,1,60,1261,1,7
"2025000020442",2,21,19,0,0,0,3,1,59,12902,2,4
"2025000020443",3,9,2,0,0,0,1,3,-1,2143,2,9
"2025000020443",1,9,19,0,5,4,1,2,38,3456,8,10
"2025000020443",2,9,2,0,0,0,2,3,-1,2143,2,4
"2025000020444",1,9,19,2,0,0,0,2,48,3498,1,16
"2025000020445",1,3,3,1,1,0,0,1,20,125,1,2
"2025000020446",2,1,19,0,0,0,2,1,31,-1,-1,-1
"2025000020446",1,9,19,0,0,0,1,1,30,-1,-1,-1
"2025000020447",1,9,19,0,0,0,0,1,44,-1,-1,-1
"2025000020448",2,9,19,0,1,0,3,2,60,1242,1,9
"2025000020448",1,9,19,0,0,0,1,1,39,1197,1,7
"2025000020449",1,9,5,1,0,0,1,1,77,1968,2,8
"2025000020449",2,3,19,1,0,0,1,1,21,125,1,5
"2025000020450",2,9,3,0,0,0,3,1,29,1422,2,11
"2025000020450",1,9,19,0,0,0,3,1,54,1998,1,18
"2025000020451",2,9,19,1,1,10,4,1,66,1968,2,8
"2025000020451",1,9,5,8,0,0,1,2,22,998,1,7
"2025000020452",1,9,4,1,0,0,2,1,51,2993,2,9
"2025000020452",3,9,4,1,0,0,2,2,25,1499,2,4
"2025000020452",2,9,19,1,0,0,1,2,31,1968,2,11
"2025000020453",1,1,99,0,9,99,2,1,37,-1,-1,-1
"2025000020453",2,97,99,0,9,99,1,3,-1,-1,-1,-1
"2025000020454",1,19,19,4,0,0,1,3,-1,-1,-1,-1
"2025000020454",2,9,4,8,0,0,4,1,60,1998,1,4
"2025000020454",3,9,4,8,0,0,2,1,33,1995,12,0
"2025000020455",1,9,19,6,0,0,4,2,78,1318,1,4
"2025000020455",2,9,19,8,0,0,1,1,69,1598,1,11
"2025000020456",2,9,19,8,0,0,1,2,30,1200,1,7
"2025000020456",1,9,19,8,0,0,2,1,56,1560,2,14
"2025000020457",1,9,15,0,5,0,1,1,37,1499,1,5
"2025000020457",2,9,19,0,5,0,1,1,70,1997,2,4
"2025000020458",1,9,1,6,0,0,2,3,-1,2148,2,17
"2025000020459",1,9,3,6,0,0,-1,3,-1,-1,-1,-1
"2025000020459",2,11,-1,-1,-1,-1,-1,1,48,6700,2,13
"2025000020460",2,9,4,4,0,0,2,2,29,1498,1,3
"2025000020460",1,9,4,4,0,0,1,2,56,1242,1,10
"2025000020461",1,9,19,0,1,0,3,1,51,2261,1,4
"2025000020461",2,9,19,0,0,0,3,2,53,1461,2,14
"2025000020462",1,9,3,4,0,0,2,1,36,1995,2,13
"2025000020462",2,9,19,4,0,0,1,2,58,2000,1,15
"2025000020463",2,9,99,9,9,99,2,3,-1,1332,1,3
"2025000020463",1,3,99,9,9,99,1,1,24,125,1,2
"2025000020464",1,9,19,0,0,0,3,1,33,2143,2,7
"2025000020465",2,9,19,0,0,0,2,2,41,999,8,0
"2025000020465",3,9,19,0,0,0,2,1,68,2199,2,13
"2025000020465",1,9,19,0,0,0,0,1,26,-1,-1,-1
"2025000020465",4,19,19,0,0,0,2,1,44,1995,2,4
"2025000020466",2,19,19,2,2,0,1,1,53,2148,2,17
"2025000020466",1,9,19,1,0,0,1,1,35,1398,1,12
"2025000020467",2,9,3,0,0,0,2,1,48,2143,12,8
"2025000020467",1,9,19,0,0,0,1,3,-1,1364,1,13
"2025000020468",1,9,19,0,0,0,1,1,22,1399,2,13
"2025000020469",1,9,5,0,0,0,1,1,36,1968,2,10
"2025000020469",2,1,19,0,0,0,4,2,46,-1,-1,-1
"2025000020470",2,1,19,1,1,0,4,2,21,-1,-1,-1
"2025000020470",1,9,19,1,0,0,3,1,-1,1998,2,15
"2025000020471",2,9,10,1,0,0,1,3,-1,-1,-1,-1
"2025000020471",1,9,19,1,0,0,4,2,34,1461,2,9
"2025000020472",2,9,7,6,0,0,4,3,-1,-1,-1,-1
"2025000020472",1,1,19,8,0,0,1,1,33,-1,-1,-1
"2025000020473",1,9,19,1,5,10,1,1,25,1955,1,5
"2025000020474",1,19,1,6,0,0,2,1,64,1996,2,11
"2025000020475",2,9,2,0,0,0,2,3,-1,1461,2,14
"2025000020475",1,9,19,0,0,0,1,1,36,1560,2,13
"2025000020476",1,19,19,0,1,0,1,1,51,2198,2,6
"2025000020476",4,9,4,0,0,0,2,2,20,1349,1,9
"2025000020476",3,9,4,0,0,0,2,1,32,2143,2,9
"2025000020476",2,9,4,0,0,0,2,2,57,1496,2,5
"2025000020477",1,9,1,0,0,0,2,1,-1,2993,2,12
"2025000020478",1,19,19,0,0,0,1,2,44,1896,2,21
"2025000020479",2,9,19,8,0,0,1,1,65,998,1,15
"2025000020479",1,19,9,8,0,0,4,2,41,1499,2,3
"2025000020480",1,9,3,8,0,0,2,1,42,2494,1,20
"2025000020480",2,11,11,8,0,0,1,1,57,5132,2,8
"2025000020481",1,20,99,9,9,99,9,3,-1,-1,-1,-1
"2025000020481",2,1,99,9,9,99,9,1,40,-1,-1,-1
"2025000020482",1,9,4,0,0,0,1,1,64,1999,2,6
"2025000020483",1,8,99,0,9,99,9,3,-1,2499,2,8
"2025000020484",1,9,5,0,0,0,3,1,21,1598,1,16
"2025000020484",2,9,19,0,0,0,4,1,36,1968,2,6
"2025000020485",1,9,4,0,0,0,1,1,32,1498,1,0
"2025000020485",3,19,2,0,0,0,2,1,36,1995,2,7
"2025000020485",2,9,4,0,0,0,2,1,70,1461,2,3
"2025000020486",1,1,9,8,2,0,0,1,32,-1,-1,-1
"2025000020487",2,9,19,0,0,0,3,2,60,999,1,2
"2025000020487",1,9,19,0,0,0,3,1,20,1598,2,9
"2025000020488",2,9,99,9,9,99,9,3,-1,1968,2,2
"2025000020488",1,4,99,9,9,99,9,1,39,292,1,1
"2025000020489",1,9,5,2,0,0,0,1,65,1364,1,15
"2025000020490",1,9,19,0,0,0,1,3,-1,-1,-1,-1
"2025000020491",1,9,99,9,9,99,9,3,-1,-1,3,1
"2025000020492",1,9,4,0,0,0,2,2,21,1390,1,7
"2025000020492",2,9,19,0,0,0,1,1,49,999,1,1
"2025000020493",1,9,9,8,0,0,0,2,42,-1,-1,-1
"2025000020493",2,23,19,1,0,0,1,1,22,-1,-1,-1
"2025000020494",1,3,19,0,1,0,1,1,21,125,1,1
"2025000020494",2,9,19,0,0,0,3,2,42,1598,1,16
"2025000020495",2,9,19,0,0,0,0,1,38,2993,2,3
"2025000020495",1,9,11,0,5,0,1,1,22,-1,-1,-1
"2025000020496",1,9,19,0,0,0,2,2,30,1685,2,6
"2025000020496",2,1,19,0,0,0,1,1,52,-1,-1,-1
"2025000020497",1,9,19,1,0,0,1,1,25,2499,1,16
"2025000020497",2,9,2,8,0,0,3,1,68,1477,8,1
"2025000020498",2,9,99,9,9,99,9,3,-1,1499,1,7
"2025000020498",1,9,99,9,9,99,9,1,32,1998,8,5
"2025000020499",2,9,19,0,0,0,1,3,-1,1986,2,18
"2025000020499",1,9,10,0,0,0,2,2,19,1398,1,8
"2025000020500",1,9,19,0,0,0,1,2,73,1968,2,8
"2025000020500",2,9,19,0,1,0,2,1,73,1395,1,4
"2025000020501",1,9,5,8,0,0,1,2,69,2720,2,16
"2025000020502",2,9,6,0,0,0,3,2,28,1499,1,3
"2025000020502",1,5,19,0,0,0,1,1,33,600,1,22
"2025000020503",1,9,19,1,0,0,3,2,31,1399,1,12
"2025000020504",1,9,19,1,0,0,3,1,70,-1,-1,-1
"2025000020505",1,19,19,0,0,0,4,1,-1,-1,-1,-1
"2025000020506",1,9,19,8,0,0,1,2,30,1999,2,3
"2025000020506",2,9,9,8,0,0,1,2,23,1200,1,8
"2025000020507",1,11,19,0,0,0,0,2,44,6700,2,14
"2025000020508",1,3,19,2,0,11,1,1,33,125,1,6
"2025000020509",1,9,10,8,0,0,3,1,84,999,1,10
"2025000020509",2,9,19,8,0,0,1,1,36,1598,1,11
"2025000020510",4,9,19,1,0,0,2,2,39,2925,2,3
"2025000020510",3,9,19,1,0,0,2,1,21,-1,-1,-1
"2025000020510",1,11,19,1,0,0,1,1,34,4500,2,11
"2025000020510",2,9,19,1,0,0,2,1,21,-1,-1,-1
"2025000020511",1,9,12,0,0,0,4,2,56,2143,2,5
"2025000020511",2,9,4,0,0,10,1,2,29,1598,1,11
"2025000020512",1,9,99,9,9,99,4,3,-1,-1,-1,-1
"2025000020513",1,9,15,0,0,0,4,3,-1,-1,-1,-1
"2025000020514",1,1,19,8,0,0,4,1,15,-1,-1,-1
"2025000020514",2,9,19,8,0,0,1,2,38,1596,1,11
"2025000020515",1,9,19,0,0,0,3,2,19,1398,1,13
"2025000020516",1,9,4,0,0,0,1,1,43,-1,-1,-1
"2025000020516",2,9,3,0,0,0,2,1,56,1598,2,4
"2025000020517",1,9,2,0,0,0,3,2,30,1198,1,12
"2025000020517",2,1,19,0,0,8,1,2,56,-1,-1,-1
"2025000020518",1,5,19,8,5,0,1,1,32,650,1,3
"2025000020518",2,9,7,5,0,0,1,1,52,2993,2,4
"2025000020519",1,9,19,1,0,0,1,1,82,1199,1,4
"2025000020519",2,9,19,1,0,0,1,2,-1,1496,2,8
"2025000020520",1,9,12,0,0,0,1,1,19,1798,1,7
"2025000020520",2,9,19,0,0,0,3,2,44,1998,1,4
"2025000020521",1,9,19,0,1,0,1,1,27,1496,2,7
"2025000020522",1,9,19,0,0,0,1,1,34,1200,1,2