"collision_index","vehicle_reference","vehicle_type","vehicle_manoeuvre","junction_location","skidding_and_overturning","hit_object_in_carriageway","first_point_of_impact","sex_of_driver","age_of_driver","engine_capacity_cc","propulsion_code","age_of_vehicle"
"2025000020523",1,9,19,0,1,0,1,2,27,1598,1,23
"2025000020524",1,8,19,1,0,0,1,3,-1,-1,-1,-1
"2025000020525",2,1,19,2,0,0,3,1,19,-1,-1,-1
"2025000020525",1,9,5,6,0,0,3,1,30,998,1,12
"2025000020526",2,21,19,0,0,0,3,1,46,10677,2,4
"2025000020526",1,4,11,0,2,0,4,1,47,279,1,4
"2025000020526",3,21,19,0,0,0,0,1,32,2299,2,6
"2025000020527",1,9,4,8,0,0,2,2,37,1598,1,7
"2025000020527",2,19,4,1,0,0,1,1,24,-1,-1,-1
"2025000020528",1,9,19,0,0,0,1,2,68,1598,1,17
"2025000020528",2,9,19,0,0,0,1,1,39,1598,8,1
"2025000020529",1,9,12,0,0,0,3,1,22,1596,1,16
"2025000020529",2,4,19,0,0,0,4,2,24,599,1,14
"2025000020530",1,11,4,0,0,0,2,1,48,6370,2,9
"2025000020530",2,1,19,0,0,0,1,1,35,-1,-1,-1
"2025000020531",1,9,5,0,0,0,3,2,40,998,1,4
"2025000020531",2,3,19,0,0,0,4,1,17,124,1,9
"2025000020532",2,9,19,0,0,0,1,1,18,-1,-1,-1
"2025000020532",1,19,19,0,0,0,1,1,51,2143,2,4
"2025000020533",2,11,99,9,9,99,9,3,-1,5132,2,5
"2025000020533",1,9,99,9,9,99,2,2,48,1969,1,4
"2025000020534",1,9,99,6,0,0,9,3,-1,-1,-1,-1
"2025000020535",1,9,13,1,0,0,1,2,-1,1332,1,5
"2025000020535",2,1,5,1,0,0,3,1,19,-1,-1,-1
"2025000020536",1,9,19,8,0,0,4,3,-1,-1,-1,-1
"2025000020536",2,1,19,6,0,0,1,1,22,-1,-1,-1
"2025000020537",2,9,3,1,0,0,2,1,51,1199,1,4
"2025000020537",1,9,19,1,0,0,1,1,-1,1995,2,13
"2025000020538",1,9,19,0,0,0,3,2,65,-1,-1,-1
"2025000020538",2,9,19,0,0,0,3,2,39,1560,2,11
"2025000020539",1,11,4,0,0,0,0,1,50,4250,2,17
"2025000020540",1,9,19,1,0,0,4,2,73,1348,1,13
"2025000020541",1,9,3,0,0,0,2,1,30,1598,1,14
"2025000020541",2,9,3,0,0,4,1,2,37,1597,1,15
"2025000020542",1,9,19,0,0,0,1,2,59,1595,2,12
"2025000020542",2,9,4,0,0,0,2,2,30,2143,2,7
"2025000020543",1,9,19,8,0,0,1,2,75,1197,1,8
"2025000020543",2,9,19,8,0,0,3,2,28,1329,1,9
"2025000020544",2,9,3,0,0,0,2,2,45,1798,8,3
"2025000020544",1,9,5,0,0,0,1,2,31,999,1,5
"2025000020545",1,3,99,9,9,99,2,1,21,125,1,5
"2025000020545",2,9,99,9,9,99,1,3,-1,1498,1,0
"2025000020546",1,9,5,0,0,4,1,1,96,1798,1,9
"2025000020546",2,9,2,0,0,0,2,3,-1,-1,-1,-1
"2025000020547",1,9,19,0,0,0,4,2,43,1598,1,7
"2025000020548",2,1,19,1,2,0,2,1,54,-1,-1,-1
"2025000020548",1,9,9,2,0,0,1,2,85,1498,1,5
"2025000020549",1,21,19,0,0,0,1,1,67,12419,2,4
"2025000020550",1,9,19,2,0,0,1,1,26,1794,1,15
"2025000020551",2,3,19,2,0,0,1,1,36,125,1,0
"2025000020551",1,9,19,2,0,0,3,1,20,-1,-1,-1
"2025000020552",2,9,19,8,0,0,3,1,29,1461,2,14
"2025000020552",1,9,9,6,0,0,1,3,30,1598,8,0
"2025000020553",2,3,14,1,0,0,4,1,29,125,1,0
"2025000020553",1,9,9,1,0,0,1,2,47,-1,3,4
"2025000020554",2,20,19,0,1,0,1,1,34,-1,-1,-1
"2025000020554",1,9,19,0,1,0,1,1,20,1422,2,16
"2025000020555",1,9,19,0,0,0,2,1,50,1364,2,15
"2025000020555",2,9,19,0,0,0,3,2,23,-1,-1,-1
"2025000020556",1,9,19,8,0,0,1,2,61,1968,2,8
"2025000020556",2,9,19,8,0,0,1,2,62,1395,1,5
"2025000020557",2,9,19,1,0,0,1,1,30,-1,-1,-1
"2025000020557",1,9,4,1,0,0,2,1,59,1995,2,11
"2025000020558",1,9,19,1,0,0,3,1,56,2143,2,6
"2025000020559",2,11,19,0,0,0,-1,3,-1,-1,-1,-1
"2025000020559",1,1,19,0,0,0,2,1,31,-1,-1,-1
"2025000020560",2,1,19,0,0,0,3,1,14,-1,-1,-1
"2025000020560",1,9,19,0,0,0,4,1,-1,-1,-1,-1
"2025000020561",2,9,5,1,0,0,3,2,39,2143,2,11
"2025000020561",1,9,9,5,0,0,4,1,35,1399,1,7
"2025000020562",2,9,19,8,0,0,1,1,27,1329,1,12
"2025000020562",1,9,19,8,0,0,3,1,36,2993,2,3
"2025000020563",1,9,99,9,9,99,2,2,41,1490,8,1
"2025000020563",2,9,99,9,9,99,1,3,-1,1797,8,13
"2025000020564",1,9,12,0,0,0,3,1,55,1598,2,8
"2025000020564",2,11,19,0,0,0,4,1,48,10838,2,4
"2025000020565",2,9,-1,0,-1,-1,-1,2,24,-1,-1,-1
"2025000020565",1,9,-1,0,-1,-1,-1,1,-1,-1,-1,-1
"2025000020566",2,9,99,9,9,99,9,3,-1,-1,-1,-1
"2025000020566",1,1,99,9,9,99,1,1,28,-1,-1,-1
"2025000020567",1,11,3,1,0,0,0,1,51,5132,2,6
"2025000020568",1,11,5,0,0,0,0,1,51,5132,2,9
"2025000020569",1,1,-1,-1,-1,-1,-1,1,-1,-1,-1,-1
"2025000020569",2,11,-1,-1,-1,-1,-1,1,66,9291,2,5
"2025000020570",1,1,19,8,1,0,3,1,14,-1,-1,-1
"2025000020570",2,11,7,8,0,0,1,1,56,7698,2,2
"2025000020571",1,9,9,6,0,0,4,2,25,1496,1,2
"2025000020571",2,21,19,1,0,0,1,1,51,12777,2,11
"2025000020572",2,9,13,0,1,0,4,1,25,2998,1,3
"2025000020572",1,21,12,0,0,0,3,1,41,-1,-1,-1
"2025000020573",1,19,19,0,0,0,1,1,47,1995,2,0
"2025000020574",1,9,9,8,0,0,4,2,50,1997,2,6
"2025000020574",2,-1,19,1,0,0,1,1,23,-1,-1,-1
"2025000020575",1,9,19,0,0,0,3,1,-1,1200,1,4
"2025000020575",2,9,19,0,0,0,3,1,45,2993,2,17
"2025000020576",3,9,3,0,0,4,2,2,30,1997,2,6
"2025000020576",1,20,4,0,0,4,1,1,24,6870,2,12
"2025000020576",2,19,3,0,0,4,2,1,30,2198,2,4
"2025000020576",4,9,3,0,0,4,2,1,39,-1,-1,-1
"2025000020577",1,9,3,1,0,0,1,2,56,1461,2,12
"2025000020578",2,9,2,0,0,0,3,3,-1,1968,2,7
"2025000020578",1,1,14,0,0,8,1,1,51,-1,-1,-1
"2025000020579",1,23,19,0,0,0,1,3,-1,-1,-1,-1
"2025000020580",1,19,1,0,0,0,2,1,27,1968,2,3
"2025000020581",1,9,9,8,0,0,1,1,68,1499,8,3
"2025000020581",2,9,19,1,0,0,1,2,60,1388,1,15
"2025000020582",2,9,19,4,0,0,1,1,29,1229,1,7
"2025000020582",1,19,19,8,0,0,4,1,24,2477,2,10
"2025000020583",1,9,9,1,0,0,1,3,-1,-1,-1,-1
"2025000020584",1,9,9,6,0,0,1,2,36,1598,1,11
"2025000020584",2,3,19,5,5,0,1,1,44,125,1,1
"2025000020585",2,9,19,0,0,0,1,1,50,2993,2,7
"2025000020585",1,9,19,0,0,0,1,2,28,999,1,1
"2025000020586",1,9,19,0,0,0,1,1,31,1499,2,6
"2025000020587",2,1,19,1,0,0,1,1,61,-1,-1,-1
"2025000020587",1,19,5,1,0,0,1,1,-1,1499,2,3
"2025000020588",2,1,19,6,0,0,1,1,27,-1,-1,-1
"2025000020588",1,9,19,1,0,0,1,1,27,1595,1,7
"2025000020589",1,9,9,1,0,0,4,1,23,1598,1,0
"2025000020589",2,3,19,8,0,0,3,1,33,125,1,3
"2025000020590",1,9,19,0,0,0,1,2,23,1390,1,11
"2025000020591",1,9,10,6,0,0,1,1,45,-1,-1,-1
"2025000020591",2,-1,19,1,1,0,1,1,34,-1,-1,-1
"2025000020592",1,9,19,0,0,0,1,1,49,1240,1,16
"2025000020593",1,5,4,0,1,0,1,1,42,998,1,10
"2025000020593",3,9,3,0,0,0,2,2,46,1591,1,11
"2025000020593",2,9,3,0,0,0,2,1,48,1997,1,7
"2025000020594",2,9,4,0,0,0,2,2,49,1242,1,5
"2025000020594",1,9,19,0,0,0,1,2,37,1198,1,20
"2025000020595",1,3,4,1,0,0,0,1,27,125,1,5
"2025000020595",2,9,7,1,0,0,0,2,30,1149,1,18
"2025000020596",3,20,19,0,0,0,0,2,46,6871,2,24
"2025000020596",1,9,13,0,0,0,1,1,78,1896,2,10
"2025000020596",2,9,19,0,0,0,1,2,47,1498,1,15
"2025000020597",2,9,19,1,0,0,4,1,21,1598,2,10
"2025000020597",1,97,19,3,0,0,4,1,16,-1,-1,-1
"2025000020598",2,3,19,1,1,0,1,1,26,125,1,3
"2025000020598",1,9,9,8,0,0,1,1,47,2261,1,14
"2025000020599",1,9,1,0,0,0,4,1,-1,-1,-1,-1
"2025000020600",1,9,19,3,0,0,1,1,46,2360,8,1
"2025000020600",2,1,19,4,0,0,1,1,44,-1,-1,-1
"2025000020601",1,9,99,9,9,99,9,2,29,1229,1,12
"2025000020601",2,9,99,9,9,99,1,3,42,1950,2,3
"2025000020602",2,20,19,1,1,0,4,1,36,2999,2,3
"2025000020602",1,9,9,6,0,0,1,1,76,-1,3,2
"2025000020603",2,9,3,0,0,0,2,1,35,-1,-1,-1
"2025000020603",1,9,3,0,0,0,1,1,41,1242,1,4
"2025000020604",2,9,9,5,0,0,4,2,24,1995,2,5
"2025000020604",1,9,19,1,0,0,1,2,57,1499,1,0
"2025000020605",2,9,10,8,0,0,2,2,25,999,1,7
"2025000020605",1,9,4,8,0,0,1,2,52,2179,2,12
"2025000020606",2,20,12,0,0,0,0,1,50,4249,2,11
"2025000020606",1,19,13,0,5,0,3,1,29,1997,2,1
"2025000020606",3,9,4,0,0,0,0,1,64,3628,2,16
"2025000020607",1,21,6,8,0,0,3,1,65,10837,2,3
"2025000020607",2,21,13,1,0,0,1,1,29,12742,2,1
"2025000020608",2,11,19,0,0,0,1,1,50,6374,2,9
"2025000020608",1,9,19,0,0,0,1,1,52,1587,1,17
"2025000020609",1,5,19,0,0,0,1,1,40,1000,1,24
"2025000020610",2,9,19,0,0,0,1,1,40,1200,1,1
"2025000020610",1,9,19,0,1,0,1,2,19,1242,1,12
"2025000020611",1,9,19,1,1,4,4,2,58,1997,2,5
"2025000020611",4,9,19,8,0,0,3,1,20,1560,2,8
"2025000020611",3,9,2,2,0,0,3,1,50,1498,1,2
"2025000020611",2,9,19,2,0,0,1,2,41,998,1,7
"2025000020612",2,9,3,2,0,0,4,2,54,1496,1,4
"2025000020612",1,9,9,6,0,0,1,2,72,3189,1,16
"2025000020613",1,9,19,8,0,0,1,1,46,1794,1,14
"2025000020614",1,9,19,0,0,0,1,2,21,1498,1,1
"2025000020614",2,9,19,0,0,0,3,2,53,-1,3,0
"2025000020615",2,9,3,0,0,0,2,2,66,-1,-1,-1
"2025000020615",1,9,19,0,5,0,1,1,45,1461,2,7
"2025000020616",1,9,19,4,5,10,1,1,27,1398,1,10
"2025000020617",1,9,19,6,0,0,1,1,50,-1,-1,-1
"2025000020617",2,19,19,8,0,0,4,1,38,1560,2,4
"2025000020618",2,3,19,8,0,0,4,1,26,125,1,6
"2025000020618",1,9,9,8,0,0,1,1,49,-1,-1,-1
"2025000020619",1,3,4,2,0,0,1,1,66,125,1,16
"2025000020620",2,9,19,1,0,0,1,2,33,999,8,1
"2025000020620",1,9,9,6,0,0,3,2,77,1969,8,3
"2025000020621",1,9,14,0,0,0,1,1,41,1248,2,15
"2025000020621",2,9,19,0,0,0,1,1,82,1149,1,14
"2025000020622",1,9,9,6,0,0,3,2,46,998,1,0
"2025000020622",2,1,19,8,0,0,1,1,53,-1,-1,-1
"2025000020623",1,3,19,8,0,0,1,1,20,124,1,6
"2025000020623",2,9,9,8,0,0,1,1,43,1198,1,16
"2025000020624",1,9,19,3,0,0,3,2,55,1197,1,5
"2025000020624",2,9,19,3,0,0,4,2,55,1987,1,7
"2025000020625",1,9,19,0,1,0,1,1,39,999,1,3
"2025000020626",1,9,9,5,0,0,1,2,58,1968,2,16
"2025000020626",2,3,13,1,1,0,1,1,17,124,1,15
"2025000020627",3,9,2,2,0,0,4,3,-1,1248,2,9
"2025000020627",2,9,19,1,0,0,4,2,50,1560,2,11
"2025000020627",1,19,9,2,0,0,1,1,34,2200,2,3
"2025000020628",1,9,19,2,0,0,1,1,52,1798,8,6
"2025000020629",1,9,19,2,0,0,1,1,-1,1598,1,12
"2025000020629",2,9,3,2,0,0,2,2,30,1997,2,6
"2025000020630",1,22,19,0,0,0,1,3,-1,-1,-1,-1
"2025000020631",2,11,5,0,0,0,0,1,52,7698,2,0
"2025000020631",1,9,11,0,0,0,0,3,-1,-1,-1,-1
"2025000020632",1,3,19,0,1,0,0,1,33,-1,-1,-1
"2025000020633",2,1,19,0,0,4,2,1,20,-1,-1,-1
"2025000020633",1,9,10,0,0,0,3,2,48,1364,1,8
"2025000020634",1,9,99,9,9,99,9,1,29,1798,8,9
"2025000020635",2,9,4,0,0,0,3,2,31,898,1,6
"2025000020635",1,17,4,0,0,0,3,1,17,-1,2,21
"2025000020636",2,9,99,0,0,0,9,3,-1,1999,2,1
"2025000020636",1,9,99,0,9,99,4,2,32,1995,2,4
"2025000020637",1,9,19,1,0,0,1,2,44,1968,2,8
"2025000020637",2,9,19,1,0,0,1,1,39,-1,-1,-1
"2025000020638",1,9,19,1,0,0,1,1,24,1242,1,14
"2025000020638",2,9,19,1,0,0,1,1,42,1329,1,12
"2025000020639",1,4,4,4,0,0,0,1,19,124,1,6
"2025000020640",2,9,9,1,0,0,1,1,35,1598,2,10
"2025000020640",1,9,4,1,0,0,1,1,51,4999,1,3
"2025000020641",2,1,19,8,5,0,3,1,41,-1,-1,-1
"2025000020641",1,9,9,1,0,0,1,1,20,1242,1,8
"2025000020642",1,9,19,0,0,0,1,1,29,1364,1,8
"2025000020642",2,9,3,0,0,0,2,1,81,1598,2,7
"2025000020643",1,9,19,0,0,0,1,2,41,1498,1,3
"2025000020644",1,9,9,1,0,0,1,2,50,1997,8,2
"2025000020644",2,9,19,1,0,0,1,1,30,1798,1,10
"2025000020645",2,1,19,0,0,0,1,1,34,-1,-1,-1
"2025000020645",1,19,7,0,0,0,3,1,46,1995,2,3
"2025000020646",2,9,7,6,1,0,3,1,23,1968,2,14
"2025000020646",1,9,19,8,0,0,4,2,31,1995,2,3
"2025000020647",1,9,19,8,0,0,1,3,18,-1,-1,-1
"2025000020647",2,1,19,3,0,0,4,1,19,-1,-1,-1
"2025000020648",1,9,19,0,0,0,1,1,46,1984,1,9
"2025000020648",3,9,19,0,0,0,3,1,30,1598,2,10
"2025000020648",2,9,19,0,0,0,2,1,36,1560,2,6
"2025000020649",1,9,1,1,0,0,2,1,20,999,1,5
"2025000020649",2,9,3,1,0,0,1,2,32,1753,2,15
"2025000020650",1,8,99,9,9,99,9,3,-1,1791,8,9
"2025000020651",1,-1,19,8,0,0,1,2,15,-1,-1,-1
"2025000020651",2,9,5,6,0,0,4,1,34,1968,2,15
"2025000020652",1,9,4,1,0,0,1,2,21,1229,1,13
"2025000020652",2,9,9,1,0,0,1,3,-1,1798,1,16
"2025000020653",1,9,19,1,1,7,4,2,24,1199,1,5
"2025000020653",2,9,9,1,0,0,1,2,34,1598,2,7
"2025000020654",2,9,19,8,0,0,4,1,41,1598,2,5
"2025000020654",1,9,19,6,0,0,1,1,58,1968,2,6
"2025000020655",1,9,19,0,0,0,2,2,28,2184,2,14
"2025000020655",2,19,19,0,0,0,1,1,20,1995,2,4
"2025000020655",3,17,19,0,0,0,0,1,27,4400,2,3
"2025000020656",1,9,19,0,0,0,1,3,30,-1,-1,-1
"2025000020657",1,9,19,0,0,0,1,1,-1,-1,-1,-1
"2025000020657",2,9,3,0,0,0,2,2,21,1395,1,6
"2025000020658",1,9,6,0,0,0,3,1,31,1797,8,11
"2025000020658",2,9,19,0,0,0,1,1,31,1339,1,13
"2025000020659",2,9,19,0,0,0,1,1,39,1298,1,17
"2025000020659",1,9,2,0,0,0,2,2,68,1968,2,12
"2025000020660",1,9,19,0,0,0,1,1,36,2967,2,1
"2025000020660",2,9,8,0,0,0,2,1,39,999,1,4
"2025000020661",1,19,7,6,0,0,1,1,45,1968,2,5
"2025000020662",1,9,19,8,0,0,1,1,59,1998,1,18
"2025000020663",2,11,19,0,0,0,1,1,36,9000,2,6
"2025000020663",3,1,19,0,2,0,3,1,40,-1,-1,-1
"2025000020663",1,9,19,0,0,0,4,3,-1,2979,1,15
"2025000020664",2,9,19,0,9,4,4,2,45,1586,1,9
"2025000020664",1,9,2,0,0,0,2,2,35,1339,1,18
"2025000020665",2,9,19,3,0,0,4,1,19,-1,-1,-1
"2025000020665",1,5,19,4,0,0,1,2,57,-1,-1,-1
"2025000020666",1,19,19,4,2,0,3,1,30,1598,2,8
"2025000020666",2,9,19,8,0,0,1,2,32,1896,2,20
"2025000020667",1,9,7,1,0,0,4,1,-1,-1,-1,-1
"2025000020667",2,1,19,1,0,0,3,1,42,-1,-1,-1
"2025000020668",2,9,9,1,0,0,4,1,29,1498,1,1
"2025000020668",1,9,19,8,0,0,1,2,27,1197,1,8
"2025000020669",1,9,19,0,0,0,1,1,-1,3498,1,15
"2025000020670",1,-1,19,1,0,0,1,3,-1,-1,-1,-1
"2025000020670",2,9,19,1,0,0,2,2,43,1398,1,4
"2025000020671",1,9,19,0,5,0,1,2,18,1360,1,14
"2025000020672",3,1,19,1,0,0,1,1,19,-1,-1,-1
"2025000020672",2,9,19,1,0,0,3,1,68,1686,2,9
"2025000020672",1,19,7,1,0,0,3,1,40,1995,2,3
"2025000020673",1,9,14,0,0,0,4,2,45,1364,1,13
"2025000020673",2,11,2,0,0,0,0,1,59,4760,2,10
"2025000020674",2,9,19,8,0,0,1,2,28,1900,2,18
"2025000020674",1,9,5,4,0,0,3,2,36,1398,1,11
"2025000020675",1,9,19,1,0,0,1,3,-1,1598,1,20
"2025000020676",1,9,4,0,0,0,-1,2,52,1149,1,14
"2025000020676",2,4,4,0,0,0,-1,1,57,499,1,13
"2025000020677",1,9,9,6,0,0,1,1,67,-1,-1,-1
"2025000020677",2,1,19,8,0,0,4,2,35,-1,-1,-1
"2025000020678",2,1,19,8,0,0,3,2,57,-1,-1,-1
"2025000020678",1,9,19,8,0,0,1,1,20,1339,1,10
"2025000020679",1,9,19,1,0,0,1,1,46,1197,1,8
"2025000020679",2,9,3,1,0,0,2,2,32,1995,2,7
"2025000020680",3,9,4,0,0,0,2,1,55,999,1,1
"2025000020680",2,20,4,0,0,0,2,1,58,-1,-1,-1
"2025000020680",1,9,19,0,0,0,1,1,66,1598,2,8
"2025000020681",1,3,99,0,9,99,1,1,25,108,1,7
"2025000020681",2,9,99,0,9,99,2,3,-1,-1,-1,-1
"2025000020682",1,-1,5,0,0,0,1,1,24,-1,-1,-1
"2025000020683",1,9,19,1,0,0,1,2,17,998,1,10
"2025000020683",2,11,19,2,0,0,2,2,56,9000,2,13
"2025000020684",1,9,9,8,0,0,3,1,44,1798,8,3
"2025000020684",2,9,19,8,0,0,4,1,46,1997,2,5
"2025000020685",2,9,19,8,0,0,1,1,84,-1,-1,-1
"2025000020685",1,9,5,6,0,0,1,1,79,-1,-1,-1
"2025000020686",1,11,19,1,0,0,0,2,33,6700,2,1
"2025000020687",1,9,12,0,1,0,1,1,24,1496,1,2
"2025000020687",2,19,19,0,0,0,1,1,25,2402,2,8
"2025000020688",1,19,19,0,0,0,0,1,28,1995,2,1
"2025000020689",1,9,19,0,0,0,1,1,43,2401,2,17
"2025000020689",2,21,19,0,0,0,2,1,55,10837,2,1
"2025000020690",2,9,19,0,0,0,1,2,35,1461,2,8
"2025000020690",1,9,19,0,0,0,3,1,18,1500,2,0
"2025000020691",2,9,19,0,5,0,2,2,38,1149,1,8
"2025000020691",1,21,11,0,0,0,0,1,47,12740,2,4
"2025000020692",1,1,99,9,9,99,1,1,46,-1,-1,-1
"2025000020692",2,9,99,9,9,99,2,3,-1,-1,-1,-1
"2025000020693",1,11,99,9,9,99,9,3,-1,4500,2,7
"2025000020694",2,9,19,8,0,0,1,1,58,1910,2,14
"2025000020694",1,9,19,2,1,10,4,2,20,1248,1,6
"2025000020695",1,9,19,0,2,0,4,1,72,1333,1,1
"2025000020696",4,9,10,0,0,0,2,1,71,1995,2,6
"2025000020696",2,9,3,0,0,0,2,1,28,999,1,2
"2025000020696",1,9,19,0,0,0,1,1,48,-1,-1,-1
"2025000020696",3,19,3,0,0,0,2,1,56,2198,2,8
"2025000020697",1,19,19,5,0,0,4,1,69,1500,2,1
"2025000020697",2,1,19,1,5,0,1,1,36,-1,-1,-1
"2025000020698",2,11,5,0,0,0,0,1,65,4500,2,3
"2025000020698",1,9,13,0,0,0,0,1,-1,1598,2,10
"2025000020699",1,11,19,0,0,0,0,1,61,9000,2,10
"2025000020700",1,11,19,0,0,11,4,1,57,6700,2,8
"2025000020701",1,9,19,1,0,0,2,2,52,2143,2,5
"2025000020701",2,9,19,1,0,0,1,1,58,-1,-1,-1
"2025000020702",1,3,19,8,0,0,2,1,23,125,1,0
"2025000020702",2,9,99,9,9,99,1,2,-1,998,1,6
"2025000020703",2,9,9,1,0,0,1,1,58,1968,2,9
"2025000020703",1,9,9,6,0,0,3,2,27,1560,2,12
"2025000020704",1,9,19,0,0,0,-1,3,-1,-1,-1,-1
"2025000020704",2,1,19,0,0,0,1,1,57,-1,-1,-1
"2025000020705",1,19,19,1,0,0,1,1,40,2143,2,2
"2025000020705",2,3,10,1,0,0,2,2,36,125,1,2
"2025000020706",1,9,19,0,0,6,1,1,50,1951,2,22
"2025000020706",2,9,19,0,0,0,1,2,29,1995,2,7
"2025000020707",1,9,7,5,0,0,4,1,33,-1,3,1
"2025000020707",2,1,15,1,1,0,1,1,17,-1,-1,-1
"2025000020708",1,3,99,9,9,99,9,2,30,108,1,6
"2025000020708",2,8,99,9,9,99,3,3,31,-1,3,2
"2025000020709",2,19,9,5,0,0,1,1,26,1995,2,3
"2025000020709",1,1,19,1,0,0,1,1,25,-1,-1,-1
"2025000020710",1,8,19,4,0,7,1,1,65,1998,7,17
"2025000020711",1,9,19,0,0,0,1,2,84,998,1,2
"2025000020711",2,9,19,0,0,0,1,2,50,1199,1,1
"2025000020712",1,9,19,1,0,0,1,3,-1,1995,2,13
"2025000020712",2,9,3,1,0,0,2,1,39,1968,2,17
"2025000020713",1,9,19,0,2,0,3,1,26,1598,1,13
"2025000020714",1,9,14,8,0,0,1,2,55,1999,2,7
"2025000020715",1,9,99,9,9,99,9,2,52,1364,1,15
"2025000020716",2,19,99,9,9,99,9,3,-1,1461,2,5
"2025000020716",1,3,99,9,9,99,1,1,42,125,1,0
"2025000020717",2,9,10,1,0,0,2,2,35,898,1,5
"2025000020717",3,9,10,1,0,0,2,1,47,1200,1,1
"2025000020717",1,9,19,1,0,0,1,1,34,1461,2,16
"2025000020718",2,11,19,2,0,0,1,1,32,8400,2,59
"2025000020718",1,9,19,1,0,0,1,1,38,1332,8,2
"2025000020719",2,5,19,1,0,0,0,1,20,-1,-1,-1
"2025000020719",1,4,19,1,1,0,0,1,20,447,1,31
"2025000020720",2,9,19,0,0,0,1,1,50,1798,8,0
"2025000020720",1,4,14,0,0,0,1,1,32,125,1,11
"2025000020721",1,9,1,0,0,4,2,3,22,-1,-1,-1
"2025000020722",1,5,13,0,5,0,2,1,49,999,1,11
"2025000020723",1,9,9,5,0,0,4,1,50,1390,1,8
"2025000020723",2,19,5,2,0,0,1,1,39,1995,2,4
"2025000020724",3,20,19,8,1,0,1,1,37,4485,2,5
"2025000020724",1,19,19,8,1,0,1,1,38,2143,2,9
"2025000020724",2,9,19,8,0,0,1,1,29,1388,1,17
"2025000020725",2,9,19,0,0,0,1,1,39,1497,8,0
"2025000020725",1,19,19,0,0,0,1,1,37,2198,2,12
"2025000020726",2,9,19,0,0,0,0,1,41,2998,8,2
"2025000020726",1,9,19,0,0,0,1,2,59,998,1,10
"2025000020727",1,3,19,9,0,0,0,1,38,114,1,8
"2025000020728",1,9,19,1,0,0,1,2,32,999,1,3
"2025000020729",1,9,7,1,0,0,1,3,-1,-1,3,1
"2025000020730",3,9,3,1,0,0,1,2,49,1461,2,5
"2025000020730",2,9,19,8,0,0,1,2,19,1461,2,10
"2025000020730",1,9,19,6,0,0,2,2,52,3799,1,7
"2025000020731",1,9,19,0,0,0,4,1,63,-1,-1,-1
"2025000020732",1,21,11,0,0,0,4,1,34,10677,2,7
"2025000020732",2,9,19,0,1,0,3,2,33,1149,1,16
"2025000020733",1,9,19,2,0,0,4,1,19,998,1,5
"2025000020733",2,9,4,2,0,0,3,2,30,1461,2,11
"2025000020734",2,9,19,1,1,0,1,2,54,1781,1,18
"2025000020734",1,9,9,5,0,0,1,1,33,1498,1,4
"2025000020735",2,9,99,9,9,99,1,1,20,1499,1,5
"2025000020735",1,3,99,9,9,99,1,1,25,108,1,2
"2025000020736",1,19,19,0,0,0,4,3,-1,1997,2,3
"2025000020737",1,5,19,0,0,0,4,1,48,998,1,15
"2025000020738",1,11,99,9,9,99,2,1,43,4500,2,11
"2025000020738",2,9,99,9,9,99,1,3,-1,-1,-1,-1
"2025000020739",1,11,4,1,0,0,0,1,30,4461,2,11
"2025000020739",2,9,13,6,5,0,4,3,-1,-1,-1,-1
"2025000020740",1,9,19,0,1,0,1,2,76,1560,2,6
"2025000020741",1,9,19,0,1,0,1,1,29,2143,2,7
"2025000020741",3,19,19,0,1,0,1,1,59,1753,2,8
"2025000020741",2,9,19,0,1,0,3,1,57,1199,1,19
"2025000020742",1,9,19,6,0,0,1,1,22,1900,2,21
"2025000020742",2,9,19,8,0,0,1,1,73,1499,1,6
"2025000020743",2,9,19,1,0,0,1,2,63,1398,1,6
"2025000020743",1,9,9,1,0,0,1,1,25,1969,8,1
"2025000020744",1,9,19,0,0,0,1,2,44,1598,1,8
"2025000020744",2,9,19,0,0,0,1,3,-1,-1,-1,-1
"2025000020745",1,9,19,8,0,0,4,1,45,1390,1,11
"2025000020745",2,19,19,4,0,0,1,1,47,2179,2,2
"2025000020746",2,9,19,0,0,0,3,2,46,998,1,3
"2025000020746",1,9,19,0,0,0,1,2,68,1329,1,8
"2025000020747",2,8,3,0,0,0,2,1,40,1798,8,2
"2025000020747",5,9,19,0,0,0,2,1,27,1968,2,13
"2025000020747",4,9,5,0,0,0,1,1,69,1997,2,8
"2025000020747",1,8,5,0,0,0,1,1,27,1598,2,7
"2025000020747",3,9,19,0,0,0,1,1,47,999,8,0
"2025000020748",1,9,19,0,0,0,1,1,49,1242,1,10
"2025000020749",1,9,19,0,0,0,4,2,33,1398,1,6
"2025000020750",3,9,19,0,0,0,1,1,37,1084,1,4
"2025000020750",2,9,19,0,1,0,3,1,20,1598,1,16
"2025000020750",4,9,19,0,0,11,1,1,26,1995,2,8
"2025000020750",8,9,19,0,0,0,1,1,64,-1,-1,-1
"2025000020750",6,9,19,0,0,11,1,1,31,2362,1,8
"2025000020750",1,9,19,0,2,0,1,1,50,1968,2,11
"2025000020750",9,9,19,0,0,0,1,2,44,1598,2,8