"collision_index","vehicle_reference","vehicle_type","vehicle_manoeuvre","junction_location","skidding_and_overturning","hit_object_in_carriageway","first_point_of_impact","sex_of_driver","age_of_driver","engine_capacity_cc","propulsion_code","age_of_vehicle"
"2025000020982",3,9,19,6,0,4,1,1,75,1333,1,4
"2025000020983",1,19,99,9,9,99,1,1,35,-1,3,1
"2025000020983",2,9,99,9,9,99,9,3,-1,999,1,2
"2025000020984",1,9,19,1,0,0,1,1,70,999,1,3
"2025000020984",2,9,10,1,0,0,2,2,50,1598,1,9
"2025000020985",2,11,19,8,0,0,4,1,47,6700,2,11
"2025000020985",1,8,5,8,0,0,3,1,44,1798,8,7
"2025000020985",3,1,19,8,0,0,1,1,34,-1,-1,-1
"2025000020986",3,9,2,8,0,0,3,-1,-1,998,1,12
"2025000020986",1,9,19,6,0,4,1,2,77,998,1,10
"2025000020986",5,9,2,8,0,0,2,-1,-1,1598,8,1
"2025000020986",2,9,2,8,0,0,4,-1,-1,-1,3,2
"2025000020986",4,9,2,8,0,0,1,-1,-1,1794,1,19
"2025000020987",1,9,9,3,0,0,4,2,76,1968,2,7
"2025000020987",2,5,19,6,0,0,3,1,51,1215,1,1
"2025000020988",1,21,19,2,0,0,0,3,-1,11705,2,12
"2025000020988",2,9,19,2,0,0,1,2,37,1395,1,5
"2025000020989",1,3,99,9,9,99,1,1,24,125,1,5
"2025000020990",1,11,3,1,0,0,1,1,68,9360,2,15
"2025000020990",2,9,7,1,1,0,1,1,22,1339,1,20
"2025000020991",1,19,3,1,0,0,3,1,60,1598,2,4
"2025000020991",2,4,19,1,0,0,1,1,48,-1,-1,-1
"2025000020992",2,9,99,9,9,99,9,3,-1,1364,1,13
"2025000020992",1,3,99,9,9,99,1,1,30,125,1,4
"2025000020993",1,19,19,8,1,0,1,1,30,1968,2,4
"2025000020993",2,9,19,8,1,0,1,2,54,1086,1,10
"2025000020994",1,9,19,1,0,0,1,3,-1,-1,-1,-1
"2025000020995",2,19,9,1,0,0,4,1,59,2459,1,29
"2025000020995",1,1,19,1,0,0,1,1,22,-1,-1,-1
"2025000020996",1,11,19,1,0,0,0,1,63,4500,2,7
"2025000020997",1,9,19,6,1,0,1,2,19,1229,1,9
"2025000020998",1,9,19,1,5,0,1,2,84,996,1,11
"2025000020999",2,9,19,8,0,0,1,2,60,1999,2,2
"2025000020999",1,1,19,8,0,0,4,1,48,-1,-1,-1
"2025000021000",1,9,19,0,1,10,1,2,21,1242,1,11
"2025000021001",1,9,5,4,0,0,1,1,55,2499,1,10
"2025000021002",2,9,2,0,0,0,2,2,43,1596,1,14
"2025000021002",1,21,5,0,0,0,1,1,38,-1,2,17
"2025000021003",1,9,19,0,0,0,1,2,58,1498,1,3
"2025000021004",2,1,19,1,0,0,2,1,46,-1,-1,-1
"2025000021004",1,9,19,1,0,0,3,1,57,1797,8,12
"2025000021005",2,1,19,4,0,0,3,1,45,-1,-1,-1
"2025000021005",1,9,4,4,0,0,1,2,32,998,1,17
"2025000021006",2,9,19,0,0,0,1,1,24,1995,2,12
"2025000021006",1,19,9,0,0,0,4,1,32,2143,2,2
"2025000021007",3,9,19,8,0,0,3,1,21,1248,2,8
"2025000021007",2,9,19,8,0,0,3,1,19,1229,1,13
"2025000021007",1,9,9,5,0,0,1,1,34,1995,2,6
"2025000021008",1,1,19,3,0,0,4,2,75,-1,-1,-1
"2025000021008",2,9,5,4,0,0,1,2,80,1339,1,18
"2025000021009",1,11,4,8,0,0,0,1,46,9360,2,11
"2025000021010",1,9,19,1,0,0,1,1,-1,1364,1,13
"2025000021010",2,9,7,4,0,0,2,1,39,1995,1,12
"2025000021011",3,9,4,1,0,99,2,1,43,998,1,1
"2025000021011",1,9,99,9,9,99,2,2,30,1390,1,11
"2025000021011",2,19,99,9,9,99,1,3,44,1995,2,3
"2025000021012",1,11,4,0,0,0,4,1,64,9360,2,11
"2025000021013",1,3,99,9,9,99,9,1,24,125,1,3
"2025000021014",1,9,19,8,0,0,3,1,46,1598,1,7
"2025000021015",1,1,99,9,9,99,2,1,27,-1,-1,-1
"2025000021015",2,9,99,9,9,99,2,2,29,1364,1,11
"2025000021016",1,3,19,0,0,0,1,1,19,125,1,6
"2025000021016",2,9,3,0,0,0,2,1,60,1956,2,10
"2025000021017",3,9,3,0,0,0,2,1,75,1199,1,3
"2025000021017",1,9,14,0,0,11,1,1,38,1390,1,16
"2025000021017",2,3,3,0,0,0,3,1,35,125,1,6
"2025000021018",1,98,99,9,9,99,1,3,-1,-1,-1,-1
"2025000021018",2,1,99,9,9,99,1,1,33,-1,-1,-1
"2025000021019",1,9,5,0,0,0,1,2,52,1240,1,17
"2025000021019",2,9,2,0,0,0,2,3,-1,1991,2,14
"2025000021020",2,9,19,8,0,0,4,2,32,1956,2,10
"2025000021020",1,9,9,8,0,0,1,1,24,1242,1,12
"2025000021021",1,9,19,0,0,0,1,2,46,1598,1,1
"2025000021022",1,3,4,0,2,0,3,1,62,125,1,18
"2025000021023",2,1,19,0,0,0,2,1,34,-1,-1,-1
"2025000021023",1,9,13,0,0,0,3,3,30,1796,1,15
"2025000021024",1,1,9,5,0,0,4,1,38,-1,-1,-1
"2025000021024",2,9,5,8,0,0,1,2,23,998,1,3
"2025000021025",1,9,19,1,0,0,1,3,-1,2521,1,17
"2025000021026",1,9,19,0,0,0,1,2,59,2720,2,15
"2025000021026",2,9,8,0,0,0,1,2,41,1991,8,5
"2025000021027",1,9,19,0,0,0,3,3,-1,2000,1,19
"2025000021027",2,9,19,0,1,0,4,1,70,1499,1,1
"2025000021028",2,19,19,1,0,0,3,1,58,2143,2,9
"2025000021028",1,9,19,6,0,0,1,2,52,1598,2,7
"2025000021029",2,9,4,0,0,0,2,2,59,2498,1,8
"2025000021029",1,9,19,0,0,0,1,2,63,999,1,2
"2025000021030",2,9,19,2,0,0,4,1,21,1499,2,6
"2025000021030",1,9,7,2,0,0,1,3,21,998,1,14
"2025000021031",1,5,19,0,0,0,4,1,70,781,1,24
"2025000021032",1,9,3,0,0,0,0,1,56,1339,1,14
"2025000021032",2,1,19,0,2,8,1,1,64,-1,-1,-1
"2025000021033",1,1,19,1,0,0,3,1,46,-1,-1,-1
"2025000021033",2,9,7,1,0,11,4,3,-1,-1,-1,-1
"2025000021034",2,9,7,0,0,0,2,2,17,1390,1,7
"2025000021034",1,9,-1,0,-1,-1,-1,3,-1,1686,2,12
"2025000021035",2,9,4,1,0,0,2,1,48,-1,-1,-1
"2025000021035",1,9,19,1,0,0,1,2,71,1461,2,7
"2025000021036",1,19,5,1,0,0,1,1,73,1560,2,7
"2025000021036",2,3,19,1,1,0,4,1,35,125,1,3
"2025000021037",1,11,9,1,0,0,3,1,42,10667,2,3
"2025000021037",2,-1,13,1,0,0,4,1,23,-1,-1,-1
"2025000021038",1,9,19,2,0,0,1,1,22,1999,1,8
"2025000021039",1,9,19,2,0,0,1,1,49,1968,2,8
"2025000021040",2,9,19,1,0,0,1,1,82,3628,2,15
"2025000021040",1,9,4,1,0,0,2,1,25,1229,1,9
"2025000021041",2,9,19,1,0,0,2,1,34,1588,1,20
"2025000021041",3,9,19,1,0,0,2,2,48,-1,-1,-1
"2025000021041",1,9,19,1,1,0,1,1,30,-1,-1,-1
"2025000021042",2,1,19,0,0,0,2,1,17,-1,-1,-1
"2025000021042",1,9,19,0,0,0,1,3,-1,1595,1,16
"2025000021043",1,9,9,4,0,0,1,1,42,2477,2,18
"2025000021044",1,1,19,8,0,0,1,2,28,-1,-1,-1
"2025000021044",2,9,7,6,0,0,4,1,31,998,1,3
"2025000021045",1,11,19,0,0,0,0,1,42,6692,2,9
"2025000021046",1,9,9,6,0,0,1,2,26,1198,1,8
"2025000021046",2,9,19,8,0,0,4,2,41,1968,2,11
"2025000021047",2,9,19,1,0,0,4,2,24,1390,1,8
"2025000021047",1,97,19,1,0,0,1,1,16,-1,-1,-1
"2025000021048",1,11,19,4,0,0,0,1,24,6692,2,8
"2025000021049",1,9,9,1,0,0,1,1,59,1580,8,3
"2025000021049",2,9,19,2,1,0,1,2,30,1950,2,3
"2025000021050",1,9,19,1,0,0,1,2,33,1591,1,2
"2025000021051",2,9,19,8,0,0,1,3,-1,-1,-1,-1
"2025000021051",1,9,10,8,0,0,2,1,64,1493,2,14
"2025000021052",1,19,7,2,1,0,1,1,53,2198,2,8
"2025000021052",2,11,19,1,0,0,1,1,74,-1,-1,-1
"2025000021053",1,2,4,4,0,0,0,1,22,125,1,2
"2025000021054",1,11,19,2,0,0,3,1,59,9000,2,17
"2025000021055",1,9,19,0,0,0,4,1,22,1896,2,14
"2025000021056",2,1,19,8,0,0,4,2,64,-1,-1,-1
"2025000021056",3,1,19,8,0,0,4,2,59,-1,-1,-1
"2025000021056",1,9,7,6,0,0,1,1,58,2360,8,2
"2025000021057",1,9,3,0,0,0,2,1,38,2720,2,15
"2025000021057",2,90,-1,0,-1,-1,-1,1,-1,-1,-1,-1
"2025000021058",2,9,19,8,0,0,1,1,-1,-1,-1,-1
"2025000021058",1,9,9,8,0,0,4,2,36,1199,1,1
"2025000021059",2,9,2,3,0,0,2,3,-1,2199,2,9
"2025000021059",1,9,19,8,5,4,3,2,88,1395,1,9
"2025000021060",1,9,10,1,0,0,2,1,45,-1,-1,-1
"2025000021060",2,19,19,1,0,0,1,1,41,1995,2,3
"2025000021061",2,9,19,0,0,0,2,1,46,1995,2,6
"2025000021061",1,9,19,0,0,0,1,3,50,1796,1,14
"2025000021062",1,11,5,4,0,0,0,1,62,5132,2,4
"2025000021063",1,9,19,0,1,0,1,1,38,1598,1,18
"2025000021063",2,9,19,0,5,0,1,1,56,1368,1,10
"2025000021064",1,11,19,0,0,0,4,1,-1,-1,-1,-1
"2025000021065",1,9,5,0,0,0,1,1,84,2151,2,23
"2025000021066",1,9,19,1,0,0,1,1,18,1229,1,10
"2025000021067",1,9,7,0,0,0,1,1,36,1248,2,14
"2025000021067",4,9,2,0,0,0,2,3,-1,1597,2,1
"2025000021067",3,9,2,0,0,4,2,3,-1,1969,2,5
"2025000021067",2,9,2,0,0,0,2,3,-1,799,2,9
"2025000021068",4,9,19,0,0,0,2,1,32,-1,3,1
"2025000021068",1,9,19,0,0,0,1,1,31,1200,1,6
"2025000021068",2,9,11,0,0,0,2,2,30,1998,1,9
"2025000021068",3,9,19,0,0,1,1,1,37,1199,1,6
"2025000021069",2,9,9,5,0,0,3,2,70,999,1,2
"2025000021069",1,3,14,1,0,0,1,1,27,125,1,3
"2025000021070",1,9,19,1,1,7,1,2,76,1242,1,7
"2025000021071",1,19,19,0,0,0,3,1,26,-1,3,1
"2025000021072",2,19,19,0,0,0,1,1,55,1995,2,10
"2025000021072",1,9,12,0,1,0,1,1,27,1560,2,16
"2025000021073",2,9,19,0,0,0,1,1,22,1242,1,13
"2025000021073",1,9,19,0,0,0,2,1,35,1998,2,14
"2025000021074",1,9,19,0,0,0,1,1,83,898,1,3
"2025000021075",2,9,19,1,0,0,1,2,26,1968,2,11
"2025000021075",1,9,19,1,0,0,2,2,25,1995,2,5
"2025000021076",2,9,19,2,0,0,1,2,38,1560,2,10
"2025000021076",1,9,19,2,0,0,1,1,74,1200,1,4
"2025000021077",2,9,3,0,0,0,3,1,32,1586,1,10
"2025000021077",1,90,19,0,0,0,3,3,-1,-1,-1,-1
"2025000021078",1,21,19,1,0,0,2,1,54,10800,2,5
"2025000021078",2,9,19,1,0,0,1,2,49,1598,2,1
"2025000021079",1,11,19,1,0,0,0,1,20,4500,2,8
"2025000021080",1,9,19,0,1,0,1,1,19,1598,1,24
"2025000021080",2,9,19,0,0,0,1,1,57,2184,2,17
"2025000021081",2,9,19,1,0,0,0,2,26,1242,1,6
"2025000021081",1,4,19,1,1,0,0,1,24,124,1,2
"2025000021082",2,19,1,9,9,99,2,3,-1,-1,-1,-1
"2025000021082",1,3,3,9,9,99,1,1,25,-1,-1,-1
"2025000021083",3,9,2,1,0,4,3,3,-1,2993,2,12
"2025000021083",2,9,2,1,0,4,2,3,-1,1998,2,18
"2025000021083",1,9,19,1,0,4,3,1,54,1299,1,18
"2025000021084",1,1,19,8,0,0,4,2,13,-1,-1,-1
"2025000021084",2,9,9,6,0,0,1,1,25,996,1,12
"2025000021085",1,9,19,0,5,0,1,2,27,1598,1,14
"2025000021086",2,9,99,9,9,99,9,3,-1,1497,1,4
"2025000021086",1,3,99,9,9,99,1,1,27,124,1,11
"2025000021087",1,9,19,1,0,0,1,2,57,1598,1,19
"2025000021088",3,9,19,0,0,0,2,1,47,1995,2,5
"2025000021088",2,9,19,0,0,0,2,1,42,1498,1,5
"2025000021088",1,9,19,0,0,0,1,2,29,3311,8,17
"2025000021089",1,9,19,0,0,4,1,1,27,-1,-1,-1
"2025000021089",2,19,19,0,0,0,2,1,62,2287,2,6
"2025000021090",1,11,5,3,0,0,0,1,46,6700,2,5
"2025000021090",2,9,19,3,0,0,0,2,41,1598,8,1
"2025000021091",2,9,19,8,0,0,1,2,24,1299,1,16
"2025000021091",1,11,9,8,0,0,1,1,49,7300,2,14
"2025000021092",1,1,99,9,9,99,1,1,31,-1,-1,-1
"2025000021093",1,9,19,1,0,0,3,1,-1,998,1,6
"2025000021093",2,9,3,2,0,0,3,1,25,1968,2,8
"2025000021094",2,9,99,9,9,99,1,3,-1,1995,1,13
"2025000021094",1,3,99,9,9,99,2,1,30,125,1,3
"2025000021095",2,3,19,1,5,0,4,1,48,124,1,0
"2025000021095",1,9,19,6,0,0,1,1,66,1248,2,10
"2025000021096",2,9,5,8,0,0,1,1,42,-1,-1,-1
"2025000021096",3,9,5,2,0,0,1,1,23,1395,8,6
"2025000021096",1,9,5,2,0,0,0,1,26,998,1,18
"2025000021097",1,9,99,9,9,99,1,1,53,1997,2,6
"2025000021098",1,9,9,1,0,0,1,2,37,999,1,0
"2025000021099",2,9,99,9,9,99,1,3,-1,999,1,2
"2025000021099",1,3,99,9,9,99,2,1,36,125,1,6
"2025000021100",2,9,99,9,9,99,0,3,-1,-1,-1,-1
"2025000021100",1,1,99,9,9,99,0,2,35,-1,-1,-1
"2025000021101",2,1,19,2,0,0,2,1,41,-1,-1,-1
"2025000021101",1,9,19,1,0,0,1,3,-1,-1,-1,-1
"2025000021102",1,9,4,5,0,0,2,2,61,1968,2,12
"2025000021102",2,9,19,8,0,0,1,2,53,2987,2,14
"2025000021103",1,9,19,0,0,4,1,2,22,999,1,1
"2025000021103",2,9,2,0,0,0,2,3,-1,1995,1,11
"2025000021104",1,9,5,8,0,0,4,1,36,1149,1,9
"2025000021104",2,3,5,8,0,0,1,1,59,85,1,29
"2025000021105",1,11,4,0,0,0,0,1,32,6700,2,8
"2025000021106",2,9,19,2,0,0,1,2,33,1149,1,10
"2025000021106",1,21,12,2,0,0,3,1,47,10677,2,4
"2025000021107",1,9,3,1,0,0,2,1,25,1968,2,10
"2025000021107",2,9,19,1,0,0,1,1,23,1896,2,21
"2025000021108",1,9,19,1,0,0,0,1,53,1329,1,14
"2025000021109",1,9,19,1,0,0,4,2,57,1229,1,13
"2025000021110",2,9,19,0,0,0,0,1,56,2997,2,1
"2025000021110",1,5,19,0,1,0,0,1,54,-1,-1,-1
"2025000021111",1,9,19,0,0,0,1,2,68,1598,1,10
"2025000021112",2,9,99,0,9,99,9,1,43,1997,1,14
"2025000021112",1,1,99,0,9,99,9,1,55,-1,-1,-1
"2025000021113",2,3,15,8,0,0,1,1,24,125,1,2
"2025000021113",1,8,9,6,0,0,4,1,34,1560,2,7
"2025000021114",1,9,3,9,9,99,2,1,52,-1,-1,-1
"2025000021114",2,19,99,9,9,99,1,3,32,2402,2,19
"2025000021115",1,9,9,8,0,0,4,1,28,1598,1,12
"2025000021115",2,9,19,8,0,0,1,2,58,1197,8,0
"2025000021116",1,19,19,0,0,7,1,1,52,1997,2,1
"2025000021117",1,1,99,9,9,99,9,1,31,-1,-1,-1
"2025000021117",2,2,99,9,9,99,9,3,-1,108,1,4
"2025000021118",1,9,19,1,0,11,1,1,70,1791,8,13
"2025000021119",1,9,99,9,9,99,9,3,-1,-1,-1,-1
"2025000021120",1,9,19,8,0,0,1,2,17,1398,1,8
"2025000021120",2,9,19,8,0,0,2,2,25,1995,2,8
"2025000021121",1,9,19,0,0,0,3,3,-1,1332,1,1
"2025000021121",2,9,19,0,0,0,3,2,49,1586,1,3
"2025000021122",1,19,19,0,0,0,1,1,-1,1998,2,19
"2025000021122",4,9,14,0,0,0,4,1,60,1796,1,14
"2025000021122",3,21,2,0,0,0,2,1,36,7698,2,6
"2025000021122",2,5,3,0,0,4,2,2,59,660,1,2
"2025000021123",2,1,99,0,9,99,1,3,-1,-1,-1,-1
"2025000021123",1,1,99,0,9,99,1,1,57,-1,-1,-1
"2025000021124",1,1,14,1,0,0,1,1,31,-1,-1,-1
"2025000021125",1,9,3,1,0,0,3,2,66,1580,8,3
"2025000021126",2,9,4,0,0,12,2,1,48,1984,1,8
"2025000021126",1,9,19,0,0,0,1,1,-1,4367,2,5
"2025000021127",1,9,19,8,0,0,1,1,25,2793,1,26
"2025000021127",2,9,9,1,1,7,1,2,23,1461,2,9
"2025000021128",1,9,19,2,0,0,1,2,23,1399,2,15
"2025000021128",2,9,3,2,0,0,2,1,54,2204,2,17
"2025000021128",3,9,3,2,0,0,2,1,60,1198,1,11
"2025000021129",2,9,4,2,0,0,2,2,40,1364,1,16
"2025000021129",1,9,19,8,0,0,1,1,-1,-1,-1,-1
"2025000021130",2,9,19,1,0,0,4,2,18,1248,2,14
"2025000021130",1,9,9,8,0,0,1,2,67,1896,2,17
"2025000021131",1,9,19,6,0,7,3,1,18,1968,2,7
"2025000021131",2,9,19,8,0,0,1,1,31,2143,2,9
"2025000021132",1,9,7,1,0,0,1,1,39,-1,3,1
"2025000021133",3,9,19,1,0,0,0,1,62,1490,1,0
"2025000021133",4,9,19,1,0,0,1,2,38,-1,-1,-1
"2025000021133",1,5,19,7,0,0,3,2,43,1254,1,2
"2025000021133",2,9,19,1,0,0,4,1,77,1992,2,16
"2025000021133",5,9,19,1,0,0,1,1,20,1422,2,9
"2025000021134",2,9,3,4,0,0,3,2,42,1997,2,14
"2025000021134",1,21,9,4,0,0,4,1,51,12742,2,2
"2025000021135",1,9,19,6,0,0,1,1,23,999,1,1
"2025000021135",2,9,19,1,0,0,1,2,30,1995,2,10
"2025000021135",3,9,2,1,0,0,2,3,-1,1796,1,20
"2025000021136",1,9,19,0,0,0,1,1,33,999,1,2
"2025000021137",1,11,4,2,0,0,0,2,47,4760,2,9
"2025000021138",1,1,99,9,9,99,1,1,54,-1,-1,-1
"2025000021138",2,9,99,9,9,99,9,2,62,1198,1,17
"2025000021139",1,9,19,0,0,0,1,1,77,2143,2,15
"2025000021140",1,9,3,0,0,0,1,1,30,-1,-1,-1
"2025000021140",2,9,3,0,0,0,0,2,24,1242,1,11
"2025000021141",1,3,13,0,0,0,4,1,32,125,1,5
"2025000021141",2,10,6,0,0,0,4,2,32,-1,-1,-1
"2025000021142",1,9,19,8,1,0,1,1,42,-1,3,1
"2025000021142",3,9,19,8,1,1,1,1,56,1482,1,2
"2025000021142",4,21,19,8,0,0,3,1,51,12900,5,4
"2025000021142",2,21,19,8,0,0,3,1,39,12777,2,2
"2025000021143",1,9,19,2,0,0,0,2,71,1364,1,7
"2025000021144",2,9,11,8,0,0,2,2,21,1499,1,2
"2025000021144",1,4,19,8,0,0,1,1,68,1811,1,4
"2025000021145",1,9,19,0,2,10,4,1,31,1968,2,13
"2025000021146",1,9,15,3,0,0,3,1,40,1998,1,0
"2025000021146",2,9,9,3,0,0,4,2,32,1596,1,15
"2025000021147",1,9,5,8,0,0,1,2,46,998,1,17
"2025000021147",2,5,9,5,0,0,1,1,61,649,1,6
"2025000021148",1,19,99,9,9,99,1,1,50,-1,3,2
"2025000021148",2,1,99,9,9,99,1,1,-1,-1,-1,-1
"2025000021149",2,19,19,0,0,0,1,1,40,-1,-1,-1
"2025000021149",1,9,19,0,0,0,2,1,25,1398,1,8
"2025000021150",1,19,7,6,0,0,3,1,31,1968,2,2
"2025000021150",2,9,19,8,0,0,1,2,19,998,1,5
"2025000021151",1,9,9,1,0,0,3,1,39,1499,2,1
"2025000021151",2,9,9,1,0,0,3,2,37,1598,1,16
"2025000021152",1,9,19,8,0,0,4,1,49,-1,-1,-1
"2025000021153",1,11,4,0,0,0,0,2,20,6700,2,8
"2025000021154",2,9,19,1,0,0,4,1,30,998,1,10
"2025000021154",1,9,9,6,0,0,1,1,30,-1,-1,-1
"2025000021155",2,1,19,4,0,0,4,1,33,-1,-1,-1
"2025000021155",1,9,9,3,0,0,1,1,27,1598,1,10
"2025000021156",1,21,5,4,0,0,1,1,70,12900,2,7
"2025000021156",2,9,19,8,0,0,4,1,52,1461,2,3
"2025000021157",1,11,19,0,0,0,0,2,50,6871,2,16
"2025000021158",2,9,4,0,0,0,2,2,47,1499,1,3
"2025000021158",1,9,4,0,0,0,1,1,21,1999,1,13
"2025000021159",2,9,19,8,0,0,4,1,34,1796,1,18
"2025000021159",1,9,9,8,0,0,1,1,41,1998,8,6
"2025000021160",1,9,19,1,0,0,1,3,-1,-1,-1,-1
"2025000021161",1,9,19,8,0,0,1,2,44,1997,2,9
"2025000021162",1,9,19,0,0,0,1,1,69,-1,-1,-1
"2025000021162",2,9,19,0,1,0,2,1,54,1956,2,13
"2025000021162",3,9,19,0,0,0,2,2,62,999,1,1
"2025000021162",4,10,19,0,0,0,1,1,72,-1,-1,-1
"2025000021162",5,9,19,0,0,0,1,2,31,998,1,6
"2025000021163",1,9,7,8,1,0,1,2,48,1995,2,3
"2025000021164",1,11,19,1,0,0,4,1,41,6700,2,11
"2025000021165",2,19,19,0,0,0,3,1,53,2198,2,6
"2025000021165",1,9,19,0,0,0,1,1,18,1242,1,10
"2025000021165",3,19,19,0,0,0,1,1,34,1598,2,6
"2025000021166",2,9,9,8,0,0,4,1,17,998,1,7
"2025000021166",1,9,19,8,0,0,1,1,33,1580,8,5
"2025000021167",1,9,19,0,2,0,1,1,40,1493,2,14
"2025000021167",2,19,19,0,0,0,3,1,43,1500,2,1
"2025000021168",1,9,19,0,0,0,1,2,34,1686,2,13
"2025000021169",1,19,19,1,0,0,4,2,49,-1,-1,-1
"2025000021170",3,9,4,1,0,0,2,1,38,1598,1,14
"2025000021170",2,9,4,1,0,0,2,1,48,995,1,10
"2025000021170",1,9,19,1,0,0,1,2,61,1461,2,7
"2025000021171",1,9,1,1,0,0,2,1,24,998,1,8
"2025000021172",1,-1,19,1,0,0,1,1,15,-1,-1,-1
"2025000021172",2,9,19,2,0,0,1,1,39,1685,2,7
"2025000021173",2,9,19,3,0,0,1,3,-1,-1,-1,-1
"2025000021173",1,1,19,3,0,0,4,1,26,-1,-1,-1
"2025000021174",2,9,9,5,0,0,1,1,71,1498,8,3
"2025000021174",1,23,19,1,1,0,1,1,14,-1,-1,-1
"2025000021175",2,9,19,1,0,0,1,1,66,1498,1,12
"2025000021175",1,9,19,1,1,0,4,1,24,-1,-1,-1
"2025000021176",1,9,19,0,0,0,4,1,77,1498,1,3
"2025000021176",2,1,-1,0,0,0,-1,1,-1,-1,-1,-1
"2025000021177",1,9,19,0,1,0,2,1,20,1149,1,12
"2025000021177",2,9,19,0,0,0,1,1,81,-1,-1,-1
"2025000021178",2,9,19,0,0,0,1,1,30,1997,2,17
"2025000021178",1,9,19,0,0,0,2,1,18,1149,1,23
"2025000021179",2,19,9,5,0,0,3,1,56,1898,2,2
"2025000021179",1,5,13,1,0,0,1,2,40,599,1,11
"2025000021180",1,9,4,1,2,0,4,1,22,1198,1,7
"2025000021181",1,1,19,1,0,0,1,1,17,-1,-1,-1
"2025000021182",1,9,9,1,0,0,1,1,39,-1,-1,-1
"2025000021182",2,9,19,1,0,0,1,1,73,1461,2,8
"2025000021183",1,22,19,1,0,0,1,1,89,-1,-1,-1
"2025000021183",2,21,19,1,0,0,4,1,50,7698,2,5
"2025000021184",1,11,5,2,0,0,1,1,58,4461,2,10
"2025000021185",1,11,2,0,0,0,0,1,35,9000,2,16
"2025000021186",2,9,2,0,0,0,4,3,-1,1998,1,2
"2025000021186",1,9,14,0,5,0,4,2,25,999,1,1
"2025000021187",2,9,19,0,0,0,2,2,51,1197,1,3
"2025000021187",1,-1,19,0,0,0,-1,1,-1,-1,-1,-1
"2025000021188",1,9,7,0,0,0,3,1,41,1560,2,8
"2025000021188",2,19,19,0,0,0,3,1,26,-1,-1,-1
"2025000021189",1,9,19,8,0,0,1,2,81,-1,3,2
"2025000021189",2,9,6,8,0,0,4,1,50,1968,2,8
"2025000021190",5,20,19,0,0,0,3,1,42,-1,-1,-1
"2025000021190",2,9,3,0,0,4,2,1,25,998,1,5
"2025000021190",3,9,3,0,0,4,2,1,45,999,1,3
"2025000021190",1,9,19,0,0,4,1,1,30,-1,-1,-1
"2025000021190",4,9,3,0,0,0,2,2,47,1997,8,0
"2025000021191",1,9,19,0,0,0,1,1,78,1318,1,5
"2025000021192",1,9,19,0,0,7,1,2,41,1242,1,10
"2025000021193",1,21,11,0,0,0,4,1,99,-1,-1,-1
"2025000021193",2,9,19,0,0,0,3,2,29,999,1,3
"2025000021194",1,9,9,8,0,0,3,2,33,1999,2,1
"2025000021194",2,1,19,1,0,0,1,1,31,-1,-1,-1
"2025000021195",1,9,7,6,0,0,-1,3,-1,1560,2,14
"2025000021195",2,8,7,6,0,0,1,1,30,1797,8,7
"2025000021196",2,9,19,8,0,0,1,1,-1,1598,1,15
"2025000021196",1,9,3,8,0,0,2,1,47,1600,1,13
"2025000021197",1,9,19,1,0,0,1,2,54,2143,2,6
"2025000021197",2,9,19,1,0,0,1,1,-1,1984,1,0
"2025000021198",1,9,19,0,0,0,3,1,79,1596,1,11
"2025000021198",2,11,19,0,0,0,3,1,65,6374,2,16
"2025000021199",1,9,19,8,9,0,3,1,56,2967,2,8
"2025000021199",2,21,19,8,9,0,1,3,32,10837,2,6
"2025000021200",2,21,2,0,0,0,3,1,-1,-1,-1,-1
"2025000021200",1,11,14,0,0,0,3,1,78,4461,2,10
"2025000021201",1,9,19,0,1,11,1,3,-1,1896,2,20
"2025000021201",2,19,19,0,0,0,1,1,52,6700,2,6
"2025000021202",2,9,9,0,1,0,2,2,31,1395,1,10
"2025000021202",1,9,5,0,0,0,1,3,30,1591,1,12
"2025000021203",1,9,19,0,0,0,1,2,43,1798,8,2
"2025000021204",2,9,99,9,9,99,9,3,84,1991,1,1
"2025000021204",1,3,99,9,9,99,9,1,27,125,1,2
"2025000021205",1,9,19,1,0,0,4,1,25,2497,2,16
"2025000021205",3,9,19,1,0,0,4,3,25,1390,1,14
"2025000021205",2,9,2,1,0,0,3,3,-1,2188,2,15
"2025000021206",3,9,19,3,0,0,4,3,-1,-1,-1,-1
"2025000021206",1,9,9,8,0,0,4,1,22,1598,2,7
"2025000021206",2,9,19,3,0,0,1,1,-1,1198,1,14
"2025000021207",1,9,99,9,9,99,9,3,-1,1240,1,11
"2025000021208",1,5,19,8,0,0,3,1,22,599,1,14
"2025000021208",2,9,9,8,0,0,1,1,41,1896,2,14
"2025000021209",2,9,9,5,9,0,4,1,50,-1,3,1
"2025000021209",1,1,19,9,9,0,1,3,-1,-1,-1,-1
"2025000021210",2,1,19,0,0,0,3,1,23,-1,-1,-1
"2025000021210",1,9,19,0,0,0,1,2,51,1199,1,1
"2025000021211",2,9,4,1,0,0,2,2,48,1242,1,8
"2025000021211",1,9,19,1,0,0,1,3,-1,-1,-1,-1
"2025000021212",2,1,19,1,0,0,1,1,36,-1,-1,-1