"collision_index","vehicle_reference","vehicle_type","vehicle_manoeuvre","junction_location","skidding_and_overturning","hit_object_in_carriageway","first_point_of_impact","sex_of_driver","age_of_driver","engine_capacity_cc","propulsion_code","age_of_vehicle"
"2025000021212",1,20,7,6,0,0,3,2,41,-1,-1,-1
"2025000021213",1,9,7,1,0,0,3,2,-1,1390,1,10
"2025000021213",2,9,19,1,0,0,3,2,76,1197,1,8
"2025000021214",1,9,9,0,0,0,3,1,36,1910,2,14
"2025000021214",2,3,19,0,0,0,4,1,32,-1,-1,-1
"2025000021215",3,9,10,8,0,0,2,1,58,1242,1,8
"2025000021215",2,9,4,1,0,0,2,1,44,-1,-1,-1
"2025000021215",1,9,19,1,0,0,1,1,30,1490,1,5
"2025000021216",1,9,19,0,1,0,1,1,38,1598,2,4
"2025000021217",1,9,12,8,0,0,3,1,65,-1,-1,-1
"2025000021217",2,9,19,8,0,0,4,1,22,1390,1,8
"2025000021218",1,9,7,3,0,0,4,1,55,2143,2,10
"2025000021218",2,1,7,3,0,0,3,1,42,-1,-1,-1
"2025000021219",2,98,2,0,0,0,1,1,59,-1,-1,-1
"2025000021219",1,9,2,0,0,0,1,1,75,2967,2,7
"2025000021220",1,9,19,0,0,0,1,1,59,1240,1,17
"2025000021221",2,1,19,8,0,0,1,1,65,-1,-1,-1
"2025000021221",1,9,19,8,0,0,4,1,48,1896,2,20
"2025000021222",1,9,19,0,0,0,1,1,33,1580,8,0
"2025000021223",2,1,19,0,0,0,2,1,74,-1,-1,-1
"2025000021223",1,9,19,0,0,0,1,1,24,-1,-1,-1
"2025000021224",2,9,4,1,0,0,1,2,39,1364,1,13
"2025000021224",1,9,19,1,0,0,1,1,30,1968,2,7
"2025000021225",2,5,19,1,0,0,3,1,59,599,1,17
"2025000021225",1,9,9,6,0,0,0,1,27,1968,2,10
"2025000021226",2,9,2,0,0,0,1,3,-1,1560,2,16
"2025000021226",1,9,5,0,0,0,1,1,59,1997,2,6
"2025000021227",2,9,19,0,0,0,1,1,37,2993,2,19
"2025000021227",1,9,19,0,0,0,2,1,40,1598,1,0
"2025000021228",1,9,5,0,0,0,4,2,24,1149,1,16
"2025000021229",2,9,99,9,9,99,1,3,-1,1796,1,20
"2025000021229",1,3,99,9,9,99,2,2,23,125,1,2
"2025000021230",1,9,19,0,1,0,3,1,28,2993,2,18
"2025000021230",2,9,19,0,0,0,3,2,74,2720,2,18
"2025000021231",2,9,19,0,0,0,4,1,41,999,1,10
"2025000021231",1,-1,12,0,0,0,3,3,-1,-1,-1,-1
"2025000021232",1,9,-1,8,0,0,-1,3,-1,-1,-1,-1
"2025000021233",1,11,5,3,0,0,0,1,20,6700,2,11
"2025000021234",1,9,4,0,0,0,2,1,20,1390,1,9
"2025000021234",2,19,4,0,0,0,1,1,44,1753,2,12
"2025000021235",2,9,19,0,5,0,4,1,49,1598,2,9
"2025000021235",1,9,6,0,1,0,1,2,69,1490,8,1
"2025000021236",1,11,4,0,0,0,0,1,43,7300,2,9
"2025000021237",4,20,19,0,0,0,4,1,62,-1,-1,-1
"2025000021237",3,9,19,0,0,0,1,1,41,1598,2,5
"2025000021237",1,9,19,0,0,0,2,2,45,1496,1,4
"2025000021237",2,21,19,0,0,0,3,1,32,5193,2,3
"2025000021238",4,21,2,0,0,0,2,1,55,7698,2,0
"2025000021238",1,9,4,0,1,2,1,1,25,1498,1,5
"2025000021238",3,9,4,0,0,0,1,2,26,1477,1,0
"2025000021238",2,9,4,0,0,0,4,1,40,1794,1,12
"2025000021239",2,9,99,9,9,99,2,1,68,1598,1,9
"2025000021239",1,1,99,9,9,99,1,1,59,-1,-1,-1
"2025000021240",2,21,19,0,0,0,1,1,39,7700,2,1
"2025000021240",1,9,19,0,1,0,1,1,-1,-1,-1,-1
"2025000021241",1,21,19,0,0,0,0,1,-1,9200,2,13
"2025000021242",1,9,19,8,0,0,1,1,19,1295,8,14
"2025000021243",2,9,7,8,0,0,4,1,-1,1329,1,8
"2025000021243",1,1,3,8,0,0,1,1,12,-1,-1,-1
"2025000021244",1,9,19,0,1,4,4,1,29,5204,1,1
"2025000021244",2,9,2,0,0,4,2,3,-1,1399,1,2
"2025000021244",3,9,2,0,0,0,2,3,-1,-1,-1,-1
"2025000021245",1,9,19,4,0,0,1,2,57,1997,2,18
"2025000021245",2,1,19,8,0,0,4,2,56,-1,-1,-1
"2025000021246",2,2,19,3,1,0,3,1,20,49,1,4
"2025000021246",1,19,5,3,0,0,1,1,54,1995,2,17
"2025000021247",1,9,19,0,0,0,1,1,44,-1,-1,-1
"2025000021248",1,9,19,2,2,0,0,1,56,1242,1,16
"2025000021249",1,9,9,0,0,0,4,2,30,1200,1,9
"2025000021249",2,3,8,0,1,0,1,1,16,49,1,14
"2025000021250",1,9,19,0,1,0,1,1,37,1995,2,13
"2025000021251",1,9,9,1,0,0,1,1,32,-1,-1,-1
"2025000021251",2,9,19,1,0,0,1,2,48,-1,3,2
"2025000021252",1,9,19,4,0,0,3,1,-1,-1,-1,-1
"2025000021252",2,9,19,8,0,9,4,2,37,996,1,8
"2025000021253",1,9,7,3,1,0,1,1,32,1499,1,4
"2025000021253",2,9,5,1,0,0,1,1,30,1984,1,16
"2025000021254",1,5,13,1,2,0,1,1,56,899,1,25
"2025000021255",1,21,19,0,0,0,1,1,45,12740,2,6
"2025000021255",3,19,4,0,0,0,2,1,64,2143,2,6
"2025000021255",2,9,4,0,0,0,2,1,58,1560,2,11
"2025000021256",2,5,19,0,0,0,1,1,20,649,1,0
"2025000021256",1,9,11,0,0,0,1,1,52,-1,-1,-1
"2025000021257",2,21,3,4,0,0,4,1,57,10837,2,2
"2025000021257",1,9,7,4,0,0,0,1,65,1580,8,3
"2025000021258",1,9,5,5,0,0,4,2,26,1229,1,7
"2025000021258",2,11,5,8,0,0,1,1,49,6696,2,9
"2025000021259",2,9,19,0,0,0,1,1,43,998,1,21
"2025000021259",1,9,19,0,1,0,1,1,34,-1,-1,-1
"2025000021260",1,9,19,0,0,0,4,2,62,1499,1,2
"2025000021261",1,1,19,0,5,4,2,1,28,-1,-1,-1
"2025000021261",2,9,3,0,0,0,2,1,45,1364,2,15
"2025000021262",2,9,19,0,0,0,4,1,32,1560,2,13
"2025000021262",1,9,7,0,0,0,1,1,74,998,1,2
"2025000021263",1,9,19,0,0,0,1,1,36,-1,-1,-1
"2025000021263",4,9,2,0,0,0,3,3,-1,1496,2,4
"2025000021263",3,9,2,0,0,0,3,3,-1,1229,1,15
"2025000021263",2,9,2,0,0,0,3,3,-1,1686,2,15
"2025000021264",1,9,19,6,0,0,3,2,81,898,1,5
"2025000021264",2,19,19,8,1,0,1,1,54,2200,2,0
"2025000021265",1,9,19,0,0,0,1,2,-1,-1,-1,-1
"2025000021266",1,9,2,0,0,0,2,3,-1,1149,1,12
"2025000021266",2,9,2,0,0,0,1,1,52,999,1,1
"2025000021267",1,9,7,6,0,0,1,2,47,1499,1,0
"2025000021267",4,9,2,2,0,0,1,2,67,1995,2,15
"2025000021267",3,8,19,8,0,4,3,1,59,2499,2,13
"2025000021267",2,19,13,8,5,0,1,1,48,1968,2,5
"2025000021268",1,8,5,8,0,0,1,1,34,1798,8,7
"2025000021268",2,9,19,8,0,0,1,3,-1,-1,-1,-1
"2025000021269",1,19,5,4,0,0,4,2,38,-1,-1,-1
"2025000021269",2,1,19,4,0,0,1,1,34,-1,-1,-1
"2025000021270",1,9,19,8,0,0,1,1,21,1598,2,7
"2025000021270",2,1,19,8,0,0,4,1,50,-1,-1,-1
"2025000021271",1,9,9,6,0,0,4,1,30,1968,2,14
"2025000021271",2,3,19,8,1,0,1,1,22,125,1,3
"2025000021272",1,11,19,0,0,0,0,1,44,6696,2,9
"2025000021273",2,9,2,9,9,99,9,1,24,-1,3,0
"2025000021273",1,1,19,9,9,8,9,1,30,-1,-1,-1
"2025000021274",1,9,12,0,0,0,1,2,82,1596,1,10
"2025000021275",2,9,3,0,0,0,2,2,18,-1,-1,-1
"2025000021275",1,9,5,0,0,0,1,3,-1,-1,-1,-1
"2025000021276",3,9,19,0,0,0,2,2,32,1598,1,10
"2025000021276",2,9,19,0,0,0,2,1,43,1242,1,7
"2025000021276",1,9,19,0,1,0,1,1,51,1597,2,9
"2025000021277",1,9,19,0,0,0,1,3,54,-1,-1,-1
"2025000021277",2,9,19,0,0,0,1,2,36,1968,2,14
"2025000021278",2,9,4,4,0,0,2,1,19,1198,1,12
"2025000021278",1,9,19,4,0,0,1,1,41,1598,1,11
"2025000021279",1,9,99,9,9,99,2,1,35,1999,2,8
"2025000021280",4,9,3,0,0,0,2,1,-1,1598,1,10
"2025000021280",5,9,19,0,0,0,1,2,27,2496,1,18
"2025000021280",3,9,3,0,0,0,2,2,53,998,1,5
"2025000021280",2,9,3,0,0,0,2,1,47,2143,2,6
"2025000021280",1,9,3,0,0,0,2,2,37,1461,2,13
"2025000021281",1,1,19,2,0,0,1,3,-1,-1,-1,-1
"2025000021281",2,9,2,2,0,0,3,1,36,1364,1,11
"2025000021282",1,3,19,1,0,0,1,1,30,124,1,8
"2025000021282",2,9,9,1,0,0,4,2,41,1248,1,13
"2025000021283",2,9,19,1,0,0,1,2,52,1399,2,13
"2025000021283",1,9,9,1,0,0,1,1,55,1598,8,2
"2025000021284",2,19,19,0,0,0,1,1,40,1598,2,7
"2025000021284",1,9,19,0,0,0,1,2,80,1591,1,6
"2025000021285",1,9,9,1,0,0,1,2,56,1991,1,5
"2025000021285",2,1,19,1,0,0,1,1,69,-1,-1,-1
"2025000021286",1,9,19,1,0,0,4,1,44,1797,8,4
"2025000021287",2,9,19,1,0,0,1,1,32,1582,2,9
"2025000021287",1,9,19,8,0,0,4,2,47,1582,2,9
"2025000021288",2,9,19,0,5,0,2,1,64,1461,2,7
"2025000021288",1,9,19,0,1,0,3,1,63,1995,2,12
"2025000021289",2,9,19,0,0,0,1,1,20,1242,1,15
"2025000021289",1,9,3,0,0,0,2,2,38,1618,1,6
"2025000021290",1,9,19,0,0,12,1,1,55,1984,1,14
"2025000021290",2,9,19,0,0,12,2,2,31,1390,1,11
"2025000021291",1,9,19,0,0,0,3,2,20,999,1,3
"2025000021291",2,9,19,0,0,0,3,2,63,1798,8,2
"2025000021292",1,9,99,9,9,99,1,3,-1,1598,1,15
"2025000021292",2,3,99,9,9,99,9,2,24,125,1,0
"2025000021293",1,9,9,1,0,0,4,2,38,1999,2,3
"2025000021293",2,9,19,1,0,0,1,1,90,1596,1,13
"2025000021294",2,1,19,8,0,0,1,1,62,-1,-1,-1
"2025000021294",1,9,9,4,0,0,3,2,63,1968,2,14
"2025000021295",1,19,19,8,0,0,1,3,-1,1753,2,18
"2025000021295",2,9,19,8,0,10,4,1,67,1997,2,11
"2025000021296",2,1,19,4,0,0,1,1,42,-1,-1,-1
"2025000021296",1,9,19,4,1,0,1,2,49,-1,3,3
"2025000021297",1,9,19,0,0,0,1,2,36,-1,3,1
"2025000021298",2,11,13,1,0,0,1,1,27,12778,2,10
"2025000021298",1,9,9,5,0,0,3,1,42,2400,2,14
"2025000021299",1,9,19,8,0,11,4,2,37,1560,2,4
"2025000021299",2,9,19,8,0,0,1,2,32,1598,1,17
"2025000021300",1,19,19,0,0,0,1,1,38,2999,2,10
"2025000021301",2,9,2,2,0,0,2,-1,-1,1229,1,9
"2025000021301",1,9,19,1,0,4,1,1,84,1339,1,13
"2025000021302",1,9,9,8,0,0,4,1,76,1399,1,4
"2025000021302",2,1,19,1,0,0,1,1,67,-1,-1,-1
"2025000021303",2,5,14,1,0,0,4,1,23,124,1,13
"2025000021303",1,9,9,1,0,0,3,2,43,-1,-1,-1
"2025000021304",1,9,99,0,9,99,9,1,48,1968,2,7
"2025000021304",2,9,99,0,9,99,9,3,-1,-1,-1,-1
"2025000021305",2,19,2,0,0,0,1,3,-1,1995,2,6
"2025000021305",1,9,19,0,0,4,1,1,73,1368,1,15
"2025000021306",1,9,19,0,0,0,4,3,-1,1461,2,4
"2025000021307",1,9,7,6,0,0,3,1,30,2987,2,11
"2025000021307",2,9,19,8,0,0,4,1,25,1395,8,3
"2025000021308",2,5,4,4,0,0,2,1,50,749,1,22
"2025000021308",1,9,19,4,0,0,1,2,24,1498,1,3
"2025000021309",2,9,10,6,0,0,2,2,63,1339,1,14
"2025000021309",1,9,4,1,0,0,1,1,67,1586,1,16
"2025000021310",1,9,19,0,0,0,1,1,18,-1,-1,-1
"2025000021310",2,9,19,0,0,0,1,1,31,-1,-1,-1
"2025000021311",1,9,19,0,0,10,1,1,62,1797,8,9
"2025000021312",2,1,19,8,0,0,1,1,51,-1,-1,-1
"2025000021312",1,9,9,8,0,0,3,1,23,1399,1,5
"2025000021313",2,9,19,8,0,0,4,1,22,1396,2,5
"2025000021313",1,9,19,4,0,0,1,2,19,1229,1,16
"2025000021314",1,19,-1,2,0,0,4,1,25,1598,2,8
"2025000021315",1,9,19,2,0,0,1,1,71,1399,1,3
"2025000021316",1,9,19,0,1,0,1,1,55,1240,1,19
"2025000021317",1,5,19,0,0,0,1,1,23,892,1,29
"2025000021318",1,9,7,5,0,0,1,1,55,-1,-1,-1
"2025000021319",1,19,19,0,0,0,3,1,48,2402,2,12
"2025000021320",2,9,19,0,0,0,3,2,61,999,1,4
"2025000021320",1,9,19,0,0,0,3,2,27,1248,1,14
"2025000021321",1,11,4,0,0,11,1,1,33,6700,2,16
"2025000021322",2,9,19,0,0,0,1,1,33,3999,1,13
"2025000021322",1,9,19,0,0,0,1,1,63,1388,1,18
"2025000021323",3,21,7,5,0,0,0,1,34,6871,2,2
"2025000021323",2,19,5,7,0,0,1,1,44,2143,2,7
"2025000021323",1,9,15,8,0,0,4,1,64,2000,1,12
"2025000021324",2,11,19,1,0,0,1,1,71,4500,2,8
"2025000021324",1,9,19,2,0,0,1,1,39,1598,1,12
"2025000021325",2,3,19,0,5,0,1,1,17,125,1,8
"2025000021325",1,9,1,0,0,0,4,2,45,2143,2,6
"2025000021326",1,9,19,0,0,0,1,1,48,1499,2,6
"2025000021326",2,9,19,0,0,0,2,2,70,998,1,9
"2025000021327",1,19,19,0,0,0,4,1,46,1995,2,5
"2025000021328",1,98,19,0,0,0,4,3,35,-1,-1,-1
"2025000021329",1,9,9,6,0,0,1,1,74,-1,-1,-1
"2025000021329",2,9,19,1,0,0,1,2,23,1395,1,6
"2025000021330",3,90,19,0,0,0,0,1,55,-1,-1,-1
"2025000021330",2,9,19,0,1,0,1,1,73,2495,2,22
"2025000021330",1,21,15,0,0,0,1,1,66,12777,2,3
"2025000021331",1,9,19,0,0,0,1,1,25,1998,1,13
"2025000021331",2,9,19,0,5,0,2,1,68,1477,8,0
"2025000021332",1,3,19,1,0,0,3,2,27,108,1,6
"2025000021332",2,9,19,1,0,0,0,2,37,1399,1,3
"2025000021333",2,9,-1,0,-1,-1,0,3,-1,-1,-1,-1
"2025000021333",1,11,19,0,0,0,0,1,23,4500,2,2
"2025000021334",2,9,7,8,0,0,1,1,69,1596,1,14
"2025000021334",1,1,19,8,0,0,1,1,35,-1,-1,-1
"2025000021335",1,1,99,9,9,99,9,1,37,-1,-1,-1
"2025000021335",2,9,99,9,9,99,9,1,18,1229,1,6
"2025000021336",2,23,19,8,0,0,1,1,19,-1,-1,-1
"2025000021336",1,9,9,8,0,0,1,1,31,1198,1,8
"2025000021337",1,9,9,1,0,0,1,2,35,1598,1,14
"2025000021338",1,9,4,0,5,0,2,2,36,1968,2,11
"2025000021338",2,19,19,0,0,0,1,1,50,1968,2,9
"2025000021339",1,5,5,0,0,10,1,1,25,745,1,8
"2025000021340",3,9,19,0,0,0,1,1,-1,2967,2,6
"2025000021340",2,9,19,0,0,0,4,2,52,999,1,2
"2025000021340",1,21,12,0,0,0,1,1,41,-1,-1,-1
"2025000021341",3,19,4,0,0,0,2,1,26,1896,2,15
"2025000021341",1,9,19,0,0,0,1,1,77,1995,2,12
"2025000021341",2,9,4,0,0,0,2,1,30,1498,1,1
"2025000021342",2,9,4,0,0,0,2,2,38,1999,2,3
"2025000021342",3,9,4,0,0,0,2,2,57,2993,12,0
"2025000021342",1,21,19,0,0,0,1,1,33,16400,2,6
"2025000021343",1,5,19,0,0,0,0,1,40,689,1,2
"2025000021344",2,9,99,9,9,99,2,2,-1,1560,2,8
"2025000021344",1,9,99,9,9,99,9,1,40,1797,8,11
"2025000021345",1,9,12,0,0,0,4,2,25,1968,2,7
"2025000021345",2,4,13,0,0,0,1,1,23,125,1,3
"2025000021346",2,1,5,2,0,0,1,2,19,-1,-1,-1
"2025000021346",1,9,14,2,0,0,1,1,36,-1,3,2
"2025000021347",2,9,19,1,0,0,1,1,34,1199,1,0
"2025000021347",1,9,9,8,0,0,4,2,31,1499,1,6
"2025000021348",1,3,19,2,0,0,1,3,-1,125,1,1
"2025000021349",2,9,99,9,9,99,1,3,53,-1,3,5
"2025000021349",1,9,99,9,9,99,2,1,40,-1,-1,-1
"2025000021350",2,9,10,6,0,0,1,1,-1,-1,3,1
"2025000021350",1,9,19,2,0,0,4,2,30,1149,1,7
"2025000021351",2,9,99,9,9,99,9,3,41,2487,8,1
"2025000021351",1,1,99,9,9,99,9,1,39,-1,-1,-1
"2025000021352",1,9,7,1,0,0,1,1,41,1086,1,13
"2025000021352",2,1,19,4,0,0,4,1,50,-1,-1,-1
"2025000021353",1,9,1,0,0,0,1,1,24,1364,1,14
"2025000021353",2,9,19,0,0,0,2,1,44,1198,1,16
"2025000021354",2,9,19,0,0,0,0,1,38,1997,2,7
"2025000021354",1,9,19,0,0,0,1,1,58,1995,2,15
"2025000021355",4,9,19,0,0,0,2,2,41,1200,1,8
"2025000021355",2,9,19,0,0,0,1,2,18,999,1,1
"2025000021355",3,20,19,0,0,0,1,1,49,6871,2,5
"2025000021355",1,9,11,0,0,0,2,1,33,1999,1,6
"2025000021356",1,2,19,1,1,0,3,1,17,124,1,13
"2025000021356",2,9,19,1,0,0,4,2,56,1364,1,6
"2025000021357",1,9,99,5,9,99,9,3,-1,2143,2,10
"2025000021358",1,11,4,0,0,0,1,1,34,9600,2,21
"2025000021359",2,9,19,0,0,0,4,2,47,999,1,3
"2025000021359",1,9,11,0,0,0,1,1,20,1998,1,12
"2025000021360",1,98,6,0,0,0,3,1,37,-1,-1,-1
"2025000021360",2,9,19,0,0,0,1,1,45,1499,2,7
"2025000021361",1,11,4,0,0,0,0,1,59,4500,2,6
"2025000021362",2,1,-1,0,-1,-1,-1,1,15,-1,-1,-1
"2025000021363",2,9,5,8,0,0,0,3,-1,-1,-1,-1
"2025000021363",1,9,19,8,0,0,1,1,18,1198,1,16
"2025000021364",1,11,19,1,0,0,3,3,-1,-1,-1,-1
"2025000021365",2,9,19,0,0,0,2,2,44,2967,2,2
"2025000021365",1,9,19,0,0,0,1,1,53,1995,2,11
"2025000021366",1,9,19,0,0,10,1,1,46,2993,2,6
"2025000021367",1,9,-1,-1,-1,-1,-1,3,81,998,1,15
"2025000021367",2,1,-1,-1,-1,-1,-1,1,61,-1,-1,-1
"2025000021368",1,9,9,5,0,0,3,1,55,1399,1,5
"2025000021368",2,1,14,8,0,0,4,1,33,-1,-1,-1
"2025000021369",1,9,9,8,0,0,1,1,57,998,1,19
"2025000021369",2,5,19,8,0,0,1,1,63,998,1,20
"2025000021370",1,9,4,0,0,0,1,1,25,998,1,11
"2025000021370",2,9,3,0,0,0,2,1,58,1497,8,0
"2025000021371",1,9,10,5,0,0,1,2,17,1242,1,15
"2025000021371",2,9,19,1,0,0,3,1,68,1991,1,4
"2025000021372",1,3,19,0,0,0,1,1,35,125,1,3
"2025000021373",1,9,19,3,0,0,1,1,28,1362,1,9
"2025000021374",1,9,19,0,1,10,4,1,19,1598,1,14
"2025000021375",1,9,5,4,0,0,1,2,56,1598,1,16
"2025000021375",2,1,19,8,0,0,4,1,49,-1,-1,-1
"2025000021376",1,9,19,2,0,0,1,1,21,1496,2,8
"2025000021377",2,9,19,1,0,0,1,2,42,1995,2,10
"2025000021377",1,9,9,6,0,0,1,1,77,999,1,3
"2025000021378",2,19,19,1,0,0,1,1,37,1499,2,4
"2025000021378",4,19,2,1,0,0,0,3,-1,1995,2,0
"2025000021378",1,9,3,1,0,0,2,2,52,1242,1,4
"2025000021378",3,19,2,1,0,0,0,3,-1,1997,2,0
"2025000021379",4,9,19,0,1,0,1,1,41,2998,1,0
"2025000021379",1,21,12,0,0,0,3,1,53,10837,2,1
"2025000021379",3,9,19,0,1,0,1,1,53,1560,2,10
"2025000021379",2,9,19,0,0,0,4,1,28,1496,1,1
"2025000021380",1,9,19,0,5,0,1,2,45,1349,1,10
"2025000021381",1,19,19,0,0,0,2,1,58,2143,2,7
"2025000021382",1,9,5,6,0,0,1,1,90,1197,1,5
"2025000021382",2,9,19,8,0,0,4,1,49,2967,1,17
"2025000021383",2,9,10,1,0,0,2,1,56,1591,1,3
"2025000021383",1,11,5,1,0,0,1,1,55,6692,2,8
"2025000021384",1,9,19,0,0,0,3,2,26,1595,1,17
"2025000021385",1,9,6,0,0,0,1,1,-1,2000,2,14
"2025000021385",2,11,5,0,0,0,3,1,36,9360,2,10
"2025000021386",2,3,19,8,0,0,4,1,23,125,1,2
"2025000021386",1,9,7,6,0,0,1,3,-1,-1,-1,-1
"2025000021387",1,9,19,8,0,0,1,2,50,1999,2,3
"2025000021387",3,9,3,1,0,0,1,1,46,1968,2,3
"2025000021387",2,19,19,8,0,0,3,1,60,1995,2,1
"2025000021388",2,1,19,0,0,0,1,1,67,-1,-1,-1
"2025000021388",1,9,19,0,0,0,4,3,-1,-1,-1,-1
"2025000021389",1,9,19,1,0,0,4,2,18,1149,1,12
"2025000021389",2,3,15,1,0,0,3,1,22,-1,-1,-1
"2025000021390",1,19,99,9,9,99,1,1,61,1499,2,1
"2025000021391",1,9,5,0,0,4,1,1,81,1332,8,1
"2025000021391",2,90,2,0,0,0,1,3,-1,-1,-1,-1
"2025000021392",1,1,9,6,0,0,2,1,13,-1,-1,-1
"2025000021392",2,9,19,8,0,0,1,1,72,1560,2,11
"2025000021393",1,9,99,9,9,99,2,1,30,1998,1,5
"2025000021393",2,9,99,9,9,99,1,3,-1,-1,-1,-1
"2025000021394",1,9,19,0,0,0,1,1,32,1951,2,16
"2025000021394",2,1,19,0,0,0,4,1,39,-1,-1,-1
"2025000021395",2,19,99,9,9,99,9,3,-1,-1,-1,-1
"2025000021395",1,3,99,9,9,99,9,1,40,108,1,7
"2025000021396",1,19,-1,8,-1,-1,-1,3,-1,-1,-1,-1
"2025000021397",1,9,19,0,0,0,1,1,48,-1,3,0
"2025000021397",2,9,19,0,0,0,1,1,30,1390,1,12
"2025000021398",1,9,5,1,0,0,1,2,29,998,1,5
"2025000021398",2,2,19,1,0,0,4,1,16,49,1,5
"2025000021399",1,19,19,0,0,0,1,1,-1,1248,2,8
"2025000021399",2,9,3,0,0,0,2,1,38,1968,2,3
"2025000021400",1,9,99,9,9,99,9,2,21,1242,1,10
"2025000021401",3,9,19,1,0,0,1,2,76,-1,-1,-1
"2025000021401",2,9,10,1,0,0,1,1,45,-1,-1,-1
"2025000021401",1,9,5,6,0,0,1,1,45,-1,-1,-1
"2025000021402",2,3,19,8,0,0,1,1,37,125,1,3
"2025000021402",1,9,19,6,0,0,3,1,-1,-1,-1,-1
"2025000021403",1,11,19,2,0,0,1,1,-1,-1,-1,-1
"2025000021403",2,90,19,2,0,0,2,2,-1,-1,-1,-1
"2025000021404",1,9,6,1,0,0,3,1,44,1390,1,14
"2025000021404",2,-1,19,1,0,0,1,2,26,-1,-1,-1
"2025000021405",1,9,7,8,0,0,4,2,18,1242,1,9
"2025000021406",1,9,19,1,0,7,1,1,78,1198,1,15
"2025000021407",1,3,19,8,0,10,1,2,19,125,1,0
"2025000021407",2,90,19,8,0,0,0,1,47,2987,2,5
"2025000021408",1,9,13,0,2,0,1,1,20,1390,1,13
"2025000021408",2,9,11,0,0,0,2,2,28,1984,1,6
"2025000021408",3,9,4,0,0,0,3,2,23,1390,1,8
"2025000021409",2,19,4,0,0,0,2,1,54,1560,2,3
"2025000021409",1,19,19,0,0,0,1,1,40,1995,2,0
"2025000021410",1,9,9,5,1,0,1,1,63,2179,2,13
"2025000021411",1,3,19,8,0,0,2,1,18,124,1,5
"2025000021411",2,9,3,8,0,0,0,1,37,1560,2,6
"2025000021412",3,9,8,1,0,0,1,1,26,-1,-1,-1
"2025000021412",2,9,19,1,0,0,1,2,35,1685,2,7
"2025000021412",1,9,9,1,0,0,1,1,42,1968,2,11
"2025000021413",1,9,9,8,0,0,1,2,57,1149,1,14
"2025000021413",2,1,19,8,0,0,4,1,14,-1,-1,-1
"2025000021414",3,10,19,1,0,0,2,1,49,-1,-1,-1
"2025000021414",2,11,19,1,0,0,3,1,37,4500,2,10
"2025000021414",1,8,1,1,0,4,2,1,39,1798,8,6
"2025000021415",1,1,99,9,9,99,9,1,37,-1,-1,-1
"2025000021415",2,9,99,9,9,99,9,3,-1,-1,-1,-1
"2025000021416",1,11,7,6,0,0,1,1,53,9360,2,7
"2025000021416",3,9,19,8,0,10,4,1,51,1984,1,2
"2025000021416",2,11,19,8,0,0,4,1,43,12778,2,4
"2025000021417",2,9,19,8,0,0,3,2,25,1329,1,11
"2025000021417",1,9,9,6,0,0,1,1,59,2500,1,13
"2025000021418",1,11,5,1,0,0,0,1,48,9360,2,13
"2025000021419",1,9,19,0,5,0,1,2,22,-1,-1,-1
"2025000021420",1,9,19,0,0,0,1,2,44,1498,1,2
"2025000021420",2,1,19,0,0,0,4,1,12,-1,-1,-1
"2025000021421",1,4,19,0,0,0,0,1,47,888,1,0
"2025000021422",1,8,19,0,0,0,1,1,-1,1560,2,10
"2025000021422",2,9,4,0,0,0,2,1,37,2435,1,18
"2025000021423",1,9,99,9,9,99,2,2,34,1198,1,9
"2025000021423",2,9,99,9,9,99,1,3,-1,-1,-1,-1
"2025000021424",2,1,19,1,0,0,3,1,43,-1,-1,-1
"2025000021424",1,9,9,1,0,0,1,2,32,1797,8,11
"2025000021425",1,9,19,0,0,0,1,1,33,1332,8,2
"2025000021426",1,9,19,0,1,0,3,1,45,998,1,14
"2025000021427",1,9,19,0,0,0,1,1,28,1595,1,4
"2025000021428",2,9,-1,8,0,0,1,1,63,-1,-1,-1
"2025000021428",1,9,9,5,0,0,1,2,74,998,1,5
"2025000021429",2,11,19,1,0,0,1,1,32,5132,2,6
"2025000021430",1,9,19,1,0,0,1,1,62,1598,2,6
"2025000021431",2,9,99,9,9,99,0,1,59,-1,-1,-1
"2025000021431",1,1,99,9,9,99,9,1,40,-1,-1,-1
"2025000021432",2,19,9,8,0,0,3,2,56,2143,2,3
"2025000021432",1,9,19,8,0,0,1,1,56,1999,2,5
"2025000021433",2,9,99,9,9,99,2,3,-1,-1,-1,-1
"2025000021433",1,9,99,9,9,99,2,2,35,1248,1,13
"2025000021434",1,1,19,0,0,0,0,2,17,-1,-1,-1
"2025000021435",1,3,19,2,1,10,3,1,27,124,1,5
"2025000021436",3,9,10,0,0,0,2,1,34,-1,-1,-1
"2025000021436",1,19,19,0,0,0,1,1,50,1995,2,3
"2025000021436",2,9,4,0,0,0,2,2,39,1685,2,10
"2025000021437",1,19,19,0,0,0,1,1,25,2179,2,1
"2025000021438",1,9,9,6,0,0,1,2,37,1598,1,16
"2025000021438",2,4,19,1,0,0,1,1,45,929,1,22
"2025000021439",1,19,3,1,0,0,1,1,31,2143,2,2
"2025000021439",2,1,5,1,0,0,2,1,50,-1,-1,-1
"2025000021440",1,9,19,0,0,0,4,1,49,1560,2,8
"2025000021441",1,-1,19,0,0,0,1,1,-1,-1,-1,-1