"collision_index","vehicle_reference","vehicle_type","vehicle_manoeuvre","junction_location","skidding_and_overturning","hit_object_in_carriageway","first_point_of_impact","sex_of_driver","age_of_driver","engine_capacity_cc","propulsion_code","age_of_vehicle"
"2025000021662",1,11,4,1,0,0,1,1,52,5132,2,9
"2025000021663",1,9,9,0,0,0,2,3,-1,-1,-1,-1
"2025000021663",2,9,3,0,0,0,2,2,25,1598,1,14
"2025000021663",3,9,19,0,0,0,1,1,51,998,1,15
"2025000021664",1,1,19,0,0,0,3,1,43,-1,-1,-1
"2025000021664",2,5,19,0,0,0,1,2,41,689,1,1
"2025000021665",2,5,19,8,0,0,4,1,32,890,1,2
"2025000021665",1,9,5,6,0,0,1,1,60,2400,2,11
"2025000021666",2,19,19,8,5,0,1,1,60,2143,2,8
"2025000021666",1,9,9,8,0,0,4,1,91,1798,1,10
"2025000021667",2,9,5,0,0,0,3,1,20,998,1,13
"2025000021667",1,3,19,0,0,4,1,1,21,125,1,3
"2025000021668",2,9,5,6,0,0,1,1,21,1595,1,3
"2025000021668",1,4,19,1,0,0,1,1,21,125,1,0
"2025000021669",1,9,19,1,0,0,4,1,61,1686,2,18
"2025000021670",2,4,14,1,0,0,1,2,23,125,1,5
"2025000021670",1,9,3,1,0,0,1,1,35,1968,2,9
"2025000021671",1,9,2,1,0,0,1,1,33,1986,2,18
"2025000021671",2,9,1,1,0,0,2,1,21,1390,1,15
"2025000021672",1,5,13,0,0,0,1,1,60,890,1,0
"2025000021672",2,9,13,0,0,0,2,1,34,2143,2,9
"2025000021673",1,9,19,1,0,0,1,2,31,1242,1,12
"2025000021673",2,9,19,1,0,0,1,2,46,1997,2,13
"2025000021674",1,9,9,5,0,0,1,2,33,1199,1,1
"2025000021674",2,1,19,8,0,0,1,1,55,-1,-1,-1
"2025000021675",2,9,9,8,0,0,3,1,56,1685,2,4
"2025000021675",1,9,19,8,0,0,1,1,-1,1995,2,15
"2025000021676",2,9,9,6,0,0,3,1,32,1598,2,10
"2025000021676",1,3,19,8,0,0,1,1,19,125,1,0
"2025000021677",1,9,4,1,0,0,1,1,47,1984,1,14
"2025000021677",2,9,10,1,0,0,2,1,58,1998,2,2
"2025000021678",2,9,5,0,0,0,3,2,-1,-1,-1,-1
"2025000021678",1,9,15,0,0,0,4,2,58,1390,1,16
"2025000021679",2,9,19,1,0,0,3,1,67,1598,2,6
"2025000021679",1,9,19,2,0,0,1,3,-1,-1,-1,-1
"2025000021680",2,1,19,1,0,0,4,2,65,-1,-1,-1
"2025000021680",1,9,7,1,0,0,4,1,27,1199,1,2
"2025000021681",1,9,10,8,0,0,1,2,23,1498,1,1
"2025000021681",2,2,19,8,0,0,1,1,30,125,1,2
"2025000021682",2,9,5,6,0,0,1,2,32,1984,1,15
"2025000021682",1,11,19,8,0,0,1,1,54,6696,2,8
"2025000021683",1,5,19,0,0,0,4,1,56,999,1,1
"2025000021684",2,1,9,5,1,0,1,1,67,-1,-1,-1
"2025000021684",1,9,19,1,0,0,1,1,40,1580,8,6
"2025000021685",1,9,6,0,0,0,3,2,23,1124,1,21
"2025000021685",2,5,19,0,5,0,1,1,50,1215,1,5
"2025000021686",2,21,4,1,0,4,1,1,40,12740,2,5
"2025000021686",1,8,4,1,0,4,2,1,48,1797,8,8
"2025000021687",2,9,4,0,0,0,2,1,27,1498,1,1
"2025000021687",1,9,19,0,0,0,1,3,30,1598,1,14
"2025000021688",2,9,99,9,9,99,9,3,-1,-1,-1,-1
"2025000021688",1,11,99,9,9,99,9,1,42,5132,2,4
"2025000021689",1,3,19,0,0,0,4,1,53,123,1,37
"2025000021690",1,9,9,8,0,0,3,2,31,1995,2,14
"2025000021690",2,9,19,8,0,0,1,1,58,-1,3,4
"2025000021691",2,21,3,0,0,0,2,1,46,2998,2,3
"2025000021691",1,9,19,0,0,0,1,1,83,1499,2,6
"2025000021692",1,3,4,1,0,0,2,1,29,110,1,1
"2025000021692",2,9,19,1,0,0,1,1,56,1499,1,1
"2025000021693",1,9,9,5,0,0,1,1,22,1984,1,1
"2025000021693",3,9,19,1,0,0,1,1,29,1397,1,11
"2025000021693",2,9,19,1,0,0,1,2,31,2987,2,10
"2025000021694",1,9,9,2,0,0,0,3,29,1395,1,1
"2025000021694",2,11,19,1,0,0,0,1,64,7300,2,6
"2025000021695",1,9,19,0,0,0,3,2,30,2143,2,5
"2025000021695",2,19,19,0,0,0,3,1,31,2200,2,0
"2025000021696",1,9,-1,0,-1,-1,-1,1,86,1200,1,1
"2025000021697",1,9,2,1,0,0,3,2,48,1229,1,9
"2025000021697",2,1,14,8,0,4,1,1,30,-1,-1,-1
"2025000021698",2,1,9,1,0,0,4,1,51,-1,-1,-1
"2025000021698",1,9,9,1,0,0,2,1,44,-1,3,5
"2025000021699",1,9,7,5,0,0,3,1,67,1499,1,6
"2025000021699",2,1,19,1,0,0,2,1,41,-1,-1,-1
"2025000021699",3,1,19,1,0,0,3,1,26,-1,-1,-1
"2025000021700",1,9,9,1,0,0,1,1,61,1598,1,11
"2025000021700",2,9,19,2,0,0,1,1,30,2993,2,17
"2025000021701",1,9,-1,-1,-1,-1,-1,3,-1,-1,-1,-1
"2025000021702",2,10,19,8,0,0,1,1,67,2143,2,6
"2025000021702",1,9,9,6,0,0,3,1,65,1999,1,15
"2025000021703",1,9,19,0,0,0,0,3,40,1296,1,15
"2025000021704",1,9,19,4,2,9,1,1,22,2998,1,4
"2025000021705",1,9,19,1,0,0,4,1,17,1390,1,18
"2025000021705",2,5,19,1,0,0,1,1,33,649,1,4
"2025000021706",1,9,19,8,0,0,1,2,56,1199,1,6
"2025000021707",1,9,9,5,0,0,3,1,71,1332,1,3
"2025000021707",2,19,19,1,0,0,1,1,62,-1,-1,-1
"2025000021707",3,19,19,1,0,0,1,1,62,-1,-1,-1
"2025000021708",1,9,19,8,0,0,4,2,31,1242,1,9
"2025000021708",2,9,7,8,0,0,3,3,-1,-1,-1,-1
"2025000021709",2,9,19,0,1,0,4,1,46,1997,2,9
"2025000021709",1,9,9,0,0,0,1,2,-1,1395,1,7
"2025000021710",1,9,19,8,0,0,3,2,29,1461,2,12
"2025000021710",2,9,19,8,0,0,1,3,-1,-1,-1,-1
"2025000021711",2,5,19,1,0,0,1,2,51,865,1,9
"2025000021711",1,9,6,2,0,0,4,1,50,1995,2,12
"2025000021712",1,9,9,5,0,0,1,1,21,1248,2,12
"2025000021713",1,9,6,1,0,0,0,1,42,1797,8,11
"2025000021714",1,5,9,8,2,0,4,1,59,1137,1,21
"2025000021715",1,1,19,8,0,0,1,1,23,-1,-1,-1
"2025000021716",2,9,5,4,0,0,1,1,66,1999,1,20
"2025000021716",1,9,5,3,0,0,4,1,50,1998,8,2
"2025000021717",1,9,9,8,0,0,1,2,30,998,1,12
"2025000021717",2,9,19,8,0,0,1,2,24,1199,1,2
"2025000021718",1,9,-1,1,-1,-1,-1,3,43,-1,-1,-1
"2025000021719",2,9,19,0,0,0,1,2,32,1595,1,3
"2025000021719",1,19,19,0,0,0,1,1,51,1560,2,9
"2025000021720",3,9,19,8,0,0,3,2,20,1390,1,11
"2025000021720",1,9,19,1,0,0,1,2,43,1496,2,9
"2025000021720",2,9,10,1,0,0,2,2,24,1199,1,4
"2025000021721",2,5,19,8,0,0,1,1,30,1690,1,6
"2025000021721",1,9,9,5,0,0,1,1,46,1969,2,4
"2025000021722",1,11,99,9,9,99,9,3,-1,-1,-1,-1
"2025000021723",1,9,99,9,9,99,2,2,26,1197,1,6
"2025000021723",2,9,99,9,9,99,9,1,22,1995,2,18
"2025000021724",1,9,4,1,0,0,1,1,39,2967,2,11
"2025000021724",2,1,19,8,0,0,4,2,57,-1,-1,-1
"2025000021725",2,19,19,0,0,0,1,1,40,1598,2,7
"2025000021725",1,9,19,0,0,0,2,2,43,2755,2,1
"2025000021726",2,3,19,1,0,0,1,1,18,125,1,3
"2025000021726",1,9,9,1,0,0,4,1,20,-1,-1,-1
"2025000021727",1,1,19,0,0,0,1,3,-1,-1,-1,-1
"2025000021728",1,1,19,0,0,0,2,1,17,-1,-1,-1
"2025000021728",2,9,19,0,0,0,2,3,-1,-1,-1,-1
"2025000021729",1,9,4,0,0,0,1,1,47,2199,2,11
"2025000021730",2,19,19,8,1,0,1,1,32,1995,2,8
"2025000021730",1,9,9,5,1,0,4,2,48,1560,2,11
"2025000021731",2,9,9,8,0,0,2,1,30,1560,2,13
"2025000021731",1,9,19,1,0,0,2,3,-1,3200,2,15
"2025000021732",2,9,10,1,0,0,3,2,36,1598,8,3
"2025000021732",1,4,13,1,5,0,1,1,28,373,1,2
"2025000021733",1,9,9,1,0,0,1,2,30,1896,2,15
"2025000021733",2,9,19,1,0,0,1,2,39,1998,1,16
"2025000021734",1,5,19,1,2,0,0,1,49,800,1,11
"2025000021735",2,21,19,8,3,0,1,1,56,-1,-1,-1
"2025000021735",1,9,9,5,1,0,2,1,56,-1,-1,-1
"2025000021736",1,8,5,2,0,0,3,1,55,1798,8,3
"2025000021736",2,1,19,2,0,0,1,2,32,-1,-1,-1
"2025000021737",1,9,19,0,1,0,4,2,22,1968,2,17
"2025000021738",1,3,99,9,9,99,9,1,33,125,1,5
"2025000021738",2,9,99,9,9,99,2,3,-1,3311,8,18
"2025000021739",2,3,19,8,0,0,1,2,20,124,1,1
"2025000021739",1,9,19,8,0,0,4,2,27,2199,2,8
"2025000021740",1,11,99,9,9,99,0,1,52,5132,2,4
"2025000021741",1,9,19,0,1,0,1,1,42,1790,8,7
"2025000021741",2,9,19,0,1,0,3,1,42,-1,-1,-1
"2025000021742",1,9,19,0,0,0,3,3,50,-1,-1,-1
"2025000021742",2,9,19,0,0,0,3,1,51,1997,1,7
"2025000021743",1,9,19,1,0,0,1,3,-1,-1,-1,-1
"2025000021744",2,9,99,9,9,99,1,3,-1,1398,1,9
"2025000021744",1,3,99,9,9,99,1,1,26,125,1,5
"2025000021745",2,9,19,1,0,0,1,1,64,1560,2,10
"2025000021745",1,9,19,1,0,0,1,1,76,3996,1,1
"2025000021746",2,9,19,1,0,0,1,2,45,2143,2,6
"2025000021746",1,9,9,6,0,0,3,1,83,1329,1,12
"2025000021747",1,9,4,1,0,0,2,1,67,1600,2,12
"2025000021747",2,9,19,1,0,0,1,1,43,1998,2,15
"2025000021748",1,9,1,0,0,0,2,1,44,2143,2,9
"2025000021749",2,21,7,0,1,0,3,1,40,12809,2,6
"2025000021749",1,9,19,0,0,0,1,1,51,1968,2,12
"2025000021750",2,9,19,6,0,0,1,2,35,1999,2,4
"2025000021750",1,9,19,8,0,0,3,2,30,1498,1,4
"2025000021751",1,9,8,1,0,0,3,2,60,1395,1,6
"2025000021751",2,9,14,1,0,0,9,3,-1,1997,2,6
"2025000021752",1,9,19,0,0,0,2,1,64,1968,2,8
"2025000021752",2,9,19,0,0,0,1,2,24,1461,2,12
"2025000021752",3,19,19,0,1,0,1,1,48,2287,2,7
"2025000021753",3,9,10,1,0,0,2,2,39,1398,1,5
"2025000021753",2,9,10,1,0,0,2,1,25,1395,1,6
"2025000021753",1,9,5,1,0,0,1,2,48,1956,2,8
"2025000021754",1,9,19,7,0,11,1,1,77,1560,2,10
"2025000021755",1,11,-1,8,-1,-1,-1,3,-1,-1,-1,-1
"2025000021756",2,9,99,9,9,99,9,2,-1,1598,1,14
"2025000021756",1,3,99,9,9,99,1,1,34,125,1,8
"2025000021757",1,9,8,6,0,0,1,1,46,1332,1,4
"2025000021757",2,1,19,8,0,0,4,1,30,-1,-1,-1
"2025000021758",2,9,5,1,0,0,4,2,26,1332,1,1
"2025000021758",1,9,9,8,0,0,1,1,42,1994,1,22
"2025000021759",1,9,7,2,0,0,1,1,21,999,1,0
"2025000021759",2,9,9,2,0,0,1,2,68,1398,1,13
"2025000021760",2,1,19,0,0,0,2,2,7,-1,-1,-1
"2025000021760",1,9,-1,0,-1,-1,-1,3,-1,-1,-1,-1
"2025000021761",2,1,19,1,0,0,1,1,-1,-1,-1,-1
"2025000021761",1,9,9,1,0,0,2,1,40,1598,2,7
"2025000021762",1,9,9,6,0,0,1,2,24,1598,2,10
"2025000021762",2,1,19,8,0,0,4,1,35,-1,-1,-1
"2025000021763",1,9,19,8,0,0,1,1,43,2993,2,1
"2025000021763",2,1,19,8,0,0,1,2,41,-1,-1,-1
"2025000021764",2,1,19,1,0,0,1,1,61,-1,-1,-1
"2025000021764",1,9,9,2,0,0,3,2,25,1560,2,14
"2025000021765",1,9,19,8,0,0,4,2,53,1199,1,2
"2025000021766",1,9,19,3,1,10,1,2,18,1242,1,11
"2025000021767",1,19,19,0,2,10,4,3,-1,1950,2,0
"2025000021768",2,9,19,1,0,0,1,1,54,1598,2,7
"2025000021768",1,9,19,1,0,0,1,1,50,1490,1,14
"2025000021769",1,3,19,0,1,10,3,1,21,124,1,2
"2025000021770",2,9,19,8,0,0,4,2,20,1396,1,17
"2025000021770",1,9,5,8,0,0,1,1,-1,1332,1,0
"2025000021771",2,9,19,0,0,0,2,1,52,1198,1,3
"2025000021771",1,9,19,0,0,0,1,2,26,1395,1,5
"2025000021772",1,8,7,0,0,0,1,2,42,1797,8,10
"2025000021772",2,1,19,0,0,0,1,1,55,-1,-1,-1
"2025000021773",1,19,19,0,0,0,1,-1,-1,2402,2,19
"2025000021773",2,19,19,0,0,0,2,1,37,2143,2,4
"2025000021774",1,9,19,1,0,0,1,2,40,1968,2,12
"2025000021774",2,9,19,1,0,0,2,1,25,1968,2,0
"2025000021775",1,98,11,8,0,0,4,1,-1,-1,-1,-1
"2025000021775",2,9,19,8,0,0,3,1,60,1587,1,13
"2025000021776",1,11,19,0,0,0,0,1,50,6700,2,9
"2025000021777",1,9,9,2,0,0,4,1,-1,-1,-1,-1
"2025000021777",2,9,10,2,0,0,3,2,51,-1,-1,-1
"2025000021778",1,9,19,8,1,10,1,1,21,1499,1,6
"2025000021779",1,19,19,1,0,0,1,1,32,2198,2,9
"2025000021780",1,9,9,6,0,0,4,2,44,1498,1,6
"2025000021780",2,5,-1,8,0,0,3,1,65,765,1,2
"2025000021781",2,1,19,0,0,0,1,1,21,-1,-1,-1
"2025000021781",1,9,19,0,0,0,1,1,66,1998,1,19
"2025000021782",1,9,19,1,0,0,4,2,72,1388,1,14
"2025000021783",2,1,19,0,0,0,1,2,22,-1,-1,-1
"2025000021783",1,11,19,0,0,0,2,1,70,5132,2,5
"2025000021784",1,11,4,1,0,0,9,1,56,6700,2,9
"2025000021785",1,9,19,4,0,0,1,1,51,1596,1,8
"2025000021785",2,1,19,8,0,0,4,1,63,-1,-1,-1
"2025000021786",2,21,19,1,0,0,3,1,58,12902,2,3
"2025000021786",1,9,5,7,0,0,3,2,51,2143,2,8
"2025000021787",1,9,4,1,0,0,1,2,40,1461,2,10
"2025000021787",2,9,4,1,0,0,2,1,72,1490,8,1
"2025000021788",1,9,19,0,1,0,1,2,52,1498,1,1
"2025000021788",2,9,19,0,0,0,1,2,61,1248,1,8
"2025000021789",4,9,2,0,0,4,3,2,17,1388,1,13
"2025000021789",1,9,19,0,0,0,1,1,58,1995,2,5
"2025000021789",3,9,19,0,0,0,0,1,31,1499,2,6
"2025000021789",2,9,9,0,0,0,1,1,29,2688,2,19
"2025000021790",1,9,19,2,1,10,1,1,22,2993,2,3
"2025000021791",1,3,19,8,0,10,1,2,23,125,1,0
"2025000021792",1,9,19,1,0,0,1,1,46,1998,8,7
"2025000021792",4,9,19,1,0,0,1,1,31,1598,1,11
"2025000021792",3,9,19,1,0,0,1,1,62,999,1,3
"2025000021792",5,9,19,1,0,0,1,1,25,2993,1,0
"2025000021792",2,9,19,2,0,0,1,2,59,1798,8,3
"2025000021793",2,9,13,8,5,10,3,1,19,1364,1,17
"2025000021793",1,9,9,5,0,10,3,2,31,999,1,4
"2025000021794",7,9,19,0,0,0,2,1,59,4197,1,14
"2025000021794",3,9,19,0,5,4,2,2,78,998,1,2
"2025000021794",8,9,19,0,0,0,1,1,89,999,1,2
"2025000021794",1,9,19,0,0,0,1,1,37,1984,1,1
"2025000021794",5,9,19,0,0,0,2,1,31,1390,1,9
"2025000021794",2,9,19,0,0,0,2,2,64,1498,1,1
"2025000021794",4,19,19,0,0,0,2,1,63,2198,2,9
"2025000021794",6,9,19,0,0,0,2,1,52,-1,-1,-1
"2025000021795",2,1,-1,-1,-1,-1,-1,1,25,-1,-1,-1
"2025000021795",1,9,-1,-1,-1,-1,-1,1,-1,1797,8,11
"2025000021796",1,9,19,0,0,0,2,1,44,-1,-1,-1
"2025000021797",1,9,4,0,0,0,4,1,39,1995,2,7
"2025000021797",2,9,4,0,1,0,3,2,24,1998,1,1
"2025000021798",2,11,19,0,0,0,0,1,61,12600,2,9
"2025000021798",1,9,19,0,0,0,0,3,-1,-1,-1,-1
"2025000021799",1,9,19,0,0,0,1,3,-1,-1,-1,-1
"2025000021799",2,9,9,0,1,0,4,1,28,1910,2,14
"2025000021800",1,4,19,0,2,0,0,1,61,1552,1,17
"2025000021801",1,9,99,9,9,99,9,1,34,1598,2,6
"2025000021802",1,8,3,1,0,0,2,1,32,1797,8,10
"2025000021802",2,9,19,1,0,0,1,2,-1,1396,1,13
"2025000021803",2,9,19,1,0,0,4,1,68,-1,-1,-1
"2025000021803",1,9,10,8,0,0,1,1,64,1598,2,4
"2025000021804",2,9,99,0,9,99,9,3,-1,1149,1,15
"2025000021804",1,3,99,0,9,99,9,1,50,124,1,1
"2025000021805",1,9,19,1,0,0,1,2,34,2494,8,5
"2025000021806",1,11,19,0,0,0,4,1,58,5132,2,3
"2025000021807",1,9,19,4,0,0,1,1,35,1497,8,16
"2025000021808",1,11,5,4,0,0,0,1,47,4461,2,8
"2025000021809",2,9,4,0,0,0,2,1,-1,1796,1,15
"2025000021809",1,9,4,0,0,0,1,1,-1,1968,2,11
"2025000021810",1,9,11,8,0,0,0,3,-1,-1,-1,-1
"2025000021810",2,11,19,8,0,0,0,1,34,6700,2,1
"2025000021811",1,9,2,0,0,8,4,3,-1,1798,8,7
"2025000021811",2,1,14,0,0,4,1,1,46,-1,-1,-1
"2025000021812",2,1,19,8,0,0,1,1,60,-1,-1,-1
"2025000021812",1,9,5,6,0,0,1,1,62,1498,1,2
"2025000021813",2,9,3,8,0,0,0,2,34,1398,1,8
"2025000021813",4,9,19,1,1,0,1,1,60,1598,2,9
"2025000021813",1,3,19,1,2,0,1,2,21,124,1,2
"2025000021813",3,9,3,1,0,0,2,2,37,1461,2,7
"2025000021814",1,3,99,9,9,99,9,3,23,125,1,4
"2025000021814",2,9,99,9,9,99,9,3,-1,-1,-1,-1
"2025000021815",2,9,19,1,0,0,3,3,-1,-1,-1,-1
"2025000021815",1,9,19,1,0,0,4,1,35,1499,2,2
"2025000021816",2,1,14,0,0,0,1,1,28,-1,-1,-1
"2025000021816",1,9,2,0,0,0,3,1,37,1598,2,7
"2025000021817",3,8,10,1,0,0,1,1,45,1560,2,5
"2025000021817",1,9,9,5,0,0,3,1,83,1248,1,8
"2025000021817",2,9,19,8,0,0,4,1,44,2993,2,17
"2025000021818",1,11,2,0,0,0,0,1,52,4500,2,1
"2025000021819",1,9,19,0,0,0,1,2,39,1560,2,9
"2025000021820",2,19,19,0,1,0,2,1,42,1995,2,5
"2025000021820",1,9,12,0,1,0,1,1,20,-1,-1,-1
"2025000021821",1,9,99,9,9,99,1,2,28,1995,2,6
"2025000021821",2,9,99,9,9,99,9,3,-1,1998,8,7
"2025000021822",1,9,19,0,2,0,1,2,18,998,1,14
"2025000021823",1,1,99,9,9,99,9,1,36,-1,-1,-1
"2025000021823",2,9,99,9,9,99,1,3,-1,-1,-1,-1
"2025000021824",1,9,4,0,0,0,1,1,37,1560,2,16
"2025000021824",2,9,3,0,0,0,2,1,-1,3605,1,12
"2025000021825",2,19,19,8,0,0,1,1,37,-1,3,1
"2025000021825",1,9,9,4,0,0,1,2,30,1499,1,4
"2025000021826",2,9,19,2,0,0,1,1,59,1997,1,10
"2025000021826",1,9,9,8,0,0,3,1,81,1997,1,10
"2025000021827",1,9,99,9,9,99,2,1,51,4966,7,18
"2025000021828",3,9,3,0,0,0,2,2,36,998,1,7
"2025000021828",2,9,3,0,0,0,2,2,40,1968,2,2
"2025000021828",1,9,3,0,0,0,1,2,62,999,1,1
"2025000021829",2,9,2,0,0,0,2,3,-1,1968,2,11
"2025000021829",1,9,19,0,0,4,1,1,29,1995,2,9
"2025000021830",1,9,2,0,0,0,1,2,73,1229,1,19
"2025000021831",1,9,4,1,0,0,1,2,21,1329,1,14
"2025000021831",2,9,1,1,0,0,2,2,32,2143,2,8
"2025000021832",2,1,19,8,0,0,4,2,58,-1,-1,-1
"2025000021832",1,9,9,6,0,0,1,2,42,2143,2,6
"2025000021833",1,9,1,0,0,0,2,2,28,1477,1,1
"2025000021834",2,5,14,1,0,0,3,1,61,1254,1,0
"2025000021834",1,9,9,6,0,0,1,1,31,1229,1,12
"2025000021835",1,3,19,2,2,0,1,1,44,125,1,6
"2025000021836",1,19,19,8,0,0,1,1,28,-1,-1,-1
"2025000021836",2,9,10,8,0,0,2,2,38,1968,2,16
"2025000021837",1,3,19,0,0,0,1,1,23,765,1,3
"2025000021838",1,2,19,2,0,0,1,2,16,49,1,10
"2025000021838",2,9,3,2,0,0,2,1,71,1968,2,8
"2025000021839",2,9,3,3,0,0,1,2,27,-1,-1,-1
"2025000021839",1,19,3,3,0,0,-1,1,17,2299,2,11
"2025000021840",1,9,19,0,0,0,1,2,65,1968,2,9
"2025000021841",1,9,19,0,0,0,3,1,29,1242,1,16
"2025000021842",1,9,19,0,0,0,1,3,-1,-1,-1,-1
"2025000021842",2,9,19,0,0,0,1,1,37,1968,2,16
"2025000021843",1,9,99,9,9,99,2,3,34,-1,-1,-1
"2025000021843",2,9,99,9,9,99,1,1,28,1498,1,3
"2025000021844",1,9,9,1,0,0,0,2,35,1499,1,2
"2025000021844",2,1,19,1,0,0,0,1,35,-1,-1,-1
"2025000021845",1,9,19,0,2,0,1,1,37,1798,1,14
"2025000021846",1,4,19,8,0,0,4,1,27,471,1,8
"2025000021846",2,9,19,8,0,0,3,1,38,1598,1,14
"2025000021847",2,9,19,8,0,0,1,1,30,1968,2,15
"2025000021847",1,9,19,8,0,0,4,2,36,1461,2,6
"2025000021848",1,19,19,0,0,0,1,1,31,1995,2,2
"2025000021848",2,9,5,0,0,0,3,2,30,1364,1,10
"2025000021848",3,9,19,0,0,0,0,3,-1,-1,-1,-1
"2025000021849",1,-1,19,0,5,0,1,1,-1,-1,-1,-1
"2025000021850",1,19,5,4,0,0,1,1,32,2198,2,9
"2025000021850",2,9,9,3,0,0,4,2,26,1242,1,13
"2025000021851",2,9,19,0,0,0,-1,2,45,1339,1,17
"2025000021851",1,19,1,0,0,0,1,1,-1,1968,2,13
"2025000021852",2,9,2,1,0,0,2,-1,-1,1248,1,7
"2025000021852",1,9,20,1,0,0,1,1,70,1498,1,0
"2025000021853",1,9,19,0,1,0,1,2,17,1398,1,11
"2025000021854",2,9,8,1,0,0,4,1,35,1997,2,6
"2025000021854",1,21,7,1,0,4,4,1,45,-1,-1,-1
"2025000021855",1,9,19,2,0,0,1,1,42,1798,8,3
"2025000021856",1,9,19,0,0,0,1,2,26,1422,2,19
"2025000021856",2,9,19,0,0,0,1,1,30,1368,1,5
"2025000021857",1,9,19,0,0,0,1,1,83,999,1,2
"2025000021858",1,9,19,1,0,0,2,3,-1,-1,-1,-1
"2025000021859",1,11,99,9,9,99,9,3,-1,4500,2,6
"2025000021860",1,9,6,0,0,0,3,1,65,1995,2,8
"2025000021860",2,1,19,0,1,0,1,1,26,-1,-1,-1
"2025000021861",1,9,19,0,0,0,1,1,26,-1,3,1
"2025000021862",1,9,9,5,0,0,1,3,-1,1798,8,0
"2025000021863",1,19,14,1,0,11,2,3,-1,3198,2,2
"2025000021863",2,9,2,1,0,0,1,2,43,2993,2,12
"2025000021864",1,9,19,0,0,0,3,1,78,1197,1,8
"2025000021864",2,1,19,0,0,0,3,1,59,-1,-1,-1
"2025000021865",1,98,19,2,0,4,1,3,38,-1,-1,-1
"2025000021865",2,98,2,2,0,0,1,1,59,-1,-1,-1
"2025000021866",1,9,9,6,0,0,-1,2,-1,998,1,5
"2025000021866",2,9,19,8,0,0,4,1,68,1197,1,10
"2025000021867",2,3,19,4,0,0,1,1,35,125,1,1
"2025000021867",1,9,7,4,0,0,4,1,46,1968,2,9
"2025000021868",1,9,19,1,1,0,1,1,38,1995,2,12
"2025000021868",2,9,5,8,0,0,4,1,43,1598,1,16
"2025000021869",1,9,19,1,0,0,1,1,63,1998,1,2
"2025000021869",2,9,19,1,0,0,1,1,24,1368,1,1
"2025000021870",1,9,19,1,0,0,2,2,52,999,1,5
"2025000021870",2,9,19,1,0,0,1,1,30,1461,2,10
"2025000021871",2,9,2,8,0,0,2,-1,-1,-1,-1,-1
"2025000021871",1,9,19,8,5,4,1,1,45,1199,1,1
"2025000021872",1,11,19,0,2,10,0,1,47,7300,2,10
"2025000021872",2,1,19,0,2,0,0,1,14,-1,-1,-1
"2025000021873",2,9,3,0,0,0,2,2,45,1598,2,5
"2025000021873",1,9,19,0,0,0,1,2,52,1364,1,12
"2025000021874",2,9,19,8,5,0,4,1,23,998,1,0
"2025000021874",1,9,9,5,0,0,1,1,65,1998,8,4
"2025000021875",1,9,19,6,0,0,1,1,58,1598,1,6
"2025000021876",1,11,4,1,0,0,0,1,71,4461,2,9
"2025000021877",2,3,19,8,5,0,4,1,17,125,1,10
"2025000021877",1,9,19,8,0,0,1,1,20,899,1,6
"2025000021878",1,9,19,0,0,11,3,2,24,1242,1,12
"2025000021879",1,9,99,9,9,99,2,1,48,2143,2,8
"2025000021879",2,3,99,9,9,99,9,1,49,108,1,5
"2025000021880",1,9,7,6,0,0,4,2,64,1497,8,13
"2025000021880",2,1,19,1,0,0,1,1,39,-1,-1,-1
"2025000021881",2,1,19,2,0,0,1,1,53,-1,-1,-1
"2025000021881",1,9,9,6,0,0,3,1,53,998,1,5
"2025000021882",1,9,19,1,0,4,1,2,58,1998,8,3
"2025000021882",2,9,2,1,0,0,2,3,-1,1198,1,6
"2025000021883",2,9,19,1,0,0,1,1,43,1560,2,9
"2025000021883",1,19,9,6,0,0,3,3,-1,-1,-1,-1
"2025000021884",2,9,19,0,1,0,3,1,32,1360,1,15
"2025000021884",1,21,11,0,0,0,1,1,35,11120,2,7
"2025000021885",2,9,4,1,0,0,2,2,23,1598,1,6
"2025000021885",1,9,19,1,0,0,1,1,25,1422,2,6
"2025000021886",1,3,19,0,1,0,3,2,54,125,1,64
"2025000021886",2,3,19,0,0,0,4,1,58,198,1,41
"2025000021887",2,10,9,1,0,0,3,1,34,2198,2,10
"2025000021887",1,3,9,1,5,0,1,1,17,124,1,10
"2025000021888",3,9,19,0,1,0,3,1,55,-1,-1,-1
"2025000021888",2,9,19,0,0,0,3,1,29,1968,2,15
"2025000021888",1,9,19,0,0,0,1,1,35,-1,-1,-1
"2025000021889",1,9,19,2,0,0,1,2,23,1461,2,14
"2025000021890",1,9,19,1,0,0,1,2,72,1395,1,7
"2025000021891",1,9,19,4,0,0,3,1,60,-1,-1,-1
"2025000021891",2,1,19,8,0,0,1,1,47,-1,-1,-1
"2025000021892",1,5,19,0,0,0,3,1,39,-1,-1,-1
"2025000021893",1,9,3,1,0,0,2,1,62,1560,2,13
"2025000021893",2,9,19,1,0,0,1,1,-1,-1,-1,-1
"2025000021894",1,9,3,4,0,0,1,2,32,1461,2,10
"2025000021894",2,9,4,4,0,0,2,2,42,1968,2,6
"2025000021895",1,19,19,0,1,0,1,1,57,1248,2,15
"2025000021896",1,9,7,1,0,0,1,2,41,1390,1,11