"collision_index","vehicle_reference","vehicle_type","vehicle_manoeuvre","junction_location","skidding_and_overturning","hit_object_in_carriageway","first_point_of_impact","sex_of_driver","age_of_driver","engine_capacity_cc","propulsion_code","age_of_vehicle"
"2025000021896",2,9,8,1,5,0,2,2,43,1598,1,1
"2025000021897",2,9,19,0,0,0,3,2,32,1499,1,7
"2025000021897",1,21,19,0,0,0,4,1,55,12902,2,5
"2025000021898",1,1,99,9,9,99,2,2,42,-1,-1,-1
"2025000021899",2,9,99,9,9,99,1,3,-1,1364,1,9
"2025000021899",1,3,99,9,9,99,2,3,34,125,1,1
"2025000021900",3,9,2,1,0,0,1,-1,-1,2987,2,14
"2025000021900",4,9,2,1,0,0,3,-1,-1,1399,2,14
"2025000021900",2,9,19,1,0,0,1,1,41,1995,2,9
"2025000021900",1,3,19,1,1,4,1,1,23,124,1,2
"2025000021901",2,9,99,9,9,99,9,3,-1,1796,1,17
"2025000021901",1,3,99,9,9,99,9,1,36,125,1,4
"2025000021902",1,21,11,0,0,0,4,1,-1,12777,2,6
"2025000021902",2,9,19,0,1,0,3,2,20,1242,1,13
"2025000021903",4,9,19,0,0,0,3,1,-1,-1,-1,-1
"2025000021903",2,21,19,0,0,0,2,1,68,9290,5,2
"2025000021903",3,9,19,0,0,0,3,1,34,1598,8,2
"2025000021903",1,20,19,0,0,0,1,1,48,2143,2,6
"2025000021904",2,98,19,0,0,0,3,1,58,-1,-1,-1
"2025000021904",1,9,19,0,0,0,4,1,61,1199,1,0
"2025000021905",1,9,4,1,0,0,1,1,59,1498,1,1
"2025000021905",2,11,3,1,0,0,2,1,29,5132,2,3
"2025000021906",2,2,19,3,9,0,1,1,18,49,1,1
"2025000021906",1,9,5,4,9,0,3,2,68,1499,1,8
"2025000021907",1,1,19,0,0,99,3,1,20,-1,-1,-1
"2025000021907",2,19,3,0,0,99,1,1,-1,1968,2,1
"2025000021908",3,9,19,1,0,0,0,1,31,1956,2,11
"2025000021908",2,5,19,1,0,0,1,1,-1,998,1,7
"2025000021908",1,9,9,6,0,0,3,2,34,1560,2,5
"2025000021909",2,9,19,4,0,0,3,1,68,1149,1,11
"2025000021909",1,9,19,3,0,0,1,2,23,999,1,1
"2025000021910",1,9,10,1,0,0,2,1,36,1596,1,15
"2025000021910",2,9,19,1,0,0,1,2,-1,1395,1,6
"2025000021911",1,11,99,9,9,99,0,1,36,6700,2,12
"2025000021912",2,3,19,1,0,0,1,1,51,125,1,1
"2025000021912",1,9,9,6,0,0,3,2,18,1348,1,21
"2025000021913",1,9,5,8,0,0,3,2,82,1242,1,18
"2025000021913",2,9,19,1,0,0,1,1,49,-1,-1,-1
"2025000021914",2,9,99,9,9,99,9,3,-1,-1,-1,-1
"2025000021914",1,1,99,9,9,99,9,2,32,-1,-1,-1
"2025000021915",1,9,9,5,0,0,1,2,70,1399,2,13
"2025000021915",2,1,19,8,5,0,1,1,60,-1,-1,-1
"2025000021916",1,9,5,2,0,0,1,1,54,-1,-1,-1
"2025000021916",2,11,19,2,0,0,2,-1,20,-1,-1,-1
"2025000021917",1,9,1,8,0,0,2,3,-1,-1,-1,-1
"2025000021918",1,9,9,6,0,0,1,2,33,1200,1,1
"2025000021918",2,9,19,1,0,0,1,1,52,-1,-1,-1
"2025000021919",1,9,3,2,0,0,1,1,27,1598,1,8
"2025000021919",2,9,3,2,0,0,2,1,38,999,1,4
"2025000021920",1,9,5,0,0,0,1,2,65,899,1,8
"2025000021920",2,1,-1,0,0,0,-1,1,-1,-1,-1,-1
"2025000021921",1,3,7,1,1,0,0,2,18,124,1,0
"2025000021922",1,9,19,2,1,0,0,1,41,-1,-1,-1
"2025000021922",3,9,19,1,0,0,3,2,47,996,1,11
"2025000021922",2,9,19,1,1,0,1,2,60,1248,1,2
"2025000021923",1,3,19,1,0,0,0,1,34,125,1,8
"2025000021923",2,19,1,1,0,0,3,1,64,1997,2,7
"2025000021924",1,-1,19,0,0,0,1,1,32,-1,-1,-1
"2025000021924",2,9,9,0,0,0,4,2,44,999,1,9
"2025000021925",1,9,4,0,1,0,1,2,52,1968,2,7
"2025000021925",4,9,4,0,0,0,1,2,47,1595,1,17
"2025000021925",3,9,10,0,0,0,2,2,18,1499,2,8
"2025000021925",2,9,3,0,0,0,2,2,54,1997,1,5
"2025000021926",2,9,19,0,0,0,1,1,22,1598,2,8
"2025000021926",1,9,19,0,0,0,2,1,31,1968,2,7
"2025000021927",1,9,9,4,0,0,1,2,46,2261,1,3
"2025000021927",2,9,5,4,0,0,4,1,27,1368,1,14
"2025000021928",2,9,5,0,0,0,4,2,53,1198,1,12
"2025000021928",1,9,5,0,0,0,1,1,24,1598,2,12
"2025000021929",1,19,-1,6,0,0,1,1,-1,2143,2,5
"2025000021930",1,1,99,9,9,99,9,2,46,-1,-1,-1
"2025000021930",2,9,99,9,9,99,0,2,26,1999,2,4
"2025000021931",1,2,19,8,0,0,1,3,20,-1,-1,-1
"2025000021932",1,9,19,0,0,0,1,2,30,999,1,3
"2025000021933",2,9,19,0,0,0,3,2,68,998,1,1
"2025000021933",1,9,19,0,0,0,1,3,-1,1498,1,5
"2025000021934",1,9,19,0,1,0,4,1,37,1999,1,13
"2025000021935",1,3,19,8,0,0,1,1,21,125,1,0
"2025000021936",1,9,10,0,0,0,1,2,33,1598,1,11
"2025000021936",2,9,19,0,0,0,3,1,25,999,8,0
"2025000021937",1,9,19,0,0,0,-1,1,30,-1,-1,-1
"2025000021937",2,8,-1,0,-1,-1,-1,1,50,1968,2,4
"2025000021938",1,9,19,0,0,0,0,3,-1,-1,-1,-1
"2025000021939",1,9,5,2,0,0,3,1,25,1395,1,8
"2025000021939",2,9,19,1,0,0,1,1,35,1229,1,9
"2025000021940",2,9,2,1,0,0,2,1,50,1598,2,6
"2025000021940",1,9,19,1,0,0,1,3,-1,-1,-1,-1
"2025000021941",1,1,19,8,0,0,4,1,53,-1,-1,-1
"2025000021941",2,9,9,6,0,0,1,1,-1,-1,-1,-1
"2025000021942",1,11,19,1,0,0,1,1,39,6692,2,10
"2025000021943",1,9,19,0,2,0,0,1,48,1596,1,20
"2025000021944",2,21,3,0,0,0,2,1,55,10837,2,7
"2025000021944",1,19,19,0,1,0,1,1,18,1248,2,8
"2025000021944",4,9,3,0,0,0,2,2,33,998,1,5
"2025000021944",3,19,3,0,0,0,2,1,32,1995,2,7
"2025000021945",1,9,19,6,0,0,1,1,-1,-1,-1,-1
"2025000021946",2,-1,19,0,0,0,3,1,30,-1,-1,-1
"2025000021946",1,98,7,0,0,0,4,1,40,-1,-1,-1
"2025000021947",2,9,2,0,0,0,1,2,-1,1242,1,11
"2025000021947",4,9,2,0,0,0,3,2,-1,998,1,10
"2025000021947",1,9,2,0,0,4,1,1,81,1396,1,23
"2025000021947",3,9,2,0,0,0,2,2,-1,1840,1,20
"2025000021948",2,11,19,8,0,0,1,1,36,6700,2,7
"2025000021948",1,9,9,5,1,0,4,1,28,1199,1,0
"2025000021949",2,9,19,2,0,0,1,1,-1,-1,-1,-1
"2025000021949",1,9,19,2,0,0,2,1,35,2148,2,18
"2025000021950",2,9,19,0,0,0,1,1,35,998,1,4
"2025000021950",1,9,19,0,0,0,1,1,32,1499,2,6
"2025000021951",1,2,19,0,0,0,1,1,27,125,1,7
"2025000021952",1,9,19,0,0,0,4,1,33,1499,1,3
"2025000021953",2,11,19,0,0,0,1,1,36,9000,2,14
"2025000021953",1,9,7,0,0,0,4,1,45,-1,-1,-1
"2025000021954",2,9,2,0,0,0,2,3,-1,1499,1,4
"2025000021954",1,9,19,0,0,0,1,2,37,1598,2,6
"2025000021955",1,9,7,1,0,0,4,2,30,2143,2,6
"2025000021955",2,1,19,1,0,0,3,1,37,-1,-1,-1
"2025000021956",1,9,4,0,0,0,4,2,58,999,1,4
"2025000021957",2,17,2,0,0,0,0,3,-1,-1,-1,-1
"2025000021957",1,9,5,0,0,0,1,1,35,1390,1,13
"2025000021957",3,17,2,0,0,0,0,1,55,-1,-1,-1
"2025000021958",1,9,15,0,0,0,1,2,29,1242,1,2
"2025000021958",3,9,2,0,0,0,1,1,32,1388,1,12
"2025000021958",2,9,2,0,0,0,2,3,-1,1497,8,1
"2025000021959",1,9,-1,0,-1,-1,-1,1,-1,-1,-1,-1
"2025000021959",2,9,-1,0,-1,-1,-1,1,37,-1,-1,-1
"2025000021960",1,9,9,1,0,0,4,1,26,1968,2,9
"2025000021960",2,9,19,1,0,0,1,2,52,1997,2,20
"2025000021961",1,1,19,0,0,0,3,1,52,-1,-1,-1
"2025000021961",2,9,9,0,0,0,4,2,79,1364,1,6
"2025000021962",1,3,19,0,1,0,1,1,25,124,1,12
"2025000021963",1,3,19,8,0,0,1,1,31,-1,-1,-1
"2025000021963",2,9,9,8,0,0,1,1,50,1591,1,7
"2025000021964",1,9,9,0,0,0,4,1,31,1296,1,15
"2025000021964",2,1,19,0,0,0,1,1,27,-1,-1,-1
"2025000021965",1,9,19,6,0,0,-1,3,-1,-1,-1,-1
"2025000021966",2,9,7,4,0,0,1,2,-1,-1,-1,-1
"2025000021966",1,1,19,8,0,0,4,1,60,-1,-1,-1
"2025000021967",1,90,19,0,0,0,0,3,-1,-1,-1,-1
"2025000021967",2,5,19,0,0,0,0,1,67,998,1,1
"2025000021968",3,9,3,0,0,0,2,2,36,2987,2,10
"2025000021968",1,19,19,0,0,0,1,1,35,-1,-1,-1
"2025000021968",4,9,10,0,0,0,2,1,71,1598,2,9
"2025000021968",2,9,3,0,0,0,2,1,59,1998,1,2
"2025000021969",1,9,9,5,5,0,4,2,73,1339,1,6
"2025000021969",2,9,19,8,0,0,1,2,32,1995,1,17
"2025000021970",1,9,19,0,1,7,1,1,28,-1,-1,-1
"2025000021971",1,9,19,0,0,0,4,3,-1,-1,-1,-1
"2025000021972",1,4,99,9,9,99,9,2,64,279,1,12
"2025000021972",2,9,99,9,9,99,1,3,22,1339,1,17
"2025000021973",2,1,13,8,0,0,4,1,47,-1,-1,-1
"2025000021973",1,9,5,6,0,0,3,2,55,899,1,9
"2025000021974",1,9,19,0,5,0,4,1,17,1198,1,15
"2025000021975",1,9,19,0,1,0,4,1,21,1995,2,16
"2025000021976",1,9,19,-1,-1,-1,-1,1,-1,1796,1,16
"2025000021976",2,9,-1,-1,-1,-1,-1,1,23,1149,1,14
"2025000021977",3,3,19,0,0,0,1,1,17,125,1,2
"2025000021977",2,4,19,0,0,0,1,1,22,124,1,0
"2025000021977",1,3,19,0,0,0,1,1,19,125,1,2
"2025000021978",3,9,19,0,0,0,1,2,28,1995,2,13
"2025000021978",2,9,19,0,0,0,1,1,55,2143,2,13
"2025000021978",1,19,19,0,0,0,2,1,37,1598,2,8
"2025000021979",1,3,19,8,0,0,1,2,31,124,1,3
"2025000021979",2,9,7,6,0,0,1,2,61,1199,1,2
"2025000021980",1,23,19,0,5,4,1,2,27,-1,-1,-1
"2025000021980",3,9,2,0,0,0,1,3,-1,1995,2,3
"2025000021980",2,9,2,0,0,4,1,3,-1,1598,1,14
"2025000021981",1,4,19,2,0,0,3,1,50,-1,-1,-1
"2025000021981",2,1,19,2,0,0,1,1,19,-1,-1,-1
"2025000021982",1,9,9,0,0,0,3,1,67,1997,1,2
"2025000021982",2,9,3,0,0,0,1,2,58,1398,1,5
"2025000021983",1,9,9,6,0,0,0,2,73,1398,2,8
"2025000021983",2,4,19,1,1,0,1,2,18,124,1,8
"2025000021984",2,9,6,0,0,0,0,3,-1,-1,-1,-1
"2025000021984",1,3,19,0,1,0,0,1,22,125,1,5
"2025000021985",3,9,19,0,0,0,1,1,29,3199,1,19
"2025000021985",1,9,19,0,0,0,0,1,80,1998,1,16
"2025000021985",2,9,12,0,0,0,3,1,63,1198,1,8
"2025000021986",1,19,19,0,0,0,4,1,61,2143,2,5
"2025000021987",2,9,5,8,0,0,4,1,47,1995,2,5
"2025000021987",1,97,5,8,5,0,3,2,23,-1,-1,-1
"2025000021988",2,9,2,0,0,0,1,1,85,1596,1,13
"2025000021988",1,-1,14,0,0,0,1,1,-1,-1,-1,-1
"2025000021989",2,9,19,8,0,0,1,2,33,-1,-1,-1
"2025000021989",1,19,9,8,0,0,4,1,26,1995,2,2
"2025000021990",2,1,19,1,5,0,1,1,66,-1,-1,-1
"2025000021990",3,1,19,1,5,0,1,1,53,-1,-1,-1
"2025000021990",1,9,19,1,0,0,1,1,31,-1,-1,-1
"2025000021991",2,1,19,0,0,0,4,1,17,-1,-1,-1
"2025000021991",1,9,19,0,0,0,1,1,-1,-1,-1,-1
"2025000021992",1,5,4,1,2,0,4,1,25,649,1,20
"2025000021993",1,9,14,0,0,4,1,1,35,1461,2,5
"2025000021993",2,8,5,0,0,0,2,1,33,-1,-1,-1
"2025000021994",2,9,19,0,0,0,1,3,-1,-1,-1,-1
"2025000021994",1,9,19,0,0,0,1,1,53,1332,8,1
"2025000021995",2,3,19,1,0,0,4,1,22,125,1,1
"2025000021995",1,9,6,1,0,0,3,1,32,1999,1,10
"2025000021996",1,9,19,0,0,0,4,1,21,1995,2,8
"2025000021997",1,1,19,0,1,0,1,3,-1,-1,-1,-1
"2025000021998",1,9,19,4,0,0,4,1,35,1598,1,8
"2025000021998",2,9,19,4,0,0,1,3,30,2231,2,12
"2025000021999",1,9,7,8,0,0,1,1,44,1995,2,6
"2025000021999",2,2,9,8,0,0,3,2,50,125,1,0
"2025000022000",2,8,99,9,9,99,9,1,27,-1,3,1
"2025000022000",1,3,99,9,9,99,9,1,24,125,1,6
"2025000022001",2,9,19,1,0,0,1,1,56,1798,1,18
"2025000022001",1,9,9,6,0,0,1,1,18,1242,1,10
"2025000022002",1,9,7,2,0,0,1,1,30,1995,2,11
"2025000022003",1,9,19,8,1,0,1,1,30,1499,2,6
"2025000022004",2,1,7,6,0,0,1,2,15,-1,-1,-1
"2025000022004",1,21,19,8,0,0,4,1,58,12777,2,9
"2025000022005",1,-1,12,0,0,0,1,2,45,-1,-1,-1
"2025000022005",2,9,19,0,0,0,1,1,82,1398,2,12
"2025000022006",2,9,9,3,0,0,4,1,45,1995,2,8
"2025000022006",1,2,19,4,0,0,1,1,17,48,1,1
"2025000022007",1,9,7,-1,0,0,1,3,-1,1240,1,15
"2025000022007",2,9,-1,8,0,0,3,2,24,999,1,2
"2025000022008",1,19,19,1,0,4,1,1,32,1499,2,1
"2025000022008",2,19,2,1,1,0,2,3,-1,1560,2,9
"2025000022009",3,9,3,8,0,0,1,2,67,1197,8,1
"2025000022009",2,9,19,8,0,0,1,1,24,1994,1,20
"2025000022009",1,9,9,5,0,0,0,2,20,998,1,9
"2025000022010",1,9,5,8,0,0,4,3,-1,-1,-1,-1
"2025000022010",2,1,5,8,0,0,-1,1,26,-1,-1,-1
"2025000022011",2,1,19,0,0,0,1,1,42,-1,-1,-1
"2025000022011",1,8,4,0,0,0,4,1,50,2776,2,4
"2025000022012",1,9,-1,-1,-1,-1,-1,1,35,2143,2,9
"2025000022012",2,19,14,8,0,0,4,3,-1,2402,2,19
"2025000022013",2,9,19,8,0,0,1,1,37,999,1,5
"2025000022013",1,9,9,8,0,0,4,1,26,1984,1,8
"2025000022014",1,9,19,0,0,0,1,1,50,-1,-1,-1
"2025000022014",2,9,4,0,0,0,2,2,42,-1,-1,-1
"2025000022015",1,9,19,2,0,0,3,2,37,1124,1,12
"2025000022015",2,9,19,1,0,0,1,2,53,1332,8,0
"2025000022016",3,9,19,1,0,0,4,2,26,1398,1,6
"2025000022016",1,9,15,4,1,0,1,2,24,999,1,1
"2025000022016",2,98,19,2,0,0,0,1,38,-1,-1,-1
"2025000022017",2,9,19,2,0,0,4,2,23,1229,1,8
"2025000022017",1,9,6,6,0,0,1,3,-1,1968,2,8
"2025000022018",2,1,19,8,0,0,1,1,11,-1,-1,-1
"2025000022018",1,9,19,8,0,0,3,1,50,1598,2,5
"2025000022019",1,9,19,0,0,0,4,1,22,999,1,3
"2025000022020",1,3,99,9,9,99,9,3,24,125,1,4
"2025000022020",2,9,99,9,9,99,9,3,-1,-1,-1,-1
"2025000022021",2,5,19,1,0,0,1,1,31,998,1,11
"2025000022021",1,9,5,1,0,0,3,3,23,999,1,0
"2025000022022",2,9,99,9,9,99,1,3,-1,999,1,2
"2025000022022",1,3,99,9,9,99,2,1,26,125,1,7
"2025000022023",2,9,5,0,0,0,1,1,33,1580,8,2
"2025000022023",1,1,19,0,5,0,1,1,-1,-1,-1,-1
"2025000022024",3,9,19,8,0,0,3,2,19,999,1,3
"2025000022024",1,9,19,8,0,0,1,3,35,1461,2,14
"2025000022024",2,9,19,1,0,1,1,1,53,2993,12,2
"2025000022025",2,9,10,1,0,0,3,1,57,1598,2,8
"2025000022025",1,9,19,8,0,0,1,1,41,1248,1,7
"2025000022026",1,9,19,1,0,0,1,2,19,998,1,11
"2025000022026",2,19,3,1,0,0,2,1,35,10837,2,2
"2025000022027",1,11,4,0,0,0,0,1,62,5132,2,3
"2025000022028",1,9,2,0,0,0,0,3,-1,1461,2,6
"2025000022028",2,1,19,0,0,0,0,1,47,-1,-1,-1
"2025000022029",1,8,5,4,0,0,1,1,50,1797,8,10
"2025000022029",2,1,7,4,0,0,4,1,51,-1,-1,-1
"2025000022030",1,9,19,0,2,0,1,2,23,998,1,3
"2025000022031",1,9,19,0,0,0,1,2,-1,1995,1,15
"2025000022031",2,8,3,0,0,0,2,1,41,1950,2,0
"2025000022032",1,9,9,4,0,0,3,2,30,999,1,2
"2025000022032",2,1,19,3,0,0,1,1,31,-1,-1,-1
"2025000022033",1,9,10,8,0,0,3,2,52,1395,1,4
"2025000022033",2,98,19,1,1,0,1,1,27,-1,-1,-1
"2025000022034",2,9,19,0,0,0,4,1,33,1360,1,15
"2025000022034",1,9,1,0,0,0,2,3,-1,3993,1,6
"2025000022035",1,9,19,2,0,0,4,1,23,1368,1,3
"2025000022036",1,8,99,0,9,99,3,1,46,1798,8,6
"2025000022036",2,19,1,0,9,0,2,3,-1,1995,2,10
"2025000022037",1,9,19,0,0,0,1,1,28,-1,-1,-1
"2025000022038",2,4,5,1,0,4,1,1,18,124,1,10
"2025000022038",1,9,10,1,0,0,2,2,31,1199,1,1
"2025000022039",1,9,19,0,1,0,1,1,18,1598,1,8
"2025000022040",1,4,19,8,5,0,3,1,21,125,1,4
"2025000022040",2,19,9,1,0,0,3,1,36,1968,2,3
"2025000022041",2,9,3,1,0,0,2,1,54,1995,2,9
"2025000022041",1,9,19,1,0,0,1,1,20,1596,1,5
"2025000022042",1,9,7,8,0,0,1,1,-1,1997,2,17
"2025000022042",2,9,19,8,0,0,1,1,45,1399,1,17
"2025000022043",2,9,5,2,0,0,1,1,41,2925,2,2
"2025000022043",3,9,19,2,0,0,1,1,50,2521,1,17
"2025000022043",1,9,5,2,0,0,1,1,53,1332,1,1
"2025000022044",1,90,19,0,0,0,4,1,33,-1,-1,-1
"2025000022044",2,9,19,0,0,0,1,1,35,2997,2,1
"2025000022045",1,9,5,6,0,0,1,1,47,999,1,5
"2025000022045",2,3,19,8,0,0,4,2,17,124,1,9
"2025000022046",1,9,19,8,0,0,1,1,27,999,1,5
"2025000022046",2,9,7,6,0,0,3,1,50,2996,1,5
"2025000022047",1,9,8,1,0,0,2,1,35,-1,-1,-1
"2025000022047",2,9,19,1,0,0,1,1,25,-1,-1,-1
"2025000022048",1,3,7,0,0,0,0,1,29,693,1,3
"2025000022049",1,9,19,8,5,0,3,2,81,1229,1,13
"2025000022049",2,9,2,8,0,0,4,3,-1,1753,2,14
"2025000022050",1,11,99,9,9,99,2,1,62,4500,2,13
"2025000022050",2,1,99,9,9,99,1,1,-1,-1,-1,-1
"2025000022051",1,11,19,8,0,0,1,1,48,6700,2,6
"2025000022052",1,3,19,0,1,0,3,1,48,599,1,17
"2025000022052",2,9,19,0,0,0,3,1,33,-1,-1,-1
"2025000022053",2,9,19,2,0,0,1,2,51,1199,1,4
"2025000022053",1,9,20,2,0,0,4,1,75,1395,1,7
"2025000022054",1,3,19,0,0,0,9,1,23,125,1,1
"2025000022054",2,9,7,0,0,0,4,1,19,-1,-1,-1
"2025000022055",1,5,19,0,2,0,4,1,59,1254,1,2
"2025000022056",2,9,19,4,0,0,1,2,32,1200,1,9
"2025000022056",1,9,11,4,5,0,3,2,30,1591,1,6
"2025000022057",2,9,19,8,0,0,1,2,30,1591,1,0
"2025000022057",1,9,9,1,0,0,1,2,35,1582,2,5
"2025000022058",2,9,4,1,0,0,1,1,57,999,8,0
"2025000022058",1,9,4,1,0,0,2,2,60,1968,2,17
"2025000022059",1,11,7,3,0,0,4,1,52,6700,2,13
"2025000022060",1,9,19,2,0,0,1,2,41,2378,1,18
"2025000022061",2,9,19,0,0,0,1,2,27,1248,1,8
"2025000022061",1,1,19,0,0,0,1,1,30,-1,-1,-1
"2025000022062",1,19,19,0,0,0,3,1,61,1499,2,0
"2025000022062",2,9,19,0,0,0,1,2,62,1997,1,3
"2025000022062",3,9,19,0,0,0,2,2,21,1398,1,10
"2025000022063",2,9,14,0,0,0,3,1,-1,-1,-1,-1
"2025000022063",1,9,3,0,0,0,1,2,20,1499,1,3
"2025000022064",2,1,19,0,0,0,3,1,40,-1,-1,-1
"2025000022064",1,9,19,0,0,0,4,2,86,1499,1,2
"2025000022065",2,1,19,0,0,0,3,2,33,-1,-1,-1
"2025000022065",1,9,19,0,0,0,4,1,30,2967,2,8
"2025000022066",1,9,5,4,0,0,3,1,31,998,1,8
"2025000022066",2,1,9,4,0,0,4,2,52,-1,-1,-1
"2025000022067",1,9,19,8,0,0,4,2,25,1398,1,3
"2025000022068",2,9,3,7,0,0,2,1,43,-1,-1,-1
"2025000022068",1,9,11,7,0,0,1,2,18,1242,1,9
"2025000022069",1,11,5,8,0,0,0,1,46,6700,2,14
"2025000022070",2,9,99,9,9,99,1,3,-1,1598,2,13
"2025000022070",1,9,99,9,9,99,2,2,50,1995,1,12
"2025000022071",1,9,19,1,0,0,1,2,27,1364,1,7
"2025000022071",2,19,8,4,0,0,2,1,41,1560,2,10
"2025000022072",2,9,2,0,0,0,2,3,-1,1598,1,14
"2025000022072",1,5,19,0,0,0,3,1,26,599,1,14
"2025000022073",1,9,8,1,0,0,2,1,37,1242,1,10
"2025000022073",2,19,7,4,0,0,1,1,25,2298,2,1
"2025000022074",1,9,5,1,0,0,1,1,45,1598,1,14
"2025000022074",2,1,19,1,0,0,2,1,52,-1,-1,-1
"2025000022075",1,5,19,0,0,0,3,2,29,649,1,9
"2025000022075",2,9,19,0,0,0,3,1,55,1332,1,4
"2025000022076",2,9,19,8,5,0,4,2,30,1956,2,8
"2025000022076",1,9,9,8,0,0,1,3,-1,-1,-1,-1
"2025000022077",1,97,19,0,9,0,9,3,-1,-1,-1,-1
"2025000022078",1,9,19,6,0,0,3,2,42,-1,-1,-1
"2025000022078",2,9,19,8,0,0,1,2,48,1995,2,13
"2025000022079",1,11,4,0,0,0,0,1,50,7300,2,10
"2025000022080",2,1,3,1,0,0,3,2,21,-1,-1,-1
"2025000022080",1,9,5,4,0,0,1,1,64,1199,1,2
"2025000022081",1,9,19,0,2,0,1,1,22,1242,1,9
"2025000022082",1,9,12,0,0,0,3,2,30,1197,1,4
"2025000022082",2,9,13,0,0,0,4,2,32,1598,2,5
"2025000022083",2,1,19,1,0,0,4,1,27,-1,-1,-1
"2025000022083",1,11,19,1,0,0,1,1,35,4760,2,8
"2025000022084",1,11,14,6,0,0,1,1,54,4500,2,8
"2025000022085",1,3,19,3,1,0,4,1,19,125,1,7
"2025000022086",1,9,99,9,9,99,9,1,32,1390,1,12
"2025000022086",2,9,99,9,9,99,1,2,-1,1499,1,4
"2025000022087",2,9,9,8,0,0,3,1,26,2143,2,6
"2025000022087",1,9,13,8,0,0,1,3,-1,1968,2,5
"2025000022088",3,21,3,1,0,0,2,1,36,12809,2,7
"2025000022088",2,9,3,1,0,0,2,1,48,1560,2,9
"2025000022088",1,9,19,1,1,0,1,1,18,1388,1,17
"2025000022089",1,9,19,0,0,0,1,1,24,1968,2,8
"2025000022089",2,1,19,0,0,0,1,1,13,-1,-1,-1
"2025000022090",2,9,19,0,0,0,4,1,63,1197,1,7
"2025000022090",1,9,19,0,5,7,1,1,45,2967,2,5
"2025000022091",1,9,19,1,0,0,1,2,29,1242,1,9
"2025000022092",1,8,3,0,0,0,2,1,33,1798,8,4
"2025000022092",2,9,19,0,0,0,1,3,-1,-1,-1,-1
"2025000022093",1,9,19,0,0,0,1,1,35,1598,2,13
"2025000022094",2,9,99,9,9,99,9,3,-1,1618,1,9
"2025000022094",1,5,99,9,9,99,9,1,45,745,1,7
"2025000022095",1,21,5,0,0,0,3,1,56,6700,2,5
"2025000022095",2,5,19,0,0,0,1,1,23,1298,1,17
"2025000022096",1,1,19,8,0,0,2,2,37,-1,-1,-1
"2025000022096",2,9,19,4,0,0,1,2,45,-1,-1,-1
"2025000022097",1,9,19,0,0,0,3,1,57,1388,1,16
"2025000022097",2,9,19,0,0,0,3,2,70,1388,1,6
"2025000022098",1,11,9,0,0,0,1,3,-1,5132,2,7
"2025000022099",2,9,19,0,0,0,4,1,55,2204,2,15
"2025000022099",1,9,12,0,0,0,3,2,51,1995,2,5
"2025000022100",2,1,19,1,0,0,1,2,24,-1,-1,-1
"2025000022100",1,8,9,6,0,0,1,3,-1,-1,-1,-1
"2025000022101",1,9,99,9,9,99,1,1,-1,-1,-1,-1
"2025000022102",2,9,19,0,0,4,1,1,48,1968,2,6
"2025000022102",1,9,2,0,0,0,1,1,28,2183,2,9
"2025000022103",2,11,5,0,0,0,0,1,-1,9000,2,5
"2025000022103",1,19,13,0,0,0,0,1,40,-1,-1,-1
"2025000022104",1,9,5,4,0,0,3,2,62,1388,1,13
"2025000022104",2,9,7,3,1,0,1,2,34,2179,2,8
"2025000022105",1,9,5,0,0,0,3,2,49,1229,1,7
"2025000022106",1,9,19,1,0,0,1,1,-1,1560,2,7
"2025000022106",2,19,3,1,0,0,2,1,29,2143,2,2
"2025000022107",1,9,19,4,0,0,0,3,-1,1968,2,15
"2025000022107",2,9,19,4,0,0,0,1,46,1968,2,6
"2025000022108",1,1,99,9,9,99,1,1,32,-1,-1,-1
"2025000022108",2,9,99,9,9,99,4,3,-1,1995,1,17
"2025000022109",1,9,13,0,0,0,4,2,30,1685,2,8
"2025000022109",2,1,19,0,0,0,3,1,69,-1,-1,-1
"2025000022110",2,1,19,8,0,0,3,1,56,-1,-1,-1
"2025000022110",1,9,19,8,0,0,1,1,53,-1,-1,-1
"2025000022111",1,9,19,0,0,0,1,3,-1,-1,-1,-1
"2025000022112",1,9,9,1,0,0,4,1,22,1198,1,17
"2025000022112",2,1,19,1,0,0,4,1,17,-1,-1,-1
"2025000022113",1,19,19,0,0,0,1,1,25,1598,2,6
"2025000022114",2,5,19,8,1,0,1,1,31,649,1,2
"2025000022114",1,9,9,1,0,0,1,1,49,1998,8,5
"2025000022115",1,19,19,1,0,0,4,3,-1,-1,-1,-1
"2025000022116",1,9,2,0,0,0,1,2,33,-1,-1,-1
"2025000022116",3,9,2,0,0,0,1,3,-1,1598,1,12
"2025000022116",2,3,2,0,0,0,4,1,20,125,1,4
"2025000022117",2,9,5,4,0,0,1,1,35,999,1,4
"2025000022117",1,1,19,8,0,0,4,1,20,-1,-1,-1
"2025000022118",1,21,19,0,0,0,1,1,71,12740,2,10
"2025000022118",2,9,19,0,1,0,1,1,33,1986,2,18
"2025000022119",2,9,99,9,9,99,9,1,31,1798,8,3
"2025000022119",1,1,99,9,9,99,1,2,56,-1,-1,-1
"2025000022120",1,9,19,8,0,0,1,2,46,1997,2,13
"2025000022120",2,9,19,8,0,0,1,1,34,2993,2,6
"2025000022121",1,2,4,0,0,0,1,1,16,49,1,2
"2025000022121",2,9,4,0,0,0,2,1,69,1798,2,6