"collision_index","vehicle_reference","vehicle_type","vehicle_manoeuvre","junction_location","skidding_and_overturning","hit_object_in_carriageway","first_point_of_impact","sex_of_driver","age_of_driver","engine_capacity_cc","propulsion_code","age_of_vehicle"
"2025000022339",1,3,19,0,0,0,1,1,17,124,1,18
"2025000022339",2,9,1,0,0,0,2,1,59,2179,2,14
"2025000022340",2,9,19,0,0,0,1,3,-1,2143,2,8
"2025000022340",1,9,4,0,0,0,2,1,30,-1,-1,-1
"2025000022341",1,3,14,0,0,0,1,1,19,124,1,0
"2025000022341",2,9,7,0,0,0,4,1,39,1968,2,10
"2025000022342",2,9,19,0,0,0,3,2,29,1997,2,6
"2025000022342",1,9,19,0,0,0,3,1,78,2191,2,5
"2025000022343",1,9,19,0,0,0,1,1,18,-1,-1,-1
"2025000022344",1,9,19,2,0,0,1,1,93,998,1,6
"2025000022345",2,9,2,0,0,0,3,3,-1,996,1,8
"2025000022345",3,9,9,0,0,0,0,1,-1,1997,2,4
"2025000022345",1,9,19,0,0,0,1,1,18,1596,1,18
"2025000022346",1,-1,19,0,0,0,1,1,36,-1,-1,-1
"2025000022347",2,9,10,1,0,0,2,2,42,1198,1,12
"2025000022347",1,9,19,1,0,0,1,1,30,1968,2,7
"2025000022348",1,9,19,1,0,0,1,1,41,2967,2,6
"2025000022348",2,9,10,1,0,0,2,2,40,2993,2,10
"2025000022349",2,9,7,2,0,0,2,1,62,1477,8,1
"2025000022349",1,9,19,2,0,0,1,1,-1,-1,-1,-1
"2025000022350",1,9,99,0,9,99,9,3,-1,-1,-1,-1
"2025000022351",1,9,9,1,0,0,4,1,19,1242,1,15
"2025000022351",2,3,19,1,0,0,1,1,19,124,1,1
"2025000022352",1,8,2,0,0,0,1,1,46,2143,2,6
"2025000022352",2,9,19,0,0,0,1,1,-1,-1,-1,-1
"2025000022353",1,9,5,1,0,0,1,2,66,1950,2,2
"2025000022353",2,9,10,1,0,0,2,1,31,2179,2,7
"2025000022353",3,9,10,1,0,0,2,2,-1,1596,1,6
"2025000022354",2,9,99,9,9,99,9,2,48,2494,8,9
"2025000022354",1,3,99,9,9,99,9,3,30,124,1,0
"2025000022355",1,9,5,0,0,0,3,2,-1,2143,2,10
"2025000022355",2,9,14,0,0,0,4,2,30,2143,2,6
"2025000022356",1,9,19,8,0,0,4,1,18,-1,-1,-1
"2025000022356",2,9,19,8,0,0,1,1,68,1598,1,8
"2025000022357",1,9,19,2,0,0,1,1,60,-1,-1,-1
"2025000022358",1,9,3,1,0,0,2,1,27,2967,2,1
"2025000022358",2,3,19,1,0,4,1,1,33,125,1,1
"2025000022359",1,9,19,0,0,0,1,2,76,1984,1,15
"2025000022359",2,9,4,0,0,0,2,1,24,2993,2,18
"2025000022360",2,4,19,8,0,0,4,1,36,279,1,12
"2025000022360",1,9,6,8,0,0,1,2,24,1598,2,9
"2025000022361",2,1,19,8,0,0,1,2,29,-1,-1,-1
"2025000022361",1,9,11,3,0,0,4,1,28,4398,1,17
"2025000022362",1,9,19,1,0,0,1,2,23,-1,-1,-1
"2025000022362",2,1,19,8,0,0,1,1,28,-1,-1,-1
"2025000022362",3,9,19,1,0,0,3,2,51,1685,2,10
"2025000022363",2,5,19,1,0,0,1,1,30,599,1,19
"2025000022363",1,9,7,1,0,0,3,1,27,1586,1,13
"2025000022364",2,1,19,8,0,0,1,1,52,-1,-1,-1
"2025000022364",1,9,7,4,0,0,1,1,23,2198,2,17
"2025000022365",1,11,19,0,5,0,4,1,50,8268,2,17
"2025000022366",1,-1,19,0,0,0,1,1,-1,-1,-1,-1
"2025000022367",1,9,19,2,0,0,1,2,56,1995,2,7
"2025000022367",2,9,9,1,0,0,1,1,51,1896,2,14
"2025000022368",1,9,9,1,0,0,1,2,53,1461,2,6
"2025000022368",2,1,19,8,0,0,3,1,11,-1,-1,-1
"2025000022369",1,9,99,0,0,0,9,1,-1,-1,-1,-1
"2025000022370",1,9,19,0,0,0,1,2,22,1598,1,9
"2025000022370",2,9,19,0,0,0,1,1,56,1988,2,18
"2025000022371",1,11,3,2,0,0,0,1,51,9000,5,5
"2025000022372",1,9,19,0,0,0,1,1,25,-1,-1,-1
"2025000022373",1,9,99,9,9,99,2,3,-1,2996,1,7
"2025000022374",2,9,19,0,0,0,1,1,58,1598,2,7
"2025000022374",1,9,19,0,0,0,1,2,24,1598,1,13
"2025000022375",2,3,19,1,0,0,1,1,28,125,1,0
"2025000022375",1,9,9,8,0,0,1,2,66,1968,2,11
"2025000022376",2,9,19,8,0,0,1,2,20,998,1,5
"2025000022376",1,-1,19,8,2,0,1,1,23,-1,-1,-1
"2025000022377",2,9,19,3,0,0,2,1,27,1668,1,17
"2025000022377",1,19,19,3,0,0,3,3,48,-1,-1,-1
"2025000022378",1,9,19,1,1,10,1,3,-1,-1,-1,-1
"2025000022379",1,9,19,0,1,0,1,1,18,1995,2,17
"2025000022379",2,9,19,0,1,0,1,2,21,-1,-1,-1
"2025000022380",2,9,19,1,0,0,1,1,57,2000,2,12
"2025000022380",1,9,4,1,0,0,2,1,31,1461,2,8
"2025000022381",2,9,19,0,0,0,3,1,55,2143,2,9
"2025000022381",1,21,11,0,0,0,1,1,65,12900,2,13
"2025000022382",1,9,1,2,0,0,2,1,30,2987,2,17
"2025000022382",2,9,19,1,0,0,1,1,-1,1995,2,12
"2025000022383",1,9,4,0,0,0,2,1,26,-1,-1,-1
"2025000022383",2,21,19,0,0,0,1,1,62,12777,2,12
"2025000022384",1,9,19,3,5,10,0,1,23,999,1,8
"2025000022385",1,9,7,4,0,10,1,1,55,-1,-1,-1
"2025000022386",2,9,99,0,9,99,9,3,-1,1998,1,19
"2025000022386",1,3,99,0,9,99,1,1,43,125,1,2
"2025000022387",1,1,19,0,0,0,1,1,23,-1,-1,-1
"2025000022387",2,19,19,0,0,0,1,1,-1,-1,-1,-1
"2025000022388",2,1,19,8,0,0,1,2,36,-1,-1,-1
"2025000022388",1,19,7,3,0,0,4,3,-1,-1,-1,-1
"2025000022389",2,11,5,4,0,0,1,1,34,4461,2,9
"2025000022389",3,9,3,2,0,0,2,2,39,3311,8,16
"2025000022389",1,9,3,3,0,0,2,1,60,1618,1,8
"2025000022390",1,9,7,1,0,0,2,1,55,1242,1,10
"2025000022390",2,3,19,1,0,0,1,1,34,125,1,2
"2025000022391",1,9,19,0,0,0,1,1,24,1598,1,15
"2025000022391",2,5,3,0,0,0,2,1,67,1254,1,4
"2025000022392",1,9,9,8,0,0,3,1,-1,1596,1,15
"2025000022392",2,3,19,8,0,0,1,1,22,124,1,2
"2025000022393",1,9,9,8,0,0,3,1,40,-1,-1,-1
"2025000022394",1,8,4,0,0,0,1,1,30,-1,-1,-1
"2025000022394",2,9,2,0,0,0,2,1,40,-1,-1,-1
"2025000022395",1,97,19,0,0,0,1,3,-1,-1,-1,-1
"2025000022396",1,9,7,6,0,0,1,2,58,998,1,6
"2025000022396",2,1,19,8,0,0,4,2,42,-1,-1,-1
"2025000022397",2,9,2,0,0,0,3,3,-1,1248,2,9
"2025000022397",1,9,19,0,0,0,1,1,27,1968,2,14
"2025000022398",1,9,19,1,0,0,1,1,44,2993,2,4
"2025000022398",2,9,19,1,0,0,2,1,37,2993,2,4
"2025000022399",1,9,3,1,0,0,1,1,24,1968,2,9
"2025000022399",2,9,3,1,0,0,2,2,41,1197,1,6
"2025000022400",1,10,19,6,0,0,4,1,30,-1,-1,-1
"2025000022400",2,3,3,1,0,0,1,1,30,-1,3,3
"2025000022401",2,9,2,0,0,4,1,1,47,1595,1,15
"2025000022401",1,9,19,0,5,4,4,1,46,1618,1,1
"2025000022401",3,19,2,0,0,0,2,1,66,1560,2,4
"2025000022402",2,3,19,2,0,0,1,1,33,125,1,3
"2025000022402",1,9,5,2,0,0,4,1,23,1499,1,6
"2025000022403",1,9,19,2,0,0,1,3,-1,-1,-1,-1
"2025000022404",2,9,19,0,0,0,1,3,-1,1582,2,7
"2025000022404",1,9,19,0,0,4,1,1,24,1995,2,6
"2025000022404",3,9,2,0,0,11,4,1,37,1968,2,9
"2025000022405",2,1,19,6,0,0,1,1,-1,-1,-1,-1
"2025000022405",1,19,5,6,0,0,4,1,47,1995,2,5
"2025000022406",1,5,19,8,0,0,3,1,72,1050,1,15
"2025000022406",2,9,9,8,0,0,1,1,-1,1950,2,1
"2025000022407",1,9,19,0,0,0,1,1,44,2231,2,11
"2025000022408",1,9,19,4,0,0,1,2,26,1248,1,14
"2025000022408",2,1,19,8,5,0,1,1,39,-1,-1,-1
"2025000022409",2,9,19,0,0,0,1,1,36,1598,1,16
"2025000022409",1,9,13,0,0,0,1,2,58,-1,-1,-1
"2025000022410",1,9,19,8,1,0,1,2,21,2143,2,6
"2025000022410",2,9,12,8,0,0,2,1,87,1461,2,11
"2025000022411",1,5,19,0,0,0,1,1,33,649,1,8
"2025000022412",2,5,19,0,0,0,1,1,54,999,1,0
"2025000022412",1,19,1,0,0,0,2,1,64,1598,2,5
"2025000022413",2,9,2,1,0,0,2,3,-1,998,1,7
"2025000022413",1,19,7,5,0,0,4,1,51,2299,2,5
"2025000022414",1,9,99,9,9,99,2,1,27,1149,1,15
"2025000022414",2,9,99,9,9,99,9,3,-1,1598,1,17
"2025000022415",2,3,99,8,0,0,9,3,-1,125,1,1
"2025000022415",1,1,19,8,0,0,9,1,24,-1,-1,-1
"2025000022416",1,9,19,0,0,0,1,3,-1,1596,1,9
"2025000022416",2,19,3,0,0,0,2,1,48,-1,-1,-1
"2025000022416",4,9,3,0,0,0,2,1,57,-1,-1,-1
"2025000022416",3,9,3,0,0,0,2,2,24,-1,-1,-1
"2025000022417",1,19,19,2,0,0,4,1,37,2143,2,3
"2025000022418",1,9,5,2,0,0,1,1,66,999,1,9
"2025000022418",2,9,19,1,0,0,3,1,30,1590,1,16
"2025000022419",2,9,19,8,1,11,3,1,37,6248,1,-1
"2025000022419",1,8,5,2,0,0,0,1,43,1968,2,6
"2025000022420",1,5,19,1,0,0,4,1,27,937,1,7
"2025000022420",2,19,19,1,0,0,3,3,-1,1560,2,11
"2025000022421",1,5,15,0,2,10,4,1,25,599,1,14
"2025000022422",1,9,4,0,0,0,2,1,23,1796,1,11
"2025000022422",2,9,19,0,0,0,1,1,51,1798,8,6
"2025000022423",1,9,4,1,0,0,2,2,47,1296,1,15
"2025000022423",2,9,4,1,0,0,1,1,23,1364,1,14
"2025000022424",1,9,19,0,0,7,1,1,34,1968,2,0
"2025000022425",1,19,19,0,0,0,1,1,41,2459,2,26
"2025000022425",2,9,19,0,0,0,1,1,44,999,1,1
"2025000022426",2,9,19,4,0,0,1,2,74,898,1,5
"2025000022426",1,9,19,8,0,0,4,1,61,2143,2,8
"2025000022427",1,9,19,0,0,0,1,2,54,998,1,5
"2025000022427",2,1,19,0,0,0,3,1,47,-1,-1,-1
"2025000022428",2,9,19,0,0,0,1,1,34,1390,1,10
"2025000022428",1,9,12,0,0,0,1,1,20,1995,2,5
"2025000022429",1,9,13,0,0,0,4,3,-1,-1,-1,-1
"2025000022429",2,1,19,0,0,0,3,1,74,-1,-1,-1
"2025000022430",1,9,19,0,0,0,1,1,22,2967,2,11
"2025000022430",2,9,3,0,0,0,1,1,37,-1,-1,-1
"2025000022430",5,9,3,0,0,0,2,2,43,1956,2,5
"2025000022430",4,9,3,0,0,0,1,1,39,1461,2,8
"2025000022430",7,9,19,0,0,0,0,1,55,2993,2,2
"2025000022430",6,19,3,0,0,0,3,1,46,2998,2,4
"2025000022430",3,9,19,0,0,0,1,1,46,2993,2,2
"2025000022431",1,9,19,1,0,0,4,1,30,1598,2,4
"2025000022431",2,9,19,1,0,0,3,1,30,1364,1,15
"2025000022432",1,9,19,1,0,0,0,1,30,1998,8,5
"2025000022433",1,9,19,0,0,4,1,1,46,1896,2,14
"2025000022433",2,9,2,0,0,11,2,1,31,1598,2,10
"2025000022434",1,9,2,0,0,0,3,2,-1,-1,-1,-1
"2025000022434",2,1,19,0,0,0,1,1,12,-1,-1,-1
"2025000022435",1,9,12,0,0,0,3,1,75,1968,2,10
"2025000022435",2,9,19,0,0,0,4,1,71,1422,2,17
"2025000022436",1,3,19,0,1,0,4,1,22,108,1,6
"2025000022437",2,5,19,1,0,0,1,1,24,693,1,4
"2025000022437",1,19,12,1,0,0,2,1,21,1905,2,22
"2025000022438",1,9,19,0,0,0,1,1,22,1368,1,13
"2025000022439",1,9,3,1,0,0,1,1,83,998,1,6
"2025000022439",3,9,2,1,0,0,2,2,53,1120,2,6
"2025000022439",2,19,4,1,0,0,1,1,23,1560,2,6
"2025000022440",1,9,2,0,0,0,1,2,32,1388,1,11
"2025000022440",2,9,5,0,0,4,1,2,35,1999,2,3
"2025000022441",1,97,99,9,9,99,9,1,23,125,1,1
"2025000022441",2,9,99,9,9,99,9,3,-1,1229,1,15
"2025000022442",2,5,13,0,0,0,1,1,17,125,1,8
"2025000022442",1,9,9,0,0,0,2,1,77,2191,2,5
"2025000022443",1,9,11,1,1,0,1,1,42,1461,2,12
"2025000022444",2,5,9,3,0,0,4,1,73,1745,1,4
"2025000022444",1,9,19,4,0,0,1,2,66,1968,2,16
"2025000022445",1,9,99,9,9,99,1,1,34,1956,2,8
"2025000022445",2,9,99,9,9,99,1,3,-1,2268,2,5
"2025000022446",1,90,19,1,0,0,1,1,13,-1,-1,-1
"2025000022446",2,19,9,5,0,0,1,1,54,1461,2,8
"2025000022447",1,9,19,0,0,0,1,1,39,1120,2,10
"2025000022448",1,9,7,1,0,0,1,1,18,1242,1,11
"2025000022448",2,4,13,8,0,0,3,1,59,471,1,3
"2025000022449",2,9,19,1,0,0,1,1,45,1984,1,12
"2025000022449",1,9,11,1,0,0,2,3,-1,1398,1,5
"2025000022450",1,1,99,9,9,99,2,2,42,-1,-1,-1
"2025000022450",2,9,99,9,9,99,2,3,-1,5000,1,6
"2025000022451",1,19,4,0,0,0,1,1,56,2198,2,9
"2025000022451",2,9,4,0,0,0,1,2,18,1229,1,6
"2025000022452",1,9,12,0,0,0,1,1,59,1968,2,12
"2025000022452",2,9,19,0,0,0,3,2,17,1198,1,19
"2025000022453",1,1,99,9,9,99,9,1,35,-1,-1,-1
"2025000022454",1,11,19,8,0,0,0,1,43,9360,2,11
"2025000022455",2,9,99,9,9,99,1,3,-1,-1,-1,-1
"2025000022455",1,3,99,9,9,99,2,1,37,124,1,3
"2025000022456",1,9,19,2,0,0,4,1,24,-1,-1,-1
"2025000022457",2,9,4,1,0,0,2,1,45,2143,2,4
"2025000022457",1,9,4,1,0,0,2,2,18,1084,1,2
"2025000022457",3,9,19,1,0,0,1,1,36,1798,1,9
"2025000022458",1,9,19,0,0,0,1,1,32,1968,2,11
"2025000022458",2,9,3,0,0,0,2,1,30,2497,2,16
"2025000022459",1,9,20,0,0,0,1,2,68,-1,3,1
"2025000022460",1,9,5,1,0,0,1,1,48,2987,2,12
"2025000022460",2,1,2,1,0,0,1,1,40,-1,-1,-1
"2025000022461",2,1,19,8,0,0,0,1,47,-1,-1,-1
"2025000022461",1,9,7,8,0,0,0,1,60,1499,8,3
"2025000022462",2,9,19,1,0,0,1,1,38,999,1,4
"2025000022462",1,9,12,7,0,0,4,1,54,1149,1,17
"2025000022463",1,90,12,0,0,0,2,3,-1,-1,-1,-1
"2025000022463",2,9,19,0,0,0,2,1,47,1995,1,14
"2025000022464",2,9,9,5,0,0,4,1,45,1598,1,14
"2025000022464",1,9,19,8,0,0,1,1,76,1999,2,4
"2025000022465",1,9,99,0,9,99,9,1,33,999,1,1
"2025000022465",2,1,99,0,9,99,1,2,-1,-1,-1,-1
"2025000022466",1,21,9,8,2,0,4,1,30,-1,-1,-1
"2025000022467",1,9,19,0,0,0,1,1,19,1598,1,19
"2025000022468",2,9,99,9,9,99,9,3,-1,-1,-1,-1
"2025000022468",1,4,99,9,9,99,1,3,28,125,1,3
"2025000022469",1,9,19,1,0,0,2,1,55,998,1,3
"2025000022469",2,9,19,1,0,0,1,1,30,1984,1,1
"2025000022470",2,9,99,9,9,99,9,3,-1,6750,1,20
"2025000022470",1,3,99,9,9,99,1,2,33,124,1,9
"2025000022471",1,19,19,0,0,0,3,1,33,2200,2,3
"2025000022472",1,9,12,7,0,0,3,2,52,1198,1,8
"2025000022472",2,9,19,1,0,0,4,1,64,1560,2,9
"2025000022473",1,3,99,1,9,99,1,1,37,-1,-1,-1
"2025000022473",2,19,1,1,9,99,2,3,-1,-1,-1,-1
"2025000022474",1,9,2,0,0,0,0,3,-1,998,1,13
"2025000022474",2,9,14,0,0,0,4,2,65,2393,1,7
"2025000022475",2,9,99,9,9,99,2,3,-1,1998,1,4
"2025000022475",1,3,99,8,0,0,3,1,34,125,1,6
"2025000022476",2,3,4,0,0,0,1,1,19,125,1,7
"2025000022476",1,9,4,0,0,0,2,1,67,1598,12,2
"2025000022477",1,19,19,0,0,4,1,1,43,2143,2,9
"2025000022477",3,19,2,0,0,0,2,3,-1,1950,2,1
"2025000022477",2,19,2,0,0,4,2,3,-1,1995,2,4
"2025000022478",1,9,19,1,0,0,4,1,64,-1,-1,-1
"2025000022479",1,21,19,0,1,0,3,1,43,12809,2,5
"2025000022479",2,21,19,0,0,0,4,1,59,10677,2,6
"2025000022480",2,9,3,8,0,0,2,2,33,999,1,6
"2025000022480",1,9,19,8,0,0,1,2,28,1598,1,10
"2025000022481",1,9,19,8,0,0,1,1,34,1995,2,11
"2025000022481",2,9,9,8,0,0,1,2,-1,1595,1,7
"2025000022482",1,9,19,0,0,0,1,1,31,-1,3,2
"2025000022483",1,1,99,0,9,99,9,3,51,-1,-1,-1
"2025000022483",2,90,99,0,9,99,4,3,-1,-1,-1,-1
"2025000022484",2,9,99,9,9,99,2,1,-1,1197,1,4
"2025000022484",1,1,99,9,9,99,1,2,43,-1,-1,-1
"2025000022485",1,9,9,5,0,0,4,2,48,998,1,14
"2025000022485",2,5,19,1,0,0,1,1,23,-1,-1,-1
"2025000022486",2,9,9,6,0,0,4,2,57,998,1,6
"2025000022486",1,9,19,8,0,0,1,3,-1,998,1,8
"2025000022487",1,9,19,0,0,0,1,2,60,998,1,2
"2025000022487",2,19,19,0,0,0,1,1,26,2402,2,16
"2025000022488",1,9,19,0,0,0,1,2,66,1318,1,5
"2025000022488",2,9,19,0,0,0,1,2,20,999,1,4
"2025000022489",1,-1,19,0,0,0,1,3,30,-1,-1,-1
"2025000022490",2,9,-1,0,-1,-1,-1,2,43,1984,2,10
"2025000022490",1,9,-1,0,-1,-1,-1,1,43,1197,1,8
"2025000022491",1,19,19,0,0,0,1,1,39,-1,-1,-1
"2025000022491",3,9,3,0,0,0,2,1,34,1318,1,3
"2025000022491",2,9,4,0,0,0,2,1,29,2179,2,10
"2025000022491",4,3,13,0,0,0,4,1,20,124,1,7
"2025000022492",1,9,11,3,0,0,4,1,59,1969,2,2
"2025000022492",2,9,19,4,0,10,3,1,18,1390,1,11
"2025000022493",1,9,19,0,1,0,0,1,48,2792,1,21
"2025000022494",1,19,19,8,0,0,1,1,44,1560,2,2
"2025000022494",3,9,2,8,0,0,1,3,-1,1796,1,11
"2025000022494",2,9,2,8,0,0,2,3,-1,-1,-1,-1
"2025000022494",4,9,2,8,0,0,1,3,-1,996,1,7
"2025000022495",1,9,9,1,0,0,1,1,30,1390,1,12
"2025000022495",3,9,8,1,0,0,1,1,42,1998,2,1
"2025000022495",2,9,19,2,0,0,1,2,21,1399,1,6
"2025000022496",2,9,19,1,0,4,3,1,51,998,1,10
"2025000022496",1,9,9,1,0,0,1,1,38,2494,8,4
"2025000022497",2,9,2,0,0,0,2,-1,-1,1560,2,10
"2025000022497",1,9,19,0,5,4,1,2,43,1968,2,6
"2025000022498",1,9,19,1,0,0,-1,3,-1,-1,-1,-1
"2025000022499",2,9,10,7,0,0,1,1,21,1395,1,4
"2025000022499",1,11,19,1,0,0,1,1,42,6700,2,11
"2025000022500",1,19,19,2,0,0,1,1,35,2402,2,21
"2025000022501",1,9,19,0,0,0,1,2,34,1499,1,5
"2025000022501",2,9,4,0,0,0,2,2,20,1242,1,9
"2025000022501",3,9,4,0,0,0,2,1,69,1498,8,3
"2025000022502",1,9,1,0,0,0,2,1,33,2987,2,7
"2025000022503",1,9,5,0,0,0,1,2,53,1560,2,10
"2025000022503",2,9,19,0,0,0,3,2,47,1598,1,12
"2025000022504",1,9,7,6,0,0,4,2,18,1229,1,8
"2025000022505",1,9,19,0,5,0,2,2,48,1461,2,13
"2025000022506",3,9,19,1,0,0,0,1,40,2993,12,2
"2025000022506",1,9,9,8,0,0,3,3,18,1950,2,4
"2025000022506",2,9,19,1,0,0,1,2,44,1997,2,10
"2025000022507",2,19,19,0,0,0,1,1,48,1499,2,1
"2025000022507",1,9,19,0,0,0,2,1,38,2268,2,5
"2025000022507",3,9,19,0,0,0,1,1,33,2521,1,12
"2025000022508",1,19,19,0,0,0,4,1,51,2198,2,7
"2025000022508",2,9,8,0,0,0,1,1,39,1598,1,1
"2025000022509",1,19,19,1,0,0,1,2,56,1598,2,4
"2025000022509",2,19,19,1,0,0,2,1,44,1995,2,1
"2025000022509",4,9,4,1,0,0,2,1,22,1242,1,13
"2025000022509",3,9,4,1,0,0,2,1,64,1560,2,13
"2025000022510",1,11,9,2,0,5,1,1,39,9360,2,13
"2025000022511",2,19,19,0,0,0,3,1,46,1995,2,11
"2025000022511",1,9,13,0,0,0,3,1,26,1598,1,12
"2025000022511",3,9,19,0,0,0,1,1,43,1995,2,6
"2025000022512",2,9,19,8,0,0,4,2,56,1968,2,9
"2025000022512",1,9,7,6,0,0,3,2,34,1999,2,4
"2025000022513",1,10,99,9,9,99,4,2,58,1968,2,5
"2025000022514",2,1,19,0,0,0,3,1,30,-1,-1,-1
"2025000022514",1,9,19,0,0,0,1,2,66,1796,1,14
"2025000022515",2,9,4,0,0,0,2,2,50,1685,2,5
"2025000022515",1,9,19,0,0,0,1,1,27,2967,2,3
"2025000022516",1,9,9,5,0,0,4,1,37,1498,1,2
"2025000022516",2,1,19,1,0,0,1,1,40,-1,-1,-1
"2025000022517",1,9,19,0,1,10,1,1,22,1390,1,16
"2025000022517",2,9,19,0,1,0,2,1,31,999,1,2
"2025000022518",1,9,19,0,0,0,1,1,-1,-1,-1,-1
"2025000022519",1,9,9,8,0,0,4,2,82,1968,2,9
"2025000022519",2,5,19,8,1,0,1,1,28,675,1,12
"2025000022520",2,19,9,0,0,0,3,2,21,1995,2,2
"2025000022520",1,9,19,0,0,0,1,1,65,1499,2,8
"2025000022521",1,9,19,7,0,0,1,1,-1,1496,2,7
"2025000022521",3,9,19,7,0,0,2,2,57,1498,1,2
"2025000022521",2,9,19,7,0,0,2,2,29,1499,2,4
"2025000022522",1,1,19,8,5,0,3,1,16,-1,-1,-1
"2025000022522",2,9,19,8,0,0,1,1,45,2967,2,12
"2025000022523",1,9,19,7,0,0,4,1,57,1499,2,5
"2025000022523",2,1,12,5,1,11,1,1,15,-1,-1,-1
"2025000022524",1,9,19,0,0,0,1,2,40,1968,2,5
"2025000022524",2,9,19,0,0,0,1,2,39,2967,2,3
"2025000022524",3,9,2,0,0,0,3,3,-1,999,1,4
"2025000022525",1,9,99,9,9,99,9,1,59,1364,1,7
"2025000022526",1,8,15,0,0,0,4,1,41,1798,8,6
"2025000022527",2,19,19,8,0,0,1,1,52,2143,2,3
"2025000022527",1,9,19,2,0,0,4,1,22,1248,2,12
"2025000022528",3,9,19,4,0,0,2,1,44,1986,2,14
"2025000022528",1,19,3,5,0,0,3,1,44,1995,2,2
"2025000022528",2,19,19,4,0,0,1,1,36,1995,2,9
"2025000022529",1,9,19,0,5,0,3,1,23,1229,1,8
"2025000022530",1,3,3,4,0,0,2,2,28,108,1,5
"2025000022530",2,9,19,1,0,0,1,1,32,1198,1,15
"2025000022531",1,3,19,0,0,0,3,1,47,113,1,3
"2025000022532",1,98,11,0,0,0,1,1,47,-1,-1,-1
"2025000022532",2,9,19,0,0,0,4,1,58,1995,12,1
"2025000022533",1,3,19,0,1,0,1,1,35,108,1,5
"2025000022533",3,9,19,0,0,0,3,1,40,2143,2,10
"2025000022533",2,9,4,0,0,0,2,1,41,2148,2,15
"2025000022534",2,1,19,1,0,0,3,1,73,-1,-1,-1
"2025000022534",1,9,7,8,0,0,4,2,40,1896,2,14
"2025000022535",1,9,19,0,0,0,4,2,37,1997,1,6
"2025000022536",1,98,19,0,0,0,1,3,-1,-1,-1,-1
"2025000022536",2,5,19,0,0,0,2,1,29,996,1,18
"2025000022537",1,11,4,1,0,0,0,1,42,4500,2,5
"2025000022538",1,9,9,8,0,0,1,2,79,1086,1,15
"2025000022538",2,9,19,8,0,0,0,2,38,1498,1,2
"2025000022539",2,9,2,2,0,10,2,2,32,1596,1,20
"2025000022539",1,9,19,2,0,4,1,1,35,2231,2,7
"2025000022539",3,8,2,1,0,0,1,1,34,1560,2,3
"2025000022539",4,9,2,2,0,0,2,2,31,1598,2,8
"2025000022540",1,19,13,8,0,0,1,1,55,2460,2,13
"2025000022540",3,19,19,8,0,0,0,3,-1,-1,-1,-1
"2025000022540",2,9,7,6,0,0,1,1,24,1968,2,12
"2025000022541",2,9,3,1,0,0,0,1,55,-1,-1,-1
"2025000022541",1,9,19,1,1,0,4,2,23,1598,1,13
"2025000022542",1,9,11,0,0,0,0,1,29,1242,1,10
"2025000022542",2,5,19,0,0,0,0,1,23,998,1,9
"2025000022543",1,19,19,0,1,0,1,1,38,1499,2,4
"2025000022543",4,9,3,0,0,0,2,2,41,1753,2,13
"2025000022543",3,9,3,0,0,0,2,2,35,1499,2,5
"2025000022543",2,19,4,0,0,0,2,1,56,2198,2,10
"2025000022544",1,9,19,3,0,0,1,1,17,1199,1,2
"2025000022545",4,9,2,1,0,4,4,3,-1,998,1,18
"2025000022545",1,9,19,1,5,11,1,1,22,1242,1,8
"2025000022545",3,9,2,1,0,4,3,3,-1,2979,1,11
"2025000022545",2,9,2,1,0,4,4,3,-1,2143,2,4
"2025000022546",1,9,19,0,5,10,1,1,49,-1,-1,-1
"2025000022547",1,9,9,6,0,0,1,3,-1,1461,2,11
"2025000022547",2,90,19,8,0,0,4,2,57,-1,-1,-1
"2025000022548",1,9,9,2,0,0,1,1,47,1797,8,11
"2025000022548",2,9,19,1,1,7,1,1,31,2993,2,6
"2025000022549",1,9,13,1,0,0,1,1,30,1497,8,4
"2025000022549",2,11,19,1,0,0,1,1,56,4500,2,9
"2025000022550",1,19,1,0,0,0,2,1,49,1995,2,1
"2025000022551",1,9,15,0,0,0,4,1,84,1229,1,19
"2025000022551",2,9,2,0,0,0,2,-1,-1,1997,8,0
"2025000022552",1,9,19,2,0,0,1,1,31,1995,2,14
"2025000022552",2,19,19,2,0,0,2,1,39,1598,2,10
"2025000022553",2,21,19,0,0,0,1,1,53,5880,2,15
"2025000022553",1,19,9,0,0,0,4,1,43,1995,2,2
"2025000022554",2,9,19,2,0,0,3,1,39,1753,2,12
"2025000022554",1,9,5,6,0,0,1,1,62,1332,1,2
"2025000022555",1,9,19,0,0,0,3,2,67,-1,3,2
"2025000022556",1,9,19,0,0,0,1,2,77,998,1,13
"2025000022556",2,9,2,0,0,0,2,3,-1,999,1,1
"2025000022557",1,9,19,0,0,0,4,2,54,1998,1,6
"2025000022558",1,9,5,1,0,0,1,2,40,1596,1,12
"2025000022559",1,9,19,0,0,0,1,3,-1,-1,-1,-1
"2025000022559",2,1,4,0,5,0,2,2,29,-1,-1,-1
"2025000022560",2,9,19,2,0,0,2,1,59,1685,2,5
"2025000022560",1,5,13,2,1,0,1,1,39,998,1,8