"collision_index","vehicle_reference","vehicle_type","vehicle_manoeuvre","junction_location","skidding_and_overturning","hit_object_in_carriageway","first_point_of_impact","sex_of_driver","age_of_driver","engine_capacity_cc","propulsion_code","age_of_vehicle"
"2025000022561",2,9,19,8,0,0,3,1,49,1498,1,3
"2025000022561",1,9,19,1,0,7,3,1,23,-1,-1,-1
"2025000022562",1,9,5,4,0,0,3,1,35,2993,2,5
"2025000022562",2,1,19,3,0,0,1,1,36,-1,-1,-1
"2025000022563",1,9,99,9,9,99,9,3,-1,1390,1,12
"2025000022563",2,3,99,9,9,99,1,1,31,125,1,6
"2025000022564",1,9,9,6,0,0,3,1,73,1798,1,13
"2025000022564",2,1,19,8,0,0,4,1,58,-1,-1,-1
"2025000022565",2,19,19,0,0,0,3,1,44,1995,2,5
"2025000022565",1,9,13,0,0,0,4,1,17,1242,1,12
"2025000022566",2,9,19,0,0,0,2,2,33,1598,1,10
"2025000022566",3,9,19,0,0,0,1,2,28,-1,-1,-1
"2025000022566",4,9,19,0,0,0,1,1,20,1390,2,19
"2025000022566",1,8,3,0,0,0,2,1,55,2499,2,9
"2025000022567",1,9,19,0,1,0,1,1,25,1998,1,3
"2025000022568",2,9,9,6,0,0,1,2,35,1242,1,10
"2025000022568",1,9,19,1,0,0,2,2,60,1328,1,19
"2025000022569",3,9,2,0,0,4,2,-1,-1,1969,8,0
"2025000022569",1,9,19,0,0,0,1,1,52,1198,1,21
"2025000022569",2,19,2,0,0,0,1,-1,-1,2200,2,1
"2025000022570",1,9,9,6,0,0,3,2,35,1339,1,12
"2025000022571",1,9,19,0,1,0,1,1,69,1582,2,9
"2025000022572",1,11,99,9,9,99,9,3,-1,-1,-1,-1
"2025000022573",1,9,19,0,2,0,3,1,18,1198,1,18
"2025000022574",1,9,19,0,0,0,1,2,36,-1,3,1
"2025000022575",1,19,19,1,0,0,3,1,44,1995,2,0
"2025000022575",2,8,19,1,0,0,1,1,58,1798,8,9
"2025000022576",1,9,99,9,9,99,2,1,34,1595,1,17
"2025000022576",2,9,99,9,9,99,1,3,-1,1997,2,7
"2025000022577",1,1,19,1,0,0,1,1,74,-1,-1,-1
"2025000022578",1,3,19,8,0,0,4,1,24,125,1,17
"2025000022578",2,9,5,6,0,0,1,1,23,998,1,4
"2025000022579",1,9,13,0,1,0,1,2,23,1149,1,20
"2025000022579",3,21,19,0,0,0,0,1,32,10837,2,0
"2025000022579",2,9,19,0,1,0,1,1,38,1896,2,20
"2025000022580",2,9,19,1,0,0,4,2,43,1596,1,15
"2025000022580",1,9,5,6,0,0,1,1,-1,1798,8,5
"2025000022581",1,3,99,9,9,99,9,1,29,125,1,2
"2025000022581",2,19,99,9,9,99,9,3,-1,1995,2,5
"2025000022582",2,1,99,9,9,99,1,3,-1,-1,-1,-1
"2025000022582",1,9,99,9,9,99,1,1,50,898,1,6
"2025000022583",1,3,4,1,1,0,4,1,24,125,1,8
"2025000022584",2,3,19,8,0,0,1,1,19,125,1,1
"2025000022584",1,9,9,8,0,0,4,1,46,2143,2,5
"2025000022585",2,1,19,0,0,0,1,1,34,-1,-1,-1
"2025000022585",1,9,9,0,0,0,4,2,47,1229,1,15
"2025000022586",1,9,99,9,9,99,9,1,38,1364,1,11
"2025000022587",1,3,12,0,1,0,3,1,25,125,1,4
"2025000022588",2,9,12,0,0,0,4,2,-1,1598,1,9
"2025000022588",1,9,19,0,0,0,3,2,28,1332,1,3
"2025000022589",1,9,-1,0,-1,-1,-1,1,-1,-1,-1,-1
"2025000022589",2,1,5,0,0,0,1,1,45,-1,-1,-1
"2025000022590",1,9,19,8,0,0,3,1,55,1461,2,11
"2025000022591",2,1,19,3,0,0,3,2,43,-1,-1,-1
"2025000022591",1,9,19,3,0,0,0,3,-1,-1,-1,-1
"2025000022592",1,9,9,8,0,0,1,2,61,1968,2,2
"2025000022593",2,9,-1,0,-1,-1,3,1,39,1968,2,16
"2025000022593",1,9,19,0,0,0,-1,3,30,2143,2,6
"2025000022594",2,9,2,1,0,0,0,2,79,-1,-1,-1
"2025000022594",1,9,19,1,0,11,4,3,-1,-1,-1,-1
"2025000022595",1,9,9,1,0,0,1,1,41,1968,2,14
"2025000022595",2,1,19,1,0,0,1,2,18,-1,-1,-1
"2025000022596",2,9,10,1,0,0,2,2,40,1598,1,13
"2025000022596",1,3,19,8,2,4,1,1,18,114,1,9
"2025000022597",1,9,4,1,0,0,4,1,25,1580,8,3
"2025000022597",2,11,4,5,0,0,4,1,39,6700,2,12
"2025000022598",1,9,-1,0,0,0,1,1,70,1398,1,6
"2025000022598",2,9,-1,0,0,0,2,2,28,2997,2,1
"2025000022599",2,9,19,8,1,4,3,1,-1,2993,2,0
"2025000022599",3,9,19,1,0,0,1,1,57,1596,1,15
"2025000022599",1,9,19,6,1,0,1,1,18,1560,2,15
"2025000022599",5,9,19,1,0,0,1,1,-1,2993,2,4
"2025000022599",4,9,19,1,0,0,2,1,51,1968,2,11
"2025000022600",1,23,19,0,1,0,1,3,-1,-1,-1,-1
"2025000022601",1,9,14,0,1,0,4,1,44,1995,2,7
"2025000022601",2,9,19,0,1,0,1,1,44,1998,1,3
"2025000022601",3,9,19,0,1,0,1,1,34,1969,8,1
"2025000022602",2,9,19,1,0,0,2,1,54,1598,2,6
"2025000022602",1,9,19,1,0,0,1,2,36,1198,1,14
"2025000022603",2,97,4,1,0,0,4,1,25,108,1,3
"2025000022603",1,9,9,4,0,0,1,3,-1,-1,-1,-1
"2025000022604",3,9,19,3,0,0,4,2,62,1339,1,16
"2025000022604",2,9,19,3,0,0,0,1,47,1984,1,3
"2025000022604",1,9,-1,4,-1,-1,-1,1,22,1499,2,7
"2025000022605",2,9,19,0,0,0,3,1,65,1498,1,6
"2025000022605",1,9,19,0,0,0,3,1,22,1798,1,4
"2025000022606",1,9,14,0,0,0,0,1,-1,1968,2,4
"2025000022607",1,9,19,0,0,0,1,2,57,-1,-1,-1
"2025000022608",1,9,19,1,0,0,4,2,27,2143,2,7
"2025000022608",3,9,2,1,0,0,3,-1,-1,1200,1,11
"2025000022608",2,9,19,1,0,0,1,1,71,1995,2,7
"2025000022609",1,9,2,0,0,0,3,1,-1,-1,-1,-1
"2025000022609",2,11,4,0,0,0,4,1,50,6700,2,11
"2025000022610",1,9,19,0,0,0,1,2,45,1999,2,2
"2025000022611",2,9,4,0,0,0,2,2,28,1364,1,2
"2025000022611",1,9,19,0,0,0,1,1,79,1796,1,16
"2025000022612",1,9,3,1,0,0,2,1,41,1600,2,14
"2025000022612",2,9,19,1,0,0,1,1,-1,-1,-1,-1
"2025000022613",1,9,19,8,0,0,1,1,85,1318,1,7
"2025000022613",2,1,9,8,0,0,2,1,48,-1,-1,-1
"2025000022614",1,5,19,0,0,0,3,1,38,749,1,9
"2025000022615",1,19,99,9,9,99,9,3,-1,-1,-1,-1
"2025000022615",2,1,99,9,9,99,9,2,34,-1,-1,-1
"2025000022616",1,9,9,5,0,0,4,1,52,1461,2,7
"2025000022617",1,19,4,4,0,0,1,1,63,2287,2,13
"2025000022617",2,9,19,3,2,0,4,1,66,1197,1,7
"2025000022618",1,3,19,4,1,0,3,2,17,124,1,1
"2025000022618",2,19,19,4,0,0,1,1,52,-1,-1,-1
"2025000022619",2,9,19,0,0,10,2,2,45,1686,2,10
"2025000022619",1,21,11,0,0,0,1,1,-1,10837,2,2
"2025000022620",2,2,13,8,0,0,1,1,16,49,1,4
"2025000022620",1,19,9,8,0,0,3,2,42,1560,2,7
"2025000022621",2,1,19,1,0,0,1,2,24,-1,-1,-1
"2025000022621",1,9,9,5,0,0,1,2,30,1997,2,4
"2025000022622",2,9,3,1,0,0,2,2,18,1198,1,13
"2025000022622",1,9,19,1,0,0,1,1,42,2993,2,8
"2025000022622",3,9,5,1,0,0,2,2,56,1000,1,7
"2025000022623",1,9,19,0,0,0,-1,3,-1,-1,-1,-1
"2025000022623",3,9,19,0,0,0,0,1,38,-1,-1,-1
"2025000022623",2,3,19,0,1,0,4,1,18,124,1,10
"2025000022624",2,9,19,8,0,0,1,1,52,1995,2,6
"2025000022624",1,9,9,1,0,0,1,1,57,1895,1,22
"2025000022625",1,19,19,0,1,0,1,1,40,2198,2,12
"2025000022626",4,9,4,0,0,0,2,1,33,1242,1,7
"2025000022626",2,9,4,0,0,0,2,1,34,1580,8,0
"2025000022626",3,21,4,0,0,0,3,1,60,8867,2,13
"2025000022626",1,9,19,0,1,0,1,2,21,1395,1,4
"2025000022627",2,9,3,1,0,0,1,1,23,1388,1,12
"2025000022627",1,9,5,1,0,0,1,1,19,2998,1,2
"2025000022628",1,8,2,0,0,0,3,3,-1,-1,-1,-1
"2025000022628",2,1,19,0,0,0,4,1,32,-1,-1,-1
"2025000022629",1,9,-1,2,0,11,-1,2,70,-1,-1,-1
"2025000022630",1,9,7,1,0,0,1,2,42,1490,8,3
"2025000022630",2,1,19,1,0,0,1,1,20,-1,-1,-1
"2025000022631",1,1,9,6,1,0,3,1,13,-1,-1,-1
"2025000022631",2,9,19,1,0,0,1,1,64,5000,1,1
"2025000022632",2,9,19,0,0,0,2,2,40,2188,2,15
"2025000022632",3,9,19,0,0,0,2,1,35,1968,2,2
"2025000022632",1,9,4,0,0,0,1,1,32,1595,1,18
"2025000022633",1,19,1,8,0,0,2,1,56,2287,2,3
"2025000022634",1,9,19,0,2,0,4,1,19,999,1,5
"2025000022635",1,11,9,3,0,0,0,1,51,4500,2,8
"2025000022636",4,9,2,0,0,1,3,2,24,998,1,0
"2025000022636",2,9,19,0,0,1,1,1,26,1499,1,4
"2025000022636",3,9,19,0,0,1,1,1,61,-1,-1,-1
"2025000022636",1,9,19,0,5,0,4,1,47,1582,2,11
"2025000022637",4,9,4,0,0,0,2,2,21,996,1,11
"2025000022637",2,9,4,0,0,0,2,1,49,1984,1,2
"2025000022637",1,19,19,0,0,0,1,1,68,-1,-1,-1
"2025000022637",3,9,4,0,0,0,2,2,41,999,1,4
"2025000022638",1,9,12,0,0,0,1,1,78,1364,1,8
"2025000022638",2,9,19,0,0,0,1,1,51,-1,-1,-1
"2025000022639",1,9,19,0,0,0,0,1,26,1368,1,13
"2025000022639",2,1,4,0,1,0,2,1,47,-1,-1,-1
"2025000022640",2,9,99,9,0,99,9,3,-1,1197,1,9
"2025000022640",1,1,99,9,9,99,9,1,45,-1,-1,-1
"2025000022641",1,9,9,1,0,0,1,1,45,999,1,1
"2025000022641",2,9,19,8,0,0,1,1,48,1968,2,9
"2025000022642",3,9,19,1,0,0,1,1,22,1498,1,5
"2025000022642",2,9,3,1,0,0,2,2,23,-1,-1,-1
"2025000022642",1,9,14,1,0,0,1,-1,24,1596,1,10
"2025000022643",3,9,2,1,0,4,2,3,-1,1240,1,17
"2025000022643",2,9,2,1,0,0,2,3,-1,1332,8,1
"2025000022643",1,9,19,8,1,4,1,3,-1,1360,1,13
"2025000022644",1,9,19,0,0,0,1,2,23,1149,1,12
"2025000022645",2,9,19,8,0,0,2,1,69,1461,2,14
"2025000022645",1,9,19,8,0,0,1,1,55,-1,3,1
"2025000022646",2,1,19,0,0,0,4,1,65,-1,-1,-1
"2025000022646",1,9,5,0,0,0,3,1,23,1422,2,23
"2025000022647",1,1,19,0,0,0,1,3,-1,-1,-1,-1
"2025000022648",1,90,19,8,0,0,1,2,30,2200,2,0
"2025000022648",3,9,3,1,0,0,3,1,67,1580,8,1
"2025000022648",2,9,19,6,0,0,1,1,63,1560,2,10
"2025000022649",1,9,2,9,9,99,9,3,-1,999,1,4
"2025000022649",2,3,99,9,9,99,9,2,-1,108,1,4
"2025000022650",1,4,19,1,0,0,1,1,27,125,1,0
"2025000022650",2,9,9,8,0,0,3,3,-1,1395,1,5
"2025000022651",2,9,19,3,0,0,3,2,40,1499,2,8
"2025000022651",1,-1,19,8,0,0,1,1,11,-1,-1,-1
"2025000022652",1,1,19,1,0,0,1,1,10,-1,-1,-1
"2025000022652",2,9,19,8,0,0,3,2,48,2143,2,7
"2025000022653",2,9,4,0,0,0,2,1,74,1386,1,10
"2025000022653",1,9,19,0,0,0,1,1,26,-1,-1,-1
"2025000022653",3,21,3,0,0,0,2,1,63,12902,2,1
"2025000022654",2,9,3,4,0,0,1,2,47,2497,2,14
"2025000022654",1,9,19,4,0,0,2,1,35,1598,1,13
"2025000022655",1,9,19,0,0,0,1,1,56,-1,-1,-1
"2025000022656",1,9,19,0,5,4,3,2,65,1997,2,10
"2025000022656",2,9,2,0,0,0,3,3,-1,1956,2,10
"2025000022657",1,1,9,0,0,0,1,1,16,-1,-1,-1
"2025000022657",2,9,19,0,0,0,1,1,60,1580,8,0
"2025000022658",1,9,19,8,0,0,1,2,71,1598,1,15
"2025000022659",1,9,4,0,0,0,1,2,35,1595,1,3
"2025000022659",2,9,4,0,0,0,1,2,64,996,1,12
"2025000022660",1,9,19,8,0,0,1,1,57,-1,-1,-1
"2025000022660",2,5,4,8,0,0,2,1,39,-1,-1,-1
"2025000022661",1,9,10,0,0,0,4,1,58,-1,-1,-1
"2025000022661",2,9,19,0,0,0,1,2,62,1461,2,9
"2025000022662",1,9,19,1,0,0,1,2,30,-1,-1,-1
"2025000022663",1,9,19,0,0,0,1,1,18,1910,2,18
"2025000022664",1,9,19,0,0,0,1,2,58,998,1,5
"2025000022664",2,9,19,0,0,0,1,1,26,996,1,13
"2025000022665",3,9,2,1,0,0,3,3,-1,1398,1,4
"2025000022665",2,19,7,1,0,0,3,1,28,2143,2,11
"2025000022665",1,9,19,1,0,0,3,2,53,2400,2,10
"2025000022666",1,9,19,0,0,0,1,2,41,1364,1,16
"2025000022667",1,19,99,9,9,99,9,1,34,1995,2,2
"2025000022667",2,9,99,9,9,99,0,3,-1,999,1,1
"2025000022668",2,9,3,0,0,0,3,2,-1,1968,2,5
"2025000022668",3,9,2,0,0,0,2,3,-1,1229,1,12
"2025000022668",1,9,5,0,0,0,1,2,84,1598,1,13
"2025000022668",5,9,2,0,0,0,3,3,-1,1229,1,6
"2025000022668",4,9,2,0,0,0,2,3,-1,2993,2,2
"2025000022668",6,9,2,0,0,0,4,3,-1,1598,1,14
"2025000022669",2,9,9,8,0,0,1,1,75,1240,1,17
"2025000022669",1,3,19,8,0,0,1,1,26,124,1,1
"2025000022670",1,9,99,9,9,99,9,3,-1,-1,3,1
"2025000022670",2,1,99,9,9,99,9,1,56,-1,-1,-1
"2025000022671",1,9,5,0,0,0,1,1,45,1968,2,10
"2025000022672",2,9,19,1,0,0,1,2,22,1198,1,13
"2025000022672",1,9,9,6,0,0,2,1,50,2000,1,17
"2025000022673",2,1,9,1,0,0,2,1,60,-1,-1,-1
"2025000022673",1,9,5,1,0,0,1,1,42,1399,1,7
"2025000022674",1,19,1,6,0,0,2,1,51,1598,2,4
"2025000022675",1,11,19,1,0,0,0,3,-1,-1,-1,-1
"2025000022676",1,9,5,4,0,0,1,2,-1,-1,-1,-1
"2025000022676",2,1,19,8,2,0,4,1,27,-1,-1,-1
"2025000022677",2,9,99,9,9,99,9,3,-1,-1,-1,-1
"2025000022677",1,1,99,9,9,99,9,1,55,-1,-1,-1
"2025000022678",2,9,19,8,0,0,1,2,36,1364,1,6
"2025000022678",1,5,15,8,5,0,1,1,27,659,1,3
"2025000022678",3,9,9,5,0,0,1,1,50,1124,1,19
"2025000022679",1,9,19,0,0,0,1,2,64,1360,1,14
"2025000022680",1,9,12,0,0,0,1,1,23,-1,-1,-1
"2025000022680",2,11,12,0,0,0,2,1,70,4500,2,8
"2025000022681",1,9,19,0,0,0,1,1,-1,-1,-1,-1
"2025000022682",1,9,19,0,2,0,1,1,18,998,1,11
"2025000022683",1,19,99,9,9,99,3,2,25,-1,3,6
"2025000022684",1,9,9,8,0,0,1,2,44,1461,2,11
"2025000022685",2,9,1,0,0,0,2,3,-1,-1,-1,-1
"2025000022685",1,9,1,0,0,0,1,1,31,1399,1,2
"2025000022686",1,9,19,0,0,4,4,2,72,1461,2,9
"2025000022686",2,19,2,0,0,0,2,-1,-1,2298,2,11
"2025000022687",1,9,19,1,0,0,3,1,18,1242,1,16
"2025000022687",2,9,19,8,0,0,1,1,39,1197,1,6
"2025000022688",1,9,19,0,0,0,4,2,37,1598,1,22
"2025000022689",1,3,99,9,9,99,1,1,29,670,1,11
"2025000022689",2,9,99,9,9,99,2,3,-1,-1,-1,-1
"2025000022690",1,9,19,0,0,0,1,1,57,1998,1,14
"2025000022690",2,9,19,0,0,0,2,1,39,1995,1,14
"2025000022691",1,3,9,5,0,0,3,2,29,124,1,7
"2025000022691",2,8,19,8,0,0,4,1,35,1797,8,8
"2025000022692",2,9,19,1,0,0,3,1,31,5998,1,9
"2025000022692",1,19,19,1,5,0,1,1,22,1753,2,18
"2025000022693",2,9,19,0,0,0,1,1,35,1242,1,16
"2025000022693",3,9,19,0,0,0,2,1,25,2993,2,11
"2025000022693",1,9,19,0,0,0,1,3,-1,-1,-1,-1
"2025000022694",1,19,99,9,9,99,9,3,-1,1968,2,3
"2025000022694",2,21,99,9,9,99,9,3,-1,12777,2,5
"2025000022695",2,17,19,0,0,0,2,1,66,6728,2,10
"2025000022695",1,9,11,0,0,0,1,1,30,2143,2,5
"2025000022696",1,9,19,0,2,0,4,1,22,1560,2,17
"2025000022697",1,11,19,0,0,0,3,1,33,-1,-1,-1
"2025000022697",2,9,19,0,0,0,1,1,45,1490,8,1
"2025000022698",2,21,11,0,0,0,2,1,51,12777,2,0
"2025000022698",1,9,19,0,0,0,1,2,71,-1,-1,-1
"2025000022699",2,4,19,1,0,0,1,1,41,125,1,3
"2025000022699",1,9,14,2,0,0,1,1,49,3456,8,7
"2025000022700",1,98,19,8,0,0,0,3,31,-1,-1,-1
"2025000022700",2,9,19,8,0,0,0,2,45,1582,2,11
"2025000022701",1,9,19,0,0,0,1,1,47,1700,1,50
"2025000022701",2,1,19,0,0,0,1,1,26,-1,-1,-1
"2025000022702",1,1,19,6,0,0,1,1,19,-1,-1,-1
"2025000022702",2,9,19,2,0,0,4,1,41,1910,2,13
"2025000022703",1,9,9,2,0,0,1,1,21,1896,2,19
"2025000022703",2,1,19,1,5,0,1,1,35,-1,-1,-1
"2025000022704",1,3,19,0,5,0,1,2,30,108,1,5
"2025000022704",2,3,4,0,5,0,2,1,30,-1,-1,-1
"2025000022705",1,9,9,1,0,0,1,1,39,-1,3,2
"2025000022705",2,9,15,1,0,0,1,1,25,-1,-1,-1
"2025000022706",1,9,1,0,0,0,2,1,74,1998,1,14
"2025000022706",2,9,2,0,0,0,1,1,74,1498,1,2
"2025000022707",2,4,19,8,5,0,1,1,47,471,1,2
"2025000022707",1,9,5,8,0,0,1,2,34,898,1,7
"2025000022708",1,9,19,0,0,0,1,1,34,1798,8,3
"2025000022709",1,9,5,4,0,0,1,2,40,1197,1,3
"2025000022709",2,3,19,4,0,0,0,1,36,125,1,7
"2025000022710",2,9,3,1,0,4,1,2,20,1229,1,5
"2025000022710",1,9,3,1,0,4,2,2,73,1332,1,2
"2025000022711",2,9,2,0,0,0,2,-1,-1,1496,1,2
"2025000022711",1,19,19,0,0,4,1,1,48,1399,2,14
"2025000022712",1,9,19,0,0,0,1,2,21,1396,1,9
"2025000022712",2,9,19,0,0,0,1,2,48,-1,3,2
"2025000022713",3,9,3,0,0,0,2,1,18,1229,1,11
"2025000022713",1,11,4,0,1,0,1,1,42,7698,2,5
"2025000022713",2,9,3,0,0,0,2,2,34,998,1,6
"2025000022714",2,9,19,8,0,0,1,2,39,1461,2,13
"2025000022714",1,9,19,8,0,0,1,2,39,1995,2,17
"2025000022715",1,5,4,0,0,0,3,1,57,1500,1,22
"2025000022716",2,1,19,8,2,10,2,1,34,-1,-1,-1
"2025000022716",1,3,9,5,0,0,1,3,25,125,1,1
"2025000022717",2,9,99,9,9,99,9,3,-1,1598,12,3
"2025000022717",1,3,99,9,9,99,9,1,47,125,1,15
"2025000022718",2,9,99,0,9,99,9,3,-1,1229,1,13
"2025000022718",1,3,99,0,9,99,9,3,31,125,1,9
"2025000022718",3,3,2,0,0,0,3,3,-1,125,1,9
"2025000022719",1,1,99,9,9,99,1,2,26,-1,-1,-1
"2025000022719",3,9,99,9,9,99,9,3,-1,999,1,1
"2025000022719",2,9,99,9,9,99,9,3,23,1395,1,5
"2025000022720",1,4,5,0,0,0,3,1,29,-1,-1,-1
"2025000022720",2,1,19,0,0,0,1,2,41,-1,-1,-1
"2025000022721",2,1,7,0,0,0,1,1,60,-1,-1,-1
"2025000022721",1,19,9,0,0,0,3,2,46,2179,2,1
"2025000022722",2,9,19,0,0,0,1,2,20,999,1,8
"2025000022722",1,9,19,0,0,0,1,1,83,1499,2,4
"2025000022723",1,9,19,8,0,0,1,2,52,1242,1,10
"2025000022723",2,9,19,8,0,0,1,2,31,996,1,13
"2025000022724",1,9,15,1,0,0,1,1,35,1596,1,18
"2025000022724",2,11,4,1,0,0,2,1,42,4500,2,11
"2025000022725",1,9,19,0,0,0,3,1,73,1591,1,4
"2025000022725",2,5,9,0,0,0,4,1,61,1745,1,3
"2025000022726",1,9,19,1,0,0,1,2,71,1781,1,20
"2025000022726",2,1,10,1,0,0,2,1,27,-1,-1,-1
"2025000022727",2,3,3,1,0,0,3,1,28,-1,-1,-1
"2025000022727",1,9,3,1,0,0,1,1,33,-1,3,1
"2025000022728",2,9,2,0,0,0,2,3,-1,1499,1,6
"2025000022728",1,9,19,0,0,0,1,1,21,1798,8,3
"2025000022729",1,19,9,5,0,0,1,1,24,2143,2,3
"2025000022730",2,11,19,1,0,0,1,1,50,5132,2,8
"2025000022730",1,9,9,1,0,0,4,2,18,999,1,11
"2025000022731",1,9,7,6,0,0,1,1,59,1598,2,3
"2025000022732",1,9,19,0,0,0,1,1,32,1198,1,11
"2025000022733",2,9,19,1,0,0,1,1,90,1390,1,19
"2025000022733",1,9,5,6,0,0,3,2,17,1598,2,8
"2025000022734",2,9,7,0,0,0,3,1,47,1499,1,5
"2025000022734",1,9,19,0,0,0,1,1,48,1997,8,3
"2025000022735",1,3,99,9,9,99,1,1,26,125,1,2
"2025000022735",2,9,99,9,9,99,9,3,-1,1364,1,13
"2025000022736",1,9,-1,0,-1,-1,-1,1,-1,1328,1,16
"2025000022737",1,9,19,0,2,0,1,1,29,2996,1,6
"2025000022738",2,9,99,9,9,99,1,3,-1,1984,1,6
"2025000022738",1,9,99,9,9,99,2,1,39,4806,1,5
"2025000022739",1,9,9,0,0,0,3,2,37,1198,1,13
"2025000022740",1,9,99,0,9,99,2,2,36,1461,2,6
"2025000022740",2,9,99,0,9,99,1,3,-1,1395,1,6
"2025000022741",2,9,3,1,0,0,0,2,25,1499,2,6
"2025000022741",1,9,3,1,0,0,1,1,-1,1461,2,11
"2025000022742",1,3,99,9,9,99,9,1,38,125,1,1
"2025000022742",2,9,99,9,9,99,9,3,-1,2480,1,0
"2025000022743",1,9,19,0,0,0,1,2,45,998,1,10
"2025000022744",2,9,99,9,9,99,9,1,21,-1,-1,-1
"2025000022744",1,1,99,9,9,99,2,2,24,-1,-1,-1
"2025000022745",1,19,19,0,5,4,1,1,88,-1,-1,-1
"2025000022745",2,9,2,0,0,0,1,1,62,1199,1,4
"2025000022746",2,9,19,0,0,0,3,2,19,1595,1,16
"2025000022746",1,9,19,0,0,0,3,2,58,1248,1,11
"2025000022747",2,20,2,0,0,0,2,3,-1,-1,2,19
"2025000022747",1,9,19,0,0,0,1,1,32,1968,2,13
"2025000022748",2,1,19,8,0,0,1,1,44,-1,-1,-1
"2025000022748",1,9,9,8,0,0,4,2,82,1248,1,9
"2025000022749",1,1,19,8,0,0,3,1,61,-1,-1,-1
"2025000022749",2,9,7,6,0,0,1,2,20,1968,2,9
"2025000022750",1,9,19,0,0,0,1,1,81,998,1,5
"2025000022750",2,5,19,0,0,0,1,1,47,652,1,17
"2025000022751",1,9,19,0,0,0,1,1,39,1560,2,12
"2025000022751",2,9,19,0,0,0,1,1,80,1197,1,6
"2025000022752",1,4,19,0,1,0,3,1,20,125,1,9
"2025000022753",2,9,19,0,0,0,1,1,22,1498,1,3
"2025000022753",1,9,19,0,0,0,0,1,61,1991,8,1
"2025000022753",3,9,19,0,0,0,1,1,45,2143,2,10
"2025000022754",1,3,19,1,0,0,1,1,47,125,1,3
"2025000022754",2,9,9,1,0,0,4,2,25,1498,1,1
"2025000022755",5,9,19,0,1,0,1,1,33,5461,1,10
"2025000022755",3,19,19,0,0,0,1,1,28,1997,2,2
"2025000022755",4,19,19,0,0,0,1,1,22,1560,2,5
"2025000022755",1,9,11,0,0,0,4,1,30,1373,1,1
"2025000022755",2,19,12,0,0,0,1,1,25,1560,2,3
"2025000022756",2,9,99,9,9,99,1,3,44,1797,8,7
"2025000022756",1,1,99,9,9,99,9,1,32,-1,-1,-1
"2025000022757",2,5,19,0,0,0,1,1,42,1254,1,1
"2025000022757",1,9,19,0,0,0,1,1,-1,1995,2,10
"2025000022758",1,9,19,2,0,0,4,1,29,2993,2,5
"2025000022759",2,9,19,0,0,0,4,2,35,1968,2,5
"2025000022759",1,9,12,0,5,0,3,1,19,998,1,16
"2025000022760",1,3,99,9,9,99,1,2,27,-1,-1,-1
"2025000022760",2,90,99,9,9,99,2,3,-1,-1,-1,-1
"2025000022761",1,9,19,4,0,0,1,2,52,1388,1,13
"2025000022761",2,9,9,4,0,0,4,1,30,1560,2,11
"2025000022762",2,3,19,1,0,0,1,1,33,109,1,7
"2025000022762",1,9,9,1,0,0,1,1,29,1364,1,15
"2025000022763",1,19,4,0,0,0,1,1,-1,-1,-1,-1
"2025000022763",2,9,3,0,0,0,2,1,28,1200,1,2
"2025000022764",1,9,19,2,0,0,1,3,-1,-1,-1,-1
"2025000022765",2,21,19,0,0,0,1,1,41,-1,2,23
"2025000022765",1,9,19,0,0,0,4,1,65,1199,1,3
"2025000022766",1,9,99,9,9,99,9,2,58,1299,1,18
"2025000022766",2,9,99,9,9,99,1,2,61,1497,8,7
"2025000022767",1,97,5,0,0,0,1,1,14,-1,-1,-1
"2025000022768",2,9,19,0,2,0,2,1,32,1499,2,1
"2025000022768",1,9,19,0,1,0,1,1,26,2597,1,21
"2025000022769",1,9,19,0,1,0,1,1,76,-1,-1,-1
"2025000022769",2,9,19,0,0,0,1,2,47,1997,2,5
"2025000022770",1,1,99,9,9,99,1,1,54,-1,-1,-1
"2025000022770",2,9,99,9,9,99,9,3,-1,1598,2,9
"2025000022771",2,1,19,1,0,0,3,1,18,-1,-1,-1
"2025000022771",1,9,19,1,0,0,1,1,43,-1,-1,-1
"2025000022772",2,9,19,0,0,0,1,2,41,1242,1,11
"2025000022772",1,21,12,0,0,0,3,1,49,-1,-1,-1
"2025000022773",1,9,19,1,0,0,1,2,33,1461,2,10
"2025000022774",1,98,12,0,0,0,4,1,-1,-1,-1,-1
"2025000022774",2,9,19,0,0,0,4,1,49,999,1,0
"2025000022775",1,8,19,0,0,0,3,1,33,1500,2,3
"2025000022775",2,19,19,0,0,0,0,2,30,-1,-1,-1
"2025000022776",2,19,19,0,0,0,4,3,-1,-1,-1,-1
"2025000022776",1,9,19,0,0,0,3,2,33,-1,-1,-1
"2025000022777",1,11,9,4,0,0,0,1,57,4500,2,5
"2025000022778",1,1,3,1,0,0,3,2,74,-1,-1,-1
"2025000022778",2,9,10,1,0,0,0,3,-1,-1,-1,-1
"2025000022778",3,8,19,1,0,0,1,1,69,1598,2,11
"2025000022779",1,9,9,1,0,0,4,1,30,2993,2,10
"2025000022779",3,9,2,1,0,0,1,1,61,1598,1,13
"2025000022779",2,19,19,1,0,0,1,1,20,1461,2,7
"2025000022780",2,9,19,8,0,0,4,2,40,1598,1,17
"2025000022780",1,9,9,8,0,0,4,1,32,1995,2,11