"collision_index","vehicle_reference","vehicle_type","vehicle_manoeuvre","junction_location","skidding_and_overturning","hit_object_in_carriageway","first_point_of_impact","sex_of_driver","age_of_driver","engine_capacity_cc","propulsion_code","age_of_vehicle"
"2025000022781",2,1,19,8,0,0,4,1,9,-1,-1,-1
"2025000022781",1,9,19,1,0,0,3,2,29,1997,2,14
"2025000022782",1,9,9,2,0,0,1,2,22,-1,-1,-1
"2025000022782",2,9,19,1,0,0,1,2,23,-1,-1,-1
"2025000022783",2,21,19,1,0,0,1,1,47,10837,2,4
"2025000022783",1,9,7,5,0,7,2,2,49,2487,8,1
"2025000022784",2,11,19,8,0,0,1,1,62,5132,2,2
"2025000022784",1,9,9,6,0,0,4,1,20,2495,2,20
"2025000022785",1,9,19,0,0,0,1,1,67,2099,1,18
"2025000022786",1,19,19,0,0,0,1,1,45,1995,2,4
"2025000022786",2,9,12,0,0,0,2,1,55,-1,-1,-1
"2025000022787",2,9,19,8,1,0,1,2,52,1398,1,19
"2025000022787",1,19,9,6,1,0,3,1,-1,2143,2,5
"2025000022788",1,9,19,0,5,0,4,1,17,1397,1,14
"2025000022789",2,5,19,1,2,0,1,1,64,885,1,22
"2025000022789",1,9,9,1,0,0,4,1,34,-1,-1,-1
"2025000022790",1,19,11,1,0,0,1,1,27,1499,2,5
"2025000022791",1,9,99,0,9,99,1,2,27,1332,1,5
"2025000022792",1,3,13,0,0,0,1,1,18,-1,-1,-1
"2025000022792",2,9,3,0,0,0,1,1,76,2967,2,11
"2025000022793",2,9,19,8,0,0,4,2,59,-1,-1,-1
"2025000022793",1,9,5,4,0,0,1,1,22,-1,-1,-1
"2025000022794",2,9,19,8,0,0,1,1,66,-1,-1,-1
"2025000022794",1,9,9,6,0,0,1,1,84,-1,-1,-1
"2025000022795",1,9,6,8,0,0,1,1,26,1999,2,5
"2025000022795",2,3,5,8,0,0,3,1,34,-1,3,2
"2025000022796",1,11,4,0,0,0,0,1,-1,-1,-1,-1
"2025000022797",2,9,99,9,9,99,1,3,-1,1197,1,4
"2025000022797",1,9,99,9,9,99,9,1,28,2979,1,5
"2025000022798",1,9,19,2,0,0,1,2,29,1560,2,14
"2025000022798",2,9,2,1,0,0,2,1,54,1149,1,17
"2025000022799",2,8,10,8,0,0,2,1,-1,1598,2,8
"2025000022799",1,19,19,1,0,0,1,1,-1,1968,2,3
"2025000022800",2,9,19,0,0,0,1,2,22,1332,1,2
"2025000022800",1,9,19,0,0,0,1,1,35,1995,1,14
"2025000022801",1,9,7,6,0,0,1,3,-1,1950,2,4
"2025000022801",2,9,19,2,0,0,4,1,37,998,1,10
"2025000022802",1,9,19,0,0,0,1,3,-1,-1,-1,-1
"2025000022803",1,9,19,0,2,0,4,1,17,1396,1,13
"2025000022804",1,17,19,2,0,6,4,1,58,4525,2,5
"2025000022805",1,9,9,1,0,0,1,2,82,1329,1,8
"2025000022805",2,9,19,1,0,0,1,2,66,1229,1,18
"2025000022806",2,1,19,1,0,10,1,1,62,-1,-1,-1
"2025000022806",1,11,19,1,0,0,4,2,59,4250,2,11
"2025000022807",2,9,19,6,0,0,1,1,65,998,1,6
"2025000022807",1,9,19,5,5,0,1,1,32,-1,-1,-1
"2025000022808",1,11,19,0,0,0,3,1,56,4461,2,8
"2025000022808",2,19,19,0,0,0,3,1,37,2198,2,9
"2025000022809",1,9,19,8,0,0,1,2,60,1497,8,3
"2025000022809",2,1,19,8,5,0,4,1,58,-1,-1,-1
"2025000022810",15,9,19,0,0,0,1,2,57,1993,8,1
"2025000022810",14,9,19,0,0,0,2,1,39,1596,1,10
"2025000022810",10,19,19,0,0,1,1,1,22,1995,2,1
"2025000022810",11,9,19,0,0,1,0,1,20,-1,-1,-1
"2025000022810",2,9,19,0,0,4,1,2,42,1596,1,13
"2025000022810",7,9,19,0,0,1,1,1,44,1496,1,8
"2025000022810",13,9,19,0,0,0,2,1,59,1598,2,9
"2025000022810",4,20,19,0,0,1,2,1,66,10677,2,5
"2025000022810",1,9,19,0,0,0,2,2,39,1999,2,7
"2025000022810",5,9,19,0,0,1,4,1,65,2191,2,6
"2025000022810",12,19,19,0,0,1,2,1,39,1995,2,1
"2025000022810",9,9,19,0,0,1,1,2,44,1968,2,4
"2025000022810",6,9,19,0,0,1,1,1,19,998,1,5
"2025000022810",3,9,19,0,0,1,1,1,52,2393,2,2
"2025000022810",8,9,19,0,0,0,2,1,54,-1,-1,-1
"2025000022811",2,9,19,1,0,0,2,1,18,999,1,0
"2025000022811",1,11,19,1,0,0,1,1,61,4461,2,7
"2025000022812",1,9,19,1,0,0,1,1,49,2494,1,18
"2025000022813",2,9,99,9,9,99,1,3,54,1349,1,10
"2025000022813",1,3,99,9,9,99,2,1,48,125,1,1
"2025000022814",2,9,2,0,0,0,2,3,50,-1,-1,-1
"2025000022814",1,9,19,0,1,4,3,1,18,1598,1,14
"2025000022815",2,9,2,0,0,0,3,-1,-1,2993,2,6
"2025000022815",1,23,6,0,0,0,1,1,74,-1,3,1
"2025000022816",1,9,19,0,0,0,1,2,48,2143,2,4
"2025000022817",2,1,19,1,0,0,4,1,54,-1,-1,-1
"2025000022817",1,90,19,1,0,0,2,3,30,-1,-1,-1
"2025000022818",1,9,-1,6,0,0,1,2,86,-1,-1,-1
"2025000022818",2,9,-1,8,0,0,1,1,50,1499,1,8
"2025000022819",2,5,19,0,0,0,1,1,20,689,1,7
"2025000022819",1,9,5,0,0,0,4,1,65,1332,1,25
"2025000022820",2,9,19,0,0,0,3,2,19,1339,1,13
"2025000022820",1,9,19,0,1,0,1,3,-1,-1,-1,-1
"2025000022821",1,8,4,1,0,0,2,1,60,1968,2,2
"2025000022821",2,9,4,1,0,0,1,1,20,-1,-1,-1
"2025000022822",2,21,12,0,0,0,3,3,-1,10837,2,4
"2025000022822",1,9,19,0,0,0,4,1,28,998,1,17
"2025000022822",3,98,12,0,0,0,3,3,-1,-1,-1,-1
"2025000022823",2,1,19,6,0,0,1,1,9,-1,-1,-1
"2025000022823",1,9,19,8,0,0,4,2,31,1596,1,16
"2025000022824",3,9,2,8,0,0,4,-1,-1,999,1,6
"2025000022824",1,90,19,1,0,4,1,2,17,-1,-1,-1
"2025000022824",2,9,2,8,0,0,2,-1,-1,1368,1,14
"2025000022825",1,9,19,0,0,0,1,1,32,1498,1,2
"2025000022826",1,1,19,8,0,0,1,1,28,-1,-1,-1
"2025000022826",2,9,19,8,0,0,4,2,69,998,1,5
"2025000022827",2,3,19,1,0,0,1,1,19,125,1,2
"2025000022827",1,9,5,4,0,0,2,1,84,998,1,4
"2025000022828",3,9,4,0,0,0,2,1,27,1598,1,11
"2025000022828",2,9,4,0,0,0,2,1,17,1461,2,7
"2025000022828",1,19,19,0,0,0,1,1,31,1968,2,1
"2025000022829",1,9,19,0,0,0,1,1,49,1591,1,5
"2025000022830",1,9,19,0,0,0,1,3,-1,1997,2,9
"2025000022831",1,9,19,0,2,10,1,1,25,1124,1,20
"2025000022832",1,9,7,6,0,0,0,1,63,1598,1,14
"2025000022832",2,1,19,8,0,0,0,1,21,-1,-1,-1
"2025000022833",1,9,19,1,0,0,1,1,32,998,1,15
"2025000022833",2,9,9,1,0,0,4,1,77,1395,1,6
"2025000022834",1,11,19,1,0,0,1,3,-1,4760,2,10
"2025000022834",2,9,7,8,0,0,2,1,20,1398,1,7
"2025000022835",2,9,19,8,1,0,3,1,49,998,1,8
"2025000022835",1,9,9,6,1,0,1,1,49,1595,1,14
"2025000022836",2,1,9,4,5,0,3,1,40,-1,-1,-1
"2025000022836",1,9,19,8,0,0,1,2,40,1598,2,4
"2025000022837",2,9,19,8,0,0,1,2,63,1242,1,9
"2025000022837",1,17,7,6,0,0,1,1,23,6786,2,0
"2025000022838",1,3,19,8,2,0,4,1,26,124,1,2
"2025000022838",2,9,5,6,0,0,1,2,33,1240,1,19
"2025000022839",2,21,3,0,0,0,2,1,67,9290,2,3
"2025000022839",1,20,19,0,0,0,1,1,46,2998,2,1
"2025000022840",1,9,19,2,0,0,1,2,60,1498,1,5
"2025000022840",2,9,19,2,0,0,1,1,25,2967,2,6
"2025000022841",1,1,19,1,5,0,1,1,31,-1,-1,-1
"2025000022842",1,9,10,6,0,0,1,1,76,2776,2,17
"2025000022842",2,9,19,1,5,0,1,1,55,4608,1,14
"2025000022843",2,9,19,8,0,0,1,1,47,-1,3,0
"2025000022843",1,9,19,8,0,0,2,2,29,1399,1,4
"2025000022844",3,9,19,0,0,0,0,1,28,1498,2,2
"2025000022844",2,9,19,0,0,0,1,2,64,1597,2,6
"2025000022844",1,9,19,0,0,0,0,2,41,1149,1,6
"2025000022845",1,19,19,8,1,0,3,1,43,1753,2,17
"2025000022846",2,9,19,1,0,0,1,2,-1,1398,1,11
"2025000022846",1,9,5,1,0,0,1,2,21,1229,1,10
"2025000022847",1,9,19,0,0,0,1,1,21,1984,1,4
"2025000022847",2,9,19,0,0,0,1,1,45,1399,1,6
"2025000022848",2,9,19,0,0,0,1,1,73,-1,-1,-1
"2025000022848",1,9,19,0,0,0,1,1,69,1461,2,9
"2025000022849",1,5,19,8,2,0,4,1,42,1690,1,8
"2025000022850",1,9,99,9,9,99,9,1,26,1461,2,5
"2025000022850",2,9,99,9,9,99,9,3,-1,-1,-1,-1
"2025000022851",1,9,19,0,2,0,4,2,34,1229,1,18
"2025000022852",1,11,99,9,9,99,9,1,38,-1,3,1
"2025000022853",1,9,19,1,0,4,1,1,75,-1,-1,-1
"2025000022853",2,9,3,1,0,0,2,2,33,1398,1,11
"2025000022854",1,9,19,0,0,0,3,1,37,1968,2,17
"2025000022854",2,9,5,0,0,0,4,1,80,-1,-1,-1
"2025000022855",1,9,12,0,2,7,4,1,37,1951,2,15
"2025000022855",2,9,19,0,0,0,1,1,55,1956,2,11
"2025000022856",3,9,2,0,0,0,1,3,-1,1498,1,0
"2025000022856",1,3,19,0,0,0,1,1,19,125,1,2
"2025000022856",2,9,5,0,0,0,1,1,38,1364,1,15
"2025000022857",1,3,4,0,0,0,1,2,28,125,1,0
"2025000022858",2,1,5,6,0,0,1,1,14,-1,-1,-1
"2025000022858",1,8,19,8,0,0,4,1,49,2499,2,14
"2025000022859",1,90,15,1,0,0,1,2,32,2987,2,8
"2025000022859",2,19,9,1,0,0,3,1,37,1598,2,8
"2025000022860",1,8,4,2,0,0,2,1,47,1797,8,4
"2025000022860",2,4,4,2,0,0,1,1,23,689,1,0
"2025000022861",1,9,9,5,0,0,1,1,28,2967,2,12
"2025000022862",1,9,9,8,0,0,1,2,34,1498,1,4
"2025000022862",2,19,19,8,0,0,1,1,46,1248,2,11
"2025000022863",2,3,3,8,0,0,4,1,26,-1,-1,-1
"2025000022863",1,9,9,8,0,0,1,1,50,-1,-1,-1
"2025000022864",1,9,1,1,0,0,2,2,44,1749,2,2
"2025000022865",1,5,19,0,0,0,1,1,23,689,1,3
"2025000022866",1,9,3,4,0,0,2,2,38,1461,2,1
"2025000022866",2,19,3,4,0,0,1,1,54,1598,2,5
"2025000022867",1,19,19,0,0,0,1,2,45,2198,2,12
"2025000022868",2,8,8,1,0,0,1,1,27,1798,8,7
"2025000022868",1,9,7,5,0,0,1,1,18,1395,1,9
"2025000022869",1,19,19,0,5,10,3,2,44,-1,-1,-1
"2025000022869",2,19,2,0,0,0,1,2,-1,1968,2,4
"2025000022869",3,9,2,0,0,0,4,2,-1,1598,1,17
"2025000022870",1,90,19,0,0,0,1,1,46,2287,2,0
"2025000022871",1,9,5,4,0,0,3,2,32,-1,3,0
"2025000022871",2,1,19,3,0,0,1,2,-1,-1,-1,-1
"2025000022872",3,9,19,1,0,0,2,2,39,1968,2,5
"2025000022872",1,9,19,1,0,0,1,2,25,1998,2,8
"2025000022872",2,9,19,1,0,0,2,1,41,1984,1,9
"2025000022872",4,9,19,1,0,0,2,1,52,2143,2,8
"2025000022873",1,9,9,8,0,0,3,2,79,1339,1,10
"2025000022873",2,9,9,2,0,0,1,1,76,1498,8,1
"2025000022874",1,9,8,1,0,0,2,1,37,1984,1,32
"2025000022874",2,9,5,5,0,0,1,3,-1,1997,2,14
"2025000022875",2,9,3,4,0,0,2,1,39,999,1,2
"2025000022875",1,19,19,1,0,0,1,1,36,1968,2,5
"2025000022876",1,9,19,0,0,0,1,2,78,1496,1,5
"2025000022877",1,9,19,4,0,0,3,2,38,999,1,5
"2025000022877",2,9,19,4,0,0,4,1,53,998,1,9
"2025000022878",3,9,10,1,0,0,1,2,42,2987,2,3
"2025000022878",1,9,9,5,0,0,4,1,76,1364,1,6
"2025000022878",2,9,7,5,0,0,1,2,48,1598,1,15
"2025000022879",2,9,19,8,0,0,4,1,29,3200,2,15
"2025000022879",1,9,7,6,0,0,3,1,67,1995,2,10
"2025000022879",3,9,10,1,0,0,3,2,66,1995,1,12
"2025000022880",2,1,19,1,0,0,1,1,17,-1,-1,-1
"2025000022880",1,9,5,2,0,0,3,1,52,-1,3,0
"2025000022881",2,9,19,8,0,0,4,1,58,-1,-1,-1
"2025000022881",1,9,19,6,0,0,1,1,25,1248,2,16
"2025000022882",2,9,19,0,0,0,1,1,46,1595,1,4
"2025000022882",1,9,19,0,0,0,1,1,28,2993,2,4
"2025000022883",1,3,19,0,0,0,4,1,33,124,1,5
"2025000022883",2,9,19,0,0,0,4,1,38,2993,2,12
"2025000022884",3,9,4,3,0,0,2,2,44,1598,1,5
"2025000022884",1,19,19,3,0,0,1,1,18,1995,2,0
"2025000022884",2,9,4,3,0,0,2,2,19,1598,1,17
"2025000022884",4,9,19,1,0,0,0,2,31,1969,8,1
"2025000022885",4,19,3,4,0,0,1,1,61,2143,2,1
"2025000022885",1,9,7,3,0,10,2,1,86,1560,2,11
"2025000022885",3,9,3,4,0,0,1,2,51,1193,1,5
"2025000022885",2,9,3,4,0,0,2,1,36,1242,1,11
"2025000022886",1,9,19,8,0,0,1,1,37,1998,2,10
"2025000022887",1,9,19,0,0,0,1,2,25,999,1,5
"2025000022887",2,19,4,0,0,0,2,1,39,1950,2,0
"2025000022888",2,9,19,8,0,0,0,3,-1,-1,-1,-1
"2025000022888",1,11,4,8,0,0,0,1,33,4461,2,11
"2025000022889",2,1,9,8,0,0,4,1,55,-1,-1,-1
"2025000022889",1,9,19,4,0,0,1,3,50,1242,1,14
"2025000022890",1,9,19,0,0,0,1,3,-1,-1,-1,-1
"2025000022891",1,8,9,6,0,0,1,1,-1,1798,8,10
"2025000022892",1,8,19,0,0,0,1,1,34,1598,2,5
"2025000022893",2,9,19,0,0,0,3,1,76,1956,2,3
"2025000022893",1,19,19,0,0,0,1,1,18,1560,2,11
"2025000022894",2,9,19,8,0,0,1,2,29,1242,1,6
"2025000022894",1,9,19,8,0,0,1,1,19,999,1,5
"2025000022895",1,9,19,0,0,0,1,1,56,1798,8,8
"2025000022896",1,9,19,1,1,0,1,1,42,-1,-1,-1
"2025000022897",2,9,99,9,9,99,1,1,24,1796,1,10
"2025000022897",1,1,99,9,9,99,1,1,32,-1,-1,-1
"2025000022898",2,11,3,1,0,0,2,1,58,5132,2,4
"2025000022898",3,9,3,1,0,0,1,2,34,1998,1,2
"2025000022898",1,9,12,1,0,0,1,2,46,998,1,4
"2025000022899",1,19,19,8,5,0,4,1,58,1461,2,6
"2025000022899",2,9,19,8,0,0,1,2,62,1390,1,15
"2025000022900",3,9,19,0,0,0,1,1,38,1798,8,6
"2025000022900",1,9,4,0,0,0,2,1,63,1349,1,10
"2025000022900",2,1,5,0,0,0,4,1,43,-1,-1,-1
"2025000022901",2,1,14,0,0,0,1,1,32,-1,-1,-1
"2025000022901",1,9,6,0,0,0,3,1,44,1560,2,11
"2025000022902",1,21,19,0,0,0,3,1,34,6700,2,0
"2025000022902",2,9,19,0,0,0,3,2,42,998,1,8
"2025000022903",1,9,19,0,2,0,1,2,45,-1,-1,-1
"2025000022904",2,9,4,0,0,0,2,1,35,1598,12,1
"2025000022904",1,19,4,0,0,0,1,1,54,1968,2,17
"2025000022905",2,9,19,0,0,0,0,3,-1,-1,-1,-1
"2025000022905",1,11,19,0,5,0,4,1,65,9360,2,8
"2025000022906",1,9,99,9,9,99,2,1,76,999,1,5
"2025000022906",2,9,99,9,9,99,1,3,-1,2987,2,6
"2025000022907",2,9,9,5,0,0,2,1,51,1596,1,14
"2025000022907",1,3,19,1,0,0,1,1,20,125,1,2
"2025000022908",1,9,19,0,0,0,1,1,24,1995,2,14
"2025000022908",2,19,19,0,0,0,2,1,36,1461,2,10
"2025000022909",1,9,19,0,0,0,1,2,27,1498,1,7
"2025000022910",1,9,19,8,0,0,3,2,51,1598,1,13
"2025000022910",2,9,19,8,0,0,3,1,54,1753,2,17
"2025000022911",2,3,5,8,5,0,3,1,37,-1,-1,-1
"2025000022911",1,9,10,8,0,0,1,2,43,-1,-1,-1
"2025000022912",2,3,3,1,0,0,2,1,28,108,1,3
"2025000022912",1,9,19,1,0,0,1,2,31,1997,2,8
"2025000022912",3,11,10,1,0,0,0,3,-1,6700,2,14
"2025000022913",1,11,19,2,0,0,0,2,47,6700,2,12
"2025000022914",2,9,14,0,0,0,4,1,83,1200,1,4
"2025000022914",1,19,2,0,0,0,3,1,31,2143,2,2
"2025000022915",1,9,19,0,5,0,3,3,-1,1461,2,17
"2025000022916",1,9,19,0,0,0,1,1,76,-1,-1,-1
"2025000022917",1,9,11,0,0,0,4,1,31,2148,2,13
"2025000022917",2,19,19,0,0,0,3,1,38,1995,2,3
"2025000022918",1,9,12,4,0,0,1,1,62,1242,1,7
"2025000022918",2,1,11,8,0,0,1,1,26,-1,-1,-1
"2025000022919",1,9,4,1,0,0,1,1,18,998,1,4
"2025000022919",2,9,4,1,0,0,2,1,23,1399,1,18
"2025000022920",1,9,19,0,0,0,0,3,-1,-1,-1,-1
"2025000022920",2,3,19,0,1,0,0,1,28,125,1,2
"2025000022921",1,19,99,9,9,99,9,3,42,1997,2,1
"2025000022921",2,1,99,9,9,99,9,2,49,-1,-1,-1
"2025000022922",2,1,19,8,0,0,1,1,50,-1,-1,-1
"2025000022922",1,9,7,5,0,0,1,1,82,1242,1,8
"2025000022923",2,8,19,1,0,0,0,2,37,1497,8,15
"2025000022923",1,9,1,1,0,0,2,3,30,1299,1,22
"2025000022924",1,9,1,0,0,0,2,1,24,1598,1,8
"2025000022925",1,9,19,0,0,10,3,1,39,1498,1,12
"2025000022926",2,9,99,0,0,0,1,1,74,1995,2,12
"2025000022926",1,8,99,0,0,0,2,1,52,2499,2,11
"2025000022926",3,9,99,0,0,0,2,3,-1,999,1,10
"2025000022927",1,9,19,0,0,0,3,1,46,1499,2,7
"2025000022927",2,9,19,0,0,0,4,1,24,-1,-1,-1
"2025000022928",1,9,13,0,1,0,1,1,57,1968,2,8
"2025000022928",2,9,19,0,0,0,3,1,33,1968,2,9
"2025000022929",2,9,19,0,0,0,1,1,45,1998,1,2
"2025000022929",1,9,19,0,0,0,1,1,56,1598,1,11
"2025000022930",2,-1,19,1,0,0,1,1,30,-1,-1,-1
"2025000022930",1,9,9,5,0,0,2,2,29,1498,1,1
"2025000022931",1,9,-1,-1,-1,-1,-1,3,-1,-1,-1,-1
"2025000022932",1,3,19,0,0,0,4,1,19,124,1,1
"2025000022932",2,9,19,0,0,0,3,2,60,1461,2,14
"2025000022933",2,1,99,0,9,99,9,1,-1,-1,-1,-1
"2025000022933",1,9,99,0,9,99,2,1,40,1598,1,16
"2025000022934",1,9,19,0,1,0,2,2,42,1685,2,8
"2025000022935",3,9,4,0,1,0,1,1,39,1496,1,4
"2025000022935",5,9,4,0,1,0,1,1,20,1398,1,9
"2025000022935",1,9,4,0,1,0,2,2,44,999,1,1
"2025000022935",6,9,4,0,1,0,2,1,29,-1,-1,-1
"2025000022935",4,9,4,0,1,7,3,2,31,1200,1,6
"2025000022935",7,9,4,0,1,0,1,2,28,999,1,2
"2025000022935",2,9,4,0,1,0,1,1,21,1995,2,12
"2025000022936",2,10,19,2,0,0,2,1,39,2299,2,9
"2025000022936",3,19,19,2,0,0,1,1,28,1560,2,6
"2025000022936",1,9,1,6,0,0,4,2,39,1560,2,8
"2025000022937",2,9,19,0,0,0,1,1,26,1124,1,16
"2025000022937",1,1,19,0,0,0,3,1,12,-1,-1,-1
"2025000022938",2,9,19,8,0,0,4,1,21,1399,1,7
"2025000022938",1,9,9,5,0,0,4,1,47,1968,2,2
"2025000022939",1,19,19,1,0,0,1,1,54,1598,2,11
"2025000022940",2,9,19,0,0,0,3,1,31,998,1,2
"2025000022940",1,9,19,0,0,0,3,3,-1,-1,-1,-1
"2025000022941",3,19,4,8,0,0,3,1,25,1560,2,3
"2025000022941",1,9,9,8,0,0,3,2,20,1397,1,11
"2025000022941",2,9,19,8,0,0,1,2,26,2143,2,1
"2025000022942",3,9,2,0,0,0,2,2,39,1477,1,3
"2025000022942",5,9,2,0,0,0,2,1,57,1395,8,2
"2025000022942",2,9,4,0,0,0,2,1,29,-1,-1,-1
"2025000022942",4,9,2,0,0,0,2,1,48,1997,2,7
"2025000022942",1,19,19,0,0,0,1,1,34,1499,2,3
"2025000022943",2,21,15,0,0,0,2,1,45,10677,2,1
"2025000022943",1,11,2,0,0,0,3,1,36,4250,2,9
"2025000022944",1,9,19,0,0,0,2,2,44,1596,1,18
"2025000022945",1,3,99,0,9,99,1,1,26,108,1,3
"2025000022946",1,9,19,1,0,0,4,1,49,1685,2,7
"2025000022947",2,9,19,0,0,0,2,1,43,2143,2,5
"2025000022947",1,9,19,0,0,0,1,2,21,999,1,3
"2025000022948",1,4,19,0,0,0,1,1,44,124,1,3
"2025000022949",1,1,19,0,0,0,1,1,36,-1,-1,-1
"2025000022949",2,1,19,0,0,0,2,1,30,-1,-1,-1
"2025000022950",1,9,1,0,0,0,2,2,38,2179,2,10
"2025000022951",1,9,3,0,0,0,2,1,28,1598,2,6
"2025000022951",2,9,4,0,0,0,2,2,31,998,1,7
"2025000022951",3,9,19,0,0,0,1,1,40,998,1,1
"2025000022952",2,9,2,0,0,0,1,3,-1,2231,2,12
"2025000022952",1,9,19,0,0,0,1,1,41,1798,8,3
"2025000022953",1,11,19,1,0,0,0,1,28,6700,2,10
"2025000022954",1,9,19,8,0,10,1,1,19,1896,2,17
"2025000022954",3,9,2,2,0,0,2,1,-1,1968,2,13
"2025000022954",2,9,19,4,0,0,3,1,21,1197,1,13
"2025000022955",2,1,7,3,0,0,4,2,30,-1,-1,-1
"2025000022955",1,9,7,3,0,0,3,2,30,1200,1,3
"2025000022956",1,9,19,8,0,0,3,2,33,1796,2,10
"2025000022956",2,9,1,8,0,0,2,2,-1,1242,1,12
"2025000022957",2,9,9,8,0,0,1,2,42,1968,2,2
"2025000022957",1,3,19,8,0,0,1,1,39,125,1,0
"2025000022958",2,9,99,9,9,99,1,3,-1,1197,1,9
"2025000022958",1,3,99,9,9,99,1,2,25,125,1,1
"2025000022959",2,9,19,0,0,0,2,1,24,1796,1,18
"2025000022959",1,11,3,0,0,0,0,1,62,5132,2,4
"2025000022960",2,1,19,0,0,0,3,1,53,-1,-1,-1
"2025000022960",1,17,19,0,0,0,1,1,28,6788,2,2
"2025000022961",1,21,9,8,0,0,1,1,55,12777,2,8
"2025000022961",2,8,19,8,0,0,3,1,67,1997,2,12
"2025000022962",1,9,19,1,5,11,3,1,19,1984,1,17
"2025000022963",2,9,19,8,2,0,4,2,48,1242,1,5
"2025000022963",1,9,9,8,0,0,4,1,32,999,1,3
"2025000022964",2,9,99,9,9,99,9,2,66,1240,1,15
"2025000022964",1,1,99,9,9,99,9,1,41,-1,-1,-1
"2025000022965",2,9,19,1,0,0,1,1,52,1497,8,0
"2025000022965",1,19,7,6,0,0,3,1,44,4500,2,7
"2025000022966",2,1,19,8,0,0,2,1,14,-1,-1,-1
"2025000022966",1,9,19,4,0,0,1,2,54,2231,2,15
"2025000022967",1,9,-1,0,0,0,1,1,19,-1,-1,-1
"2025000022968",1,9,4,0,0,0,2,1,29,2143,2,9
"2025000022968",2,9,4,0,0,0,1,1,-1,1968,2,8
"2025000022969",1,1,19,0,0,0,1,1,18,-1,-1,-1
"2025000022970",1,9,19,1,0,0,1,1,-1,-1,-1,-1
"2025000022970",2,1,19,1,0,0,2,1,41,-1,-1,-1
"2025000022971",2,9,10,1,0,0,2,1,27,1598,2,9
"2025000022971",1,9,19,1,0,0,1,2,21,1199,1,2
"2025000022972",2,1,19,1,0,0,4,1,55,-1,-1,-1
"2025000022972",1,9,7,1,0,0,1,2,25,1796,1,15
"2025000022973",1,9,13,0,0,0,3,2,42,1896,2,14
"2025000022974",1,9,9,2,0,0,2,1,55,2143,2,7
"2025000022974",2,1,14,8,0,0,1,1,39,-1,-1,-1
"2025000022975",1,1,99,9,9,99,9,3,-1,-1,-1,-1
"2025000022976",1,1,-1,1,0,0,3,2,-1,-1,-1,-1
"2025000022976",2,9,19,1,0,0,1,2,64,-1,-1,-1
"2025000022977",1,9,19,0,0,8,1,3,-1,-1,-1,-1
"2025000022977",2,9,2,0,0,0,3,3,-1,1598,2,11
"2025000022978",1,9,19,0,0,0,1,2,37,999,1,4
"2025000022979",1,21,10,8,3,0,1,1,53,-1,-1,-1
"2025000022979",2,21,19,1,1,0,1,1,26,10837,2,6
"2025000022979",3,9,19,2,0,0,3,2,47,2493,8,7
"2025000022979",4,9,5,6,0,0,1,2,59,1598,2,4
"2025000022980",1,9,9,5,0,0,1,1,45,1995,2,6
"2025000022980",2,3,15,1,0,0,3,2,31,124,1,7
"2025000022981",1,4,19,2,0,0,4,1,17,-1,-1,-1
"2025000022981",2,9,19,1,0,0,1,1,66,1582,2,12
"2025000022982",1,9,9,2,0,0,4,1,65,1360,1,28
"2025000022983",1,9,19,1,1,0,1,1,86,1798,1,13
"2025000022983",2,9,4,8,0,0,2,2,77,1796,1,13
"2025000022984",1,9,9,0,2,0,4,1,24,1968,2,8
"2025000022985",1,11,99,9,9,99,9,1,47,-1,-1,-1
"2025000022986",1,3,19,6,0,0,1,1,29,125,1,13
"2025000022987",1,9,4,0,0,0,1,1,46,1956,2,4
"2025000022988",2,9,19,0,0,0,1,1,17,2487,8,2
"2025000022988",1,9,19,0,0,0,1,2,47,1685,2,8
"2025000022989",2,8,19,0,0,0,3,1,36,1968,2,8
"2025000022989",1,8,6,0,0,0,1,1,53,1968,2,9
"2025000022990",1,9,4,0,1,0,1,1,39,1997,2,3
"2025000022990",2,9,4,0,0,0,2,1,30,1968,2,8
"2025000022991",1,9,19,2,0,0,1,1,77,1461,2,6
"2025000022992",1,9,19,8,0,0,1,1,59,1796,1,15
"2025000022993",1,9,9,5,0,0,3,1,50,-1,3,10
"2025000022993",2,9,5,6,0,0,1,1,69,4367,2,6
"2025000022994",2,20,19,0,0,0,1,1,58,-1,-1,-1
"2025000022994",3,21,19,0,0,0,1,1,57,12902,2,3
"2025000022994",1,9,19,0,0,0,3,2,-1,2199,2,11
"2025000022995",2,3,19,1,0,0,1,2,46,115,1,6
"2025000022995",1,19,1,1,0,0,2,1,46,1995,2,14
"2025000022996",1,9,5,4,0,0,1,1,27,999,1,4
"2025000022996",2,1,19,8,0,0,4,1,26,-1,-1,-1
"2025000022997",1,9,4,0,0,0,2,2,23,1242,1,11
"2025000022997",2,9,19,0,0,0,1,1,20,1984,1,7
"2025000022998",1,9,19,0,0,0,1,3,-1,-1,-1,-1
"2025000022998",2,9,7,0,0,0,2,2,35,1560,2,9
"2025000022999",1,9,19,1,0,0,1,1,24,1199,1,2
"2025000022999",2,21,19,1,0,0,2,1,50,12809,2,5
"2025000023000",2,9,2,1,0,0,2,3,-1,-1,-1,-1
"2025000023000",3,9,2,1,0,0,3,3,-1,-1,-1,-1