"collision_index","vehicle_reference","vehicle_type","vehicle_manoeuvre","junction_location","skidding_and_overturning","hit_object_in_carriageway","first_point_of_impact","sex_of_driver","age_of_driver","engine_capacity_cc","propulsion_code","age_of_vehicle"
"2025000023000",1,9,19,1,0,4,1,1,28,-1,-1,-1
"2025000023001",1,9,8,4,0,0,2,1,55,1395,8,2
"2025000023001",2,9,4,4,0,0,1,3,-1,1229,1,14
"2025000023002",2,1,99,9,9,99,1,2,45,-1,-1,-1
"2025000023002",1,9,99,9,9,99,1,1,29,1499,1,1
"2025000023003",1,9,7,0,0,0,4,2,57,1388,1,11
"2025000023004",1,9,19,0,1,0,1,1,51,1997,2,14
"2025000023005",2,98,-1,0,-1,-1,-1,3,-1,-1,-1,-1
"2025000023005",3,9,2,0,0,0,1,3,-1,1998,1,17
"2025000023005",1,9,-1,0,-1,-1,-1,3,-1,-1,-1,-1
"2025000023006",1,4,19,0,1,0,1,1,20,296,1,8
"2025000023007",2,21,2,0,0,0,3,1,28,4764,2,15
"2025000023007",1,9,19,0,0,0,4,3,-1,1198,1,16
"2025000023008",2,9,19,0,0,0,2,2,44,2191,2,3
"2025000023008",1,9,19,0,0,0,1,1,38,1995,2,14
"2025000023008",3,9,19,0,0,0,2,2,24,1499,1,1
"2025000023009",1,90,19,0,0,0,-1,3,-1,-1,-1,-1
"2025000023009",2,1,19,0,0,0,2,2,25,-1,-1,-1
"2025000023010",1,9,-1,-1,-1,-1,-1,3,-1,-1,-1,-1
"2025000023011",1,19,19,1,0,0,1,1,22,1598,2,10
"2025000023011",2,9,3,4,0,0,2,2,60,1242,1,2
"2025000023012",2,9,19,1,0,0,1,1,18,1199,2,12
"2025000023012",1,9,9,1,0,0,1,2,86,998,1,18
"2025000023013",1,9,9,5,0,0,4,1,55,3955,1,18
"2025000023013",3,4,19,2,0,0,0,1,-1,-1,-1,-1
"2025000023013",2,2,19,8,1,0,1,1,69,-1,-1,-1
"2025000023014",2,9,4,4,0,0,2,2,37,998,1,6
"2025000023014",1,9,4,4,0,0,2,1,38,1998,1,19
"2025000023015",2,3,19,1,0,0,4,1,22,108,1,4
"2025000023015",3,9,19,1,0,0,0,3,-1,-1,-1,-1
"2025000023015",1,9,9,6,0,0,1,2,70,1364,2,12
"2025000023016",1,9,19,0,0,0,1,2,58,2143,2,7
"2025000023017",2,9,19,0,0,0,1,2,26,1198,1,13
"2025000023017",1,3,4,0,0,0,2,1,24,125,1,3
"2025000023018",2,4,19,8,0,0,1,1,32,125,1,3
"2025000023018",1,9,9,5,0,0,1,1,32,1598,1,13
"2025000023019",1,9,4,1,0,0,2,1,41,1984,1,14
"2025000023019",2,19,19,4,0,0,1,1,34,-1,-1,-1
"2025000023020",1,9,19,1,0,0,3,3,-1,-1,-1,-1
"2025000023021",2,9,9,2,0,0,1,1,55,1390,1,12
"2025000023021",1,3,19,8,2,0,1,1,27,125,1,4
"2025000023022",1,9,19,0,0,0,1,2,52,1900,2,16
"2025000023022",2,9,4,0,0,0,2,2,36,1994,2,19
"2025000023023",2,9,19,8,0,0,1,3,-1,1248,1,9
"2025000023023",1,9,4,8,0,0,2,1,23,1997,1,21
"2025000023024",2,9,4,0,0,0,2,2,55,1498,1,2
"2025000023024",1,2,4,0,1,0,3,1,16,50,1,7
"2025000023025",1,9,3,1,0,0,2,1,45,1595,1,4
"2025000023025",2,9,4,1,0,0,1,2,38,2143,2,7
"2025000023026",2,9,9,4,0,0,1,2,20,998,1,8
"2025000023026",1,9,19,4,0,0,1,2,52,1497,8,15
"2025000023027",2,9,19,0,1,0,2,1,31,2993,2,5
"2025000023027",1,19,19,0,0,0,1,1,30,2287,2,1
"2025000023028",1,9,1,0,0,0,4,1,76,996,1,11
"2025000023029",1,5,13,1,0,0,1,1,68,1200,1,1
"2025000023029",2,19,9,1,0,0,3,1,38,2198,2,7
"2025000023030",1,9,9,1,0,0,3,2,52,1968,2,6
"2025000023030",2,4,13,1,0,0,1,1,55,645,1,3
"2025000023031",1,3,19,0,1,10,4,1,25,124,1,1
"2025000023032",1,9,19,8,0,0,1,1,-1,2171,1,18
"2025000023032",2,9,19,8,0,0,4,1,37,1500,2,3
"2025000023033",1,9,19,2,0,0,4,2,36,1998,1,6
"2025000023033",2,9,19,6,0,0,1,1,23,999,1,1
"2025000023034",2,9,2,0,0,0,2,2,47,1995,2,14
"2025000023034",1,9,19,0,0,0,1,1,32,1998,1,7
"2025000023035",1,19,19,0,0,0,3,1,-1,-1,-1,-1
"2025000023036",1,9,99,9,9,99,9,1,20,1197,1,9
"2025000023036",2,9,99,9,9,99,9,3,-1,-1,-1,-1
"2025000023037",1,9,10,1,0,0,3,2,43,898,1,3
"2025000023037",2,2,14,1,5,0,4,1,29,108,1,7
"2025000023038",2,3,19,8,0,0,1,1,21,125,1,2
"2025000023038",1,3,19,8,0,0,3,1,18,125,1,8
"2025000023039",1,3,99,9,9,99,9,3,26,125,1,1
"2025000023039",2,9,99,9,9,99,1,3,-1,1596,1,8
"2025000023040",1,9,19,8,0,0,1,3,-1,-1,-1,-1
"2025000023040",2,1,9,8,0,0,1,1,23,-1,-1,-1
"2025000023041",1,21,9,8,0,0,1,1,28,12742,2,1
"2025000023041",2,9,19,8,0,0,3,1,34,-1,-1,-1
"2025000023042",2,9,10,1,0,0,2,1,20,1870,2,11
"2025000023042",1,9,19,1,0,0,1,2,82,1598,1,13
"2025000023043",1,19,19,8,0,0,-1,3,-1,1995,2,4
"2025000023043",2,9,19,8,0,0,-1,2,42,1461,2,4
"2025000023044",1,90,4,1,0,0,2,1,65,-1,-1,-1
"2025000023044",2,1,19,1,0,4,1,1,32,-1,-1,-1
"2025000023045",1,1,19,0,0,0,4,2,17,-1,-1,-1
"2025000023045",2,9,4,0,0,0,3,3,-1,-1,-1,-1
"2025000023046",1,11,19,0,0,0,0,2,28,6696,2,8
"2025000023047",2,9,-1,0,0,0,2,1,24,-1,3,1
"2025000023047",1,9,-1,0,0,2,1,2,34,1560,2,12
"2025000023048",2,3,99,9,9,99,9,3,-1,125,1,5
"2025000023048",1,4,99,9,9,99,9,1,34,292,1,0
"2025000023049",1,1,19,1,0,0,1,1,40,-1,-1,-1
"2025000023050",2,9,99,9,9,0,1,3,-1,-1,-1,-1
"2025000023050",1,3,99,9,9,99,9,3,23,-1,-1,-1
"2025000023051",1,9,19,1,0,0,3,2,47,1299,1,20
"2025000023051",2,1,9,1,0,0,1,1,60,-1,-1,-1
"2025000023052",1,9,19,5,5,11,1,1,22,1950,2,5
"2025000023052",2,9,19,1,0,0,0,1,39,1998,1,3
"2025000023053",1,9,19,2,0,0,1,2,57,1332,1,2
"2025000023054",2,1,19,0,0,0,2,1,38,-1,-1,-1
"2025000023054",1,8,19,0,0,0,1,3,-1,-1,3,2
"2025000023055",2,9,19,1,0,0,1,1,26,1398,1,6
"2025000023055",1,9,9,6,0,0,1,2,57,1598,1,14
"2025000023056",1,9,10,1,0,0,2,1,36,1798,8,1
"2025000023056",2,1,19,1,0,0,1,1,27,-1,-1,-1
"2025000023057",1,22,5,6,0,0,1,2,75,-1,-1,-1
"2025000023057",2,9,9,8,0,0,3,2,33,-1,-1,-1
"2025000023058",2,11,19,0,0,0,1,2,44,9360,2,12
"2025000023058",1,3,7,0,0,0,4,1,41,124,1,17
"2025000023059",2,1,19,8,0,0,1,1,11,-1,-1,-1
"2025000023059",1,9,19,8,0,0,4,2,40,1597,2,8
"2025000023060",1,-1,19,1,0,0,1,3,30,-1,-1,-1
"2025000023060",2,1,8,1,0,0,2,1,39,-1,-1,-1
"2025000023061",2,19,19,2,0,0,1,1,-1,2198,2,12
"2025000023061",1,9,4,2,0,0,2,1,27,1968,2,10
"2025000023062",1,8,99,0,0,0,4,1,40,-1,-1,-1
"2025000023063",2,9,19,0,0,0,3,1,52,1598,1,13
"2025000023063",1,9,19,0,1,0,3,2,22,998,1,10
"2025000023064",1,19,1,1,0,0,2,1,33,1995,2,4
"2025000023065",2,9,19,1,0,0,1,1,61,3311,8,13
"2025000023065",1,9,19,1,0,0,1,2,36,1329,1,8
"2025000023066",1,5,7,8,2,0,4,1,51,535,1,27
"2025000023067",1,21,19,2,0,0,0,3,-1,12740,2,11
"2025000023067",2,9,19,8,0,0,1,1,39,1560,2,10
"2025000023068",2,9,19,1,0,0,2,1,58,-1,-1,-1
"2025000023068",1,9,19,1,0,0,1,1,21,1496,2,6
"2025000023069",4,9,2,0,0,4,2,3,-1,1198,1,7
"2025000023069",5,9,2,0,1,0,2,3,-1,998,1,12
"2025000023069",2,9,2,0,0,0,3,3,-1,1461,2,11
"2025000023069",3,9,2,0,0,0,3,3,-1,1995,2,5
"2025000023069",1,9,19,0,0,4,4,1,21,1598,1,18
"2025000023070",1,9,19,0,0,0,1,1,75,1399,2,16
"2025000023071",2,5,13,1,0,0,1,1,28,1000,1,13
"2025000023071",1,9,9,1,0,0,3,2,74,1968,2,0
"2025000023072",1,9,19,0,1,7,4,1,29,1560,2,12
"2025000023073",2,11,2,0,0,0,0,1,41,11000,2,15
"2025000023073",1,9,14,0,0,0,0,1,61,1349,1,7
"2025000023074",1,9,4,0,0,0,1,1,72,1560,2,10
"2025000023075",1,9,19,2,0,0,1,1,76,1598,2,4
"2025000023076",2,9,19,0,0,0,3,1,32,1685,2,9
"2025000023076",1,9,19,0,0,0,4,3,30,-1,-1,-1
"2025000023077",2,3,19,1,1,0,1,1,38,125,1,1
"2025000023077",1,9,19,1,0,0,1,2,80,999,1,9
"2025000023078",2,9,19,1,0,0,1,1,47,-1,3,1
"2025000023078",1,9,9,5,0,0,4,2,30,1560,2,15
"2025000023079",2,9,19,1,0,4,1,1,64,1997,2,15
"2025000023079",1,9,2,1,0,0,2,1,17,999,1,4
"2025000023080",2,9,3,4,0,0,2,1,53,1461,2,8
"2025000023080",3,9,3,4,0,0,3,1,58,1461,2,6
"2025000023080",1,9,3,4,0,0,1,1,28,1390,1,15
"2025000023081",1,9,-1,8,-1,-1,-1,3,-1,1797,8,8
"2025000023082",2,9,19,1,0,0,1,1,43,1328,1,13
"2025000023082",1,9,9,6,0,0,3,1,36,1200,1,2
"2025000023083",1,9,99,9,9,99,2,1,24,1999,1,11
"2025000023083",2,9,99,9,9,99,1,3,-1,1598,1,15
"2025000023084",2,5,9,1,0,0,1,1,59,1584,1,16
"2025000023084",1,9,19,1,0,0,4,2,40,1798,8,4
"2025000023085",1,11,19,1,0,7,1,1,54,6700,2,14
"2025000023086",1,19,3,0,0,0,2,1,38,2298,2,8
"2025000023086",2,9,3,0,0,4,1,3,-1,-1,-1,-1
"2025000023087",2,1,19,8,0,0,1,1,17,-1,-1,-1
"2025000023087",1,9,9,8,0,0,4,1,77,-1,-1,-1
"2025000023088",1,9,4,0,0,0,4,1,38,1248,2,10
"2025000023089",1,9,19,0,2,0,3,2,31,1461,2,11
"2025000023090",2,1,14,1,0,0,1,1,11,-1,-1,-1
"2025000023090",3,11,4,1,0,0,0,3,-1,4461,2,6
"2025000023090",1,9,19,1,0,0,4,1,71,1388,1,11
"2025000023091",1,1,19,8,0,0,1,1,56,-1,-1,-1
"2025000023091",2,9,9,6,0,0,1,2,-1,-1,-1,-1
"2025000023092",1,9,19,0,1,11,1,1,18,1198,1,14
"2025000023093",2,11,19,0,0,0,0,1,46,4500,2,0
"2025000023093",1,9,19,0,0,0,0,3,-1,1997,1,15
"2025000023094",2,9,19,1,1,0,1,2,37,1398,2,14
"2025000023094",1,9,7,2,5,0,3,2,33,1461,2,12
"2025000023095",1,4,19,0,1,0,0,1,22,125,1,2
"2025000023096",1,9,7,5,0,4,1,1,38,1388,1,15
"2025000023096",2,9,2,2,0,4,4,3,-1,2925,2,2
"2025000023097",1,9,19,0,2,0,1,1,33,1951,2,18
"2025000023098",1,9,19,2,2,10,1,1,29,2143,2,9
"2025000023099",2,5,9,3,0,0,4,1,44,-1,-1,-1
"2025000023099",1,9,19,3,0,0,1,3,-1,-1,-1,-1
"2025000023100",2,2,5,0,0,0,1,3,-1,-1,-1,-1
"2025000023100",1,1,5,0,0,0,1,2,16,-1,-1,-1
"2025000023101",1,9,3,1,0,0,2,1,44,1499,2,7
"2025000023101",2,9,5,1,0,0,1,1,22,1497,1,4
"2025000023102",1,9,19,8,0,0,2,2,32,1997,2,14
"2025000023102",2,9,19,1,0,0,1,2,42,1242,1,9
"2025000023103",2,21,19,0,0,0,0,1,45,12777,2,1
"2025000023103",1,9,19,0,0,0,4,2,59,1984,1,1
"2025000023104",1,9,19,0,0,0,1,1,19,999,1,2
"2025000023105",1,9,5,1,0,0,1,2,42,2997,2,1
"2025000023105",2,9,19,1,0,0,3,2,35,1968,2,9
"2025000023106",1,9,10,0,0,0,2,1,36,1900,2,15
"2025000023106",2,9,19,0,0,0,1,1,21,1339,1,11
"2025000023106",3,9,19,0,0,0,3,1,50,3387,1,14
"2025000023107",1,19,2,0,0,0,1,3,-1,-1,-1,-1
"2025000023107",2,3,5,0,0,4,1,1,18,125,1,0
"2025000023108",2,9,19,1,0,0,1,2,67,1199,1,5
"2025000023108",4,9,2,1,0,0,2,-1,-1,1364,1,15
"2025000023108",3,9,2,1,0,0,2,-1,-1,1870,2,13
"2025000023108",1,9,19,1,0,0,1,2,28,1332,1,4
"2025000023109",1,9,5,8,0,0,1,1,65,1910,2,13
"2025000023109",2,1,19,8,0,0,2,2,18,-1,-1,-1
"2025000023110",1,11,4,0,0,0,0,1,46,4250,2,10
"2025000023111",1,9,19,0,0,0,1,2,43,1560,2,10
"2025000023112",2,9,19,1,0,0,1,1,55,1000,1,4
"2025000023112",1,9,9,6,0,0,3,2,78,1199,1,2
"2025000023113",1,9,19,1,0,0,1,2,-1,-1,-1,-1
"2025000023113",2,9,3,4,0,0,2,2,54,1490,1,1
"2025000023114",2,4,14,0,0,0,1,1,30,125,1,2
"2025000023114",1,9,19,0,0,0,3,1,29,1332,1,0
"2025000023115",1,3,19,0,0,0,1,1,35,113,1,2
"2025000023116",1,9,4,0,0,0,2,2,53,1997,2,9
"2025000023116",2,9,19,0,0,0,1,1,18,1596,1,14
"2025000023117",1,9,5,1,0,0,3,1,57,2993,2,8
"2025000023117",2,1,19,8,0,0,1,1,35,-1,-1,-1
"2025000023118",2,4,5,6,0,0,1,1,67,471,1,2
"2025000023118",1,9,19,1,0,0,4,2,60,1984,1,19
"2025000023119",1,9,19,2,0,0,0,1,57,1968,2,5
"2025000023119",2,1,19,2,0,0,0,1,19,-1,-1,-1
"2025000023120",1,9,19,0,0,0,1,2,38,1598,1,12
"2025000023121",1,9,19,8,0,0,1,1,41,1388,1,14
"2025000023121",2,9,7,5,0,0,2,2,42,1299,1,17
"2025000023122",2,16,19,0,0,0,1,2,53,-1,-1,-1
"2025000023122",1,9,19,0,0,0,1,1,35,1198,1,16
"2025000023123",2,1,4,8,0,0,2,1,-1,-1,-1,-1
"2025000023123",1,9,9,8,0,0,1,2,46,1997,1,15
"2025000023124",1,9,19,3,0,0,1,1,27,1200,1,4
"2025000023124",2,5,19,3,0,0,2,1,56,1690,1,6
"2025000023125",1,9,19,1,0,0,4,3,-1,-1,-1,-1
"2025000023126",1,9,19,1,0,0,1,1,29,2179,2,10
"2025000023126",2,9,4,1,0,0,2,2,33,999,1,4
"2025000023127",1,9,3,0,0,0,4,1,39,1598,1,11
"2025000023128",2,9,19,0,0,0,1,3,-1,1997,1,11
"2025000023128",1,1,5,0,0,0,4,1,64,-1,-1,-1
"2025000023129",1,1,19,1,0,0,1,1,12,-1,-1,-1
"2025000023129",2,9,19,1,0,0,3,2,34,1496,1,2
"2025000023130",2,-1,19,8,0,0,4,1,20,-1,-1,-1
"2025000023130",1,9,19,1,0,0,1,2,44,875,1,9
"2025000023131",2,4,19,0,0,0,1,1,45,399,1,9
"2025000023131",1,1,19,0,0,0,1,1,59,-1,-1,-1
"2025000023132",1,1,99,9,9,99,1,1,31,-1,-1,-1
"2025000023132",2,9,99,9,9,99,9,3,45,1598,1,2
"2025000023133",2,9,7,2,0,0,3,1,20,1242,1,18
"2025000023133",1,21,19,1,0,0,1,1,42,10837,2,2
"2025000023134",1,9,11,0,1,0,1,1,32,2521,1,13
"2025000023134",2,9,19,0,1,2,2,2,52,1386,1,14
"2025000023135",3,9,12,0,0,0,0,3,-1,-1,-1,-1
"2025000023135",2,9,19,0,0,0,2,2,46,1995,2,19
"2025000023135",1,9,19,0,0,0,1,3,-1,-1,-1,-1
"2025000023136",1,9,15,0,0,0,3,1,38,1332,8,2
"2025000023136",2,4,15,0,0,0,1,2,29,652,1,21
"2025000023137",3,9,4,0,0,0,1,1,46,1798,1,12
"2025000023137",2,9,4,0,0,0,2,1,43,999,1,5
"2025000023137",1,9,4,0,0,0,2,1,42,1969,8,2
"2025000023138",1,9,19,0,5,10,1,2,64,-1,-1,-1
"2025000023139",1,9,19,4,0,0,3,2,48,1598,1,13
"2025000023139",2,9,19,4,0,0,4,1,43,2143,2,9
"2025000023140",1,9,19,8,2,0,1,1,32,1498,1,0
"2025000023141",2,9,19,1,0,0,1,1,17,1149,1,12
"2025000023141",1,19,10,1,0,0,1,1,54,1560,2,5
"2025000023142",1,9,19,8,0,0,4,2,21,1896,2,13
"2025000023142",2,5,19,8,0,0,1,1,47,999,1,6
"2025000023143",1,9,7,1,0,0,4,1,31,1149,1,16
"2025000023143",2,11,19,1,0,0,3,1,40,6696,2,8
"2025000023144",1,19,19,0,0,0,4,1,57,2143,2,4
"2025000023145",1,11,19,2,0,0,1,2,52,5132,2,2
"2025000023146",2,1,9,8,0,0,4,1,37,-1,-1,-1
"2025000023146",1,19,9,8,0,0,1,1,20,2143,2,1
"2025000023147",2,9,4,0,0,0,1,1,57,1995,2,18
"2025000023147",3,9,4,0,0,0,3,2,33,1998,1,4
"2025000023147",1,21,19,0,0,0,1,1,25,5132,2,9
"2025000023148",1,1,19,0,0,0,3,1,13,-1,-1,-1
"2025000023148",2,9,19,0,0,0,1,1,-1,1299,1,21
"2025000023149",1,9,1,1,0,0,2,1,68,999,1,3
"2025000023150",1,9,19,8,0,0,1,2,32,1991,2,14
"2025000023150",2,9,3,8,0,0,2,2,38,2198,2,14
"2025000023151",1,9,9,1,0,0,1,1,78,999,1,8
"2025000023151",2,4,19,1,5,0,1,1,26,490,1,38
"2025000023152",1,1,19,0,0,0,1,1,62,-1,-1,-1
"2025000023153",1,9,19,0,0,0,-1,3,-1,-1,-1,-1
"2025000023153",2,1,5,0,0,0,2,1,42,-1,-1,-1
"2025000023154",2,9,19,8,0,0,1,1,85,1598,1,18
"2025000023154",1,9,9,6,0,0,3,2,49,-1,-1,-1
"2025000023155",1,9,19,8,0,0,0,3,-1,-1,-1,-1
"2025000023155",2,11,19,1,0,0,0,1,24,-1,-1,-1
"2025000023156",2,1,19,1,0,0,1,2,47,-1,-1,-1
"2025000023156",1,9,9,8,0,0,1,2,56,1149,1,21
"2025000023157",1,1,99,9,9,99,1,3,-1,-1,-1,-1
"2025000023158",2,9,19,8,0,0,1,1,39,1995,2,6
"2025000023158",1,19,9,6,0,0,4,1,29,1499,2,0
"2025000023159",1,11,19,0,0,0,1,1,49,6696,2,8
"2025000023160",1,4,-1,0,5,0,1,1,35,998,1,4
"2025000023161",2,1,19,1,0,0,1,1,45,-1,-1,-1
"2025000023161",1,9,5,6,0,0,1,2,19,1364,1,12
"2025000023162",2,9,9,1,0,0,2,1,20,1596,1,12
"2025000023162",3,9,19,1,0,0,3,1,42,-1,-1,-1
"2025000023162",1,9,19,1,0,0,1,2,31,1997,2,11
"2025000023163",1,9,19,0,0,0,1,1,43,1999,1,14
"2025000023163",2,9,19,0,0,0,2,1,38,1998,1,5
"2025000023164",2,9,19,8,2,11,4,1,34,-1,-1,-1
"2025000023164",1,9,15,8,0,0,0,1,45,-1,-1,-1
"2025000023165",1,9,19,0,0,0,2,2,54,1560,2,11
"2025000023165",2,9,15,0,0,0,1,2,49,1598,1,15
"2025000023166",1,4,99,9,9,99,1,3,-1,-1,-1,-1
"2025000023167",2,9,99,9,9,99,9,3,-1,1199,1,3
"2025000023167",1,19,99,9,9,99,4,1,51,1598,2,4
"2025000023168",2,1,19,0,0,0,2,1,16,-1,-1,-1
"2025000023168",1,9,19,0,0,0,4,1,70,-1,-1,-1
"2025000023169",1,19,19,0,0,0,1,1,64,1870,2,20
"2025000023169",2,9,3,0,0,0,2,2,44,1498,1,2
"2025000023170",1,9,1,6,0,0,2,1,27,1597,2,7
"2025000023171",1,11,19,8,0,0,3,1,-1,4461,2,10
"2025000023172",3,9,2,1,0,4,1,3,-1,1798,8,5
"2025000023172",2,9,19,1,0,0,3,1,17,1390,1,16
"2025000023172",4,9,2,1,0,0,1,3,-1,1686,2,19
"2025000023172",1,9,7,1,0,0,1,1,33,1390,1,14
"2025000023173",3,9,19,0,0,0,1,2,29,1364,1,12
"2025000023173",1,21,5,0,0,0,0,1,66,12740,2,2
"2025000023173",2,9,19,0,0,7,1,2,23,1229,1,0
"2025000023174",1,9,19,0,0,0,1,1,27,-1,-1,-1
"2025000023175",2,1,19,0,0,0,2,1,74,-1,-1,-1
"2025000023175",1,9,19,0,0,0,1,2,63,1499,1,3
"2025000023176",1,9,19,0,1,0,0,1,54,1999,2,4
"2025000023177",1,9,19,8,0,0,1,2,27,998,1,3
"2025000023177",2,9,19,8,0,0,2,2,43,1968,2,7
"2025000023178",1,9,19,0,0,0,1,3,-1,-1,-1,-1
"2025000023179",2,9,19,0,0,0,1,1,29,1499,2,6
"2025000023179",1,9,19,0,0,0,2,2,28,1499,1,4
"2025000023180",2,5,4,0,0,0,2,1,69,1200,1,1
"2025000023180",1,5,19,0,0,0,1,1,70,1745,1,1
"2025000023181",2,1,19,1,0,0,1,1,43,-1,-1,-1
"2025000023181",1,9,7,5,0,0,1,2,54,1461,2,10
"2025000023182",2,9,19,0,0,0,1,1,36,998,1,12
"2025000023182",1,9,19,0,1,0,1,1,28,998,1,13
"2025000023183",1,9,19,8,0,7,1,2,85,1560,2,11
"2025000023184",1,8,99,9,9,99,1,3,51,2499,2,9
"2025000023184",2,1,99,9,9,99,1,2,34,-1,-1,-1
"2025000023185",1,1,19,0,0,0,2,1,33,-1,-1,-1
"2025000023185",2,9,19,0,0,0,1,3,-1,-1,-1,-1
"2025000023186",1,9,5,6,0,0,1,1,45,2494,8,3
"2025000023186",2,5,19,1,1,4,1,1,30,599,1,20
"2025000023187",2,9,19,4,0,0,2,2,-1,1496,2,7
"2025000023187",1,9,19,4,0,0,1,1,-1,898,1,9
"2025000023188",1,9,1,1,0,0,2,2,62,2720,2,16
"2025000023189",2,2,19,1,2,0,1,1,30,-1,-1,-1
"2025000023189",1,19,19,2,0,0,4,2,24,1968,2,3
"2025000023190",1,9,19,0,0,0,1,1,28,1968,2,3
"2025000023190",2,9,15,0,0,0,1,1,63,999,1,1
"2025000023191",2,9,19,0,0,0,1,1,23,2143,2,8
"2025000023191",1,3,4,0,0,0,1,1,19,124,1,8
"2025000023192",2,9,19,0,0,0,1,1,-1,1596,1,8
"2025000023192",1,9,11,0,0,0,4,2,57,2143,2,5
"2025000023193",3,19,3,0,0,0,2,1,56,1898,2,2
"2025000023193",1,11,4,0,0,0,1,1,60,-1,-1,-1
"2025000023193",4,9,3,0,0,0,2,2,45,1999,2,6
"2025000023193",2,11,4,0,0,0,1,1,60,-1,-1,-1
"2025000023194",1,1,19,8,0,0,1,1,29,-1,-1,-1
"2025000023195",2,9,19,0,0,0,4,1,42,1597,2,6
"2025000023195",1,9,19,0,0,0,1,2,56,1999,2,5
"2025000023196",1,11,4,1,0,0,0,2,55,9600,2,21
"2025000023197",2,9,2,0,0,0,2,1,82,1318,1,2
"2025000023197",1,9,14,0,0,0,1,2,23,1388,1,17
"2025000023198",1,2,19,8,5,12,1,1,24,-1,-1,-1
"2025000023199",2,9,19,0,0,0,1,1,64,1198,1,13
"2025000023199",1,9,19,0,1,0,1,1,45,2993,2,11
"2025000023200",2,1,14,0,0,0,1,1,20,-1,-1,-1
"2025000023200",1,9,6,0,0,0,3,1,49,1998,2,9
"2025000023201",2,9,19,8,0,0,1,1,36,1560,2,7
"2025000023201",1,9,9,6,0,0,4,2,18,1595,1,8
"2025000023202",1,-1,19,1,0,0,1,1,40,-1,-1,-1
"2025000023203",2,8,3,0,0,0,2,3,-1,-1,-1,-1
"2025000023203",1,9,19,0,0,0,1,3,-1,-1,-1,-1
"2025000023204",2,5,3,0,0,0,0,2,27,900,1,2
"2025000023204",1,21,2,0,0,0,0,1,48,10677,2,6
"2025000023205",2,19,19,0,0,0,2,1,43,1499,2,5
"2025000023205",1,9,19,0,0,0,1,1,22,2902,2,15
"2025000023206",2,9,-1,0,0,0,1,2,19,1496,1,6
"2025000023206",1,20,-1,0,0,0,1,1,51,-1,-1,-1
"2025000023207",1,9,19,0,0,0,1,1,79,1498,8,2
"2025000023208",3,21,7,8,0,0,1,1,32,10677,2,6
"2025000023208",2,9,4,2,0,0,1,2,56,1598,2,4
"2025000023208",1,9,19,8,0,0,4,2,42,1968,2,5
"2025000023209",2,9,5,0,0,0,3,2,28,1229,1,9
"2025000023209",1,9,5,0,1,0,3,1,34,-1,-1,-1
"2025000023209",3,9,2,0,0,0,3,1,-1,1364,1,4
"2025000023210",2,9,19,8,0,0,1,1,74,1582,2,10
"2025000023210",1,9,9,8,0,0,1,1,25,1390,1,22
"2025000023211",1,9,3,1,0,0,3,1,37,1499,1,3
"2025000023211",2,9,19,1,0,0,4,2,37,1995,2,7
"2025000023212",1,9,3,0,0,0,2,2,41,1229,1,15
"2025000023212",2,9,4,0,0,0,1,1,40,-1,-1,-1
"2025000023213",2,5,19,8,2,0,1,1,61,689,1,1
"2025000023213",1,21,6,8,0,0,3,1,44,12900,5,1
"2025000023214",2,1,19,1,5,0,0,1,78,-1,-1,-1
"2025000023214",1,9,19,2,0,0,0,2,44,998,1,6
"2025000023215",1,5,14,1,1,0,1,1,35,675,1,9
"2025000023216",2,9,99,9,9,99,1,3,-1,1598,1,6
"2025000023216",1,3,99,9,9,99,2,1,28,125,1,0
"2025000023217",2,9,19,3,0,0,3,1,20,1598,1,14
"2025000023217",1,9,11,3,0,0,4,1,29,1398,1,13
"2025000023218",1,9,19,0,0,12,1,1,45,1598,2,8
"2025000023219",2,9,9,6,0,0,1,3,-1,698,1,16
"2025000023219",1,9,19,8,0,0,3,2,41,1242,1,16
"2025000023220",1,9,99,9,9,99,2,3,44,1560,2,7
"2025000023221",1,19,19,8,0,0,1,1,57,2200,2,1
"2025000023221",2,9,9,8,0,0,4,2,87,1242,1,12
"2025000023222",1,21,19,1,0,0,4,1,22,6700,2,8
"2025000023222",2,9,19,1,0,0,3,2,32,1968,2,11
"2025000023223",1,2,6,0,0,0,0,3,18,-1,-1,-1
"2025000023223",3,9,19,0,0,0,0,1,30,1500,2,2
"2025000023223",2,9,19,0,0,0,1,2,26,1242,1,11
"2025000023224",1,9,9,8,0,0,1,1,22,1390,1,11
"2025000023225",2,1,19,8,0,0,3,1,48,-1,-1,-1
"2025000023225",1,19,-1,8,-1,-1,-1,3,-1,-1,-1,-1
"2025000023226",1,9,19,0,1,0,1,1,43,1560,2,12
"2025000023227",2,9,19,8,0,0,1,1,51,-1,-1,-1
"2025000023227",1,9,9,8,0,0,1,1,40,2996,2,11
"2025000023228",1,9,5,8,0,0,1,1,37,1796,1,11
"2025000023228",2,1,19,8,0,0,1,1,31,-1,-1,-1
"2025000023229",1,9,14,8,0,0,1,1,72,1790,8,8
"2025000023230",1,9,1,0,0,0,4,3,-1,-1,-1,-1
"2025000023231",1,11,5,6,0,0,1,1,55,5132,2,4
"2025000023231",2,9,10,2,0,0,2,2,-1,1597,1,6