"collision_index","vehicle_reference","vehicle_type","vehicle_manoeuvre","junction_location","skidding_and_overturning","hit_object_in_carriageway","first_point_of_impact","sex_of_driver","age_of_driver","engine_capacity_cc","propulsion_code","age_of_vehicle"
"2025000023232",1,11,5,6,0,0,0,1,58,4500,2,5
"2025000023233",1,9,9,3,0,0,1,1,68,1600,1,18
"2025000023234",1,9,13,0,0,0,3,1,37,2979,1,6
"2025000023235",1,11,4,2,0,0,0,3,-1,4500,2,8
"2025000023236",1,9,5,6,0,0,0,3,40,1332,8,3
"2025000023236",2,4,19,1,2,0,0,1,69,124,1,0
"2025000023237",1,9,19,0,0,0,1,1,-1,1968,2,10
"2025000023237",2,9,3,0,0,0,2,1,23,996,1,11
"2025000023238",1,9,99,9,9,99,1,3,-1,1998,8,7
"2025000023239",2,9,19,0,0,0,2,2,40,1968,2,16
"2025000023239",1,9,19,0,0,0,1,1,46,1197,1,10
"2025000023240",1,9,19,1,0,0,3,1,27,-1,-1,-1
"2025000023241",2,9,9,5,0,0,2,3,-1,-1,-1,-1
"2025000023241",1,1,19,1,0,0,4,1,40,-1,-1,-1
"2025000023242",2,19,4,0,0,0,3,1,25,1997,2,1
"2025000023242",1,9,5,0,0,0,1,2,81,1596,1,10
"2025000023243",1,9,9,8,0,0,2,1,49,1598,1,13
"2025000023243",2,1,19,6,0,0,1,1,33,-1,-1,-1
"2025000023244",3,9,3,8,0,0,3,1,59,1332,1,1
"2025000023244",2,9,9,6,0,0,3,1,33,2393,1,17
"2025000023244",1,9,19,2,0,0,4,1,29,2000,1,16
"2025000023245",1,9,19,0,0,0,3,1,30,1398,1,7
"2025000023246",1,9,12,1,0,0,1,2,55,1398,2,13
"2025000023247",1,11,4,0,0,0,0,1,43,4500,2,11
"2025000023248",1,5,19,0,0,0,3,1,43,-1,-1,-1
"2025000023249",1,9,19,1,0,0,4,3,-1,-1,-1,-1
"2025000023249",2,-1,19,1,0,0,3,1,30,-1,-1,-1
"2025000023250",1,9,19,8,0,0,1,1,23,-1,-1,-1
"2025000023250",2,9,9,8,0,0,4,1,27,1995,2,11
"2025000023251",1,9,19,0,0,0,1,1,25,1149,1,11
"2025000023251",2,9,19,0,0,0,1,1,64,-1,-1,-1
"2025000023251",3,9,19,0,0,0,2,2,52,-1,-1,-1
"2025000023252",1,9,19,0,0,0,1,2,82,1598,1,11
"2025000023252",2,1,3,0,0,0,2,1,33,-1,-1,-1
"2025000023253",1,9,19,0,0,0,1,1,55,1900,2,17
"2025000023253",2,9,3,0,0,0,2,1,28,1798,8,5
"2025000023254",2,19,19,4,0,0,1,1,49,1560,2,9
"2025000023254",1,9,19,8,0,0,1,1,25,2993,2,17
"2025000023255",2,9,19,0,0,0,1,1,64,1242,1,10
"2025000023255",1,9,6,0,0,0,3,1,38,1995,2,14
"2025000023256",2,11,2,0,0,0,2,1,44,6700,2,4
"2025000023256",1,9,19,0,0,0,1,1,31,1984,1,8
"2025000023257",1,9,5,0,0,0,1,2,29,1368,1,17
"2025000023258",1,9,19,0,0,0,4,3,35,-1,-1,-1
"2025000023259",1,9,9,0,0,0,4,1,40,1997,1,6
"2025000023259",2,97,19,0,0,0,1,1,21,-1,-1,-1
"2025000023260",1,9,19,8,0,0,3,1,60,6208,1,10
"2025000023260",2,2,19,8,0,0,4,2,17,49,1,1
"2025000023261",1,11,19,0,0,0,1,1,58,3900,2,17
"2025000023262",1,9,7,2,0,0,4,1,56,1498,1,5
"2025000023263",1,9,2,1,0,0,3,3,-1,1797,8,13
"2025000023263",2,1,5,1,0,4,4,1,29,-1,-1,-1
"2025000023264",1,19,13,0,0,0,0,3,-1,-1,-1,-1
"2025000023264",2,9,19,0,5,0,4,2,34,1248,2,12
"2025000023265",1,3,7,5,2,0,4,1,17,124,1,10
"2025000023266",1,11,-1,0,1,0,1,1,38,6871,2,11
"2025000023267",1,9,3,2,0,0,0,1,74,-1,3,1
"2025000023268",1,11,19,8,0,0,0,1,56,4500,2,5
"2025000023269",2,20,19,1,0,0,2,1,30,12580,2,14
"2025000023269",1,9,19,1,0,0,1,1,32,1598,2,3
"2025000023270",1,3,13,8,1,0,1,1,22,95,1,20
"2025000023270",2,9,9,8,0,0,1,2,32,-1,-1,-1
"2025000023271",1,9,9,6,0,0,1,1,24,999,1,4
"2025000023272",2,9,19,0,0,0,1,1,53,-1,-1,-1
"2025000023272",1,9,4,0,0,0,2,1,53,-1,-1,-1
"2025000023273",2,9,19,1,0,0,4,1,20,1995,2,10
"2025000023273",1,9,19,1,0,0,4,1,31,1968,2,9
"2025000023274",1,9,19,0,0,0,0,1,35,1797,8,9
"2025000023275",1,9,19,0,5,4,4,2,80,1149,1,12
"2025000023275",2,9,2,0,0,0,3,3,-1,1598,2,13
"2025000023276",2,9,4,0,0,0,1,1,29,-1,-1,-1
"2025000023276",1,9,1,0,0,0,2,1,33,-1,-1,-1
"2025000023277",2,9,19,0,0,0,3,2,69,1498,1,3
"2025000023277",1,9,13,0,0,0,3,1,27,1596,1,13
"2025000023278",1,19,12,2,0,0,1,1,50,1910,2,16
"2025000023278",2,1,19,1,0,0,1,1,22,-1,-1,-1
"2025000023279",2,9,19,0,0,0,1,1,47,1200,1,2
"2025000023279",1,3,19,0,0,10,1,1,28,-1,-1,-1
"2025000023280",1,10,10,0,0,0,1,2,51,-1,-1,-1
"2025000023280",2,9,10,0,0,0,3,2,35,1969,2,5
"2025000023281",1,9,99,1,9,99,2,1,37,1995,2,5
"2025000023281",2,19,99,1,9,99,1,3,39,1461,2,6
"2025000023282",1,9,19,0,0,4,4,1,78,1984,1,17
"2025000023282",3,9,2,0,0,0,2,1,-1,1997,2,12
"2025000023282",2,9,2,0,0,0,2,1,-1,1461,2,12
"2025000023283",1,9,19,0,0,0,1,2,63,1560,2,16
"2025000023284",1,9,19,0,0,12,1,1,32,1997,2,5
"2025000023285",2,4,19,0,0,0,1,1,50,500,1,16
"2025000023285",1,9,19,0,0,0,1,1,29,1595,1,17
"2025000023286",2,9,9,6,0,0,3,2,23,1248,1,10
"2025000023286",1,4,19,1,0,0,1,1,33,755,1,1
"2025000023287",1,9,1,1,0,0,2,1,48,1360,1,17
"2025000023288",2,11,99,9,9,99,9,3,-1,-1,3,1
"2025000023288",1,9,99,9,9,99,9,1,53,1997,2,8
"2025000023289",2,1,19,0,0,0,2,1,59,-1,-1,-1
"2025000023289",1,19,19,0,0,0,1,1,70,1868,2,18
"2025000023290",1,1,19,1,0,0,4,1,14,-1,-1,-1
"2025000023290",2,11,19,1,0,0,1,1,53,6696,2,5
"2025000023291",1,1,19,0,0,0,1,1,68,-1,-1,-1
"2025000023292",2,9,19,1,0,0,2,2,51,1596,1,10
"2025000023292",1,9,19,1,0,0,1,1,85,1198,1,8
"2025000023292",3,9,19,2,0,0,0,1,41,1997,2,5
"2025000023293",1,9,19,1,0,0,1,2,28,1199,1,0
"2025000023294",2,9,99,9,9,99,9,3,-1,-1,-1,-1
"2025000023294",1,3,99,9,9,99,1,2,39,-1,-1,-1
"2025000023295",1,9,3,1,0,0,0,2,69,1950,2,2
"2025000023296",2,9,19,1,0,0,1,2,43,1197,1,7
"2025000023296",1,9,19,1,0,0,1,2,65,1997,2,10
"2025000023297",1,19,19,0,0,0,1,1,20,-1,-1,-1
"2025000023297",2,19,2,0,0,0,1,1,55,2143,2,4
"2025000023298",1,9,5,0,0,0,1,2,51,1596,1,15
"2025000023298",2,9,19,0,0,0,1,3,-1,2979,1,6
"2025000023299",1,98,19,0,0,4,1,1,26,-1,-1,-1
"2025000023299",2,9,2,0,1,0,2,1,53,1997,2,7
"2025000023300",1,3,19,0,0,0,0,1,87,471,1,1
"2025000023301",1,9,19,4,0,0,3,1,75,1685,2,6
"2025000023301",2,1,9,8,0,0,2,1,75,-1,-1,-1
"2025000023302",1,9,3,0,0,0,2,1,39,1399,1,8
"2025000023302",3,19,3,0,0,0,1,1,27,1896,2,16
"2025000023302",2,9,3,0,0,0,2,2,38,1560,2,12
"2025000023303",1,9,3,1,0,0,2,2,40,2179,2,9
"2025000023303",3,19,3,1,1,0,1,1,21,1598,2,2
"2025000023303",2,9,3,1,1,0,1,2,32,1598,1,11
"2025000023304",2,3,13,2,5,0,1,1,34,125,1,12
"2025000023304",1,9,10,2,0,0,3,1,74,2495,2,20
"2025000023305",2,9,9,0,0,0,3,2,56,1582,2,8
"2025000023305",1,9,13,0,0,0,1,1,34,2993,2,2
"2025000023306",1,-1,19,0,0,4,1,1,16,-1,-1,-1
"2025000023306",2,9,19,0,0,0,2,2,29,1995,2,6
"2025000023307",1,9,19,0,0,0,3,2,37,1598,1,13
"2025000023308",2,1,19,3,0,0,1,1,62,-1,-1,-1
"2025000023308",1,9,7,3,0,0,4,2,-1,-1,-1,-1
"2025000023309",1,98,7,8,0,0,4,1,31,2287,2,13
"2025000023309",2,4,19,8,0,0,1,1,34,124,1,11
"2025000023310",1,9,7,6,0,0,1,1,30,1461,2,15
"2025000023310",2,9,19,8,0,10,4,1,43,2143,2,11
"2025000023311",2,9,19,8,0,0,1,1,32,998,1,15
"2025000023311",1,9,5,8,0,0,3,1,28,1332,8,1
"2025000023312",1,9,9,2,0,0,3,2,39,1596,1,11
"2025000023313",3,9,19,0,0,0,2,2,-1,1560,2,11
"2025000023313",1,9,19,0,0,10,1,2,46,1229,1,10
"2025000023313",2,10,19,0,0,0,2,1,-1,-1,-1,-1
"2025000023313",4,9,19,0,0,0,1,1,-1,1995,2,9
"2025000023314",1,98,19,0,0,0,1,1,50,-1,-1,-1
"2025000023314",2,9,19,0,0,0,1,1,75,-1,-1,-1
"2025000023315",1,9,14,1,0,10,1,1,29,1968,2,1
"2025000023315",2,9,19,1,0,0,3,1,51,1990,1,11
"2025000023316",2,98,99,9,9,99,4,3,-1,-1,-1,-1
"2025000023316",1,9,99,9,9,99,3,2,34,1490,8,0
"2025000023317",1,9,5,0,0,4,1,1,22,999,1,0
"2025000023317",2,9,2,0,0,0,1,-1,-1,-1,-1,-1
"2025000023318",1,1,99,9,9,99,9,1,36,-1,-1,-1
"2025000023318",2,19,99,9,9,99,0,3,-1,2143,2,8
"2025000023319",2,19,99,9,9,99,9,3,-1,1996,2,1
"2025000023319",1,9,99,9,9,99,9,2,28,1598,1,20
"2025000023320",2,9,9,1,0,0,2,1,70,2362,1,18
"2025000023320",1,5,19,1,0,0,1,1,53,1084,1,24
"2025000023321",1,9,19,0,0,0,3,1,35,1591,1,11
"2025000023321",2,9,19,0,0,0,3,2,70,-1,3,2
"2025000023322",3,9,4,1,0,0,2,2,56,1595,1,11
"2025000023322",1,9,19,1,0,0,1,1,-1,-1,-1,-1
"2025000023322",2,9,4,1,0,0,2,1,-1,1598,2,7
"2025000023323",1,11,99,9,0,99,9,3,-1,9360,2,11
"2025000023324",2,9,2,1,0,10,3,2,-1,999,1,4
"2025000023324",3,9,2,1,0,10,3,1,-1,1399,1,13
"2025000023324",1,9,19,1,0,4,1,1,64,1956,2,11
"2025000023325",1,9,19,0,0,0,1,1,18,1332,1,14
"2025000023326",2,9,19,0,0,0,1,1,47,2993,2,12
"2025000023326",1,9,9,0,0,0,1,2,47,1498,1,5
"2025000023327",2,19,19,8,2,0,1,1,36,2148,2,14
"2025000023327",4,9,4,8,0,0,3,1,61,1499,1,5
"2025000023327",1,9,9,6,0,0,1,1,28,2616,1,14
"2025000023327",3,9,19,8,0,0,3,2,61,1968,2,16
"2025000023328",1,9,99,9,9,99,1,3,45,1496,2,5
"2025000023328",2,9,99,9,9,99,9,1,19,1395,1,9
"2025000023329",1,9,19,0,0,0,1,1,69,1388,1,16
"2025000023329",2,21,19,0,0,0,1,1,39,10837,2,2
"2025000023330",2,9,2,0,1,0,0,2,37,1995,2,10
"2025000023330",1,9,19,0,0,0,3,1,29,1995,2,12
"2025000023331",1,19,9,0,0,0,1,1,56,1598,2,10
"2025000023331",2,9,19,0,0,0,1,2,48,1461,2,5
"2025000023332",1,9,2,2,0,0,1,1,43,1598,2,3
"2025000023332",2,9,1,1,0,0,2,3,-1,5998,1,15
"2025000023333",2,9,8,1,0,0,2,1,43,1984,1,4
"2025000023333",1,9,19,1,0,4,1,2,35,1248,2,7
"2025000023334",1,19,19,1,0,0,4,1,68,1498,2,3
"2025000023334",2,3,19,1,0,0,3,1,46,124,1,7
"2025000023335",2,9,4,0,0,0,2,2,49,1598,2,5
"2025000023335",3,21,5,0,0,0,3,1,64,12809,2,5
"2025000023335",1,9,19,0,1,0,1,1,59,-1,-1,-1
"2025000023336",2,1,19,8,0,0,3,1,35,-1,-1,-1
"2025000023336",1,9,19,8,0,0,4,3,-1,-1,-1,-1
"2025000023337",1,9,3,1,0,0,2,2,53,1200,1,1
"2025000023337",2,9,5,1,0,0,1,1,32,1995,2,4
"2025000023338",1,9,19,8,0,0,1,2,-1,1598,8,0
"2025000023339",1,9,99,9,9,99,9,1,26,1199,1,3
"2025000023339",2,9,99,9,9,99,9,3,-1,1332,1,3
"2025000023340",1,9,19,1,0,0,1,1,34,2143,2,5
"2025000023340",2,1,9,1,0,0,4,1,54,-1,-1,-1
"2025000023341",1,3,19,0,5,4,1,1,30,125,1,1
"2025000023341",2,9,2,0,0,0,2,3,-1,1560,2,5
"2025000023342",1,11,5,0,0,0,4,1,57,5132,2,2
"2025000023343",2,8,99,9,9,99,1,1,57,2776,2,6
"2025000023343",1,1,99,9,9,99,1,1,31,-1,-1,-1
"2025000023344",2,9,19,8,0,0,4,2,29,2191,2,5
"2025000023344",3,9,2,1,0,0,2,3,-1,1997,2,12
"2025000023344",1,9,19,8,0,0,1,1,50,1796,1,16
"2025000023345",1,-1,19,0,0,0,1,1,19,-1,-1,-1
"2025000023345",2,8,19,0,0,0,3,1,35,2499,2,7
"2025000023346",2,9,3,0,0,0,2,1,41,1461,2,10
"2025000023346",1,9,19,0,0,0,1,1,54,1199,1,0
"2025000023346",3,9,3,0,0,0,2,1,86,1461,2,6
"2025000023347",1,9,9,6,0,0,1,2,86,1339,1,8
"2025000023347",2,9,19,8,0,0,3,1,48,-1,-1,-1
"2025000023348",1,9,19,0,5,0,1,2,28,1596,1,17
"2025000023349",1,5,19,1,0,12,1,1,55,853,1,0
"2025000023350",1,9,19,2,5,10,3,1,35,1598,1,8
"2025000023350",2,9,2,2,0,0,2,3,-1,1598,1,18
"2025000023351",1,9,19,1,0,0,2,2,46,1995,1,18
"2025000023351",2,9,19,1,0,0,1,1,-1,1995,2,4
"2025000023352",2,8,19,1,0,0,4,1,34,1580,8,3
"2025000023352",1,9,9,8,1,0,1,2,22,1199,1,0
"2025000023353",1,9,19,4,0,0,1,2,30,1499,1,4
"2025000023354",2,2,-1,0,-1,-1,1,1,23,49,1,0
"2025000023354",1,21,-1,0,-1,-1,2,1,-1,10837,2,2
"2025000023355",2,8,99,9,0,0,9,1,58,1968,2,2
"2025000023355",1,9,99,9,0,0,9,2,27,1598,1,10
"2025000023356",1,9,4,0,0,0,2,2,66,1753,2,18
"2025000023356",4,9,4,0,0,0,1,1,46,1984,1,4
"2025000023356",3,19,4,0,0,0,1,1,65,2460,2,16
"2025000023356",2,19,4,0,0,0,2,1,43,2198,2,9
"2025000023357",1,9,19,0,1,0,4,1,30,1390,1,17
"2025000023357",2,21,19,0,0,0,2,1,39,12809,2,7
"2025000023357",3,9,12,0,1,2,3,1,48,-1,3,2
"2025000023358",1,11,4,0,0,0,0,1,-1,5132,2,2
"2025000023359",1,9,19,1,0,0,4,1,-1,-1,-1,-1
"2025000023359",2,9,19,1,0,0,3,1,41,999,1,2
"2025000023360",2,9,99,9,9,99,9,2,50,998,1,8
"2025000023360",1,9,99,9,9,99,2,3,-1,1497,8,4
"2025000023361",1,9,5,1,0,0,4,1,38,-1,-1,-1
"2025000023361",2,9,19,1,0,0,1,1,32,-1,-1,-1
"2025000023362",2,9,19,1,0,0,4,1,22,1598,1,14
"2025000023362",1,9,19,1,0,0,3,1,20,1598,1,12
"2025000023363",2,9,19,0,0,0,4,3,45,2204,2,14
"2025000023363",1,9,8,0,0,0,4,2,53,2967,2,3
"2025000023364",1,19,9,8,0,0,3,1,33,2198,2,8
"2025000023364",2,9,19,1,0,0,1,1,57,1968,2,1
"2025000023365",1,9,19,1,0,0,1,1,33,999,1,5
"2025000023365",2,9,19,1,0,0,2,1,60,1242,1,9
"2025000023366",1,3,19,0,5,0,1,1,28,124,1,8
"2025000023366",2,9,19,0,0,0,1,2,27,1598,1,13
"2025000023367",1,9,19,0,0,0,1,2,68,1560,2,13
"2025000023367",2,9,19,0,0,0,0,2,45,-1,3,2
"2025000023368",2,-1,19,1,0,0,2,2,19,-1,-1,-1
"2025000023368",1,9,19,1,0,0,1,3,-1,-1,-1,-1
"2025000023369",2,9,19,6,0,0,4,1,26,1596,1,16
"2025000023369",1,9,7,6,0,0,3,2,34,-1,-1,-1
"2025000023370",1,9,19,0,0,0,3,2,33,1197,1,5
"2025000023371",1,1,19,8,5,0,4,2,30,-1,-1,-1
"2025000023371",2,9,9,6,0,0,1,1,22,1582,2,12
"2025000023372",1,9,19,0,0,0,1,1,69,-1,-1,-1
"2025000023372",2,9,19,0,0,0,1,1,51,-1,-1,-1
"2025000023373",1,9,9,1,0,0,3,2,37,1560,2,4
"2025000023374",1,9,19,2,0,0,1,1,57,2191,2,7
"2025000023375",2,9,19,8,0,0,1,1,34,1995,2,19
"2025000023375",1,9,9,1,0,0,4,1,20,1598,2,9
"2025000023376",1,19,19,0,0,0,3,1,35,-1,-1,-1
"2025000023377",1,9,9,5,0,0,1,1,-1,1797,8,12
"2025000023378",1,9,99,9,9,99,2,2,31,998,8,2
"2025000023378",2,9,99,9,9,99,1,3,-1,-1,-1,-1
"2025000023379",1,8,5,6,0,0,3,1,51,1798,8,8
"2025000023379",2,1,2,1,5,0,3,1,29,-1,-1,-1
"2025000023380",2,9,99,9,9,99,1,3,40,1799,1,16
"2025000023380",1,8,99,9,9,99,1,1,45,1797,8,6
"2025000023381",1,9,19,0,0,0,1,1,23,2457,1,17
"2025000023382",1,9,19,0,2,11,1,1,-1,1198,1,10
"2025000023383",2,9,11,0,0,0,0,1,48,1197,1,11
"2025000023383",1,21,19,0,0,0,1,1,26,10837,2,1
"2025000023384",1,9,19,0,0,0,4,1,38,-1,3,4
"2025000023385",1,9,19,0,1,0,3,1,19,-1,-1,-1
"2025000023385",2,9,19,0,0,0,1,2,31,1332,8,1
"2025000023386",2,19,2,0,0,0,0,3,-1,-1,-1,-1
"2025000023386",1,9,19,0,0,0,1,1,45,1995,2,12
"2025000023387",1,3,19,1,0,0,1,3,32,-1,-1,-1
"2025000023388",1,19,9,1,0,0,3,1,20,1753,2,12
"2025000023388",2,9,19,8,0,0,4,2,27,1598,2,6
"2025000023389",1,19,19,0,1,0,1,1,25,-1,-1,-1
"2025000023390",2,9,12,0,0,10,1,1,58,1490,1,1
"2025000023390",1,9,12,0,0,0,3,1,57,2362,1,16
"2025000023391",1,9,9,6,0,0,1,1,31,999,1,6
"2025000023392",1,3,5,5,1,0,0,2,35,125,1,12
"2025000023393",1,1,99,9,9,99,9,1,56,-1,-1,-1
"2025000023393",2,9,99,8,0,99,9,3,-1,-1,-1,-1
"2025000023394",1,19,7,0,0,0,1,1,-1,2198,2,8
"2025000023394",2,9,19,0,0,0,0,1,39,1461,2,13
"2025000023395",2,4,19,0,0,0,3,1,34,903,1,12
"2025000023395",1,9,19,0,0,0,4,1,42,1968,2,16
"2025000023396",2,9,19,1,0,0,1,2,61,-1,-1,-1
"2025000023396",1,-1,19,6,0,0,1,1,16,-1,-1,-1
"2025000023397",2,9,9,5,0,0,1,1,43,1984,1,1
"2025000023397",1,4,9,5,0,0,3,1,55,125,1,3
"2025000023398",2,9,2,0,0,0,0,1,45,1798,8,1
"2025000023398",1,9,19,0,0,0,0,3,-1,-1,-1,-1
"2025000023399",2,9,99,9,9,99,9,3,-1,1997,2,18
"2025000023399",1,9,99,9,9,99,9,2,52,1395,8,4
"2025000023399",3,9,99,9,9,99,0,3,-1,1997,1,6
"2025000023400",1,9,19,8,0,0,1,3,-1,-1,-1,-1
"2025000023401",2,9,99,9,9,99,9,3,-1,1998,1,4
"2025000023401",1,9,99,9,9,99,9,1,26,1229,1,15
"2025000023402",1,2,19,8,0,0,1,1,24,125,1,1
"2025000023402",2,9,9,8,0,0,3,2,44,1598,1,12
"2025000023403",1,9,19,2,0,7,1,1,81,1197,1,12
"2025000023404",1,11,19,8,0,0,0,1,25,6700,2,1
"2025000023405",1,2,7,8,0,0,4,1,33,49,1,5
"2025000023406",2,9,19,0,0,0,3,2,54,999,1,0
"2025000023406",1,21,19,0,0,0,1,1,58,12902,2,10
"2025000023407",2,9,19,1,0,0,4,2,33,1461,2,3
"2025000023407",1,9,9,6,0,0,1,2,18,1560,2,9
"2025000023408",1,9,19,1,0,0,1,1,56,-1,-1,-1
"2025000023408",2,9,7,5,1,0,1,2,39,1242,1,11
"2025000023409",1,9,19,0,1,0,1,2,67,1199,1,4
"2025000023409",2,9,19,0,1,0,1,1,77,1199,1,0
"2025000023410",1,2,19,0,0,2,1,1,24,124,1,8
"2025000023411",1,9,19,0,1,0,3,1,22,1896,2,15
"2025000023411",2,9,19,0,0,0,3,1,68,1794,1,19
"2025000023412",1,9,19,1,0,0,0,1,41,1998,1,3
"2025000023412",2,19,19,1,1,0,0,1,32,1248,2,5
"2025000023413",1,9,7,6,0,0,1,2,49,3996,1,18
"2025000023413",4,9,19,1,0,0,3,2,26,1499,1,5
"2025000023413",3,9,19,1,0,0,3,1,50,1598,1,9
"2025000023413",2,11,19,8,0,0,4,1,50,6700,2,8
"2025000023414",2,9,99,6,9,99,9,3,-1,1198,1,8
"2025000023414",1,3,99,1,9,99,1,1,24,108,1,6
"2025000023415",1,9,9,5,0,0,1,2,80,1998,2,17
"2025000023415",2,1,19,8,0,0,3,1,21,-1,-1,-1
"2025000023416",2,9,4,0,0,0,2,1,44,1497,8,2
"2025000023416",1,9,19,0,0,0,1,1,48,4163,1,7
"2025000023417",1,9,6,0,0,0,3,1,24,1498,1,1
"2025000023417",2,4,14,0,0,0,1,1,36,125,1,4
"2025000023418",1,9,19,0,2,0,1,1,22,1229,1,15
"2025000023419",1,11,1,0,0,0,2,1,69,7300,2,16
"2025000023420",2,9,99,9,9,99,2,3,-1,-1,-1,-1
"2025000023420",1,3,99,9,9,99,1,2,26,125,1,3
"2025000023421",1,9,19,0,0,0,1,1,22,998,1,5
"2025000023422",1,17,13,0,0,0,4,3,18,-1,-1,-1
"2025000023422",2,1,19,0,0,0,3,1,60,-1,-1,-1
"2025000023423",1,9,19,0,0,0,3,2,42,1461,2,8
"2025000023423",2,9,19,0,0,0,3,2,55,1598,2,9
"2025000023424",2,9,3,0,0,0,2,1,62,999,1,3
"2025000023424",1,9,19,0,0,0,1,1,24,899,1,7
"2025000023425",1,9,19,0,0,0,1,3,-1,-1,-1,-1
"2025000023426",2,3,15,8,0,0,1,1,21,125,1,13
"2025000023426",1,9,9,5,0,0,1,1,61,-1,-1,-1
"2025000023427",1,9,19,0,0,4,4,2,86,2261,1,19
"2025000023427",2,9,2,0,0,0,4,2,25,1984,1,7
"2025000023428",1,9,19,3,1,0,4,1,66,-1,-1,-1
"2025000023429",2,11,19,1,1,0,0,1,26,9000,2,19
"2025000023429",1,9,7,6,0,0,0,2,34,2143,2,11
"2025000023430",2,9,4,1,0,0,1,2,71,1242,1,8
"2025000023430",3,9,4,1,0,0,2,2,23,1496,2,6
"2025000023430",1,9,19,1,0,0,1,2,41,998,1,9
"2025000023431",1,1,19,1,0,0,3,1,21,-1,-1,-1
"2025000023431",2,9,19,1,0,0,4,1,55,996,1,13
"2025000023432",2,3,99,9,9,99,1,3,-1,125,1,12
"2025000023432",1,3,99,9,9,99,9,1,20,125,1,3
"2025000023433",2,9,19,8,0,0,1,1,77,1329,1,6
"2025000023433",1,9,9,6,0,0,1,2,52,2143,2,11
"2025000023434",1,9,7,5,0,0,1,3,-1,-1,-1,-1
"2025000023435",2,9,19,8,0,0,1,1,34,-1,-1,-1
"2025000023435",1,9,9,6,0,0,3,2,27,-1,-1,-1
"2025000023436",1,9,19,3,0,0,1,1,48,1796,1,14
"2025000023437",1,9,19,0,0,0,1,2,29,1461,2,9
"2025000023437",2,9,19,0,0,0,1,2,39,1968,2,9
"2025000023438",1,9,19,1,0,0,1,1,36,1968,2,13
"2025000023438",3,9,2,1,0,0,1,-1,-1,2987,2,13
"2025000023438",2,9,9,5,0,0,3,1,50,1685,2,9
"2025000023439",2,9,19,0,0,0,1,2,56,1197,8,1
"2025000023439",1,9,19,0,1,0,1,1,21,999,1,1
"2025000023440",2,9,13,0,0,0,1,1,49,2500,1,12
"2025000023440",1,9,19,0,0,0,1,1,44,2993,2,8
"2025000023440",3,9,5,0,0,0,3,1,45,1798,1,9
"2025000023441",1,9,19,0,0,0,1,2,18,1422,2,14
"2025000023442",2,19,5,8,0,0,1,1,55,1870,2,16
"2025000023442",1,3,10,8,0,0,2,1,23,125,1,4
"2025000023443",1,19,5,0,1,0,1,1,49,1995,2,3
"2025000023444",1,9,4,8,0,0,2,2,29,1968,2,13
"2025000023444",2,9,19,8,0,0,1,1,42,-1,-1,-1
"2025000023445",1,90,19,8,0,0,1,1,54,-1,-1,-1
"2025000023445",3,9,19,8,0,0,2,1,52,1591,1,5
"2025000023445",2,9,19,8,0,0,2,1,49,1798,8,7
"2025000023446",1,9,19,0,1,4,1,2,40,1388,1,12
"2025000023446",2,19,2,0,0,0,2,3,-1,1997,2,2
"2025000023447",2,5,3,1,0,0,2,1,44,636,1,3
"2025000023447",1,9,19,1,0,0,1,2,31,998,1,4
"2025000023448",1,19,19,8,0,0,1,1,32,1997,2,7
"2025000023448",2,9,9,8,0,0,4,2,46,1199,1,4
"2025000023449",1,9,19,0,0,0,1,1,-1,-1,-1,-1
"2025000023450",1,9,19,8,1,0,4,1,19,-1,-1,-1
"2025000023451",1,9,9,8,5,0,1,2,21,1242,1,9
"2025000023451",2,9,19,8,0,0,1,1,31,2688,2,18
"2025000023452",1,9,9,1,0,0,4,2,36,1598,1,10
"2025000023452",2,1,19,1,0,0,1,1,28,-1,-1,-1
"2025000023453",2,1,19,1,0,0,1,1,24,-1,-1,-1
"2025000023453",1,19,9,1,0,0,1,1,36,1997,2,2
"2025000023454",1,19,9,6,0,0,1,1,-1,2143,2,7
"2025000023454",2,9,19,8,0,0,4,2,76,1248,1,10
"2025000023455",1,9,5,6,0,0,1,1,57,1339,1,14
"2025000023456",1,11,19,0,0,0,0,1,53,6692,2,10
"2025000023457",1,9,19,4,1,9,1,1,33,1896,2,15
"2025000023458",2,1,19,8,0,0,1,2,27,-1,-1,-1
"2025000023458",1,9,10,8,0,0,1,1,-1,-1,-1,-1
"2025000023459",1,9,19,0,5,0,1,1,22,1364,1,14
"2025000023460",2,19,19,0,0,0,3,1,-1,1995,2,1
"2025000023460",1,9,19,0,0,7,3,1,77,1364,1,7
"2025000023460",3,9,19,0,0,0,1,1,60,-1,-1,-1
"2025000023461",2,9,19,1,0,0,4,1,20,1390,1,10
"2025000023461",1,9,19,8,0,0,1,1,32,1363,2,18
"2025000023462",2,9,19,1,0,0,1,2,59,2143,2,7
"2025000023462",1,9,4,1,0,0,2,2,36,1329,1,9
"2025000023463",1,9,9,8,0,0,4,1,34,1797,8,7
"2025000023463",2,1,19,8,5,0,1,1,32,-1,-1,-1
"2025000023464",2,9,19,1,0,0,3,2,55,1242,1,11
"2025000023464",1,9,9,1,0,0,1,2,69,999,1,15
"2025000023465",1,9,19,1,0,0,1,1,27,1596,1,20