"collision_index","vehicle_reference","vehicle_type","vehicle_manoeuvre","junction_location","skidding_and_overturning","hit_object_in_carriageway","first_point_of_impact","sex_of_driver","age_of_driver","engine_capacity_cc","propulsion_code","age_of_vehicle"
"2025000023912",1,9,99,9,9,99,2,2,39,1598,1,12
"2025000023913",1,19,19,1,0,0,1,1,29,1968,2,5
"2025000023914",1,9,19,0,0,0,1,2,33,1968,2,17
"2025000023915",1,9,19,1,0,0,4,2,73,898,1,4
"2025000023916",1,9,5,6,0,0,1,2,81,1398,1,9
"2025000023916",2,9,3,8,0,0,4,2,28,1242,1,8
"2025000023917",1,19,19,0,0,0,1,1,17,1499,2,6
"2025000023917",2,9,4,0,0,0,2,1,43,4367,2,9
"2025000023918",2,9,19,2,0,0,1,2,27,-1,-1,-1
"2025000023918",1,1,19,6,0,0,3,1,13,-1,-1,-1
"2025000023919",1,9,5,6,0,0,1,1,18,998,1,11
"2025000023920",2,9,4,0,0,0,2,1,38,1598,8,1
"2025000023920",1,5,19,0,0,0,1,1,54,999,1,4
"2025000023921",1,9,19,2,1,10,1,1,17,1229,1,11
"2025000023922",2,9,19,8,0,0,1,1,44,1497,8,13
"2025000023922",1,9,9,6,0,0,4,1,28,1598,2,10
"2025000023923",1,9,2,1,0,0,1,3,-1,-1,-1,-1
"2025000023924",1,4,13,1,0,0,3,1,67,498,1,24
"2025000023924",2,9,9,5,0,0,3,2,58,999,1,2
"2025000023925",2,1,9,8,0,0,1,1,33,-1,-1,-1
"2025000023925",1,3,14,8,0,0,1,1,33,125,1,1
"2025000023926",1,97,19,0,0,0,1,1,18,-1,-1,-1
"2025000023927",1,9,19,0,0,0,1,1,28,1149,1,13
"2025000023928",1,9,19,0,0,0,1,3,-1,-1,-1,-1
"2025000023929",1,19,5,2,0,0,1,1,62,1995,2,2
"2025000023929",2,1,19,1,0,0,4,2,51,-1,-1,-1
"2025000023930",2,9,19,8,0,0,1,1,20,1968,2,10
"2025000023930",1,9,5,8,0,0,1,2,56,1360,1,12
"2025000023931",1,9,19,2,0,0,3,3,-1,-1,-1,-1
"2025000023932",1,3,19,1,0,0,1,1,23,124,1,10
"2025000023932",2,9,19,8,0,0,1,1,-1,1995,2,15
"2025000023933",1,9,1,0,0,0,2,1,45,1995,2,10
"2025000023934",1,11,19,1,0,0,4,1,34,6700,2,4
"2025000023935",2,9,19,0,0,0,3,2,20,1598,1,28
"2025000023935",1,21,19,0,0,0,4,1,60,12777,2,6
"2025000023936",1,9,19,0,0,0,1,2,45,1968,2,5
"2025000023936",2,9,19,0,0,0,1,1,42,1995,2,19
"2025000023937",2,1,19,8,0,0,4,1,73,-1,-1,-1
"2025000023937",1,9,5,4,0,0,1,1,80,1242,1,2
"2025000023938",2,9,19,8,0,0,1,1,24,1797,8,9
"2025000023938",1,9,19,8,0,0,1,2,20,1389,1,22
"2025000023938",3,19,19,8,0,0,3,1,59,1995,2,5
"2025000023939",1,9,5,0,0,0,1,3,-1,2000,2,18
"2025000023939",2,9,19,0,0,0,4,2,37,1198,1,11
"2025000023940",2,9,19,8,0,0,1,2,18,1242,1,10
"2025000023940",1,9,9,6,0,0,4,2,30,1199,2,12
"2025000023941",2,9,99,9,9,99,9,1,31,998,1,15
"2025000023941",1,3,99,9,9,99,9,1,41,124,1,7
"2025000023942",1,9,19,0,0,7,1,3,25,-1,-1,-1
"2025000023943",3,21,19,0,0,0,1,1,31,12419,2,5
"2025000023943",2,9,19,0,0,0,4,2,18,998,1,8
"2025000023943",1,9,11,0,0,0,0,3,-1,-1,-1,-1
"2025000023944",1,9,19,4,0,0,1,1,40,1598,2,5
"2025000023944",2,9,19,4,0,0,3,1,62,1598,2,4
"2025000023945",1,9,9,8,0,0,1,2,51,998,1,5
"2025000023946",1,19,19,0,0,0,1,1,-1,2143,2,8
"2025000023946",2,9,19,0,0,0,4,1,-1,998,1,8
"2025000023947",1,9,14,0,0,0,1,1,21,-1,-1,-1
"2025000023948",1,9,19,2,0,0,1,2,43,1498,1,7
"2025000023948",2,9,19,1,0,0,1,1,76,1598,1,8
"2025000023949",2,9,19,0,0,0,1,2,48,1997,1,15
"2025000023949",1,9,19,0,0,0,1,1,-1,-1,-1,-1
"2025000023950",2,9,19,8,0,0,4,1,54,1997,1,13
"2025000023950",4,9,19,8,0,0,4,1,39,1597,2,4
"2025000023950",3,9,19,8,0,0,3,1,50,-1,-1,-1
"2025000023950",1,9,7,6,0,0,3,1,74,1598,1,13
"2025000023951",1,9,7,1,0,0,2,1,38,1332,8,0
"2025000023951",2,9,1,1,0,0,1,1,24,1197,1,6
"2025000023952",1,9,15,1,0,0,2,1,74,1995,2,9
"2025000023952",2,5,15,1,0,0,1,1,40,999,1,1
"2025000023953",1,9,19,1,0,0,1,1,26,-1,-1,-1
"2025000023953",2,9,10,5,0,0,2,2,40,1598,8,1
"2025000023954",3,9,4,0,0,0,2,2,58,1951,2,18
"2025000023954",2,9,4,0,0,0,1,2,39,998,1,7
"2025000023954",1,9,4,0,0,0,1,2,51,1497,8,6
"2025000023955",1,9,19,0,0,0,4,1,86,-1,-1,-1
"2025000023956",1,9,19,0,0,0,1,1,47,1998,8,8
"2025000023957",1,9,3,1,0,0,2,2,29,1560,2,10
"2025000023957",2,9,19,1,0,0,1,1,-1,-1,-1,-1
"2025000023958",1,11,5,0,0,0,4,1,-1,-1,-1,-1
"2025000023959",1,9,9,8,0,0,1,1,-1,-1,3,1
"2025000023959",2,1,19,8,0,0,1,1,59,-1,-1,-1
"2025000023960",1,9,19,1,0,0,1,1,56,3528,1,33
"2025000023961",2,9,10,1,0,0,2,2,62,1984,1,9
"2025000023961",1,9,4,1,0,0,1,1,72,1956,2,8
"2025000023962",1,9,9,6,0,0,3,1,60,3993,1,7
"2025000023962",2,3,19,1,0,0,1,1,18,124,1,2
"2025000023963",1,19,99,9,9,99,1,1,-1,1461,2,4
"2025000023964",1,19,-1,0,-1,-1,-1,1,-1,-1,-1,-1
"2025000023964",2,9,-1,0,-1,-1,-1,2,81,1198,1,11
"2025000023965",1,9,9,8,0,0,3,2,28,1998,2,11
"2025000023965",2,19,10,8,0,0,3,2,42,2287,2,0
"2025000023966",1,9,9,8,0,0,1,1,68,1997,2,11
"2025000023966",2,9,19,8,0,0,4,2,28,1991,2,15
"2025000023967",2,9,4,0,0,0,2,1,39,-1,-1,-1
"2025000023967",3,19,4,0,0,0,2,1,40,2143,2,5
"2025000023967",1,9,19,0,0,0,1,1,83,1998,1,5
"2025000023968",1,9,1,0,0,0,1,1,90,1364,1,13
"2025000023969",1,9,19,0,5,0,1,1,54,-1,-1,-1
"2025000023970",1,3,99,9,9,99,9,3,-1,125,1,1
"2025000023971",1,3,19,0,0,0,1,1,28,125,1,0
"2025000023972",1,11,5,0,0,0,0,2,72,-1,3,2
"2025000023973",2,1,19,8,0,0,1,1,57,-1,-1,-1
"2025000023973",1,9,19,8,0,0,1,2,21,1198,1,12
"2025000023974",2,8,99,9,9,99,2,3,-1,1800,8,10
"2025000023974",1,9,99,9,9,99,2,1,53,998,1,7
"2025000023974",3,9,99,9,9,99,9,3,-1,1580,8,2
"2025000023975",2,-1,19,0,0,0,1,1,35,-1,-1,-1
"2025000023975",1,9,5,0,0,0,3,3,-1,-1,-1,-1
"2025000023976",2,9,4,0,0,0,2,2,30,1968,2,7
"2025000023976",1,9,19,0,0,0,1,1,35,1995,2,8
"2025000023977",1,19,9,5,0,0,4,1,63,1461,2,8
"2025000023977",2,9,19,8,0,0,1,2,51,1598,1,3
"2025000023978",1,9,19,0,0,0,4,1,75,4367,2,5
"2025000023978",3,9,4,0,0,0,2,2,42,1596,1,12
"2025000023978",2,9,19,0,0,0,1,1,34,2488,8,0
"2025000023979",1,9,4,0,0,0,3,2,23,2179,2,9
"2025000023979",2,9,19,0,0,4,1,3,-1,-1,-1,-1
"2025000023980",2,9,99,9,9,99,1,3,-1,1498,1,4
"2025000023980",1,3,99,9,9,99,9,1,31,108,1,5
"2025000023981",1,9,19,0,0,0,2,1,29,1968,2,12
"2025000023981",2,11,19,0,0,0,1,1,21,8300,2,15
"2025000023982",1,9,13,0,1,0,4,1,54,1587,1,14
"2025000023983",1,11,4,1,0,0,0,1,57,4500,2,6
"2025000023984",1,9,8,6,0,0,3,2,40,1995,2,2
"2025000023985",1,9,10,1,0,0,1,2,28,2204,2,17
"2025000023985",2,9,19,8,0,0,1,2,49,1373,8,0
"2025000023986",1,9,19,0,0,0,1,2,35,998,1,6
"2025000023986",2,1,19,0,0,0,1,2,10,-1,-1,-1
"2025000023987",1,9,19,0,0,0,1,2,30,1968,2,8
"2025000023987",4,9,2,0,0,0,1,2,66,1968,2,10
"2025000023987",3,9,2,0,0,0,1,2,45,1560,2,9
"2025000023987",2,9,2,0,0,0,1,2,23,1390,1,11
"2025000023988",1,11,7,6,0,0,4,1,57,6696,2,4
"2025000023988",2,9,7,6,0,7,3,1,26,1598,2,4
"2025000023989",1,9,19,2,0,0,1,1,44,999,1,1
"2025000023989",2,9,19,2,0,0,1,2,60,2997,2,1
"2025000023990",2,9,4,1,0,0,2,1,23,1149,1,10
"2025000023990",4,9,4,1,0,0,2,1,46,2143,2,9
"2025000023990",1,19,19,1,1,0,1,1,28,2298,2,5
"2025000023990",3,9,4,1,0,0,2,1,35,1498,1,1
"2025000023991",1,9,19,2,0,0,9,3,-1,-1,-1,-1
"2025000023992",1,9,19,1,0,0,1,1,82,1999,1,17
"2025000023992",2,9,4,1,0,0,2,2,38,2979,1,16
"2025000023993",1,98,7,0,0,0,3,2,59,-1,-1,-1
"2025000023993",2,9,-1,0,-1,-1,-1,3,-1,-1,-1,-1
"2025000023994",1,9,9,2,0,0,1,1,61,1995,2,17
"2025000023994",2,3,2,2,0,0,3,1,39,125,1,3
"2025000023995",1,9,9,8,0,0,4,1,57,1984,1,3
"2025000023995",2,9,19,8,0,0,1,1,39,1997,2,17
"2025000023996",1,3,19,0,0,0,1,1,36,125,1,3
"2025000023996",2,9,4,0,0,0,2,2,48,898,1,4
"2025000023997",1,9,19,2,0,0,1,1,60,-1,-1,-1
"2025000023997",3,9,2,2,0,0,0,3,-1,1598,1,10
"2025000023997",2,9,19,2,0,0,2,1,46,1560,2,9
"2025000023998",1,11,3,8,0,0,0,1,68,5132,2,8
"2025000023999",1,9,19,2,0,0,1,3,-1,1968,2,9
"2025000023999",2,9,19,2,0,0,2,1,20,1499,2,4
"2025000024000",1,9,13,8,1,0,1,1,25,1461,2,7
"2025000024000",2,9,19,8,1,0,1,1,31,1399,2,18
"2025000024001",2,19,19,0,0,0,4,1,32,2494,2,18
"2025000024001",1,19,19,0,0,0,3,1,40,-1,-1,-1
"2025000024002",1,9,19,5,0,0,1,1,76,999,1,2
"2025000024003",1,9,19,0,0,0,1,1,70,1597,2,9
"2025000024004",1,9,19,0,0,0,2,1,58,1329,1,8
"2025000024004",4,9,19,0,0,0,1,1,31,-1,-1,-1
"2025000024004",3,19,19,0,0,0,1,1,38,-1,-1,-1
"2025000024004",2,9,19,0,0,0,2,2,34,2987,2,11
"2025000024005",1,3,19,1,0,0,1,1,47,125,1,2
"2025000024005",2,4,7,5,0,0,2,1,63,181,1,3
"2025000024006",1,3,99,9,9,99,1,1,39,125,1,0
"2025000024006",2,9,99,9,9,99,9,3,-1,1497,8,7
"2025000024007",2,1,19,8,0,0,9,3,-1,-1,-1,-1
"2025000024007",1,9,19,8,0,0,9,1,30,1490,1,20
"2025000024008",1,9,5,8,0,0,1,1,48,1598,2,9
"2025000024008",2,9,5,6,0,0,1,1,30,1998,8,9
"2025000024009",1,9,19,2,1,0,1,1,17,999,1,7
"2025000024010",1,9,19,4,5,9,1,3,-1,2995,1,6
"2025000024011",2,9,3,1,0,0,2,2,70,1998,1,17
"2025000024011",1,9,19,1,0,0,1,2,27,1388,1,16
"2025000024012",1,1,19,0,0,0,2,1,38,-1,-1,-1
"2025000024012",2,9,19,0,0,0,1,3,-1,-1,-1,-1
"2025000024013",1,9,9,1,0,0,3,1,49,998,1,5
"2025000024013",2,5,13,1,0,0,1,1,56,889,1,2
"2025000024014",3,9,4,0,0,0,2,2,48,1798,8,1
"2025000024014",2,19,4,0,0,0,1,1,38,1870,2,13
"2025000024014",4,20,4,0,0,0,2,1,30,1997,2,1
"2025000024014",1,20,4,0,0,0,1,1,29,2299,2,4
"2025000024014",5,9,3,0,0,0,2,1,22,1596,1,5
"2025000024015",1,9,12,8,0,0,3,2,56,1598,2,10
"2025000024015",2,1,19,8,0,0,4,1,66,-1,-1,-1
"2025000024016",1,9,19,0,0,0,4,1,48,1797,8,7
"2025000024017",1,1,5,1,1,99,4,1,65,-1,-1,-1
"2025000024017",2,1,99,9,9,0,1,1,32,-1,-1,-1
"2025000024018",1,9,19,0,0,0,2,2,80,998,1,4
"2025000024018",2,9,19,0,0,0,1,2,19,1242,1,16
"2025000024019",2,1,19,8,0,0,1,1,31,-1,-1,-1
"2025000024019",1,9,9,5,0,0,4,2,29,998,1,2
"2025000024020",1,11,2,0,0,0,0,1,40,6370,2,9
"2025000024021",1,19,19,1,0,0,3,1,-1,1968,2,5
"2025000024021",2,9,9,6,0,0,1,2,42,1968,2,2
"2025000024022",1,19,9,1,0,0,4,1,48,1499,2,4
"2025000024023",1,9,19,0,0,11,1,1,18,998,1,7
"2025000024024",3,1,19,8,0,0,3,1,48,-1,-1,-1
"2025000024024",1,9,7,6,0,0,1,2,48,1598,1,15
"2025000024024",4,1,19,8,0,0,3,1,48,-1,-1,-1
"2025000024024",2,9,13,8,0,0,1,1,42,2987,2,10
"2025000024025",2,9,19,9,0,99,9,1,41,1598,1,10
"2025000024025",1,11,99,9,9,99,9,1,-1,6700,2,10
"2025000024026",2,9,19,1,0,0,1,1,84,998,1,7
"2025000024026",1,9,4,1,0,0,3,1,50,2400,8,17
"2025000024027",2,9,99,9,9,99,9,3,-1,-1,-1,-1
"2025000024027",1,1,99,9,9,99,9,1,32,-1,-1,-1
"2025000024028",1,9,19,8,0,0,1,1,30,1997,2,8
"2025000024028",2,9,19,8,0,0,1,1,26,1997,2,6
"2025000024029",1,9,12,0,0,0,1,2,62,1498,1,2
"2025000024030",2,9,19,3,0,0,2,2,53,1395,1,9
"2025000024030",1,9,11,3,0,0,1,1,47,-1,-1,-1
"2025000024031",1,9,7,6,0,0,1,3,-1,-1,-1,-1
"2025000024031",2,9,19,2,1,0,4,2,29,1598,2,5
"2025000024032",1,9,19,0,5,0,1,1,31,1242,1,14
"2025000024033",1,9,19,1,0,0,1,1,35,1596,1,21
"2025000024033",2,9,19,8,0,0,1,1,41,1797,8,9
"2025000024034",1,9,19,0,0,0,1,2,63,1248,1,8
"2025000024034",3,9,19,0,0,0,1,2,26,1598,2,3
"2025000024034",2,9,19,0,0,0,3,1,56,1598,2,5
"2025000024035",1,9,19,0,0,11,1,2,28,998,8,0
"2025000024036",1,9,19,1,1,0,1,1,42,2494,1,17
"2025000024036",2,1,19,1,0,0,3,2,37,-1,-1,-1
"2025000024037",1,9,19,1,0,0,1,1,26,-1,-1,-1
"2025000024037",2,9,19,1,0,0,4,2,22,1598,2,6
"2025000024038",1,5,19,0,1,0,1,1,21,1450,1,17
"2025000024039",2,9,19,8,0,0,3,1,52,1796,1,11
"2025000024039",1,9,19,8,0,0,1,1,40,1984,1,7
"2025000024040",1,9,9,1,0,0,3,1,37,999,1,1
"2025000024040",2,9,19,1,0,0,1,2,18,998,1,12
"2025000024041",2,9,19,0,0,0,1,1,68,1984,8,2
"2025000024041",1,9,19,0,0,0,1,1,19,1242,1,13
"2025000024042",1,11,9,3,0,0,0,1,20,6700,2,10
"2025000024042",2,9,19,4,0,0,0,3,-1,-1,-1,-1
"2025000024043",1,9,1,0,0,0,3,3,30,1998,2,11
"2025000024044",1,1,19,0,0,0,1,1,-1,-1,-1,-1
"2025000024045",1,3,19,0,5,0,3,1,55,125,1,5
"2025000024046",2,9,3,0,0,0,2,2,44,1598,2,4
"2025000024046",1,9,19,0,1,0,1,1,27,1339,1,14
"2025000024047",1,9,19,1,0,0,1,1,28,1598,1,14
"2025000024048",1,9,5,1,0,0,2,2,32,1242,1,9
"2025000024048",2,9,5,1,0,0,1,2,55,1995,2,16
"2025000024049",3,19,19,1,0,0,4,1,30,1995,2,3
"2025000024049",2,5,19,1,0,0,1,1,34,599,1,9
"2025000024049",4,9,3,1,0,0,3,1,56,1956,2,5
"2025000024049",1,8,3,8,0,0,3,1,41,1598,2,4
"2025000024050",2,5,19,1,0,0,4,1,42,999,1,0
"2025000024050",1,9,19,6,0,0,1,1,51,1995,2,6
"2025000024051",2,9,19,8,0,0,1,3,-1,-1,-1,-1
"2025000024051",1,1,19,8,0,0,2,2,55,-1,-1,-1
"2025000024052",2,9,99,9,9,99,9,3,-1,3301,1,16
"2025000024052",1,8,99,9,9,99,9,1,40,1798,8,6
"2025000024053",1,19,19,0,0,0,2,2,23,1598,2,8
"2025000024053",2,-1,19,0,0,0,1,1,27,-1,-1,-1
"2025000024054",1,9,2,0,0,0,3,3,-1,1797,8,2
"2025000024054",2,-1,19,0,0,0,1,3,-1,-1,-1,-1
"2025000024055",3,9,3,0,0,0,2,1,67,1968,2,16
"2025000024055",1,9,19,0,0,0,1,2,80,1997,2,13
"2025000024055",2,9,4,0,0,0,2,1,59,1598,1,19
"2025000024056",1,9,19,2,0,0,1,3,-1,-1,-1,-1
"2025000024057",2,9,12,8,0,0,1,1,24,1199,1,1
"2025000024057",1,9,12,5,0,0,3,2,36,1329,1,9
"2025000024058",1,9,19,0,0,0,1,2,34,1498,1,0
"2025000024058",2,9,4,0,0,0,2,2,58,1395,1,7
"2025000024059",2,1,19,8,5,0,1,1,54,-1,-1,-1
"2025000024059",1,9,9,1,0,0,1,1,27,1968,2,1
"2025000024060",1,19,19,0,0,0,1,1,54,1995,2,3
"2025000024060",3,9,19,0,0,0,2,1,23,999,1,5
"2025000024060",2,9,19,0,0,0,2,2,56,1198,1,5
"2025000024061",1,9,19,1,0,2,1,1,55,-1,-1,-1
"2025000024062",2,9,14,1,0,0,1,1,21,1199,2,12
"2025000024062",1,9,9,6,0,0,1,1,24,999,1,4
"2025000024062",3,9,19,1,0,0,1,2,59,1248,2,16
"2025000024063",2,2,15,0,0,0,1,1,19,125,1,0
"2025000024063",1,9,9,0,0,0,4,1,71,1198,1,12
"2025000024064",1,9,8,6,0,0,3,2,63,1781,1,20
"2025000024065",1,9,2,8,0,0,1,2,39,1499,2,5
"2025000024066",1,9,19,2,0,0,1,1,29,3982,1,1
"2025000024066",2,19,19,1,0,0,1,1,40,2298,2,2
"2025000024067",1,9,9,6,0,0,3,2,88,1600,1,18
"2025000024067",2,4,19,8,0,0,1,1,23,248,1,11
"2025000024068",1,9,5,0,0,0,3,1,24,999,1,2
"2025000024068",2,9,19,0,5,0,4,2,51,999,7,0
"2025000024069",1,9,19,0,0,0,4,3,-1,-1,-1,-1
"2025000024070",2,9,19,1,0,0,3,1,70,1969,2,6
"2025000024070",1,9,19,1,0,0,3,1,31,1461,2,2
"2025000024071",1,9,19,0,0,0,4,1,35,1968,2,10
"2025000024071",2,1,19,0,0,0,2,1,63,-1,-1,-1
"2025000024072",1,9,19,0,2,0,1,1,48,1997,2,13
"2025000024073",2,5,19,0,0,0,1,1,44,889,1,2
"2025000024073",1,5,19,0,0,0,1,1,64,1050,1,15
"2025000024074",2,9,19,8,0,0,2,1,35,-1,-1,-1
"2025000024074",1,9,19,2,0,0,1,2,59,898,1,2
"2025000024075",1,9,19,0,1,0,1,1,60,1329,1,11
"2025000024075",2,9,3,0,0,0,2,1,64,1995,2,6
"2025000024076",1,9,19,8,0,0,1,1,30,-1,-1,-1
"2025000024076",2,9,9,5,0,0,1,1,45,-1,-1,-1
"2025000024077",2,-1,19,2,1,0,4,1,15,-1,-1,-1
"2025000024077",1,9,19,2,0,0,1,2,33,1399,1,5
"2025000024078",1,8,2,0,0,0,0,1,45,1598,2,3
"2025000024078",2,9,19,0,0,0,3,1,18,1896,2,17
"2025000024079",2,19,4,0,0,0,2,1,28,1500,2,2
"2025000024079",3,19,4,0,0,0,2,1,59,1996,2,1
"2025000024079",1,9,19,0,0,0,1,2,35,1248,1,14
"2025000024080",2,9,19,8,0,0,4,2,50,998,1,2
"2025000024080",1,9,19,4,0,0,1,1,42,1587,1,18
"2025000024081",1,9,19,0,0,0,1,1,34,1386,1,12
"2025000024081",2,9,19,0,0,0,2,2,48,-1,-1,-1
"2025000024082",2,1,7,6,0,0,1,1,60,-1,-1,-1
"2025000024082",1,9,9,5,0,0,1,1,37,-1,-1,-1
"2025000024083",1,19,19,8,0,0,1,3,-1,1997,2,1
"2025000024084",2,9,99,9,9,99,2,3,-1,1598,2,13
"2025000024084",1,3,99,9,9,99,9,1,33,125,1,8
"2025000024085",2,19,19,0,0,0,1,1,-1,1995,2,2
"2025000024085",1,9,19,0,0,0,2,2,27,1339,1,13
"2025000024086",1,2,19,8,0,0,1,1,17,49,1,5
"2025000024086",2,9,9,7,0,0,1,1,70,1968,2,5
"2025000024087",1,9,19,1,0,0,3,1,35,1398,1,16
"2025000024087",2,9,9,1,0,0,3,2,31,1461,2,9
"2025000024088",2,9,19,8,0,0,4,1,-1,1200,1,6
"2025000024088",1,19,5,6,0,0,1,1,-1,2143,2,5
"2025000024089",2,11,19,8,0,0,1,1,58,6700,2,10
"2025000024089",1,9,9,8,0,0,1,1,28,1598,1,16
"2025000024090",1,9,19,1,0,0,1,1,51,2998,8,0
"2025000024091",1,9,19,1,0,0,1,1,32,1968,2,6
"2025000024092",3,9,2,2,0,0,2,2,-1,1598,1,8
"2025000024092",2,9,2,8,0,0,1,2,70,1781,1,18
"2025000024092",1,9,9,3,0,10,1,1,41,-1,-1,-1
"2025000024093",1,9,19,1,0,0,1,1,21,1598,1,11
"2025000024093",2,11,3,1,0,0,2,1,51,5132,2,6
"2025000024094",2,1,19,8,0,0,4,1,39,-1,-1,-1
"2025000024094",1,9,19,4,0,0,1,1,46,1997,2,10
"2025000024095",1,9,99,9,9,99,2,1,36,1798,8,4
"2025000024095",2,9,99,9,9,99,1,3,-1,1332,1,15
"2025000024096",2,5,19,1,5,0,1,1,26,1000,1,4
"2025000024096",1,9,9,6,0,0,3,1,32,1560,2,12
"2025000024097",1,3,19,0,0,0,1,3,-1,-1,-1,-1
"2025000024098",1,19,19,0,0,6,1,1,37,2299,2,1
"2025000024099",1,9,9,6,0,0,1,1,48,2143,2,11
"2025000024099",2,18,19,1,0,0,3,2,38,-1,-1,-1
"2025000024100",2,19,4,8,1,0,2,1,32,2198,2,9
"2025000024100",3,9,19,8,1,0,1,2,53,-1,-1,-1
"2025000024100",1,21,19,8,1,0,1,1,58,12902,2,8
"2025000024101",1,9,13,0,0,0,1,1,34,2179,2,9
"2025000024101",3,9,19,0,0,0,2,2,61,1200,1,1
"2025000024101",2,9,19,0,0,0,2,2,35,1396,1,5
"2025000024102",1,9,4,1,0,0,1,2,22,1242,1,9
"2025000024103",2,3,19,1,0,0,3,1,46,125,1,1
"2025000024103",1,19,9,1,0,0,1,1,33,2148,2,16
"2025000024104",1,5,19,0,0,4,1,1,29,645,1,15
"2025000024104",2,19,2,0,0,0,2,3,-1,1995,2,10
"2025000024105",1,11,19,1,0,0,0,2,42,-1,3,2
"2025000024106",1,9,99,9,9,99,1,1,51,999,1,1
"2025000024106",2,9,99,9,9,99,9,1,-1,1388,1,14
"2025000024107",1,9,19,8,0,0,1,1,30,-1,-1,-1
"2025000024107",2,1,19,8,0,0,1,1,12,-1,-1,-1
"2025000024108",2,1,19,2,0,0,4,1,26,-1,-1,-1
"2025000024108",1,9,-1,-1,-1,-1,-1,3,99,-1,-1,-1
"2025000024109",1,9,19,0,0,0,3,2,66,-1,-1,-1
"2025000024110",2,5,19,2,0,0,1,1,47,745,1,6
"2025000024110",1,9,6,2,0,0,1,1,51,2143,2,4
"2025000024111",2,1,3,2,0,0,0,1,76,-1,-1,-1
"2025000024111",1,9,5,6,0,0,0,1,40,6162,1,5
"2025000024112",1,1,99,9,9,99,9,1,32,-1,-1,-1
"2025000024112",2,8,99,9,9,99,1,1,62,1997,2,4
"2025000024113",1,9,99,9,9,99,9,1,54,1598,1,14
"2025000024114",1,9,19,8,0,0,0,3,-1,-1,-1,-1
"2025000024114",3,9,10,8,0,0,3,2,21,1390,1,19
"2025000024114",2,9,19,1,0,0,1,1,66,999,1,9
"2025000024115",3,19,4,0,0,0,2,1,44,2148,2,16
"2025000024115",4,9,19,0,0,0,1,1,40,998,1,1
"2025000024115",2,9,4,0,0,0,2,1,24,-1,-1,-1
"2025000024115",1,9,4,0,0,0,2,1,29,1598,1,17
"2025000024116",1,3,99,9,9,99,1,1,20,125,1,1
"2025000024117",2,9,99,9,9,99,4,1,68,3000,1,12
"2025000024117",1,4,99,9,0,99,9,1,36,330,1,1
"2025000024118",1,3,19,0,0,0,4,1,18,124,1,7
"2025000024119",2,9,3,4,0,0,3,1,62,1396,1,11
"2025000024119",3,9,3,4,0,0,2,1,60,1685,2,7
"2025000024119",1,9,19,4,1,0,1,1,68,1461,2,14
"2025000024119",4,9,3,4,0,0,2,1,38,1598,1,6
"2025000024120",2,9,3,1,0,0,2,1,50,1968,2,13
"2025000024120",1,19,19,1,0,0,1,1,-1,-1,-1,-1
"2025000024121",1,9,1,5,0,0,2,1,87,1685,2,10
"2025000024122",1,9,19,1,0,0,1,1,18,1242,1,17
"2025000024123",1,19,5,1,0,0,1,1,41,2198,2,15
"2025000024124",2,9,19,8,0,0,1,1,25,1797,8,14
"2025000024124",1,3,9,8,0,0,3,1,44,110,1,1
"2025000024125",1,9,19,0,0,0,4,2,51,-1,-1,-1
"2025000024126",1,9,5,6,0,0,1,1,41,1368,1,12
"2025000024126",2,9,19,1,0,0,4,2,24,1749,2,2
"2025000024127",1,9,19,0,0,0,1,1,57,1598,1,7
"2025000024128",2,9,19,8,0,0,3,1,73,1580,8,2
"2025000024128",1,90,19,1,0,0,4,1,40,7146,2,6
"2025000024129",2,9,99,9,9,99,1,3,-1,1390,1,15
"2025000024129",1,3,99,9,9,99,9,1,46,124,1,3
"2025000024130",1,9,9,8,0,0,3,1,78,1242,1,12
"2025000024130",2,5,19,1,2,0,1,1,24,1198,1,7
"2025000024131",1,9,8,1,0,0,4,1,34,1398,1,9
"2025000024131",2,1,19,1,0,0,1,1,21,-1,-1,-1
"2025000024132",2,1,19,0,0,0,2,1,67,-1,-1,-1
"2025000024132",1,9,13,0,0,0,3,1,65,2457,1,21
"2025000024133",1,8,99,9,9,99,1,1,45,1798,1,9
"2025000024134",1,9,19,1,0,10,3,2,29,-1,-1,-1
"2025000024135",2,98,99,0,9,99,2,3,26,-1,-1,-1
"2025000024135",1,9,99,0,9,99,1,1,25,1197,1,5
"2025000024136",2,9,19,1,0,0,1,2,43,1598,1,10
"2025000024136",1,9,9,1,0,0,1,2,26,1199,1,20
"2025000024137",1,9,19,0,1,0,1,1,36,1229,1,11
"2025000024137",2,9,19,0,0,0,0,1,67,2993,2,7
"2025000024138",2,5,19,1,0,0,1,1,58,1195,1,8
"2025000024138",1,9,9,5,0,0,1,1,32,-1,-1,-1
"2025000024139",2,9,9,0,0,0,0,2,30,-1,-1,-1
"2025000024139",1,9,5,0,0,0,4,1,50,-1,-1,-1
"2025000024140",1,9,19,2,0,0,1,1,27,1390,1,20
"2025000024140",2,9,19,1,0,0,4,1,18,1368,1,4
"2025000024141",2,9,8,1,0,0,3,1,19,1368,1,16
"2025000024141",1,9,7,1,0,0,1,1,36,1984,1,17