"collision_index","vehicle_reference","vehicle_type","vehicle_manoeuvre","junction_location","skidding_and_overturning","hit_object_in_carriageway","first_point_of_impact","sex_of_driver","age_of_driver","engine_capacity_cc","propulsion_code","age_of_vehicle"
"2025000024142",1,9,4,1,0,0,1,1,43,-1,-1,-1
"2025000024142",2,9,3,1,0,0,2,2,37,1368,1,4
"2025000024143",1,1,19,0,0,10,0,1,12,-1,-1,-1
"2025000024144",1,9,9,1,0,0,1,2,-1,-1,3,1
"2025000024144",2,1,19,1,5,0,4,1,42,-1,-1,-1
"2025000024145",2,9,11,8,0,0,4,3,-1,-1,-1,-1
"2025000024145",1,19,19,8,0,0,3,1,30,2143,2,3
"2025000024146",1,9,2,0,0,0,2,3,-1,1950,2,7
"2025000024146",2,9,19,0,0,0,1,1,32,1580,8,6
"2025000024147",1,19,5,8,0,0,2,1,-1,-1,-1,-1
"2025000024147",2,22,19,8,0,0,3,2,72,-1,-1,-1
"2025000024148",1,9,19,0,0,0,3,1,21,-1,-1,-1
"2025000024148",2,19,2,0,0,0,4,3,-1,1995,2,5
"2025000024149",2,5,19,0,0,2,1,1,33,999,1,10
"2025000024149",1,19,6,0,0,0,4,1,37,1968,2,7
"2025000024150",1,3,99,9,9,99,1,1,29,125,1,8
"2025000024150",2,9,99,9,9,99,1,3,-1,1596,1,21
"2025000024151",2,9,19,8,0,0,4,1,17,1124,1,15
"2025000024151",1,9,19,6,0,0,1,2,19,998,1,7
"2025000024152",1,9,9,8,0,0,4,1,18,998,1,9
"2025000024152",2,9,19,8,0,0,1,1,69,1956,2,7
"2025000024153",1,9,9,8,0,0,1,1,25,1598,2,6
"2025000024154",2,9,19,1,0,0,4,1,56,1798,8,1
"2025000024154",1,9,5,6,0,0,1,2,52,1339,1,18
"2025000024155",1,9,19,0,0,0,1,2,20,1596,1,19
"2025000024155",2,9,19,0,0,0,1,1,21,2143,2,4
"2025000024156",1,9,99,0,9,99,3,2,27,1339,1,13
"2025000024156",2,21,99,0,0,0,9,1,56,12777,2,3
"2025000024157",2,9,9,8,0,0,4,2,52,1199,1,0
"2025000024157",1,9,19,8,0,0,1,1,22,1084,1,6
"2025000024158",1,9,19,1,0,0,3,1,60,1598,2,10
"2025000024158",2,1,19,6,0,0,1,1,6,-1,-1,-1
"2025000024159",1,9,19,0,0,0,1,1,23,1968,2,8
"2025000024160",2,9,19,8,0,0,3,1,39,1339,1,12
"2025000024160",1,9,9,8,0,0,1,1,42,2487,8,2
"2025000024160",3,19,19,1,0,0,3,1,66,2198,2,13
"2025000024161",1,3,19,0,2,0,0,1,49,125,1,4
"2025000024162",1,5,19,0,0,0,1,1,50,1130,1,21
"2025000024162",2,8,19,0,0,0,2,1,55,2198,2,10
"2025000024163",1,19,7,8,0,0,4,1,41,1997,2,0
"2025000024163",2,5,19,8,0,0,1,1,33,748,1,15
"2025000024164",1,9,5,0,0,0,1,1,54,1560,2,6
"2025000024164",2,-1,19,0,0,0,3,1,13,-1,-1,-1
"2025000024165",1,19,99,9,9,99,3,1,26,1995,2,4
"2025000024165",2,9,99,9,9,99,9,3,-1,1598,1,10
"2025000024166",2,19,19,1,0,0,1,1,30,1995,2,1
"2025000024166",1,9,10,1,0,0,2,2,20,1248,1,2
"2025000024167",1,9,19,0,0,0,1,2,60,1364,1,5
"2025000024168",1,9,9,5,0,0,1,1,91,848,1,22
"2025000024168",2,9,19,8,1,0,1,1,27,1398,2,17
"2025000024168",3,9,8,1,0,0,1,2,79,1197,1,3
"2025000024168",4,90,19,8,0,0,0,1,57,2900,1,-1
"2025000024169",1,9,19,3,0,0,1,1,22,1368,1,13
"2025000024169",2,20,4,1,0,0,1,1,30,-1,-1,-1
"2025000024170",1,9,99,9,9,99,9,1,-1,-1,3,1
"2025000024171",2,9,99,9,9,99,9,3,-1,-1,-1,-1
"2025000024171",1,1,99,9,9,99,1,1,26,-1,-1,-1
"2025000024172",1,9,19,0,0,0,1,1,66,1598,2,9
"2025000024173",1,9,4,0,0,0,2,2,67,1968,2,2
"2025000024173",2,9,19,0,0,0,1,1,35,2231,2,8
"2025000024174",1,9,12,0,0,0,0,3,-1,-1,-1,-1
"2025000024174",2,9,19,0,0,0,1,1,29,1968,2,14
"2025000024175",2,9,19,8,0,0,1,1,37,1984,1,3
"2025000024175",4,9,19,2,0,0,3,1,50,1798,1,12
"2025000024175",1,9,19,8,1,10,4,1,26,4999,1,1
"2025000024175",3,1,19,8,0,0,2,1,50,-1,-1,-1
"2025000024176",1,9,19,8,0,0,2,2,19,998,1,13
"2025000024176",2,11,19,8,0,0,1,1,31,7300,2,16
"2025000024177",1,9,19,1,0,0,2,1,58,2400,2,9
"2025000024177",3,9,9,1,0,0,0,1,-1,3993,2,4
"2025000024177",2,9,19,1,0,0,1,2,28,1200,1,4
"2025000024178",1,9,19,0,0,0,4,1,49,1799,1,17
"2025000024179",1,9,99,9,9,99,2,2,60,1969,12,1
"2025000024179",2,9,99,9,9,99,1,3,-1,-1,-1,-1
"2025000024180",3,9,99,9,9,99,2,3,-1,2993,2,4
"2025000024180",1,9,99,9,9,99,2,1,41,1997,2,6
"2025000024180",2,21,99,9,9,99,1,3,-1,12740,2,7
"2025000024181",2,1,19,4,0,0,1,1,45,-1,-1,-1
"2025000024181",1,9,5,4,0,0,1,1,49,-1,-1,-1
"2025000024182",1,98,19,1,0,0,9,3,-1,-1,-1,-1
"2025000024183",1,11,4,0,0,0,4,1,55,-1,3,1
"2025000024184",1,9,9,6,0,0,3,2,44,1598,8,1
"2025000024184",2,19,19,1,0,0,1,1,62,4250,2,16
"2025000024185",1,9,8,1,0,0,1,1,26,1198,1,12
"2025000024186",3,9,19,3,0,0,2,2,54,1461,2,6
"2025000024186",2,9,19,3,0,0,2,2,42,998,1,7
"2025000024186",1,19,19,8,0,0,1,3,-1,2143,2,12
"2025000024187",1,9,1,0,0,0,2,1,31,1997,2,12
"2025000024188",2,9,99,9,9,99,9,3,-1,1388,1,18
"2025000024188",1,1,99,9,9,99,9,1,47,-1,-1,-1
"2025000024189",1,9,19,0,0,0,1,3,-1,1596,1,15
"2025000024189",2,9,2,0,0,0,4,3,-1,2997,2,2
"2025000024190",1,9,9,5,0,0,4,2,41,1998,8,4
"2025000024190",2,9,19,8,0,0,1,1,24,1364,1,15
"2025000024191",1,9,19,8,0,0,3,1,45,2967,2,2
"2025000024191",2,9,19,8,1,0,3,1,49,1600,1,23
"2025000024192",1,9,7,3,0,0,3,2,34,1798,8,1
"2025000024192",2,1,19,3,0,0,1,1,62,-1,-1,-1
"2025000024193",1,9,19,0,0,0,1,1,44,1598,2,12
"2025000024194",2,1,15,1,0,0,1,2,21,-1,-1,-1
"2025000024194",1,9,7,1,0,0,4,1,53,2143,2,6
"2025000024195",1,9,9,8,0,0,4,1,23,1598,1,14
"2025000024195",2,9,19,8,0,0,1,2,42,1686,2,11
"2025000024196",1,19,4,0,0,0,1,1,49,2298,2,2
"2025000024196",2,9,4,0,0,0,2,1,53,1995,2,16
"2025000024196",3,9,4,0,0,0,2,1,53,898,1,6
"2025000024197",1,3,99,9,9,99,1,1,26,125,1,4
"2025000024197",2,9,99,9,9,99,9,3,26,1339,1,18
"2025000024198",1,9,19,0,0,0,1,1,38,1198,1,15
"2025000024198",3,19,19,0,0,0,1,1,50,1995,2,2
"2025000024198",2,9,19,0,0,0,2,1,43,1997,2,15
"2025000024199",1,9,19,0,0,0,1,2,25,1248,1,12
"2025000024200",2,9,19,0,0,0,1,1,19,998,1,18
"2025000024200",1,9,19,0,0,0,2,1,54,1997,2,17
"2025000024201",2,1,19,1,0,0,4,1,69,-1,-1,-1
"2025000024201",1,9,9,1,0,0,1,2,36,1461,2,8
"2025000024202",1,9,7,0,0,0,0,2,54,1248,1,6
"2025000024203",2,19,10,8,0,0,2,1,56,2198,2,11
"2025000024203",1,9,19,1,0,0,1,1,23,1598,1,7
"2025000024204",1,9,19,8,0,0,3,2,36,1998,1,6
"2025000024204",2,9,19,8,0,0,1,1,76,1490,8,1
"2025000024205",1,9,5,1,0,0,1,1,-1,1796,1,15
"2025000024205",2,9,19,1,0,0,3,2,52,1200,1,5
"2025000024206",2,9,19,8,0,0,1,2,36,1997,2,11
"2025000024206",1,19,9,8,0,0,1,1,39,1995,2,4
"2025000024206",3,9,19,8,0,0,1,2,37,1968,2,5
"2025000024207",2,9,19,0,0,0,1,3,32,1388,1,17
"2025000024207",1,9,3,0,0,0,2,2,34,-1,-1,-1
"2025000024208",2,21,19,0,0,0,3,1,53,6700,2,3
"2025000024208",3,9,19,0,0,0,3,1,20,1248,1,6
"2025000024208",1,9,19,0,0,0,3,1,18,1368,1,11
"2025000024209",1,9,19,0,0,0,1,1,62,1997,2,4
"2025000024210",1,11,4,1,0,0,0,1,53,5132,2,4
"2025000024211",2,9,2,0,0,10,1,1,36,1598,2,9
"2025000024211",1,9,19,0,2,4,1,2,33,1796,1,16
"2025000024212",2,1,9,1,0,0,4,1,48,-1,-1,-1
"2025000024212",1,11,5,1,0,0,4,1,48,-1,3,2
"2025000024213",1,9,-1,0,0,0,1,1,82,-1,-1,-1
"2025000024214",1,9,19,1,0,0,4,1,58,2993,2,7
"2025000024215",1,11,19,0,0,99,0,3,22,5132,2,7
"2025000024216",1,9,19,2,0,0,1,2,69,-1,-1,-1
"2025000024217",1,19,9,2,1,0,1,1,49,2200,2,5
"2025000024217",2,1,19,1,0,0,4,1,51,-1,-1,-1
"2025000024218",1,9,9,8,0,0,1,1,81,999,1,2
"2025000024218",2,1,5,8,0,0,1,1,55,-1,-1,-1
"2025000024219",1,9,19,0,0,0,1,1,41,1240,1,15
"2025000024219",2,11,19,0,0,0,1,1,46,4461,2,8
"2025000024220",1,9,19,1,0,0,1,2,45,1995,2,2
"2025000024221",1,9,99,9,9,99,2,2,49,1388,1,14
"2025000024221",2,9,99,9,9,99,1,3,-1,-1,-1,-1
"2025000024222",2,1,19,1,0,0,4,1,32,-1,-1,-1
"2025000024222",1,9,9,6,0,0,4,1,63,-1,3,4
"2025000024223",2,9,7,5,0,0,1,3,30,-1,-1,-1
"2025000024223",1,1,19,1,0,0,3,1,30,-1,-1,-1
"2025000024224",2,1,19,0,0,0,1,1,49,-1,-1,-1
"2025000024224",1,9,19,0,0,0,1,2,55,1364,1,8
"2025000024225",1,19,4,0,0,0,2,1,53,2143,2,4
"2025000024225",2,9,19,0,0,0,1,2,31,1995,2,9
"2025000024226",1,1,5,6,0,0,1,1,30,-1,-1,-1
"2025000024227",2,9,2,0,1,0,3,2,65,998,1,9
"2025000024227",1,9,19,0,1,4,4,1,59,1500,2,2
"2025000024228",1,9,2,1,0,4,1,1,34,1399,1,6
"2025000024228",4,9,2,1,0,4,1,3,-1,1339,1,16
"2025000024228",2,9,4,1,1,4,1,1,34,-1,-1,-1
"2025000024228",5,9,2,1,0,4,1,3,-1,1498,1,4
"2025000024228",3,9,2,1,0,4,1,3,-1,1598,1,18
"2025000024229",2,9,4,0,0,0,3,2,48,1499,1,3
"2025000024229",1,17,19,0,0,0,3,3,-1,-1,-1,-1
"2025000024230",1,9,19,0,0,0,3,3,-1,-1,-1,-1
"2025000024231",2,-1,19,6,0,0,1,2,9,-1,-1,-1
"2025000024231",1,8,19,1,0,0,3,1,-1,-1,-1,-1
"2025000024232",2,9,19,8,1,0,4,1,75,1498,1,5
"2025000024232",1,9,7,1,0,0,3,1,23,-1,3,2
"2025000024233",1,5,19,2,0,0,3,1,59,1254,1,0
"2025000024233",2,9,5,8,0,0,1,1,57,-1,3,1
"2025000024234",1,11,3,1,0,0,0,1,33,6700,2,6
"2025000024235",1,9,19,4,0,0,1,1,-1,-1,-1,-1
"2025000024235",2,1,19,4,0,0,2,2,43,-1,-1,-1
"2025000024236",1,19,12,2,1,0,1,1,34,2198,2,10
"2025000024236",2,19,19,1,0,0,1,1,64,1995,2,3
"2025000024237",2,9,4,8,0,0,2,1,73,1499,1,7
"2025000024237",3,9,9,6,0,0,0,1,47,1598,2,5
"2025000024237",1,9,4,8,0,0,1,2,25,1198,1,13
"2025000024238",1,19,19,1,0,0,1,1,20,1498,2,3
"2025000024238",2,19,19,1,0,0,1,1,59,2143,2,8
"2025000024239",1,9,19,0,2,0,1,1,23,1596,1,7
"2025000024239",2,9,19,0,0,0,0,1,40,2993,2,3
"2025000024240",2,9,19,8,0,0,1,3,-1,-1,-1,-1
"2025000024240",1,3,19,8,0,0,3,1,49,124,1,5
"2025000024241",1,-1,19,0,0,0,1,1,-1,-1,-1,-1
"2025000024242",1,21,19,0,2,7,1,1,47,10837,2,7
"2025000024243",1,9,19,0,2,0,1,1,65,-1,-1,-1
"2025000024244",1,9,9,1,0,0,1,2,31,-1,3,1
"2025000024244",2,5,19,1,0,0,1,1,43,781,1,22
"2025000024245",1,9,7,0,5,0,1,2,24,1200,1,7
"2025000024246",1,3,99,9,9,99,9,1,22,125,1,4
"2025000024246",2,9,99,9,9,99,9,3,-1,1200,1,3
"2025000024247",1,9,5,0,0,0,0,1,-1,-1,-1,-1
"2025000024248",2,21,19,8,0,0,1,1,52,12740,2,9
"2025000024248",1,11,19,8,0,0,4,1,34,9000,2,8
"2025000024249",2,21,19,0,0,0,1,1,42,12740,2,10
"2025000024249",1,5,19,0,0,0,1,1,41,599,1,13
"2025000024250",1,9,19,0,0,0,1,1,73,1490,8,0
"2025000024251",1,9,19,1,0,0,4,3,-1,-1,-1,-1
"2025000024252",2,9,99,9,9,99,1,3,-1,1997,2,6
"2025000024252",1,1,99,9,9,99,1,1,25,-1,-1,-1
"2025000024253",2,1,2,0,0,0,3,2,47,-1,-1,-1
"2025000024253",1,9,1,0,0,0,2,1,40,1968,2,8
"2025000024254",2,9,19,8,0,0,1,2,72,1596,1,18
"2025000024254",1,19,9,1,0,0,3,2,30,1995,2,2
"2025000024255",2,9,2,1,0,0,2,-1,-1,2495,2,20
"2025000024255",1,9,19,1,0,0,1,2,57,1598,2,8
"2025000024256",1,1,19,8,0,0,1,1,50,-1,-1,-1
"2025000024256",2,9,9,8,0,0,1,2,40,1984,1,16
"2025000024257",2,9,4,1,0,0,0,2,38,1229,1,7
"2025000024257",1,9,19,1,0,0,2,2,-1,-1,-1,-1
"2025000024258",1,11,99,0,9,99,9,3,43,5132,2,3
"2025000024258",2,9,99,0,9,99,9,3,-1,1240,1,12
"2025000024259",2,9,19,8,0,0,2,2,50,1329,1,5
"2025000024259",1,9,5,6,0,0,1,2,-1,1199,1,19
"2025000024260",1,8,4,0,0,0,1,3,-1,1798,8,2
"2025000024261",1,9,19,0,0,0,1,2,45,1598,2,9
"2025000024261",2,9,19,0,0,0,1,1,64,1399,1,6
"2025000024262",1,9,19,1,0,0,1,1,45,1493,2,14
"2025000024262",2,1,19,1,0,0,1,1,12,-1,-1,-1
"2025000024263",2,9,19,8,0,0,4,1,59,1968,2,2
"2025000024263",1,9,19,8,0,0,1,2,36,1995,2,6
"2025000024264",1,3,99,9,9,99,1,1,23,125,1,6
"2025000024264",2,9,99,9,9,99,9,3,-1,2171,1,21
"2025000024265",1,9,19,0,0,0,1,2,39,1950,2,5
"2025000024266",2,9,19,1,1,0,1,1,32,1197,1,6
"2025000024266",1,9,3,1,0,0,2,2,36,2204,2,16
"2025000024267",2,9,5,1,0,0,2,2,32,-1,-1,-1
"2025000024267",1,9,5,1,0,0,1,1,58,-1,-1,-1
"2025000024268",1,90,9,0,0,0,1,1,48,-1,-1,-1
"2025000024269",1,2,10,1,0,0,1,1,19,49,1,6
"2025000024269",2,9,9,5,0,0,1,1,44,1199,1,0
"2025000024270",2,3,19,8,0,0,0,1,19,125,1,5
"2025000024270",1,9,7,1,0,0,2,1,31,2204,2,16
"2025000024271",2,9,19,0,0,0,1,1,29,1968,2,7
"2025000024271",3,9,2,0,0,0,1,3,-1,1797,8,9
"2025000024271",1,9,5,0,0,0,1,2,26,1598,2,2
"2025000024272",1,9,19,1,1,0,1,2,61,998,1,7
"2025000024272",2,19,19,2,0,0,3,1,36,2200,2,3
"2025000024273",1,9,4,0,0,0,1,2,67,1197,1,9
"2025000024274",2,9,19,0,0,0,1,2,74,1998,8,5
"2025000024274",3,5,14,0,1,0,1,1,20,645,1,19
"2025000024274",1,20,2,0,0,0,0,1,39,5900,2,16
"2025000024275",1,9,99,0,9,99,2,2,26,1390,1,13
"2025000024275",2,9,99,0,9,99,1,2,-1,1200,1,9
"2025000024275",3,9,99,0,9,99,9,3,-1,-1,-1,-1
"2025000024276",1,5,19,0,2,7,1,1,37,1298,1,23
"2025000024277",1,9,19,1,0,0,1,1,38,2996,1,10
"2025000024277",3,9,19,1,0,0,4,2,28,1598,1,14
"2025000024277",2,3,10,1,0,0,2,2,48,125,1,1
"2025000024278",1,3,99,9,9,99,9,1,37,124,1,8
"2025000024278",2,9,99,9,9,99,0,3,-1,1797,8,13
"2025000024279",2,9,4,8,0,0,2,1,28,1364,1,15
"2025000024279",1,9,19,1,0,0,1,1,47,1560,2,11
"2025000024280",2,9,11,1,0,0,0,3,-1,1997,8,0
"2025000024280",1,11,3,1,0,0,0,1,36,5132,2,9
"2025000024281",1,9,19,8,0,0,4,1,50,1197,1,1
"2025000024281",2,9,19,4,0,0,1,2,75,898,1,7
"2025000024282",1,9,7,6,0,0,3,1,18,1598,1,11
"2025000024282",2,1,19,8,0,0,1,1,44,-1,-1,-1
"2025000024283",2,19,19,1,0,0,1,1,-1,1598,2,2
"2025000024283",1,9,10,1,0,0,2,1,36,1497,1,15
"2025000024284",2,9,19,0,0,0,1,1,56,-1,3,1
"2025000024284",3,9,2,0,0,0,2,3,-1,1461,2,15
"2025000024284",1,9,19,0,0,0,1,3,-1,1596,1,14
"2025000024285",1,19,1,1,0,0,2,1,42,2143,2,4
"2025000024286",1,1,19,0,0,0,0,1,24,-1,-1,-1
"2025000024287",1,9,19,1,1,0,1,2,27,1229,1,14
"2025000024288",2,9,2,0,0,0,2,2,30,1499,2,7
"2025000024288",1,9,1,0,0,4,2,3,30,1497,8,12
"2025000024289",2,9,5,0,0,0,1,1,83,2148,2,14
"2025000024289",1,2,19,0,5,0,4,1,16,49,1,5
"2025000024290",1,9,5,8,0,0,1,2,43,-1,3,6
"2025000024291",2,9,5,2,0,0,1,1,82,1969,2,2
"2025000024291",1,9,19,1,0,0,1,1,35,998,1,7
"2025000024292",2,9,19,0,0,0,3,1,40,1995,2,9
"2025000024292",1,9,19,0,0,0,3,2,38,1995,2,7
"2025000024293",2,9,3,1,0,99,4,3,-1,1461,2,6
"2025000024293",1,1,4,1,0,99,3,2,44,-1,-1,-1
"2025000024294",2,9,9,8,0,0,3,2,18,1242,1,11
"2025000024294",1,9,19,4,0,0,1,1,23,1596,1,9
"2025000024295",1,9,19,0,1,0,1,1,27,-1,-1,-1
"2025000024295",2,19,19,0,0,0,1,1,52,2402,2,12
"2025000024296",1,9,4,0,0,0,2,1,29,1332,1,4
"2025000024296",2,9,19,0,0,0,1,2,49,1498,8,3
"2025000024297",2,19,2,0,0,0,4,3,-1,2287,2,4
"2025000024297",1,9,19,0,2,4,1,2,34,1984,1,8
"2025000024298",1,1,19,0,0,0,0,1,11,-1,-1,-1
"2025000024299",2,9,9,0,0,0,4,1,87,1586,1,6
"2025000024299",1,4,19,0,0,0,1,1,44,1084,1,1
"2025000024300",1,9,19,0,0,0,1,1,67,1364,1,14
"2025000024301",1,11,11,0,0,0,4,1,53,6374,2,9
"2025000024301",2,11,2,0,0,0,3,3,-1,6370,2,7
"2025000024302",2,9,19,0,0,0,3,2,33,1950,2,1
"2025000024302",1,9,19,0,0,0,3,1,40,2000,2,14
"2025000024303",1,9,19,0,0,0,1,2,54,1364,1,9
"2025000024303",2,19,19,0,0,0,2,1,44,-1,-1,-1
"2025000024304",1,11,19,1,0,0,0,1,19,4500,2,8
"2025000024305",1,9,19,0,0,0,1,1,40,998,1,8
"2025000024306",2,9,19,1,0,0,1,2,31,-1,-1,-1
"2025000024306",1,5,10,1,0,0,2,1,57,-1,-1,-1
"2025000024307",2,9,9,5,0,0,1,1,24,1596,1,16
"2025000024307",1,4,19,1,2,0,1,1,31,124,1,2
"2025000024308",1,9,19,8,0,0,1,2,28,-1,-1,-1
"2025000024308",2,9,19,8,0,0,3,2,23,-1,-1,-1
"2025000024309",1,9,99,8,0,0,2,1,66,1998,8,1
"2025000024309",2,9,99,9,9,99,1,1,41,-1,3,1
"2025000024310",1,9,19,3,1,10,1,1,20,1598,2,6
"2025000024311",1,9,19,3,0,0,4,1,72,-1,-1,-1
"2025000024311",2,1,19,8,0,0,3,1,72,-1,-1,-1
"2025000024312",1,9,19,0,1,0,1,1,81,1499,2,6
"2025000024312",2,9,10,0,0,0,2,2,29,1560,2,7
"2025000024313",2,9,19,0,0,0,2,1,35,1598,1,11
"2025000024313",1,9,19,0,0,0,3,1,23,1362,1,9
"2025000024313",4,9,3,0,0,0,2,2,40,1598,1,16
"2025000024313",3,9,19,0,0,0,4,1,45,1364,1,14
"2025000024314",1,9,19,0,0,0,1,2,20,1299,1,21
"2025000024315",1,9,9,8,0,0,1,1,51,1798,8,10
"2025000024315",2,3,19,1,1,0,4,1,22,125,1,2
"2025000024316",1,3,99,9,9,99,1,1,28,124,1,3
"2025000024316",2,9,99,9,9,99,9,3,-1,1339,1,14
"2025000024317",1,4,19,1,1,0,3,1,47,645,1,22
"2025000024318",1,11,8,8,0,0,1,1,53,12000,2,14
"2025000024319",2,9,5,7,0,0,2,1,76,1580,8,2
"2025000024319",1,9,5,4,0,0,1,3,-1,2179,2,14
"2025000024320",2,9,19,0,0,0,4,2,48,1968,2,6
"2025000024320",1,21,12,0,0,0,3,1,-1,16353,2,1
"2025000024321",1,9,19,0,0,0,4,1,79,1998,1,4
"2025000024321",2,9,2,0,0,0,4,3,-1,1968,2,7
"2025000024322",1,9,2,8,0,0,3,2,42,1598,2,12
"2025000024322",2,1,19,8,0,8,1,1,51,-1,-1,-1
"2025000024323",1,1,99,9,9,99,9,1,22,-1,-1,-1
"2025000024323",2,9,99,9,9,99,1,3,49,-1,3,2
"2025000024324",1,9,5,4,0,0,3,1,86,1318,1,5
"2025000024324",2,1,19,8,0,0,1,1,68,-1,-1,-1
"2025000024325",1,11,19,8,0,0,1,2,45,7698,2,6
"2025000024325",2,20,2,2,0,0,2,1,55,5193,2,0
"2025000024326",2,9,3,0,0,0,2,2,43,1582,2,8
"2025000024326",1,9,3,0,0,0,1,1,33,1461,2,2
"2025000024327",1,19,7,5,0,0,4,1,65,1500,2,3
"2025000024327",2,1,19,1,0,0,1,1,35,-1,-1,-1
"2025000024328",2,9,19,8,5,0,4,1,52,1461,2,3
"2025000024328",1,10,19,8,0,0,1,1,-1,-1,-1,-1
"2025000024329",1,9,19,1,0,0,1,2,49,1461,2,8
"2025000024329",2,8,4,1,0,0,2,1,43,999,1,4
"2025000024330",2,3,19,8,1,0,1,2,21,125,1,4
"2025000024330",1,19,19,8,0,0,2,2,55,1560,2,12
"2025000024331",1,9,-1,-1,-1,-1,-1,3,-1,-1,-1,-1
"2025000024331",2,-1,-1,-1,-1,-1,-1,1,30,-1,-1,-1
"2025000024332",1,9,7,3,0,0,1,1,42,1796,1,15
"2025000024333",1,9,99,9,9,99,2,2,43,2494,8,3
"2025000024333",2,9,99,9,9,99,1,3,34,1461,2,6
"2025000024334",1,9,19,0,5,0,1,1,35,1360,1,20
"2025000024335",3,9,19,0,1,0,0,1,63,1796,1,15
"2025000024335",4,9,19,0,1,0,0,2,36,1968,2,13
"2025000024335",1,9,19,0,1,0,1,1,42,2204,2,17
"2025000024335",2,9,19,0,1,0,1,1,34,1598,2,10
"2025000024336",1,98,19,0,0,0,1,3,-1,-1,-1,-1
"2025000024337",1,9,19,1,0,0,1,1,28,1598,1,10
"2025000024337",3,9,4,1,0,0,2,2,33,1248,1,12
"2025000024337",2,9,3,2,0,0,2,1,54,1998,2,2
"2025000024338",1,9,19,0,0,0,4,1,51,1397,1,13
"2025000024339",1,9,19,1,0,0,1,1,51,-1,3,1
"2025000024340",1,9,9,2,0,0,1,2,34,996,1,10
"2025000024341",2,9,19,0,0,0,3,2,53,1498,1,2
"2025000024341",1,9,3,0,0,4,1,1,47,-1,-1,-1
"2025000024342",1,9,19,0,0,0,1,2,75,1364,1,3
"2025000024342",2,1,19,0,0,0,1,1,38,-1,-1,-1
"2025000024343",2,21,11,0,0,0,4,1,51,12419,2,6
"2025000024343",1,9,19,0,0,0,3,2,23,1395,1,6
"2025000024344",3,5,19,2,0,0,2,1,39,-1,-1,-1
"2025000024344",2,9,19,8,0,0,1,1,25,1968,2,13
"2025000024344",1,19,9,8,0,0,0,1,53,1560,2,7
"2025000024345",1,9,19,8,0,0,2,1,20,1496,2,8
"2025000024345",2,9,19,8,0,0,1,1,34,1896,2,15
"2025000024346",1,9,4,1,0,0,4,2,57,1398,1,4
"2025000024347",1,9,2,0,0,0,3,1,38,1598,2,4
"2025000024347",2,1,14,0,0,8,1,1,51,-1,-1,-1
"2025000024348",1,9,9,8,0,0,4,1,19,1388,1,11
"2025000024348",2,9,19,8,0,0,1,2,28,1395,1,4
"2025000024349",2,9,2,0,0,0,1,1,60,1461,2,4
"2025000024349",1,98,1,0,0,0,2,1,-1,-1,-1,-1
"2025000024350",1,9,13,0,0,0,1,1,25,3246,1,17
"2025000024350",2,9,19,0,0,0,1,1,28,1995,2,14
"2025000024350",3,19,19,0,0,0,0,1,-1,2198,2,8
"2025000024351",1,1,99,9,9,99,1,1,25,-1,-1,-1
"2025000024351",2,19,99,9,9,99,4,1,59,1968,2,5
"2025000024352",1,9,19,0,5,0,1,2,37,1560,2,9
"2025000024352",2,9,2,0,1,4,1,-1,-1,2179,2,13
"2025000024353",2,9,10,0,0,0,1,3,-1,-1,-1,-1
"2025000024353",1,2,13,0,0,0,1,1,20,124,1,0
"2025000024354",2,3,19,8,0,0,1,1,29,-1,-1,-1
"2025000024354",1,9,9,8,0,0,4,1,-1,1794,1,16
"2025000024355",1,9,15,8,0,0,1,1,25,1984,1,6
"2025000024355",2,11,9,6,0,0,3,1,23,5900,2,12
"2025000024356",1,3,19,1,0,0,1,1,23,125,1,2
"2025000024357",1,19,19,0,2,0,4,1,24,1248,2,12
"2025000024358",2,9,99,9,9,99,1,3,31,1797,8,10
"2025000024358",1,3,99,9,9,99,1,1,26,125,1,2
"2025000024359",2,19,99,9,9,99,0,3,-1,-1,-1,-1
"2025000024359",1,23,99,9,9,99,0,1,35,-1,3,2
"2025000024360",1,20,19,0,0,0,4,3,46,-1,-1,-1
"2025000024361",2,9,19,0,5,0,1,1,42,1490,8,0
"2025000024361",1,9,19,0,0,0,1,1,40,1197,1,7
"2025000024362",1,9,1,0,0,0,1,2,84,1197,1,11
"2025000024363",1,9,1,0,0,0,2,2,49,1598,1,8
"2025000024363",2,9,2,0,0,0,4,3,-1,1686,2,8
"2025000024364",2,19,99,1,9,99,1,3,-1,2198,2,8
"2025000024364",1,9,99,8,9,99,1,2,51,2362,1,18
"2025000024365",1,10,-1,0,0,0,1,1,57,2298,2,12
"2025000024366",2,9,19,1,0,0,1,1,20,1149,1,11
"2025000024366",1,9,7,6,0,0,2,3,-1,-1,-1,-1
"2025000024367",1,9,3,0,0,0,2,1,26,1998,1,5
"2025000024367",2,9,19,0,0,0,1,1,-1,-1,-1,-1
"2025000024368",2,-1,-1,0,0,0,-1,1,13,-1,-1,-1
"2025000024368",1,9,19,0,0,0,1,2,19,1200,1,6
"2025000024369",2,5,19,8,0,0,1,1,62,-1,-1,-1
"2025000024369",1,9,7,4,0,0,3,2,52,1200,1,7
"2025000024370",1,9,19,2,0,0,3,1,71,1461,2,7
"2025000024371",1,8,19,2,0,0,1,1,-1,1798,8,8