"collision_index","vehicle_reference","vehicle_type","vehicle_manoeuvre","junction_location","skidding_and_overturning","hit_object_in_carriageway","first_point_of_impact","sex_of_driver","age_of_driver","engine_capacity_cc","propulsion_code","age_of_vehicle"
"2025000024372",1,9,5,4,2,0,1,1,19,-1,-1,-1
"2025000024372",2,9,9,3,0,0,4,2,39,1198,1,7
"2025000024373",2,9,19,4,0,0,3,2,27,998,1,9
"2025000024373",1,9,11,4,0,0,4,1,45,-1,-1,-1
"2025000024374",2,9,19,8,0,0,0,1,49,2497,2,16
"2025000024374",1,9,2,8,0,0,3,3,-1,999,1,5
"2025000024375",1,9,9,4,0,0,0,1,22,999,1,0
"2025000024375",2,9,19,4,0,0,0,1,34,1199,1,0
"2025000024376",1,11,7,3,0,0,1,1,35,7698,2,6
"2025000024377",1,9,19,0,0,0,1,2,18,1198,1,10
"2025000024378",2,9,8,6,0,0,1,1,45,1580,8,4
"2025000024378",1,1,19,1,0,0,3,1,28,-1,-1,-1
"2025000024379",3,1,19,0,0,0,2,1,31,-1,-1,-1
"2025000024379",2,1,5,0,0,0,0,2,22,-1,-1,-1
"2025000024379",4,1,19,0,0,0,1,1,50,-1,-1,-1
"2025000024379",1,1,5,0,0,0,0,2,23,-1,-1,-1
"2025000024380",3,9,19,1,0,0,1,1,32,1999,2,6
"2025000024380",1,9,3,6,0,0,2,2,57,1995,1,15
"2025000024380",2,19,10,6,0,0,3,1,60,1598,2,7
"2025000024380",4,11,3,1,0,0,0,2,21,5132,2,5
"2025000024381",2,9,9,8,0,0,3,2,32,1364,1,7
"2025000024381",1,2,13,8,0,0,1,2,34,125,1,0
"2025000024382",1,9,19,0,5,0,3,1,35,1997,1,18
"2025000024383",1,98,19,0,0,0,0,3,-1,-1,-1,-1
"2025000024384",1,8,99,9,9,99,9,1,-1,2143,2,6
"2025000024385",2,9,5,1,0,0,3,1,79,999,1,3
"2025000024385",1,4,19,1,1,0,3,1,52,278,1,11
"2025000024386",3,9,2,0,0,0,2,3,-1,1229,1,10
"2025000024386",2,9,2,0,0,0,3,3,-1,1896,2,18
"2025000024386",1,9,19,0,0,0,-1,1,-1,3189,1,15
"2025000024387",1,9,19,0,1,0,3,1,23,1598,2,12
"2025000024387",2,9,19,0,1,0,3,1,28,1390,1,7
"2025000024388",2,9,9,8,0,0,4,1,42,1950,2,6
"2025000024388",1,3,19,8,0,0,1,1,34,125,1,13
"2025000024389",2,9,19,0,0,0,3,1,62,1968,2,12
"2025000024389",1,21,11,0,0,0,4,1,37,-1,-1,-1
"2025000024390",2,5,13,0,0,0,4,1,27,599,1,4
"2025000024390",1,9,9,0,0,0,3,1,63,2488,2,15
"2025000024391",1,19,9,8,0,0,1,1,46,1995,2,6
"2025000024391",2,3,19,8,0,0,1,1,17,124,1,1
"2025000024392",1,9,12,0,0,0,2,1,51,1596,1,9
"2025000024392",2,9,19,0,0,0,1,1,22,1796,1,12
"2025000024393",1,9,19,0,0,0,1,1,41,1968,2,7
"2025000024394",1,9,19,1,0,0,1,2,32,1968,2,5
"2025000024395",2,9,2,0,0,0,2,2,85,998,1,9
"2025000024395",1,9,19,0,0,4,1,2,29,1368,1,7
"2025000024396",2,9,19,1,0,0,1,1,23,998,1,10
"2025000024396",1,9,8,1,0,0,2,1,39,1240,1,20
"2025000024397",1,9,19,0,1,0,1,1,23,1422,2,13
"2025000024397",2,19,19,0,0,0,1,1,41,2198,2,4
"2025000024398",1,19,3,0,0,0,2,1,50,1560,2,1
"2025000024398",2,9,3,0,0,0,1,1,49,2967,2,5
"2025000024398",3,9,12,0,0,0,1,1,20,1229,1,13
"2025000024399",2,1,9,8,0,0,1,2,41,-1,-1,-1
"2025000024399",1,9,19,4,0,0,3,1,29,1395,1,5
"2025000024400",2,21,4,1,1,0,1,1,60,15256,2,7
"2025000024400",1,20,7,1,0,0,2,1,49,2299,2,2
"2025000024401",1,9,10,8,0,0,1,2,-1,1598,1,11
"2025000024402",1,9,9,8,0,0,1,1,43,-1,3,1
"2025000024402",2,1,19,2,0,0,1,1,53,-1,-1,-1
"2025000024403",1,9,7,5,0,0,4,1,60,1560,2,8
"2025000024403",2,1,19,8,0,0,1,1,14,-1,-1,-1
"2025000024404",1,9,19,0,0,0,1,1,20,1198,1,16
"2025000024405",2,21,19,0,0,0,1,1,42,-1,-1,-1
"2025000024405",1,9,19,0,0,0,1,1,24,1388,1,20
"2025000024406",2,3,3,8,0,0,1,1,41,124,1,3
"2025000024406",1,9,1,8,0,0,2,3,-1,4701,6,21
"2025000024407",1,19,3,1,0,0,3,1,23,2143,2,4
"2025000024408",2,9,1,0,0,0,2,1,-1,1798,1,11
"2025000024408",1,9,2,0,0,0,2,2,19,1200,1,6
"2025000024409",2,10,2,1,0,0,2,3,-1,-1,-1,-1
"2025000024409",1,90,19,1,2,4,1,1,24,-1,-1,-1
"2025000024409",3,9,2,1,0,0,2,3,-1,1598,1,6
"2025000024410",2,19,3,8,0,0,2,1,35,1868,2,18
"2025000024410",1,19,19,8,0,0,1,1,20,1248,2,11
"2025000024410",3,9,3,8,0,0,2,2,42,1598,1,16
"2025000024411",1,9,99,9,9,99,9,1,29,1339,1,19
"2025000024412",2,9,19,8,0,0,1,2,37,1560,2,15
"2025000024412",1,4,7,8,5,0,1,2,49,400,1,31
"2025000024413",1,9,19,0,5,0,3,1,54,1108,1,21
"2025000024414",1,9,19,8,1,0,1,1,28,2993,2,18
"2025000024414",2,9,19,8,1,0,3,2,25,1796,1,16
"2025000024415",1,9,19,0,1,0,3,1,41,-1,3,8
"2025000024416",2,9,15,0,0,0,1,1,81,2143,2,9
"2025000024416",1,9,5,0,0,0,3,1,24,999,1,3
"2025000024417",3,9,2,0,0,0,4,3,-1,1199,1,1
"2025000024417",5,9,2,0,0,0,2,3,-1,2143,2,8
"2025000024417",4,9,2,0,0,0,2,3,-1,2997,2,0
"2025000024417",2,9,2,0,0,0,1,3,-1,1598,8,0
"2025000024417",1,9,19,0,0,0,1,1,27,1998,1,3
"2025000024418",2,20,19,1,0,0,2,1,59,5132,2,4
"2025000024418",1,19,19,1,0,0,1,1,58,1499,2,4
"2025000024419",1,19,19,0,1,0,1,2,25,1968,2,1
"2025000024420",1,9,5,1,0,0,1,1,38,1995,2,10
"2025000024421",1,9,7,0,1,7,1,1,25,2148,2,15
"2025000024422",2,1,19,0,0,0,1,1,16,-1,-1,-1
"2025000024422",1,9,7,0,0,0,4,2,40,1200,1,2
"2025000024423",1,9,19,0,2,0,1,1,27,4164,2,29
"2025000024424",1,3,19,2,5,0,2,2,40,124,1,12
"2025000024424",2,9,4,2,0,0,2,2,53,2993,2,6
"2025000024425",1,11,9,1,0,11,1,2,30,4500,2,6
"2025000024426",2,4,8,8,5,0,4,1,32,125,1,6
"2025000024426",1,19,9,1,0,0,1,1,36,1995,2,5
"2025000024427",1,9,19,3,0,0,3,1,55,1499,8,1
"2025000024427",2,4,9,8,0,0,4,1,59,411,1,1
"2025000024428",1,19,7,5,0,0,4,1,38,2200,2,4
"2025000024428",2,1,19,8,0,0,3,2,67,-1,-1,-1
"2025000024429",1,9,19,0,0,0,1,2,61,1968,2,12
"2025000024429",4,9,19,0,0,0,1,1,18,998,1,11
"2025000024429",3,9,4,0,0,0,2,1,62,2967,2,9
"2025000024429",2,9,4,0,0,0,2,1,58,1969,8,3
"2025000024430",1,9,19,0,0,0,1,3,-1,-1,-1,-1
"2025000024431",2,9,19,0,0,0,1,3,-1,-1,-1,-1
"2025000024431",1,-1,19,0,0,0,2,1,13,-1,-1,-1
"2025000024432",2,9,19,1,0,0,3,1,50,1598,1,2
"2025000024432",1,3,13,1,0,0,1,1,28,125,1,3
"2025000024433",1,9,4,1,0,0,2,1,72,1598,1,13
"2025000024433",3,3,19,1,0,0,3,1,35,125,1,1
"2025000024433",2,9,19,1,0,0,1,2,42,1386,1,11
"2025000024434",1,9,19,0,0,0,1,2,20,1242,1,16
"2025000024434",2,11,19,0,0,0,2,1,56,7300,2,10
"2025000024435",1,19,99,9,9,99,2,1,57,2402,2,14
"2025000024435",2,9,99,9,9,99,2,3,-1,1999,2,4
"2025000024436",1,11,5,8,0,0,0,1,41,-1,-1,-1
"2025000024437",3,20,19,0,9,99,1,1,53,2998,2,6
"2025000024437",1,9,3,0,9,99,2,1,21,1242,1,10
"2025000024437",2,19,3,0,9,99,1,1,31,1968,2,0
"2025000024438",2,9,2,0,0,0,2,3,-1,2987,2,12
"2025000024438",1,9,14,0,5,4,1,1,45,1956,2,7
"2025000024439",1,9,19,1,0,0,1,2,20,1598,2,10
"2025000024439",2,9,13,1,0,0,1,1,36,1968,2,16
"2025000024440",1,1,9,0,0,0,2,1,36,-1,-1,-1
"2025000024440",2,9,19,0,0,0,1,1,26,2993,2,15
"2025000024441",2,9,99,9,9,99,9,3,-1,1364,1,8
"2025000024441",1,3,99,9,9,99,9,1,45,125,1,4
"2025000024442",2,17,1,1,5,0,3,1,47,-1,-1,-1
"2025000024442",1,9,2,2,0,0,0,3,-1,-1,3,2
"2025000024443",1,9,19,1,0,0,1,1,14,1997,2,4
"2025000024443",2,1,19,1,0,0,1,1,26,-1,-1,-1
"2025000024444",1,9,19,9,0,99,4,1,72,2494,8,1
"2025000024445",2,21,9,6,0,0,3,1,37,12777,2,11
"2025000024445",1,5,19,8,1,0,3,1,45,865,1,7
"2025000024446",1,9,19,4,2,0,1,1,87,-1,3,0
"2025000024447",1,9,19,8,1,0,4,1,49,1997,2,6
"2025000024447",2,19,19,4,1,0,1,1,30,2143,2,12
"2025000024448",2,21,19,0,0,0,3,1,41,10677,2,6
"2025000024448",1,9,19,0,0,0,1,1,70,1998,1,7
"2025000024448",3,9,19,0,0,0,3,1,50,1950,2,0
"2025000024449",2,17,10,1,0,0,2,1,59,4086,2,39
"2025000024449",1,9,19,1,0,0,1,1,55,1968,2,14
"2025000024450",4,19,2,0,0,4,2,3,-1,1499,2,6
"2025000024450",3,9,2,0,0,4,2,3,-1,999,1,2
"2025000024450",1,9,19,0,1,4,1,1,18,1242,1,14
"2025000024450",2,9,2,0,0,4,1,3,-1,1339,1,18
"2025000024451",1,23,19,0,0,0,1,1,22,-1,-1,-1
"2025000024452",1,9,19,0,2,0,1,1,55,2993,2,18
"2025000024453",1,19,9,1,0,0,1,1,69,1598,2,6
"2025000024453",2,1,13,1,0,0,3,1,60,-1,-1,-1
"2025000024454",1,9,19,0,0,0,1,2,82,1242,1,9
"2025000024455",2,1,19,8,1,0,2,1,38,-1,-1,-1
"2025000024455",1,9,19,8,0,0,1,2,-1,2143,2,6
"2025000024456",3,9,2,0,0,0,1,3,-1,1332,8,1
"2025000024456",1,9,19,0,0,0,1,3,-1,2495,2,22
"2025000024456",2,9,7,0,0,0,4,2,37,1461,2,9
"2025000024457",1,9,19,2,0,0,1,2,43,1395,1,8
"2025000024458",2,9,19,0,0,0,1,2,34,1242,1,8
"2025000024458",1,9,19,0,0,0,1,1,38,1598,1,13
"2025000024458",3,9,4,0,0,0,2,1,39,1969,12,2
"2025000024459",1,9,19,2,0,0,1,1,41,1984,1,4
"2025000024460",1,9,19,0,5,0,1,1,19,998,1,18
"2025000024461",1,9,19,0,0,0,3,1,41,1968,2,6
"2025000024462",1,9,19,0,1,10,1,1,35,2490,1,24
"2025000024463",1,1,19,1,0,0,4,1,23,-1,-1,-1
"2025000024463",2,9,19,1,0,0,4,1,30,999,1,7
"2025000024464",2,9,2,2,0,0,2,3,-1,1796,1,14
"2025000024464",1,19,19,1,0,4,1,1,54,1598,2,7
"2025000024465",1,11,4,0,0,0,0,1,49,5132,2,7
"2025000024466",1,9,9,3,0,0,1,1,29,1995,2,4
"2025000024467",2,9,19,0,0,0,0,1,26,1598,1,8
"2025000024467",1,9,19,0,0,0,1,1,30,1999,2,5
"2025000024468",1,9,10,1,0,0,1,1,35,1398,1,6
"2025000024468",2,9,19,1,0,0,1,2,47,1198,1,9
"2025000024469",1,1,99,0,9,99,1,1,29,-1,-1,-1
"2025000024469",2,9,99,0,9,99,9,3,-1,1598,1,12
"2025000024470",1,9,5,0,0,0,1,1,55,1798,8,8
"2025000024471",2,9,19,2,0,0,1,1,70,1496,1,5
"2025000024471",1,1,19,2,0,0,2,1,41,-1,-1,-1
"2025000024472",1,9,19,0,0,0,1,1,35,1970,1,23
"2025000024473",2,5,19,1,1,0,1,1,25,-1,-1,-1
"2025000024473",1,9,9,5,0,0,3,1,78,1598,1,19
"2025000024474",2,9,9,0,0,0,3,2,39,1390,1,13
"2025000024474",1,3,4,0,0,0,4,1,34,125,1,0
"2025000024475",1,9,19,1,0,0,3,1,-1,1242,1,17
"2025000024475",2,1,19,1,0,0,4,1,43,-1,-1,-1
"2025000024476",2,19,9,6,0,0,4,1,62,1499,2,4
"2025000024476",1,1,19,1,0,0,3,1,66,-1,-1,-1
"2025000024477",1,3,19,0,0,0,3,1,49,-1,-1,-1
"2025000024477",2,1,19,0,0,0,1,1,32,-1,-1,-1
"2025000024478",2,9,4,0,0,0,2,2,29,1332,1,5
"2025000024478",3,9,4,0,0,0,2,1,63,1969,1,8
"2025000024478",1,9,4,0,0,0,1,1,17,1229,1,12
"2025000024479",2,1,5,0,0,0,3,1,30,-1,-1,-1
"2025000024479",1,9,19,0,0,0,1,1,44,-1,-1,-1
"2025000024480",2,9,99,9,9,99,9,3,-1,1995,1,20
"2025000024480",1,3,99,9,9,99,9,1,23,125,1,2
"2025000024481",1,11,19,2,0,0,1,1,62,6700,2,13
"2025000024482",2,9,7,0,0,0,2,2,61,1560,2,12
"2025000024482",1,19,19,0,0,0,1,1,35,2198,2,11
"2025000024483",3,9,3,1,0,0,1,1,56,1498,1,2
"2025000024483",2,9,3,1,0,0,2,2,23,1499,2,6
"2025000024483",1,9,3,1,0,0,2,2,40,998,1,5
"2025000024484",1,9,9,6,0,0,3,3,-1,-1,-1,-1
"2025000024485",1,9,12,0,0,0,3,1,36,1498,1,4
"2025000024485",2,1,13,0,0,0,1,1,21,-1,-1,-1
"2025000024486",1,9,3,1,0,0,2,2,36,1461,2,9
"2025000024486",2,19,19,1,0,0,1,3,30,1248,2,12
"2025000024487",1,98,19,0,0,0,1,3,-1,-1,-1,-1
"2025000024487",3,9,19,0,0,0,2,2,61,1200,1,9
"2025000024487",2,9,19,0,0,0,1,1,58,-1,-1,-1
"2025000024487",4,9,19,0,0,0,2,1,58,1997,2,8
"2025000024488",1,9,99,9,9,99,3,1,26,1950,2,5
"2025000024488",2,9,99,9,9,99,1,3,-1,1798,8,3
"2025000024489",1,9,19,0,0,0,1,1,41,1999,1,6
"2025000024490",1,9,19,0,0,0,1,1,45,1497,1,2
"2025000024490",2,9,19,0,0,0,1,2,72,1968,2,7
"2025000024491",2,9,3,0,1,0,2,1,53,998,1,8
"2025000024491",1,9,19,0,0,0,1,1,54,1968,2,10
"2025000024492",1,9,8,1,0,0,2,1,54,1598,1,9
"2025000024492",2,9,19,1,0,0,1,3,-1,1560,2,11
"2025000024493",1,9,19,0,0,0,1,2,-1,-1,-1,-1
"2025000024494",1,9,10,8,0,0,2,1,24,998,1,10
"2025000024494",3,5,4,8,0,0,2,1,58,1199,1,9
"2025000024494",2,5,19,8,0,0,1,2,48,689,1,4
"2025000024495",1,1,19,1,0,0,1,1,13,-1,-1,-1
"2025000024495",2,9,14,2,0,0,1,3,-1,-1,-1,-1
"2025000024496",2,19,19,1,0,0,1,1,34,-1,-1,-1
"2025000024496",1,9,9,2,0,0,3,1,41,-1,-1,-1
"2025000024497",1,9,19,0,2,0,1,1,28,1984,1,1
"2025000024498",1,9,13,4,0,9,4,2,24,2993,2,4
"2025000024498",2,21,12,4,0,0,3,1,64,-1,-1,-1
"2025000024499",2,9,19,1,0,0,1,3,-1,-1,-1,-1
"2025000024499",1,9,11,1,0,0,2,2,37,1997,2,13
"2025000024500",1,9,19,0,0,0,4,1,-1,1950,2,1
"2025000024501",1,1,19,1,0,0,1,1,12,-1,-1,-1
"2025000024501",2,11,19,2,0,0,3,1,70,6700,2,1
"2025000024502",1,9,5,1,0,0,4,1,65,1997,2,9
"2025000024502",2,4,5,1,0,0,3,1,58,-1,-1,-1
"2025000024503",3,9,2,0,0,0,2,2,25,-1,-1,-1
"2025000024503",2,9,2,0,0,0,2,2,41,1461,2,11
"2025000024503",1,8,19,0,0,0,1,1,33,1753,2,11
"2025000024504",1,19,9,8,0,0,3,1,31,1995,2,0
"2025000024504",2,-1,19,1,0,0,1,1,26,-1,-1,-1
"2025000024505",1,2,19,1,0,10,2,1,16,49,1,6
"2025000024505",2,9,19,1,0,0,1,1,18,-1,-1,-1
"2025000024506",2,1,19,1,0,0,1,2,10,-1,-1,-1
"2025000024506",1,9,19,6,0,0,3,3,-1,1598,1,11
"2025000024507",1,3,99,9,9,99,9,1,26,125,1,13
"2025000024508",1,3,19,0,0,0,1,1,19,124,1,21
"2025000024509",1,9,19,0,0,0,1,2,24,-1,-1,-1
"2025000024509",3,9,4,0,0,0,2,1,38,1598,8,3
"2025000024509",2,8,4,0,0,0,2,1,24,-1,-1,-1
"2025000024510",1,9,4,0,0,0,2,2,35,2199,2,9
"2025000024510",2,19,1,0,0,4,2,1,26,-1,-1,-1
"2025000024511",2,9,9,4,0,0,1,2,48,998,1,8
"2025000024511",1,9,9,4,0,0,1,2,43,1995,2,13
"2025000024512",1,-1,5,8,0,0,1,1,21,-1,-1,-1
"2025000024512",2,9,4,8,0,0,1,1,38,1461,2,6
"2025000024513",2,9,19,0,0,0,1,1,74,1296,1,16
"2025000024513",1,9,19,0,1,0,1,3,-1,-1,-1,-1
"2025000024514",1,5,19,4,5,0,1,1,30,649,1,10
"2025000024514",2,9,19,4,0,0,3,2,56,1398,1,13
"2025000024515",1,9,19,0,1,0,1,1,30,-1,-1,-1
"2025000024516",2,9,10,1,0,0,3,2,26,1499,1,4
"2025000024516",1,4,19,1,0,0,1,1,20,125,1,1
"2025000024517",1,9,12,1,0,0,2,2,24,1968,2,5
"2025000024517",2,9,19,1,0,0,1,1,21,1998,8,1
"2025000024518",2,4,13,1,0,0,3,1,52,-1,-1,-1
"2025000024518",1,9,4,2,0,0,3,1,25,-1,-1,-1
"2025000024519",2,9,4,0,0,0,2,1,56,2993,2,6
"2025000024519",1,9,19,0,0,0,1,1,36,1995,2,14
"2025000024520",1,9,19,0,0,0,1,1,26,1968,2,6
"2025000024520",2,11,2,0,0,0,2,1,38,6700,2,4
"2025000024521",2,90,19,0,0,0,2,1,5,-1,-1,-1
"2025000024521",1,9,-1,0,-1,-1,-1,3,-1,-1,-1,-1
"2025000024522",1,9,9,1,0,0,0,2,19,1248,1,12
"2025000024522",2,1,19,1,0,0,1,1,25,-1,-1,-1
"2025000024523",2,1,19,1,0,0,1,1,41,-1,-1,-1
"2025000024523",1,9,9,5,0,0,1,1,29,1968,2,2
"2025000024524",1,5,4,0,0,0,0,1,58,1157,1,25
"2025000024525",2,19,19,8,0,0,1,1,43,2998,2,7
"2025000024525",1,9,9,1,0,0,1,2,24,1339,1,15
"2025000024526",1,9,4,0,0,0,2,2,49,1199,1,1
"2025000024526",2,5,19,0,0,0,1,1,55,999,1,6
"2025000024527",1,9,19,0,0,0,1,2,26,1198,1,5
"2025000024528",6,9,4,0,0,0,2,2,22,999,1,3
"2025000024528",5,9,19,0,0,0,1,1,47,1598,2,12
"2025000024528",1,9,19,0,0,0,1,2,17,1956,2,8
"2025000024528",4,9,3,0,0,0,2,1,50,1796,1,16
"2025000024528",3,9,4,0,0,0,2,1,70,1991,8,6
"2025000024528",2,11,19,0,0,0,1,1,41,10667,2,4
"2025000024529",2,9,19,2,0,0,2,1,72,3969,1,27
"2025000024529",1,3,19,2,0,0,1,1,17,124,1,11
"2025000024530",1,9,5,8,0,0,1,1,33,1248,2,6
"2025000024530",2,1,19,8,0,0,4,1,34,-1,-1,-1
"2025000024531",1,11,19,0,0,0,1,2,30,6700,2,5
"2025000024532",2,19,13,0,0,0,4,1,54,2198,2,6
"2025000024532",1,1,14,0,0,0,3,1,64,-1,-1,-1
"2025000024533",2,19,4,0,0,0,2,1,74,-1,-1,-1
"2025000024533",1,2,19,0,0,0,1,1,33,110,1,0
"2025000024534",2,1,19,-1,-1,-1,-1,1,47,-1,-1,-1
"2025000024534",1,9,5,-1,-1,-1,-1,1,30,-1,-1,-1
"2025000024535",2,21,4,0,0,0,2,1,33,-1,-1,-1
"2025000024535",1,21,11,0,5,0,1,1,38,12419,2,3
"2025000024536",1,9,5,1,0,0,1,1,55,-1,-1,-1
"2025000024537",2,10,19,8,0,0,4,1,65,2402,2,11
"2025000024537",1,19,9,8,0,0,1,1,26,1598,2,3
"2025000024538",1,9,4,0,0,0,0,1,63,-1,-1,-1
"2025000024539",2,20,19,0,0,0,1,1,58,4462,2,9
"2025000024539",1,9,19,0,0,0,1,1,-1,1753,2,16
"2025000024540",1,9,19,2,0,0,1,1,40,1598,2,13
"2025000024541",2,9,13,0,0,0,4,3,-1,-1,-1,-1
"2025000024541",1,9,19,0,0,0,3,2,24,1598,1,10
"2025000024542",3,9,4,4,1,0,1,1,62,-1,-1,-1
"2025000024542",2,9,19,4,0,9,1,1,24,1791,8,11
"2025000024542",1,9,4,4,1,0,1,1,28,1998,1,5
"2025000024543",1,9,3,0,0,0,2,2,47,1998,1,1
"2025000024543",2,9,99,0,9,0,1,1,-1,1242,1,10
"2025000024544",1,9,99,0,9,99,9,3,-1,1200,1,9
"2025000024545",1,19,4,1,0,0,1,1,30,-1,-1,-1
"2025000024545",2,9,4,1,0,0,2,1,61,1598,2,7
"2025000024546",1,19,1,0,0,0,3,1,43,1560,2,16
"2025000024546",2,9,19,0,0,0,1,2,83,1242,1,18
"2025000024547",1,19,19,0,0,0,1,1,42,1995,2,7
"2025000024547",2,9,19,0,0,0,3,1,64,-1,-1,-1
"2025000024548",1,9,19,0,2,0,1,1,30,1390,1,20
"2025000024549",1,9,19,1,5,0,4,1,40,1397,1,15
"2025000024550",2,9,19,1,0,0,3,2,58,1388,1,18
"2025000024550",1,9,19,6,0,0,1,2,24,1598,1,16
"2025000024551",2,3,19,8,0,0,1,1,48,125,1,3
"2025000024551",1,9,9,5,0,0,1,1,36,1600,1,19
"2025000024552",1,11,7,2,0,0,1,1,66,5132,2,7
"2025000024553",1,9,19,0,0,0,1,3,40,-1,-1,-1
"2025000024554",1,9,19,0,1,0,1,2,49,1781,1,18
"2025000024554",2,9,4,0,0,0,2,1,23,1248,1,12
"2025000024555",1,9,19,0,2,0,1,1,18,1149,1,15
"2025000024556",2,1,19,8,0,0,1,1,45,-1,-1,-1
"2025000024556",1,9,9,8,0,0,4,2,22,-1,-1,-1
"2025000024557",1,9,19,0,0,0,1,2,52,2231,2,12
"2025000024558",1,9,19,0,1,0,1,1,57,1998,1,4
"2025000024558",2,11,4,0,1,0,2,1,22,9000,2,15
"2025000024559",1,9,1,0,0,0,2,1,18,1995,2,16
"2025000024559",2,9,2,0,0,0,1,2,51,2179,2,10
"2025000024560",2,19,5,2,0,0,1,1,35,2200,2,4
"2025000024560",1,3,19,1,0,0,3,1,25,125,1,1
"2025000024561",1,9,8,0,0,0,1,1,-1,998,1,13
"2025000024562",1,19,19,1,0,0,1,1,30,2198,2,8
"2025000024562",2,9,19,2,0,0,1,2,56,1200,1,5
"2025000024563",1,9,19,0,0,0,4,2,40,-1,-1,-1
"2025000024564",1,9,5,0,0,0,1,2,29,1998,1,18
"2025000024564",2,9,2,0,0,0,2,1,51,1995,2,8
"2025000024565",2,9,5,5,0,0,1,2,32,-1,-1,-1
"2025000024565",1,9,9,2,0,0,1,1,31,-1,-1,-1
"2025000024566",2,1,19,8,0,0,4,1,59,-1,-1,-1
"2025000024566",1,9,1,6,0,0,2,1,40,1242,1,11
"2025000024566",3,9,2,1,0,0,0,3,-1,-1,-1,-1
"2025000024567",1,9,19,8,0,0,1,3,-1,-1,-1,-1
"2025000024568",1,9,19,8,0,0,3,2,86,-1,-1,-1
"2025000024568",2,1,19,8,0,0,3,1,40,-1,-1,-1
"2025000024569",1,11,19,0,0,0,4,1,44,7300,2,11
"2025000024570",2,9,19,1,0,0,1,2,18,1229,1,16
"2025000024570",1,19,5,4,0,0,3,1,24,1598,2,10
"2025000024571",1,5,19,0,1,0,3,1,29,-1,-1,-1
"2025000024572",4,9,2,5,0,0,4,3,-1,2998,2,30
"2025000024572",8,9,2,5,0,0,4,3,-1,1969,8,2
"2025000024572",2,9,2,5,0,0,1,3,-1,1490,1,0
"2025000024572",3,9,2,5,0,0,1,3,-1,1497,8,15
"2025000024572",6,9,2,5,0,0,2,3,-1,1598,1,14
"2025000024572",5,9,2,5,0,0,1,3,-1,1318,1,3
"2025000024572",1,9,19,5,1,7,1,1,26,1598,1,8
"2025000024572",7,9,2,5,0,0,4,3,-1,1995,1,9
"2025000024573",2,9,3,8,0,0,2,2,25,1591,1,3
"2025000024573",1,9,19,8,0,0,1,2,51,875,1,10
"2025000024574",2,9,3,0,0,0,2,2,37,1248,1,9
"2025000024574",1,19,19,0,0,0,1,1,24,2143,2,3
"2025000024574",3,9,3,0,0,0,2,1,31,1461,2,10
"2025000024575",1,9,19,0,5,0,1,1,21,1984,1,17
"2025000024575",2,9,19,0,0,0,2,1,51,1318,1,6
"2025000024576",2,1,19,1,0,0,3,2,28,-1,-1,-1
"2025000024576",1,9,11,1,0,0,0,1,21,1339,1,8
"2025000024577",1,9,19,0,0,0,1,2,75,-1,-1,-1
"2025000024578",1,9,7,1,0,0,2,1,33,2993,2,15
"2025000024578",2,1,19,1,0,0,1,1,53,-1,-1,-1
"2025000024579",1,9,1,0,0,0,2,1,64,2967,2,11
"2025000024580",2,-1,19,1,0,0,3,1,14,-1,-1,-1
"2025000024580",1,9,19,1,0,0,1,3,-1,-1,-1,-1
"2025000024581",1,3,19,8,5,0,1,1,31,124,1,10
"2025000024581",2,1,19,2,5,0,1,1,22,-1,-1,-1
"2025000024582",1,9,19,0,2,0,1,1,26,2979,1,8
"2025000024583",2,9,19,0,0,12,4,1,26,1229,1,6
"2025000024583",3,9,3,0,0,0,3,1,49,1339,1,7
"2025000024583",4,19,3,0,0,0,2,1,18,1499,2,4
"2025000024583",1,-1,11,0,0,0,0,3,-1,-1,-1,-1
"2025000024584",1,9,19,2,5,10,1,1,48,998,1,10
"2025000024584",2,19,2,2,0,0,1,3,-1,1560,2,7
"2025000024585",2,9,19,0,0,0,1,2,51,1242,1,18
"2025000024585",1,9,19,0,0,0,1,1,64,1360,1,17
"2025000024586",1,11,9,1,0,0,0,1,34,4250,2,7
"2025000024586",2,9,15,5,0,0,0,3,-1,-1,-1,-1
"2025000024587",1,9,19,0,1,0,1,2,29,1497,8,1
"2025000024587",2,19,19,0,0,0,2,1,48,-1,-1,-1
"2025000024588",1,9,19,2,0,0,1,1,59,2143,2,11
"2025000024589",1,9,13,0,1,0,3,1,28,1398,1,4
"2025000024589",2,9,19,0,1,0,3,1,81,1999,1,19
"2025000024590",2,9,99,9,9,99,9,3,-1,2204,2,13
"2025000024590",1,3,99,9,9,99,1,1,54,125,1,3
"2025000024591",1,9,5,1,0,0,0,2,42,1796,1,13
"2025000024592",1,9,19,1,0,0,1,1,34,1998,1,15
"2025000024593",2,9,19,0,1,11,1,1,31,1968,2,11
"2025000024593",1,19,13,0,1,11,1,1,38,1560,2,14
"2025000024593",3,11,19,0,0,0,3,1,56,4461,2,10
"2025000024594",1,11,5,3,0,0,0,1,31,9360,2,11
"2025000024595",1,9,19,0,0,0,4,1,80,1587,1,13
"2025000024595",2,1,19,0,0,0,2,1,58,-1,-1,-1
"2025000024596",1,9,2,6,0,0,1,1,30,1199,1,4