"collision_index","vehicle_reference","vehicle_type","vehicle_manoeuvre","junction_location","skidding_and_overturning","hit_object_in_carriageway","first_point_of_impact","sex_of_driver","age_of_driver","engine_capacity_cc","propulsion_code","age_of_vehicle"
"2025000024597",2,9,2,0,0,0,1,3,-1,1595,1,17
"2025000024597",1,3,19,0,0,7,1,1,35,125,1,8
"2025000024598",1,9,9,1,0,0,4,1,47,-1,-1,-1
"2025000024598",2,5,19,1,0,0,1,1,23,-1,-1,-1
"2025000024599",1,9,9,8,0,0,1,1,55,1422,2,6
"2025000024600",2,9,99,6,9,99,1,3,-1,1896,2,17
"2025000024600",1,9,99,8,9,99,4,1,27,2143,2,6
"2025000024601",2,9,19,1,0,0,3,1,49,2487,8,0
"2025000024601",1,9,19,1,0,0,1,1,31,1969,2,3
"2025000024601",4,9,19,1,0,0,1,1,71,-1,-1,-1
"2025000024601",3,19,19,1,0,0,3,1,35,-1,-1,-1
"2025000024602",2,9,19,8,0,0,3,2,34,1399,2,12
"2025000024602",1,9,9,8,0,0,1,1,30,1612,1,11
"2025000024603",1,9,13,1,0,0,1,1,48,1968,2,5
"2025000024603",3,9,3,1,0,0,3,1,39,1968,2,12
"2025000024603",4,9,3,2,0,0,3,1,33,1968,2,3
"2025000024603",2,9,9,1,0,0,3,2,48,2967,2,6
"2025000024604",1,9,19,0,5,0,4,1,73,1395,1,8
"2025000024605",2,9,4,0,0,0,2,1,63,-1,-1,-1
"2025000024605",1,9,19,0,0,0,1,1,69,-1,-1,-1
"2025000024606",1,9,19,0,0,0,2,2,28,1598,2,8
"2025000024606",2,9,19,0,1,0,1,1,42,1995,2,12
"2025000024607",1,8,6,0,0,0,3,1,45,1496,2,4
"2025000024607",2,1,19,0,0,0,1,1,54,-1,-1,-1
"2025000024608",2,-1,19,1,0,0,1,1,23,-1,-1,-1
"2025000024608",1,11,19,2,0,0,4,2,28,4500,2,13
"2025000024609",2,1,19,1,0,0,2,1,41,-1,-1,-1
"2025000024609",1,9,7,1,0,0,1,1,21,998,1,12
"2025000024610",1,9,19,8,0,0,1,1,38,1797,8,7
"2025000024610",2,19,19,6,0,0,1,3,-1,-1,-1,-1
"2025000024611",1,9,19,1,0,0,4,1,37,1998,1,16
"2025000024612",1,9,5,4,0,9,1,1,44,1496,1,5
"2025000024613",2,9,99,9,9,99,9,3,-1,-1,-1,-1
"2025000024613",1,19,99,9,9,99,9,1,44,1995,2,0
"2025000024614",1,9,19,0,0,0,1,1,59,-1,-1,-1
"2025000024614",2,9,19,0,0,0,1,1,28,2967,2,8
"2025000024615",1,9,9,1,0,0,4,1,23,-1,-1,-1
"2025000024615",2,9,19,1,0,0,1,1,48,1969,2,6
"2025000024616",1,9,19,1,0,0,0,1,51,999,1,5
"2025000024617",1,9,19,0,0,0,1,1,46,-1,-1,-1
"2025000024618",2,9,19,0,0,0,1,2,26,1994,2,17
"2025000024618",1,9,19,0,0,0,1,2,38,1999,2,6
"2025000024618",3,9,4,0,0,0,2,2,25,999,1,4
"2025000024619",2,9,19,0,0,0,1,1,30,1997,2,7
"2025000024619",1,9,3,0,0,0,2,1,48,1896,2,11
"2025000024620",1,9,7,1,0,0,1,1,22,1968,2,13
"2025000024621",2,11,-1,0,-1,-1,-1,3,-1,5132,2,4
"2025000024621",1,9,-1,0,-1,-1,-1,1,-1,1395,8,7
"2025000024622",1,9,19,8,0,11,1,2,50,1595,1,11
"2025000024623",1,9,19,0,0,0,1,2,47,1397,1,16
"2025000024624",1,9,9,0,0,0,1,1,61,1998,1,9
"2025000024625",2,9,15,1,0,0,3,1,-1,-1,-1,-1
"2025000024625",1,9,8,1,0,0,1,2,65,1580,8,4
"2025000024626",2,9,7,6,0,0,1,1,30,1997,2,5
"2025000024626",1,1,19,8,0,0,3,1,23,-1,-1,-1
"2025000024627",2,9,19,0,0,0,1,1,57,998,1,16
"2025000024627",1,9,19,0,0,10,1,1,29,1968,2,6
"2025000024628",3,21,19,0,0,0,1,1,24,-1,-1,-1
"2025000024628",1,9,19,0,0,0,2,1,80,1198,1,12
"2025000024628",2,19,19,0,0,0,1,1,56,2143,2,5
"2025000024629",1,19,19,1,0,0,1,1,26,2198,2,9
"2025000024629",2,9,3,1,0,0,2,2,18,1390,1,10
"2025000024630",1,21,19,0,0,0,3,1,57,12742,2,6
"2025000024630",2,9,19,0,2,6,4,2,60,1598,8,0
"2025000024631",1,9,19,0,1,0,4,1,20,1124,1,19
"2025000024632",1,9,19,8,0,7,4,2,28,1149,1,14
"2025000024632",2,9,19,8,0,0,1,2,54,1956,2,6
"2025000024633",1,19,19,6,0,0,4,1,43,1968,2,4
"2025000024633",2,1,19,8,0,0,1,1,37,-1,-1,-1
"2025000024634",1,9,8,1,0,0,2,1,-1,2494,8,6
"2025000024634",2,9,19,1,0,0,0,1,-1,-1,-1,-1
"2025000024635",2,9,19,3,0,0,4,2,55,999,1,7
"2025000024635",1,19,7,4,0,0,3,1,22,2402,2,12
"2025000024636",2,9,19,1,0,0,1,1,22,1598,2,9
"2025000024636",1,9,19,1,0,0,3,1,49,2894,1,2
"2025000024637",2,1,19,8,5,0,2,1,64,-1,-1,-1
"2025000024637",1,9,19,4,0,0,4,2,29,1364,1,5
"2025000024638",1,9,19,0,2,0,4,1,36,1198,1,7
"2025000024639",1,3,19,0,0,0,4,1,29,125,1,3
"2025000024640",1,9,19,0,0,0,1,1,30,1956,2,11
"2025000024640",2,9,3,0,0,0,3,1,37,1998,2,9
"2025000024641",1,9,19,2,0,0,3,1,19,1598,2,10
"2025000024641",2,9,19,2,0,0,1,2,52,2979,1,4
"2025000024642",1,9,5,2,0,0,-1,3,-1,-1,-1,-1
"2025000024643",1,9,19,1,0,0,1,1,23,1968,2,10
"2025000024644",1,9,13,0,0,0,1,1,27,2998,1,0
"2025000024644",2,20,19,0,5,0,2,1,24,-1,-1,-1
"2025000024645",1,9,19,1,0,0,1,3,-1,-1,-1,-1
"2025000024646",2,9,19,4,0,0,2,1,80,1499,2,2
"2025000024646",1,90,19,4,0,0,1,3,30,-1,-1,-1
"2025000024647",1,11,5,3,0,0,1,1,66,6871,2,14
"2025000024647",2,1,19,4,0,0,1,2,40,-1,-1,-1
"2025000024648",1,11,4,0,0,0,0,1,44,6700,2,15
"2025000024649",2,9,7,0,5,0,1,1,57,-1,-1,-1
"2025000024649",1,9,9,0,0,0,1,1,43,1461,2,4
"2025000024650",2,1,5,1,0,0,1,1,55,-1,-1,-1
"2025000024650",1,9,9,1,0,0,3,2,65,1395,1,6
"2025000024651",1,9,5,1,0,0,1,3,-1,-1,-1,-1
"2025000024652",1,9,19,0,0,0,1,1,55,1364,1,17
"2025000024653",1,19,12,0,0,0,2,1,21,1995,2,4
"2025000024653",2,9,13,0,1,0,1,1,53,6571,1,91
"2025000024654",2,9,-1,-1,-1,-1,4,2,47,1084,1,4
"2025000024654",1,9,-1,-1,-1,-1,3,1,66,1799,1,16
"2025000024655",1,9,19,0,1,0,3,2,29,1229,1,12
"2025000024656",1,9,19,0,0,0,4,1,35,2495,2,20
"2025000024657",2,9,9,8,0,0,4,2,19,1499,1,9
"2025000024657",1,4,19,8,0,0,1,1,44,296,1,10
"2025000024658",1,9,5,0,0,0,1,1,44,-1,-1,-1
"2025000024659",1,9,19,0,0,0,1,3,-1,-1,-1,-1
"2025000024660",1,9,19,1,0,0,-1,1,33,1968,2,15
"2025000024661",1,9,19,0,0,0,1,1,21,1595,1,3
"2025000024662",1,9,5,3,0,0,1,1,19,-1,-1,-1
"2025000024662",2,1,4,4,0,9,1,1,43,-1,-1,-1
"2025000024663",1,9,99,9,9,99,9,1,56,1797,8,4
"2025000024663",2,9,99,8,9,99,9,1,24,1198,1,17
"2025000024664",1,90,19,0,0,0,3,1,51,-1,-1,-1
"2025000024664",2,9,19,0,0,0,3,2,44,1999,2,8
"2025000024665",2,9,19,0,0,0,2,1,46,2143,2,7
"2025000024665",1,9,19,0,0,0,1,1,19,1242,1,13
"2025000024666",1,9,19,8,0,0,1,3,-1,-1,-1,-1
"2025000024667",2,9,5,0,0,0,3,2,28,-1,-1,-1
"2025000024667",1,9,13,0,0,0,4,1,39,1995,2,6
"2025000024668",1,9,19,0,0,0,1,3,-1,1598,2,11
"2025000024669",1,9,19,8,0,0,1,1,-1,1598,1,14
"2025000024669",2,9,3,8,0,0,2,1,69,-1,-1,-1
"2025000024670",1,19,19,0,0,0,3,1,45,1995,2,4
"2025000024670",2,9,14,0,0,0,3,1,19,998,1,8
"2025000024671",1,1,19,1,0,0,1,2,37,-1,-1,-1
"2025000024671",2,9,9,8,0,0,-1,3,-1,-1,-1,-1
"2025000024672",1,9,99,9,9,99,2,2,26,1968,2,4
"2025000024672",2,19,99,9,9,99,9,1,-1,1560,2,12
"2025000024673",1,11,4,0,0,0,0,1,48,4500,2,2
"2025000024674",1,9,99,9,9,99,2,1,53,1968,2,7
"2025000024675",1,9,19,0,0,0,1,1,27,1798,1,15
"2025000024676",1,9,19,0,1,0,1,2,21,1242,1,11
"2025000024676",2,9,4,0,1,0,2,2,19,1242,1,14
"2025000024677",1,9,9,6,0,0,1,2,67,1598,8,0
"2025000024677",2,3,19,1,2,0,4,2,51,124,1,20
"2025000024678",2,9,19,3,0,0,4,1,29,2231,2,15
"2025000024678",1,9,5,2,0,0,3,1,42,-1,-1,-1
"2025000024679",3,19,19,1,0,0,1,1,33,2198,2,11
"2025000024679",2,9,19,1,0,0,2,1,34,1499,8,5
"2025000024679",1,9,19,1,0,0,2,2,35,1598,1,16
"2025000024680",2,9,12,0,0,0,4,2,44,2231,2,9
"2025000024680",1,9,12,0,0,1,1,1,47,2231,2,9
"2025000024681",1,9,9,5,0,0,2,1,46,1968,2,4
"2025000024681",2,1,19,1,0,0,2,1,31,-1,-1,-1
"2025000024682",1,9,9,0,1,0,1,2,73,1248,1,10
"2025000024683",1,9,19,0,0,0,1,2,26,1199,1,5
"2025000024684",2,21,19,1,0,0,1,1,61,4580,2,2
"2025000024684",1,9,9,1,0,0,3,1,75,1498,1,1
"2025000024685",1,9,19,2,0,0,4,2,64,1332,8,2
"2025000024686",2,2,19,8,1,0,1,1,42,125,1,10
"2025000024686",1,9,19,8,0,0,4,1,56,1198,1,17
"2025000024687",1,19,19,8,0,0,1,3,34,1686,2,16
"2025000024687",2,9,10,8,0,0,2,1,33,1198,1,8
"2025000024688",1,5,19,0,0,0,1,1,62,955,1,20
"2025000024689",2,10,19,1,0,0,2,1,35,-1,-1,-1
"2025000024689",1,11,19,1,0,0,1,1,40,4500,2,8
"2025000024689",3,10,19,1,0,0,2,1,49,-1,-1,-1
"2025000024690",1,1,99,9,9,99,2,2,21,-1,-1,-1
"2025000024690",2,4,99,9,9,99,1,3,-1,125,1,3
"2025000024691",1,9,4,0,0,0,1,1,58,-1,-1,-1
"2025000024691",2,9,3,0,0,0,2,1,34,1997,2,7
"2025000024692",1,11,4,0,0,0,0,1,56,6700,2,11
"2025000024693",1,23,19,8,0,0,3,1,39,-1,-1,-1
"2025000024693",2,9,9,8,0,0,4,1,50,1797,8,5
"2025000024694",1,9,19,1,0,0,3,2,29,1362,1,9
"2025000024695",1,1,99,9,9,99,1,2,41,-1,-1,-1
"2025000024695",2,1,99,9,9,99,1,3,-1,-1,-1,-1
"2025000024696",1,9,19,0,1,6,4,2,28,1242,1,7
"2025000024696",2,5,19,0,0,6,4,1,43,892,1,24
"2025000024697",1,1,19,0,0,0,1,3,-1,-1,-1,-1
"2025000024698",2,11,19,8,0,0,4,1,43,9000,2,15
"2025000024698",1,9,19,8,0,0,1,3,-1,-1,-1,-1
"2025000024699",2,9,5,1,0,0,3,2,32,1910,2,15
"2025000024699",1,19,19,1,0,0,1,1,62,1560,2,11
"2025000024700",1,9,19,1,0,0,1,1,60,1328,1,13
"2025000024701",1,9,19,0,1,0,1,1,37,-1,-1,-1
"2025000024702",1,9,19,8,0,0,1,2,19,1229,1,14
"2025000024703",2,9,4,1,0,0,4,1,41,2143,2,6
"2025000024703",1,1,19,1,0,0,1,1,43,-1,-1,-1
"2025000024704",1,11,19,1,0,0,1,1,51,6700,2,13
"2025000024704",2,9,19,1,0,0,3,2,52,1198,1,5
"2025000024705",1,9,5,1,0,0,1,3,-1,-1,-1,-1
"2025000024705",2,9,3,1,0,0,2,2,19,1560,2,13
"2025000024706",1,3,99,9,9,99,1,1,30,125,1,2
"2025000024706",2,9,99,9,9,99,1,3,-1,1896,2,21
"2025000024707",2,9,19,0,0,0,1,1,28,-1,-1,-1
"2025000024707",1,9,19,0,0,0,1,1,37,1560,2,10
"2025000024708",1,9,19,4,0,0,2,1,41,2143,2,10
"2025000024708",2,9,9,4,0,0,3,2,20,1242,1,13
"2025000024709",2,9,19,0,0,0,1,1,29,1390,1,15
"2025000024709",1,9,4,0,0,0,2,3,-1,-1,-1,-1
"2025000024710",2,3,99,9,9,99,9,1,38,108,1,5
"2025000024710",1,9,99,9,9,99,0,2,62,1395,1,4
"2025000024711",2,19,19,1,0,0,1,1,39,1560,2,6
"2025000024711",1,9,9,1,0,0,1,1,17,1998,1,14
"2025000024712",1,1,19,1,1,0,0,1,28,-1,-1,-1
"2025000024712",2,1,19,1,0,0,0,3,-1,-1,-1,-1
"2025000024713",2,9,19,8,0,0,3,1,50,1995,12,3
"2025000024713",1,9,19,8,0,0,1,1,34,1296,1,15
"2025000024714",2,9,7,6,0,0,1,1,21,1086,1,14
"2025000024714",1,1,19,1,0,0,1,1,57,-1,-1,-1
"2025000024715",1,9,19,0,0,0,4,1,78,1499,1,5
"2025000024716",1,9,19,0,0,0,1,1,-1,-1,-1,-1
"2025000024717",1,3,99,9,9,99,9,1,-1,125,1,6
"2025000024717",2,9,99,9,9,99,9,3,-1,1797,8,8
"2025000024718",1,11,5,8,0,0,1,1,49,4461,2,7
"2025000024719",3,1,19,0,0,0,3,2,50,-1,-1,-1
"2025000024719",1,9,13,0,0,0,4,1,48,1598,1,9
"2025000024719",2,19,4,0,0,0,4,1,52,2402,2,12
"2025000024720",1,11,4,0,0,0,0,2,61,5132,2,7
"2025000024721",1,9,19,0,0,0,1,2,35,1461,2,14
"2025000024722",2,9,19,2,0,4,1,2,40,-1,-1,-1
"2025000024722",1,9,2,2,0,0,2,2,48,-1,-1,-1
"2025000024723",1,11,19,2,0,0,0,1,63,6700,2,0
"2025000024724",1,8,99,9,9,99,9,1,39,1797,8,7
"2025000024724",2,9,99,9,9,99,9,2,29,1242,1,9
"2025000024725",1,19,19,1,0,0,4,1,30,-1,-1,-1
"2025000024726",2,1,19,0,0,0,2,2,12,-1,-1,-1
"2025000024726",1,9,19,0,0,0,1,1,-1,-1,-1,-1
"2025000024727",1,9,9,6,0,0,3,1,34,1796,1,17
"2025000024727",2,3,14,8,0,0,1,1,18,125,1,9
"2025000024728",1,1,99,9,9,99,9,1,25,-1,-1,-1
"2025000024728",2,19,99,9,9,99,9,1,-1,-1,-1,-1
"2025000024729",1,11,19,1,0,0,1,2,52,10667,2,4
"2025000024730",2,9,19,6,0,0,3,1,-1,1995,2,16
"2025000024730",1,3,19,8,0,0,1,1,48,-1,-1,-1
"2025000024731",2,22,19,8,0,0,3,1,57,-1,-1,-1
"2025000024731",1,9,9,1,0,0,3,2,46,1995,2,13
"2025000024732",1,-1,19,0,5,0,0,1,48,-1,-1,-1
"2025000024733",2,3,19,0,0,0,3,1,27,124,1,9
"2025000024733",1,9,13,0,0,0,4,3,-1,-1,-1,-1
"2025000024734",2,9,19,8,0,0,1,1,18,1398,1,8
"2025000024734",1,9,19,8,0,0,1,2,52,1596,1,11
"2025000024735",2,9,19,8,5,0,4,2,74,999,1,1
"2025000024735",1,9,19,3,0,4,1,1,35,1968,2,10
"2025000024736",1,9,5,1,0,0,1,2,43,1999,2,6
"2025000024736",2,9,5,1,0,0,2,1,20,-1,-1,-1
"2025000024737",1,9,19,0,1,0,1,1,43,-1,-1,-1
"2025000024737",2,9,4,0,0,0,2,1,20,1497,1,4
"2025000024738",1,20,1,1,0,0,-1,1,71,-1,-1,-1
"2025000024738",2,9,2,1,0,0,-1,2,70,999,1,10
"2025000024739",1,9,15,0,0,0,2,1,38,-1,-1,-1
"2025000024739",2,9,19,0,5,0,4,1,50,1498,1,3
"2025000024740",1,9,9,8,0,0,1,1,50,2204,2,12
"2025000024740",2,1,19,8,0,0,1,1,32,-1,-1,-1
"2025000024741",1,9,19,0,0,0,1,1,61,1360,1,13
"2025000024742",1,9,19,1,1,0,1,1,46,1199,2,9
"2025000024742",2,9,3,1,0,0,2,1,54,6208,1,11
"2025000024743",1,9,9,8,0,0,3,2,36,1199,1,1
"2025000024743",2,9,19,1,0,0,1,2,18,1399,2,11
"2025000024744",1,1,99,9,9,99,9,1,-1,-1,-1,-1
"2025000024745",1,9,7,8,0,0,3,2,27,2143,2,11
"2025000024745",2,9,19,1,0,0,1,2,35,1968,2,16
"2025000024746",2,3,4,1,0,0,1,1,27,-1,-1,-1
"2025000024746",1,9,4,2,0,0,1,1,40,-1,-1,-1
"2025000024747",1,4,19,8,0,0,0,1,24,125,1,6
"2025000024747",2,9,9,8,0,0,1,3,-1,1598,1,1
"2025000024748",1,9,19,1,0,0,3,2,30,1598,1,14
"2025000024748",2,9,5,8,0,0,4,2,88,1242,1,11
"2025000024749",1,19,19,0,0,0,3,2,55,1753,2,17
"2025000024749",2,9,19,0,0,0,3,2,69,1388,1,15
"2025000024750",2,9,19,0,0,0,2,2,61,1753,2,14
"2025000024750",1,3,19,0,1,0,1,1,18,124,1,22
"2025000024750",3,9,1,0,0,0,0,2,49,-1,-1,-1
"2025000024751",2,1,19,8,0,0,0,1,32,-1,-1,-1
"2025000024751",1,9,7,8,0,0,0,1,60,-1,-1,-1
"2025000024752",2,1,7,8,0,0,1,2,34,-1,-1,-1
"2025000024752",1,9,19,8,0,0,1,1,36,-1,-1,-1
"2025000024753",1,9,99,0,9,99,1,1,33,-1,-1,-1
"2025000024754",1,9,19,0,0,0,1,1,51,1229,1,15
"2025000024755",1,9,19,0,0,0,1,1,76,-1,-1,-1
"2025000024755",2,9,19,0,0,0,3,2,38,1997,2,9
"2025000024756",1,9,19,0,0,0,1,1,29,2179,2,15
"2025000024756",2,19,19,0,1,0,1,1,45,2287,2,1
"2025000024757",1,9,9,6,0,0,1,1,57,-1,-1,-1
"2025000024757",2,3,19,8,0,0,1,1,18,-1,-1,-1
"2025000024758",1,11,19,0,0,0,3,1,33,11967,2,10
"2025000024758",2,9,19,0,0,0,4,1,57,-1,-1,-1
"2025000024759",2,1,19,0,1,8,1,1,50,-1,-1,-1
"2025000024759",1,19,2,0,0,0,3,1,61,1560,2,8
"2025000024760",1,1,5,0,0,0,1,3,-1,-1,-1,-1
"2025000024760",2,9,19,0,0,0,3,2,68,1497,8,3
"2025000024761",1,9,3,1,0,0,4,2,52,1582,2,12
"2025000024762",1,9,19,1,0,0,3,2,47,1197,1,5
"2025000024763",2,1,19,8,0,0,2,1,26,-1,-1,-1
"2025000024763",1,9,19,8,0,0,1,3,-1,-1,-1,-1
"2025000024764",1,9,1,6,0,0,2,1,19,999,1,5
"2025000024764",2,3,19,1,0,0,1,1,-1,125,1,11
"2025000024765",1,9,11,8,0,0,4,3,-1,1598,2,6
"2025000024765",2,9,19,8,0,0,3,1,64,1373,1,3
"2025000024766",1,9,4,0,0,0,1,1,23,1198,1,14
"2025000024766",2,9,4,0,0,0,2,1,25,1991,1,4
"2025000024767",1,9,4,0,0,0,2,2,33,1997,8,0
"2025000024767",3,9,4,0,0,0,1,1,32,1399,2,14
"2025000024767",2,9,4,0,0,0,1,2,35,1753,2,16
"2025000024768",2,9,19,0,5,0,4,2,28,-1,-1,-1
"2025000024768",1,9,19,0,0,0,0,3,-1,-1,-1,-1
"2025000024769",1,9,19,1,0,0,1,1,-1,4999,1,4
"2025000024769",2,9,9,6,0,0,4,2,29,998,1,11
"2025000024770",2,9,19,3,0,0,3,2,29,1497,8,6
"2025000024770",1,9,9,4,0,0,1,2,33,1598,1,10
"2025000024771",2,9,2,0,0,0,3,3,-1,996,1,10
"2025000024771",1,9,1,0,0,0,2,3,-1,999,1,4
"2025000024772",1,3,3,1,0,0,2,1,23,125,1,1
"2025000024772",2,9,4,1,0,0,1,2,23,1968,2,17
"2025000024772",3,9,9,8,0,0,4,2,28,-1,-1,-1
"2025000024773",1,3,3,1,0,0,4,1,39,125,1,1
"2025000024773",2,1,19,7,0,0,4,2,47,-1,-1,-1
"2025000024774",2,11,19,1,0,0,3,1,27,6692,2,11
"2025000024774",1,9,7,1,0,0,4,2,30,2967,2,11
"2025000024775",1,9,1,0,0,10,2,1,23,1364,1,15
"2025000024776",2,1,19,2,0,4,1,2,34,-1,-1,-1
"2025000024776",1,9,3,2,0,0,3,2,27,1968,2,6
"2025000024777",1,9,19,2,0,0,3,2,36,998,1,4
"2025000024778",1,19,19,0,0,0,0,1,45,1995,2,3
"2025000024779",2,9,99,9,9,99,9,2,52,1388,1,14
"2025000024779",1,3,99,9,9,99,9,1,55,108,1,6
"2025000024780",1,9,9,5,0,0,4,2,38,1242,1,11
"2025000024780",2,9,19,1,0,0,3,3,-1,-1,-1,-1
"2025000024781",1,9,19,0,0,0,1,3,-1,-1,-1,-1
"2025000024781",2,1,19,0,0,0,2,1,27,-1,-1,-1
"2025000024782",1,1,19,1,0,0,0,1,59,-1,-1,-1
"2025000024783",2,9,2,0,0,0,4,2,50,1984,1,0
"2025000024783",1,19,19,0,0,0,4,1,37,1461,2,11
"2025000024784",1,9,19,0,0,0,1,2,38,1968,2,11
"2025000024784",2,9,15,0,0,0,2,1,38,1969,8,2
"2025000024785",1,9,19,0,0,0,9,1,-1,988,1,4
"2025000024786",1,9,19,0,0,0,4,3,-1,-1,-1,-1
"2025000024787",1,9,-1,-1,-1,-1,-1,1,23,999,1,7
"2025000024787",2,9,-1,-1,-1,-1,-1,1,51,1598,1,8
"2025000024788",1,19,19,5,0,0,1,1,53,4500,2,3
"2025000024789",2,9,2,0,0,0,2,1,29,1984,1,14
"2025000024789",1,9,1,0,0,0,2,1,46,1685,2,9
"2025000024790",1,3,19,1,5,0,1,1,-1,125,1,5
"2025000024790",2,9,3,1,0,0,2,1,40,999,1,8
"2025000024791",1,3,99,9,9,99,1,1,37,125,1,4
"2025000024791",2,9,99,9,9,99,1,3,-1,1968,2,6
"2025000024792",1,11,19,4,0,0,0,1,45,7300,2,10
"2025000024792",2,9,19,8,0,0,0,3,-1,-1,-1,-1
"2025000024793",1,21,4,0,0,0,1,1,54,10837,2,8
"2025000024793",2,3,4,0,0,0,2,1,50,124,1,3
"2025000024794",1,90,19,1,0,0,1,1,36,-1,-1,-1
"2025000024795",1,9,7,1,0,0,1,3,-1,998,1,3
"2025000024795",2,9,7,5,0,0,3,2,28,1984,1,2
"2025000024796",1,3,19,0,0,0,1,2,31,125,1,5
"2025000024796",2,19,1,0,0,0,2,1,54,1499,2,0
"2025000024797",1,5,19,8,1,0,3,1,55,1584,1,16
"2025000024798",1,9,19,1,0,0,1,1,47,647,8,4
"2025000024799",1,9,19,4,0,0,4,1,32,-1,-1,-1
"2025000024799",2,11,19,4,0,0,4,1,35,7300,2,15
"2025000024800",1,9,3,1,0,4,1,2,51,1560,2,12
"2025000024800",2,9,9,1,0,0,2,2,47,1560,2,7
"2025000024801",1,9,7,5,0,0,1,2,32,1587,1,14
"2025000024801",2,1,19,1,0,0,1,1,10,-1,-1,-1
"2025000024802",1,9,19,0,1,0,1,1,18,-1,-1,-1
"2025000024802",2,9,5,0,0,0,1,1,49,1798,8,4
"2025000024803",3,19,3,2,0,0,1,1,49,2198,2,3
"2025000024803",2,9,19,1,0,0,1,2,35,1598,1,10
"2025000024803",1,9,5,6,0,0,4,2,24,-1,-1,-1
"2025000024804",1,8,19,0,0,0,3,1,40,1997,2,9
"2025000024804",3,3,19,0,0,0,1,1,54,459,1,21
"2025000024804",2,9,19,0,0,0,3,2,27,1997,2,15
"2025000024805",1,9,4,0,0,0,1,1,38,1461,2,5
"2025000024805",3,9,4,0,0,0,2,1,91,1950,2,1
"2025000024805",5,9,4,0,0,0,2,1,36,1984,1,3
"2025000024805",4,9,4,0,0,0,1,2,65,1969,2,3
"2025000024805",2,9,19,0,0,0,1,1,19,1198,1,8
"2025000024806",2,97,19,8,0,0,3,1,-1,-1,-1,-1
"2025000024806",1,9,9,6,0,0,4,2,59,1596,1,12
"2025000024807",1,19,19,8,0,0,4,1,30,-1,-1,-1
"2025000024807",2,1,19,8,0,0,1,1,14,-1,-1,-1
"2025000024808",1,9,19,0,0,0,1,1,-1,-1,-1,-1
"2025000024809",2,9,4,0,0,0,2,2,62,1198,1,10
"2025000024809",1,19,4,0,0,0,1,1,38,1995,2,0
"2025000024810",1,9,19,0,0,0,1,1,56,1591,1,3
"2025000024811",1,8,99,0,9,99,4,3,-1,1798,8,1
"2025000024812",2,9,9,2,0,0,1,3,40,-1,-1,-1
"2025000024812",1,1,19,1,0,0,2,1,32,-1,-1,-1
"2025000024813",1,9,14,0,0,0,4,2,61,1999,2,7
"2025000024814",2,9,19,1,0,0,1,2,54,-1,-1,-1
"2025000024814",1,9,5,8,0,0,1,2,30,1598,2,6
"2025000024815",2,23,12,1,0,0,1,1,61,-1,-1,-1
"2025000024815",1,2,5,1,1,0,1,1,25,-1,3,0
"2025000024816",2,9,99,1,0,0,0,3,33,2143,2,5
"2025000024816",1,9,99,1,0,0,0,1,27,2967,2,8
"2025000024817",2,9,3,1,0,0,4,2,50,1999,2,3
"2025000024817",1,21,19,3,0,0,3,1,31,6700,2,0
"2025000024818",1,19,19,0,1,0,1,1,21,1560,2,6
"2025000024818",2,9,19,0,0,0,2,1,20,1995,2,7
"2025000024819",2,11,19,1,0,0,3,1,59,6700,2,7
"2025000024819",1,9,19,1,0,0,1,1,-1,1950,12,3
"2025000024820",1,9,19,0,0,0,1,1,80,998,8,3
"2025000024820",2,9,19,0,0,0,2,2,20,1598,2,7
"2025000024821",1,19,19,0,5,0,1,1,69,1560,2,8
"2025000024822",2,9,99,9,9,99,9,3,-1,998,1,9
"2025000024822",1,3,99,9,9,99,9,1,29,125,1,1
"2025000024823",1,9,19,1,0,0,4,1,75,998,1,16
"2025000024823",2,19,19,6,0,0,3,1,51,2198,2,10
"2025000024824",2,11,14,0,0,0,4,1,31,-1,-1,-1
"2025000024824",3,11,2,0,0,0,0,3,-1,5132,2,7
"2025000024825",1,9,19,8,0,0,1,2,-1,1497,1,19
"2025000024825",2,9,19,8,0,0,1,2,34,1229,1,11
"2025000024826",1,9,9,1,0,0,4,1,41,1686,2,11
"2025000024826",2,1,19,1,0,0,1,1,40,-1,-1,-1
"2025000024827",2,5,19,8,0,0,1,1,34,1000,1,3
"2025000024827",1,9,10,1,0,0,1,1,58,1998,2,1
"2025000024828",1,21,19,0,1,0,1,1,66,12130,2,17
"2025000024828",3,21,4,0,0,0,1,1,35,12902,2,5
"2025000024828",2,21,4,0,0,0,2,1,41,12902,2,1
"2025000024828",4,19,4,0,0,0,2,1,31,-1,-1,-1
"2025000024829",1,3,99,9,9,99,9,1,31,125,1,3
"2025000024829",2,9,99,9,9,99,1,3,-1,1206,1,12
"2025000024830",2,9,7,5,0,0,3,1,27,1597,1,11
"2025000024830",1,9,19,1,0,0,4,1,-1,1388,1,12
"2025000024831",1,19,19,0,1,0,1,1,32,2198,2,7
"2025000024831",3,9,19,0,1,0,1,1,32,999,1,3
"2025000024831",2,9,4,0,0,0,2,1,37,2967,2,12
"2025000024832",1,11,99,0,9,99,9,1,66,6700,2,8
"2025000024832",2,9,99,0,9,99,9,3,54,1198,1,9
"2025000024833",1,9,19,0,0,0,1,1,18,1560,2,10
"2025000024833",2,9,19,0,0,0,1,2,32,1968,2,6