"collision_index","vehicle_reference","vehicle_type","vehicle_manoeuvre","junction_location","skidding_and_overturning","hit_object_in_carriageway","first_point_of_impact","sex_of_driver","age_of_driver","engine_capacity_cc","propulsion_code","age_of_vehicle"
"2025000024834",2,11,19,1,0,0,1,1,54,5132,2,2
"2025000024834",1,11,3,1,0,0,2,1,44,4760,2,7
"2025000024835",2,19,19,0,0,0,2,1,53,2287,2,5
"2025000024835",1,5,19,0,0,0,1,1,45,849,1,21
"2025000024836",3,9,2,0,0,0,2,3,-1,-1,-1,-1
"2025000024836",2,9,2,0,0,0,4,3,-1,2496,2,18
"2025000024836",1,10,19,0,0,0,1,1,66,-1,-1,-1
"2025000024837",2,9,19,1,0,0,1,1,20,1348,1,21
"2025000024837",1,9,9,2,0,0,3,2,88,1248,1,3
"2025000024838",1,9,14,0,0,7,1,1,86,1399,2,14
"2025000024838",2,20,2,0,0,0,0,3,-1,-1,-1,-1
"2025000024839",4,9,19,0,0,0,1,2,52,-1,-1,-1
"2025000024839",3,9,19,0,0,0,2,1,55,2231,2,11
"2025000024839",2,17,19,0,0,0,0,1,64,6728,2,4
"2025000024839",1,9,13,0,1,0,1,1,81,1398,1,11
"2025000024840",2,9,2,0,0,0,4,1,36,1598,1,16
"2025000024840",1,9,19,0,5,4,1,1,19,1390,1,14
"2025000024841",2,9,2,0,0,0,3,3,-1,1242,1,10
"2025000024841",4,9,2,0,0,0,3,3,-1,898,1,7
"2025000024841",3,9,2,0,0,0,3,3,-1,1995,2,17
"2025000024841",1,9,19,0,0,0,4,1,74,-1,-1,-1
"2025000024842",1,9,5,3,0,0,2,2,57,1364,1,3
"2025000024842",2,9,5,4,0,0,1,2,45,1596,1,10
"2025000024843",1,19,19,0,2,0,1,1,26,1998,2,22
"2025000024843",2,9,19,0,0,0,3,2,53,1598,2,11
"2025000024844",2,9,2,0,0,0,1,3,-1,-1,-1,-1
"2025000024844",1,9,19,0,0,4,1,1,60,1598,2,7
"2025000024845",2,9,19,8,0,0,4,1,17,998,1,10
"2025000024845",1,9,5,4,0,0,1,2,55,1598,1,13
"2025000024846",1,9,19,1,0,0,1,2,22,1461,2,11
"2025000024846",2,9,4,1,0,0,2,1,41,-1,3,0
"2025000024847",2,9,7,6,0,0,1,1,73,1798,1,17
"2025000024847",1,9,19,8,0,0,4,1,26,1560,2,7
"2025000024848",1,9,19,0,0,0,1,2,25,999,1,5
"2025000024848",2,9,4,0,0,0,2,1,33,1596,1,9
"2025000024849",2,5,5,8,0,0,4,1,36,645,1,1
"2025000024849",1,9,9,6,0,0,1,1,43,1598,1,11
"2025000024850",1,9,19,8,0,0,1,1,42,1969,2,8
"2025000024851",2,9,99,6,9,99,1,3,-1,1461,2,3
"2025000024851",1,3,99,2,9,99,2,1,30,125,1,3
"2025000024852",1,9,3,8,0,0,2,2,42,998,1,14
"2025000024852",2,9,5,8,0,0,1,2,29,1968,2,11
"2025000024853",1,9,19,0,0,0,4,1,17,999,1,3
"2025000024854",2,9,3,4,0,0,2,2,47,1390,1,13
"2025000024854",1,9,19,4,0,0,1,3,-1,-1,-1,-1
"2025000024855",1,9,19,4,0,0,1,2,45,1242,1,15
"2025000024855",2,1,19,8,0,0,4,1,20,-1,-1,-1
"2025000024856",1,9,19,0,0,0,3,2,17,-1,-1,-1
"2025000024857",1,9,19,0,0,0,1,3,-1,-1,-1,-1
"2025000024858",2,1,19,6,0,0,3,1,20,-1,-1,-1
"2025000024858",1,9,19,8,0,0,1,1,36,2179,2,12
"2025000024859",1,9,-1,0,0,0,1,3,-1,1198,1,13
"2025000024859",2,9,3,0,0,0,2,2,41,1198,1,16
"2025000024860",1,9,19,0,0,0,0,3,-1,-1,-1,-1
"2025000024861",1,9,19,0,0,10,1,2,56,2231,2,17
"2025000024862",1,9,9,6,0,0,1,1,23,1995,2,11
"2025000024862",2,1,19,8,0,0,1,1,65,-1,-1,-1
"2025000024863",1,9,19,1,0,0,1,2,36,1999,1,11
"2025000024863",2,19,19,1,0,0,1,1,25,2198,2,6
"2025000024864",1,9,19,0,0,0,1,1,28,1896,2,17
"2025000024865",1,8,3,0,0,0,0,3,-1,-1,-1,-1
"2025000024866",1,9,5,8,0,0,1,2,54,1968,2,15
"2025000024866",2,19,19,1,0,0,1,1,50,1870,2,18
"2025000024867",1,9,19,1,0,0,2,2,51,998,1,6
"2025000024867",2,9,19,1,0,0,1,3,-1,1386,1,13
"2025000024868",1,9,19,8,0,0,1,2,58,1197,1,5
"2025000024868",2,9,9,8,0,0,3,1,51,2993,2,3
"2025000024869",1,9,19,6,0,0,3,2,62,1398,1,11
"2025000024869",2,9,19,8,0,0,1,1,44,1995,2,11
"2025000024870",2,1,19,0,0,0,1,1,52,-1,-1,-1
"2025000024870",1,9,19,0,0,0,1,1,59,1896,2,16
"2025000024871",1,9,5,2,0,0,1,1,42,1598,8,1
"2025000024872",1,9,19,2,0,0,4,3,-1,-1,-1,-1
"2025000024872",2,9,19,2,0,0,3,2,25,998,1,11
"2025000024873",1,9,-1,0,0,11,1,1,20,1896,2,22
"2025000024874",2,9,7,1,0,0,4,1,45,-1,-1,-1
"2025000024874",1,9,19,8,0,0,1,1,31,1598,2,11
"2025000024875",2,9,19,0,0,0,2,1,45,1498,1,0
"2025000024875",1,9,19,0,0,0,1,2,20,999,1,9
"2025000024876",1,9,19,2,5,0,4,1,19,4367,2,9
"2025000024877",1,9,19,0,0,0,4,1,73,2987,2,5
"2025000024877",2,9,2,0,0,0,3,1,-1,1598,1,12
"2025000024878",1,3,99,9,9,99,9,1,36,125,1,6
"2025000024878",2,9,99,9,9,99,1,3,-1,1598,1,12
"2025000024879",3,9,3,0,0,0,2,2,54,998,1,2
"2025000024879",1,9,19,0,0,0,1,2,20,1399,1,5
"2025000024879",4,9,3,0,0,0,2,2,45,1598,2,8
"2025000024879",2,9,3,0,0,0,2,2,54,1198,1,14
"2025000024880",1,9,19,0,1,0,1,1,30,2143,2,9
"2025000024881",1,19,19,8,0,0,1,1,50,1598,2,6
"2025000024881",2,9,19,8,0,0,3,1,33,999,1,1
"2025000024882",2,9,19,1,0,0,1,2,25,998,1,21
"2025000024882",1,9,5,1,0,0,1,1,33,-1,-1,-1
"2025000024883",1,9,19,0,2,10,1,1,19,-1,-1,-1
"2025000024884",1,9,11,3,0,0,4,1,57,1373,8,1
"2025000024884",2,9,7,3,0,0,3,2,60,1997,1,10
"2025000024885",1,9,19,0,0,0,1,1,48,1560,2,7
"2025000024885",2,9,19,0,0,0,2,1,52,1896,2,17
"2025000024886",1,9,99,9,9,99,9,2,31,1248,1,12
"2025000024886",2,20,99,9,9,99,9,3,-1,2287,2,1
"2025000024887",1,11,99,9,9,99,0,1,27,5132,2,7
"2025000024888",1,9,9,6,0,0,1,2,25,1240,1,17
"2025000024888",2,9,19,8,0,0,1,2,37,1364,1,4
"2025000024889",2,11,2,0,0,0,2,1,47,4250,2,10
"2025000024889",1,10,19,0,0,0,1,1,62,2461,2,18
"2025000024890",2,9,19,0,0,0,1,2,30,1686,2,11
"2025000024890",1,9,6,0,0,0,3,1,63,1997,2,8
"2025000024891",2,9,19,1,0,0,2,2,22,1200,1,4
"2025000024891",1,9,12,1,0,0,0,3,-1,-1,-1,-1
"2025000024891",3,19,19,1,0,0,1,1,61,1499,2,0
"2025000024892",1,9,9,8,0,0,3,2,31,2997,2,2
"2025000024892",2,1,19,1,0,0,1,2,53,-1,-1,-1
"2025000024893",1,9,19,0,0,0,1,1,53,1798,8,6
"2025000024894",2,9,3,4,0,0,2,1,66,-1,-1,-1
"2025000024894",1,9,8,4,0,0,1,1,25,-1,-1,-1
"2025000024895",2,9,3,4,0,0,2,2,25,1364,1,12
"2025000024895",1,9,4,4,0,0,1,1,35,1910,2,11
"2025000024896",1,9,19,0,0,0,0,1,-1,1968,2,14
"2025000024897",2,9,3,0,0,0,3,2,23,1398,1,4
"2025000024897",1,9,11,0,0,0,4,2,48,1997,2,11
"2025000024898",2,9,99,9,9,99,1,3,34,1299,1,19
"2025000024898",1,9,99,9,9,99,9,1,48,1560,2,9
"2025000024899",1,9,6,8,0,0,1,1,70,1395,1,7
"2025000024899",2,9,19,8,0,0,1,2,43,2179,2,10
"2025000024900",1,9,19,1,0,0,1,1,46,1332,1,1
"2025000024901",2,1,-1,8,5,0,1,1,64,-1,-1,-1
"2025000024901",1,9,9,8,0,0,3,1,18,-1,-1,-1
"2025000024902",1,9,9,1,0,0,3,1,36,1390,1,14
"2025000024902",2,3,19,1,0,0,1,1,23,125,1,6
"2025000024903",1,9,4,0,1,0,1,2,34,1995,2,6
"2025000024903",2,9,4,0,0,0,2,1,28,-1,-1,-1
"2025000024903",3,9,4,0,0,0,2,1,66,1499,2,6
"2025000024904",1,19,19,0,0,0,1,3,53,1995,2,2
"2025000024904",2,9,10,0,0,0,2,1,22,1242,1,10
"2025000024904",3,9,19,0,0,0,1,2,33,1242,1,11
"2025000024905",1,22,19,8,0,0,1,1,81,-1,-1,-1
"2025000024905",2,9,19,6,0,0,1,2,79,1297,1,24
"2025000024906",3,11,4,1,0,0,4,1,61,-1,-1,-1
"2025000024906",1,10,2,1,0,0,2,1,60,2402,2,13
"2025000024906",2,9,1,1,0,0,1,3,-1,1753,2,15
"2025000024907",1,9,19,3,0,0,2,2,40,1599,1,13
"2025000024908",1,9,9,8,0,0,1,1,68,-1,-1,-1
"2025000024908",2,9,19,8,0,0,3,2,30,1560,2,8
"2025000024909",1,9,19,0,1,7,1,1,35,1598,2,8
"2025000024910",2,9,19,0,0,0,1,1,37,1395,8,8
"2025000024910",1,9,5,0,0,0,1,1,76,1388,1,15
"2025000024911",1,9,9,8,0,0,1,1,48,1598,2,2
"2025000024911",2,9,19,8,2,0,1,1,32,1399,1,2
"2025000024912",2,3,19,8,0,0,4,1,19,124,1,2
"2025000024912",1,9,7,8,0,0,1,1,22,998,1,11
"2025000024913",2,5,19,8,1,0,1,1,49,1745,1,1
"2025000024913",3,9,10,6,0,0,1,2,54,1499,2,8
"2025000024913",1,9,9,5,0,0,1,2,17,1242,1,13
"2025000024914",2,9,19,0,0,0,1,1,50,1995,2,8
"2025000024914",1,9,6,0,0,0,1,2,26,1390,1,13
"2025000024915",2,9,19,3,0,0,2,2,42,1560,2,9
"2025000024915",1,9,19,8,0,0,1,3,-1,-1,-1,-1
"2025000024916",3,9,4,0,0,0,2,1,64,1560,2,14
"2025000024916",2,9,4,0,0,0,2,2,72,998,1,3
"2025000024916",1,9,19,0,0,0,1,2,31,2488,2,15
"2025000024917",1,98,9,8,0,0,1,1,32,1996,2,1
"2025000024918",1,9,19,0,0,0,1,2,55,1598,1,10
"2025000024918",4,9,10,0,0,0,2,1,64,1490,1,1
"2025000024918",2,9,3,0,0,0,2,2,47,1598,2,6
"2025000024918",3,9,3,0,0,0,2,1,62,-1,3,5
"2025000024919",1,5,19,8,0,0,1,1,61,998,1,7
"2025000024919",2,19,9,8,0,0,1,1,47,2143,2,7
"2025000024920",1,21,19,0,0,0,1,1,37,7698,2,1
"2025000024920",2,9,4,0,0,0,2,1,38,1956,2,12
"2025000024921",2,9,99,9,9,99,9,3,-1,-1,-1,-1
"2025000024921",1,3,99,9,9,99,2,1,24,125,1,10
"2025000024922",1,9,4,0,0,0,2,2,46,1968,2,12
"2025000024922",2,9,19,0,0,0,1,2,51,-1,-1,-1
"2025000024923",1,9,-1,-1,-1,-1,-1,1,41,1995,2,3
"2025000024923",2,9,-1,-1,-1,-1,-1,1,35,1200,1,2
"2025000024924",1,9,19,0,0,0,3,1,21,1198,1,7
"2025000024925",1,9,3,1,0,0,2,2,47,1198,1,14
"2025000024925",2,9,19,1,0,0,1,1,30,2495,2,17
"2025000024926",2,9,10,6,0,0,1,1,39,1995,2,10
"2025000024926",1,9,7,5,0,0,1,1,33,1149,1,18
"2025000024927",1,11,19,0,0,0,0,1,40,9360,2,11
"2025000024927",2,9,13,0,0,0,0,3,-1,1149,1,15
"2025000024928",1,9,19,0,0,0,1,1,38,2698,2,18
"2025000024928",2,9,19,0,0,0,2,1,54,1560,2,9
"2025000024929",2,9,2,8,0,0,4,3,-1,1798,8,1
"2025000024929",3,9,2,8,0,0,4,1,47,1328,1,11
"2025000024929",1,90,6,8,2,10,1,1,26,-1,-1,-1
"2025000024930",1,19,4,8,1,0,1,1,32,1995,2,1
"2025000024930",3,19,19,8,0,0,1,1,39,2287,2,8
"2025000024930",2,9,2,1,0,0,2,2,48,2401,2,15
"2025000024931",2,98,12,3,5,0,3,3,-1,-1,-1,-1
"2025000024931",1,9,7,3,0,0,3,2,26,2143,2,5
"2025000024932",1,9,19,0,1,0,1,2,51,998,1,7
"2025000024932",2,8,19,0,1,0,1,1,46,1997,2,7
"2025000024933",2,1,19,8,0,0,1,1,62,-1,-1,-1
"2025000024933",1,9,9,5,0,0,4,1,51,-1,-1,-1
"2025000024934",1,1,19,0,0,0,1,1,42,-1,-1,-1
"2025000024935",2,9,19,1,0,0,3,2,45,1461,2,4
"2025000024935",1,9,19,1,0,10,3,2,57,1498,1,4
"2025000024936",1,19,19,0,0,0,1,1,34,2461,2,24
"2025000024937",2,11,3,0,0,0,0,3,-1,-1,-1,-1
"2025000024937",1,9,19,0,0,0,0,3,-1,-1,-1,-1
"2025000024938",2,9,9,8,0,7,3,2,23,1390,1,6
"2025000024938",1,11,19,8,0,0,1,1,62,4461,2,5
"2025000024939",1,9,15,1,0,0,3,1,25,1598,1,10
"2025000024939",2,1,12,1,0,0,3,1,57,-1,-1,-1
"2025000024940",2,9,19,1,0,0,4,3,-1,-1,-1,-1
"2025000024940",1,3,19,1,1,0,3,2,19,125,1,2
"2025000024941",1,4,19,0,0,0,1,1,29,248,1,9
"2025000024941",2,9,9,0,0,0,1,1,35,1910,2,15
"2025000024942",1,9,19,1,0,0,3,2,74,1199,1,1
"2025000024943",1,9,9,6,0,0,1,2,38,1364,2,16
"2025000024943",2,9,19,8,0,0,4,2,33,1686,2,12
"2025000024944",2,9,99,9,0,0,9,3,-1,1998,8,2
"2025000024944",1,1,99,9,9,99,9,1,27,-1,-1,-1
"2025000024945",2,9,99,0,9,99,1,3,45,1363,2,19
"2025000024945",1,5,99,0,9,99,1,1,30,649,1,4
"2025000024946",2,1,19,0,0,0,3,2,43,-1,-1,-1
"2025000024946",1,9,19,0,0,0,-1,3,-1,-1,-1,-1
"2025000024947",1,9,19,0,0,0,1,2,26,1997,1,15
"2025000024948",2,9,19,1,0,0,1,2,55,1461,2,6
"2025000024948",1,9,6,8,0,0,3,2,20,1198,1,8
"2025000024949",2,9,2,1,0,0,4,2,64,1461,2,7
"2025000024949",1,9,19,1,0,0,4,3,-1,-1,-1,-1
"2025000024950",1,9,4,1,0,0,1,1,31,1798,8,4
"2025000024951",2,21,19,0,0,0,4,1,68,12902,2,2
"2025000024951",1,9,5,0,0,0,1,1,40,1997,2,16
"2025000024952",1,9,9,2,0,0,4,1,34,1598,2,7
"2025000024953",2,19,4,1,0,0,2,1,29,-1,-1,-1
"2025000024953",1,9,19,1,0,0,1,3,-1,-1,-1,-1
"2025000024954",1,9,1,8,0,0,2,2,70,1398,1,20
"2025000024955",1,9,19,0,0,0,4,2,66,1299,1,16
"2025000024956",1,9,13,0,0,0,0,1,24,1596,1,16
"2025000024956",2,9,5,0,0,10,4,1,42,1968,2,11
"2025000024957",2,11,19,0,0,0,2,2,38,6700,2,5
"2025000024957",1,9,19,0,0,0,4,2,22,1600,1,12
"2025000024958",1,19,19,0,0,0,1,1,25,1560,2,9
"2025000024959",2,9,19,0,0,0,3,1,69,1984,1,1
"2025000024959",1,21,19,0,0,0,1,1,67,12777,2,3
"2025000024960",3,9,19,0,0,0,0,2,28,1968,2,9
"2025000024960",2,9,19,0,0,0,1,1,26,1598,1,17
"2025000024960",1,9,13,0,0,0,1,1,34,1956,2,13
"2025000024961",1,8,7,8,0,0,1,1,48,1582,2,8
"2025000024962",1,5,19,1,1,10,1,1,29,599,1,15
"2025000024963",2,9,19,1,1,10,1,1,-1,2494,1,20
"2025000024963",1,9,19,1,0,0,1,1,26,998,1,13
"2025000024964",1,3,19,0,5,0,1,1,17,125,1,6
"2025000024964",2,9,12,0,0,0,4,1,33,1910,2,14
"2025000024965",1,9,9,1,0,0,1,1,29,1598,1,14
"2025000024965",2,9,10,1,0,0,2,2,49,1398,2,17
"2025000024966",3,9,19,0,0,0,1,1,35,-1,-1,-1
"2025000024966",2,9,2,0,0,0,0,1,45,1399,2,11
"2025000024966",1,3,19,0,0,0,1,1,37,125,1,10
"2025000024967",1,9,9,5,0,0,3,1,35,-1,-1,-1
"2025000024967",2,3,14,8,0,0,1,1,18,-1,-1,-1
"2025000024967",3,19,2,8,0,0,1,3,-1,-1,-1,-1
"2025000024968",1,9,13,8,0,0,1,3,40,-1,-1,-1
"2025000024968",2,1,19,8,0,0,3,1,27,-1,-1,-1
"2025000024969",1,9,5,3,0,0,4,1,24,998,1,17
"2025000024969",2,9,19,3,0,0,3,2,24,998,1,0
"2025000024970",2,5,19,8,0,0,3,1,41,647,1,20
"2025000024970",1,9,5,8,0,0,1,2,33,1086,1,16
"2025000024971",1,9,19,1,0,0,1,1,51,2987,2,14
"2025000024972",2,1,99,9,9,99,1,1,36,-1,-1,-1
"2025000024972",1,9,99,9,9,99,9,1,54,1197,1,8
"2025000024973",1,9,19,1,0,0,1,1,46,1296,1,16
"2025000024974",2,9,3,0,0,0,2,2,32,1997,2,5
"2025000024974",1,21,4,0,0,0,1,1,-1,-1,-1,-1
"2025000024975",1,9,5,6,1,0,2,2,19,1598,1,14
"2025000024975",2,21,19,8,1,0,1,1,44,12777,2,2
"2025000024976",1,3,99,9,9,99,1,1,37,125,1,6
"2025000024976",2,9,99,9,9,99,9,3,-1,-1,-1,-1
"2025000024977",1,3,13,0,0,0,1,1,17,-1,-1,-1
"2025000024978",1,9,19,0,0,0,1,1,-1,-1,-1,-1
"2025000024979",1,19,19,2,0,0,3,1,62,1995,2,3
"2025000024980",1,9,5,1,0,0,1,3,18,-1,-1,-1
"2025000024980",2,8,19,1,0,0,4,1,53,1797,8,5
"2025000024981",2,1,4,1,2,0,1,1,67,-1,-1,-1
"2025000024981",1,21,9,5,0,0,4,1,24,6871,2,5
"2025000024982",1,9,19,8,0,0,3,2,32,1339,1,13
"2025000024983",1,9,2,0,0,0,2,3,-1,1798,1,13
"2025000024984",1,8,2,0,0,0,4,1,28,1798,8,5
"2025000024984",2,4,19,0,0,0,1,3,-1,-1,-1,-1
"2025000024985",1,21,19,0,1,0,1,1,58,4500,2,2
"2025000024985",2,9,19,0,0,0,1,1,64,1998,1,1
"2025000024986",2,9,19,0,0,0,1,2,76,1497,8,10
"2025000024986",1,9,19,0,0,0,3,1,58,2401,2,18
"2025000024987",1,9,19,4,0,0,3,1,26,1598,2,5
"2025000024987",2,9,19,8,0,0,1,2,24,1968,2,9
"2025000024988",1,9,19,1,0,0,3,2,24,1388,1,10
"2025000024988",2,9,9,1,0,0,1,2,19,1600,1,10
"2025000024989",2,9,3,0,0,0,1,1,80,2400,2,8
"2025000024989",1,5,-1,0,1,0,1,1,38,1340,1,16
"2025000024989",3,5,-1,0,0,0,0,1,59,899,1,20
"2025000024990",1,3,19,1,1,10,4,1,20,125,1,0
"2025000024991",1,9,19,0,2,11,1,2,37,2000,2,17
"2025000024992",1,9,19,0,0,0,1,2,63,1086,1,13
"2025000024992",2,9,19,0,1,0,1,1,20,1198,1,16
"2025000024993",2,9,99,9,9,99,1,3,-1,-1,-1,-1
"2025000024993",1,9,99,9,9,99,2,1,37,-1,-1,-1
"2025000024994",1,9,19,1,0,0,1,3,-1,-1,-1,-1
"2025000024995",3,9,3,0,0,0,2,1,27,1330,1,2
"2025000024995",1,19,19,0,0,0,1,1,33,2143,2,3
"2025000024995",2,9,3,0,0,0,2,2,41,4367,2,3
"2025000024996",1,9,19,0,1,7,1,2,27,998,1,19
"2025000024997",1,9,9,8,0,0,1,1,40,-1,-1,-1
"2025000024998",2,9,7,0,0,0,2,1,38,-1,3,3
"2025000024998",1,9,5,0,0,0,1,1,30,1796,1,16
"2025000024999",2,3,3,0,1,0,4,2,29,125,1,4
"2025000024999",1,9,5,0,0,0,9,3,-1,-1,-1,-1
"2025000025000",2,9,19,8,1,0,3,2,25,1229,1,7
"2025000025000",1,9,11,3,0,0,1,1,40,1995,2,5
"2025000025001",1,1,99,9,9,99,9,1,53,-1,-1,-1
"2025000025001",2,9,99,9,9,99,9,3,-1,-1,-1,-1
"2025000025002",2,1,19,0,0,0,1,1,45,-1,-1,-1
"2025000025002",1,9,2,0,0,0,3,1,-1,-1,-1,-1
"2025000025003",1,9,19,2,0,0,1,2,33,1198,1,4
"2025000025004",2,9,-1,1,0,0,3,1,40,998,1,9
"2025000025004",1,9,-1,1,0,0,1,1,25,1396,1,12
"2025000025005",1,4,4,1,0,0,1,1,17,125,1,1
"2025000025005",2,9,3,1,0,0,2,1,64,1498,1,4
"2025000025006",1,9,19,0,5,0,1,1,19,1328,1,20
"2025000025007",2,9,19,0,0,0,2,1,35,1560,2,9
"2025000025007",1,9,19,0,0,0,1,1,37,1951,2,16
"2025000025008",2,9,19,0,0,0,4,1,77,2499,1,8
"2025000025008",1,1,19,0,0,0,1,1,16,-1,-1,-1
"2025000025009",1,9,7,8,0,7,1,1,51,1560,2,13
"2025000025010",2,11,4,2,0,0,1,1,53,4500,2,5
"2025000025010",1,3,13,2,0,0,4,1,49,125,1,3
"2025000025011",3,9,19,0,1,1,1,2,70,1395,1,6
"2025000025011",1,9,19,0,1,0,1,2,43,1200,1,6
"2025000025011",2,9,19,0,0,0,0,1,51,1997,2,11
"2025000025012",2,9,3,0,0,0,2,1,60,-1,-1,-1
"2025000025012",1,19,19,0,0,0,1,1,65,-1,2,20
"2025000025012",3,9,3,0,0,0,2,1,38,1995,2,9
"2025000025013",5,9,3,0,0,0,2,1,39,1499,1,2
"2025000025013",1,9,-1,0,-1,-1,-1,1,26,1968,2,15
"2025000025013",2,21,3,0,0,0,3,1,43,5132,2,7
"2025000025013",3,9,3,0,0,0,4,1,57,1998,1,4
"2025000025013",4,9,3,0,0,0,4,1,64,1995,2,12
"2025000025014",2,11,4,0,0,0,2,1,64,4500,2,4
"2025000025014",1,9,13,0,0,4,1,1,39,1339,8,7
"2025000025015",1,9,19,8,5,7,1,1,49,1199,1,2
"2025000025016",2,1,19,1,0,0,1,2,38,-1,-1,-1
"2025000025016",1,9,5,6,0,0,1,1,55,1968,2,3
"2025000025017",2,9,19,1,0,0,2,1,69,1399,1,5
"2025000025017",3,9,4,1,0,0,3,2,84,875,1,5
"2025000025017",6,9,7,1,0,0,0,3,20,-1,-1,-1
"2025000025017",5,9,4,1,0,0,0,3,40,-1,-1,-1
"2025000025017",4,9,4,1,0,0,2,1,50,-1,-1,-1
"2025000025017",1,9,19,1,0,0,1,2,20,1242,1,9
"2025000025018",2,9,15,0,0,0,1,1,32,1598,8,2
"2025000025018",1,9,19,0,0,0,1,1,24,1995,2,12
"2025000025019",2,1,19,0,5,0,2,1,8,-1,-1,-1
"2025000025019",1,9,19,0,0,0,1,1,40,-1,-1,-1
"2025000025020",1,9,19,8,0,0,1,1,31,998,1,1
"2025000025021",1,9,5,1,0,0,4,2,45,1349,1,10
"2025000025022",1,9,-1,0,-1,-1,-1,3,-1,-1,-1,-1
"2025000025022",2,5,-1,0,-1,-1,-1,1,38,1584,1,14
"2025000025023",1,9,5,2,0,0,3,1,37,1998,1,6
"2025000025023",2,1,19,1,0,0,1,1,44,-1,-1,-1
"2025000025024",2,1,19,2,0,0,1,1,44,-1,-1,-1
"2025000025024",1,9,-1,1,0,0,-1,3,-1,-1,-1,-1
"2025000025025",1,1,19,1,0,0,4,1,26,-1,-1,-1
"2025000025025",2,90,7,2,0,0,1,1,43,-1,-1,-1
"2025000025026",3,9,19,0,0,0,1,2,31,1364,1,17
"2025000025026",2,19,19,0,0,0,1,1,39,1995,2,4
"2025000025026",1,9,19,0,0,0,1,2,17,1199,1,1
"2025000025027",1,3,14,6,2,0,1,1,17,125,1,4
"2025000025027",2,9,10,8,0,0,3,2,39,1199,1,5
"2025000025028",2,9,9,1,0,0,9,2,-1,1797,8,2
"2025000025028",1,5,4,1,1,0,9,2,32,803,1,7
"2025000025029",1,9,19,4,0,0,1,2,52,1229,1,18
"2025000025029",2,1,9,3,0,0,3,1,44,-1,-1,-1
"2025000025030",1,9,19,2,0,0,1,1,56,-1,-1,-1
"2025000025031",2,3,19,1,0,0,0,1,17,124,1,6
"2025000025031",1,9,7,6,0,0,0,3,-1,-1,-1,-1
"2025000025032",2,5,3,0,0,0,1,2,62,948,1,4
"2025000025032",1,19,1,0,0,0,2,1,-1,1995,2,4
"2025000025033",2,1,19,3,0,0,2,1,57,-1,-1,-1
"2025000025033",1,9,19,3,0,0,1,1,33,1598,8,1
"2025000025034",1,1,99,9,9,99,9,1,31,-1,-1,-1
"2025000025034",2,9,99,9,9,99,4,3,-1,1798,8,7
"2025000025035",1,11,19,0,0,0,4,1,58,12816,5,10
"2025000025036",2,1,19,8,0,0,4,1,27,-1,-1,-1
"2025000025036",1,9,19,1,0,0,3,1,23,1968,2,5
"2025000025037",1,9,99,9,9,99,9,3,-1,-1,-1,-1
"2025000025038",1,9,19,2,0,0,1,2,24,1582,2,8
"2025000025038",2,1,9,2,0,0,1,1,-1,-1,-1,-1
"2025000025039",1,11,19,1,0,0,0,1,24,4500,2,9
"2025000025040",1,9,19,0,0,0,1,2,28,1598,1,20
"2025000025041",2,9,9,5,0,0,3,1,74,1580,8,2
"2025000025041",1,9,9,6,0,0,1,1,92,1490,1,2
"2025000025042",1,9,19,0,0,0,1,1,70,-1,-1,-1
"2025000025043",2,9,19,0,0,0,2,2,31,-1,3,2
"2025000025043",1,9,19,0,0,0,1,1,25,1956,2,13
"2025000025044",1,9,19,1,0,0,1,2,44,1398,1,6
"2025000025044",2,9,19,1,0,0,2,2,25,1461,2,12
"2025000025045",1,9,9,6,0,0,1,1,72,2746,1,41
"2025000025046",2,9,19,0,0,0,2,3,-1,-1,-1,-1
"2025000025046",1,9,19,0,5,0,1,1,-1,2993,2,15
"2025000025047",1,9,19,0,1,0,4,1,45,3436,1,10
"2025000025048",1,9,19,0,0,0,1,2,64,2204,2,14
"2025000025049",1,9,19,0,0,0,4,1,48,-1,-1,-1
"2025000025050",2,1,19,0,0,0,3,1,68,-1,-1,-1
"2025000025050",1,9,15,0,0,0,4,3,-1,-1,-1,-1
"2025000025051",2,9,9,6,0,0,1,2,40,-1,3,3
"2025000025051",1,3,15,1,0,0,1,1,32,113,1,6
"2025000025052",1,21,19,8,0,0,1,1,62,12740,2,8
"2025000025052",2,9,10,8,0,0,2,1,36,1242,1,17
"2025000025053",1,10,19,0,0,0,1,1,38,2198,2,6
"2025000025053",2,9,2,0,0,0,2,1,35,-1,3,3
"2025000025054",1,1,19,1,1,0,0,1,34,-1,-1,-1
"2025000025055",1,9,4,1,0,0,1,1,36,1791,8,9
"2025000025055",2,-1,5,1,0,0,2,2,27,-1,-1,-1
"2025000025056",5,9,3,0,0,0,2,2,21,1398,1,5
"2025000025056",2,9,4,0,0,0,2,2,45,2979,1,1
"2025000025056",1,19,13,0,0,0,0,3,-1,-1,-1,-1
"2025000025056",3,9,19,0,0,0,1,2,35,1586,1,8
"2025000025056",6,9,4,0,0,0,1,1,38,1992,2,14
"2025000025056",4,9,19,0,0,0,1,2,24,1229,1,6
"2025000025057",3,9,19,0,0,0,2,2,34,1364,1,7
"2025000025057",2,9,2,0,0,0,2,1,54,-1,-1,-1
"2025000025057",1,21,19,0,0,0,2,1,51,-1,-1,-1