"collision_index","vehicle_reference","vehicle_type","vehicle_manoeuvre","junction_location","skidding_and_overturning","hit_object_in_carriageway","first_point_of_impact","sex_of_driver","age_of_driver","engine_capacity_cc","propulsion_code","age_of_vehicle"
"2025000025294",2,9,9,2,0,0,0,2,-1,1969,2,2
"2025000025294",1,11,19,8,0,0,1,1,29,4250,2,17
"2025000025295",1,9,10,0,0,0,0,3,-1,-1,-1,-1
"2025000025295",2,1,19,0,0,0,0,2,60,-1,-1,-1
"2025000025296",2,9,9,6,0,0,3,2,39,1685,2,10
"2025000025296",1,9,19,1,0,0,1,1,36,1685,2,5
"2025000025297",1,9,3,1,0,0,2,1,62,998,1,4
"2025000025297",2,9,19,1,0,7,1,1,51,1798,1,8
"2025000025298",1,9,19,0,0,0,1,2,82,999,1,4
"2025000025298",2,22,19,0,0,0,3,1,82,-1,-1,-1
"2025000025299",1,9,19,0,0,4,1,2,44,1995,2,7
"2025000025299",3,9,2,0,0,0,2,1,-1,1197,1,9
"2025000025299",2,9,2,0,0,0,2,1,31,2143,2,4
"2025000025300",2,10,19,1,0,0,4,1,50,-1,-1,-1
"2025000025300",1,9,19,1,0,0,1,1,90,1200,1,6
"2025000025301",1,9,19,6,0,0,1,2,40,999,1,0
"2025000025301",2,9,19,1,0,0,1,1,66,-1,-1,-1
"2025000025302",2,19,99,0,0,0,1,3,44,2143,2,3
"2025000025302",1,9,99,0,0,0,2,1,47,1497,8,14
"2025000025303",1,9,1,0,0,4,2,1,25,1991,2,15
"2025000025303",2,9,2,0,0,0,3,2,41,999,1,4
"2025000025304",2,9,19,8,0,0,3,1,58,1598,2,6
"2025000025304",1,9,5,6,0,0,1,2,34,1329,1,10
"2025000025305",1,9,19,2,0,0,1,3,40,-1,-1,-1
"2025000025306",1,19,19,0,0,0,1,1,45,2143,2,5
"2025000025307",1,9,19,2,0,0,3,2,80,1968,2,5
"2025000025308",2,19,2,0,0,0,2,1,-1,2143,2,8
"2025000025308",1,1,19,0,0,0,1,2,70,-1,-1,-1
"2025000025309",1,9,19,1,0,0,1,3,-1,1796,1,15
"2025000025309",2,4,3,1,0,0,2,1,33,125,1,1
"2025000025310",1,9,19,0,0,0,1,2,51,1598,2,7
"2025000025310",2,9,19,0,0,0,1,1,76,1197,1,6
"2025000025311",2,19,9,6,0,0,1,1,28,1598,2,4
"2025000025311",1,9,19,8,0,0,3,1,35,5000,1,1
"2025000025312",1,9,19,0,5,4,4,1,29,1798,8,0
"2025000025312",4,9,2,0,0,0,3,3,-1,2400,2,12
"2025000025312",3,9,2,0,0,0,4,3,-1,999,1,7
"2025000025312",2,9,2,0,0,0,4,3,-1,-1,-1,-1
"2025000025313",2,9,19,1,0,0,4,2,27,1598,2,6
"2025000025313",1,1,19,1,0,0,4,1,13,-1,-1,-1
"2025000025314",1,1,99,0,9,99,0,2,20,-1,-1,-1
"2025000025314",2,19,99,0,9,99,9,3,-1,-1,-1,-1
"2025000025315",1,9,19,0,0,0,3,1,87,1360,1,16
"2025000025315",2,9,2,0,0,0,4,3,-1,1910,2,15
"2025000025316",1,9,19,0,0,0,1,1,-1,1998,1,17
"2025000025317",2,9,19,0,0,0,1,1,46,1461,2,10
"2025000025317",1,9,19,0,0,0,1,1,20,1596,1,13
"2025000025318",1,1,5,2,0,0,1,1,24,-1,-1,-1
"2025000025319",2,9,19,0,0,0,1,1,65,1598,1,17
"2025000025319",1,9,19,0,0,0,1,1,50,1997,2,12
"2025000025320",2,9,2,8,0,0,2,3,-1,999,1,0
"2025000025320",1,9,19,8,0,0,1,2,33,1399,2,13
"2025000025321",1,5,13,8,0,0,1,1,58,1198,1,9
"2025000025321",2,9,9,5,0,0,3,1,22,1248,2,9
"2025000025322",2,9,4,0,0,0,1,2,44,-1,3,1
"2025000025322",1,19,4,0,1,0,1,1,29,2198,2,11
"2025000025323",2,9,4,1,0,0,2,2,67,1596,1,12
"2025000025323",1,9,19,1,0,0,1,2,43,1086,1,15
"2025000025324",2,9,19,4,0,0,1,1,53,2925,2,2
"2025000025324",1,8,19,4,0,0,1,1,65,2143,2,8
"2025000025325",1,1,19,1,0,0,1,2,53,-1,-1,-1
"2025000025325",2,9,9,5,0,0,1,1,-1,-1,-1,-1
"2025000025326",2,1,15,8,2,0,3,1,-1,-1,-1,-1
"2025000025326",1,9,7,5,0,0,3,1,-1,1248,1,11
"2025000025327",2,9,4,1,0,0,2,1,32,-1,3,1
"2025000025327",1,9,4,1,0,0,1,1,35,1598,2,13
"2025000025328",2,9,19,1,1,0,3,2,46,998,1,8
"2025000025328",1,9,19,1,0,0,1,1,63,1596,1,16
"2025000025329",1,9,9,8,0,0,1,1,47,2143,2,4
"2025000025329",2,9,19,8,0,0,1,2,32,1248,1,6
"2025000025330",2,9,19,1,0,0,2,1,-1,1598,1,7
"2025000025330",1,9,19,1,0,0,1,1,-1,1149,1,17
"2025000025330",4,9,19,1,0,0,2,1,-1,998,1,2
"2025000025330",3,9,19,1,0,0,1,1,-1,2148,2,12
"2025000025331",1,9,19,0,5,0,4,1,20,1399,2,15
"2025000025332",1,9,19,0,0,0,4,1,41,1299,1,18
"2025000025332",2,9,2,0,0,0,2,3,-1,1796,1,11
"2025000025333",1,9,19,8,0,0,2,1,41,1956,2,11
"2025000025333",2,21,19,8,0,0,1,1,100,12777,2,1
"2025000025334",1,19,99,0,9,99,9,1,38,1968,2,3
"2025000025334",2,9,99,0,9,99,9,1,45,-1,-1,-1
"2025000025335",1,9,19,0,0,0,3,1,35,1968,2,17
"2025000025336",1,9,5,0,0,0,1,1,-1,-1,-1,-1
"2025000025336",2,1,19,0,0,0,4,2,14,-1,-1,-1
"2025000025337",1,9,19,0,9,99,3,2,53,1596,1,8
"2025000025337",2,21,13,0,9,99,4,1,54,12902,2,2
"2025000025338",1,9,9,8,0,0,1,2,49,1968,2,11
"2025000025338",2,19,19,8,0,0,3,1,60,-1,-1,-1
"2025000025339",1,9,99,9,9,99,1,3,-1,-1,-1,-1
"2025000025340",1,9,19,0,0,0,1,1,25,1995,2,14
"2025000025341",1,19,99,9,9,99,9,3,-1,2143,2,7
"2025000025341",2,11,99,9,9,99,9,1,72,4500,2,10
"2025000025342",1,9,19,0,1,0,1,1,24,1596,1,14
"2025000025343",2,9,4,0,0,0,2,2,26,1499,1,6
"2025000025343",1,9,13,0,5,0,1,2,48,1461,2,10
"2025000025344",2,9,9,1,0,0,3,1,59,1499,2,8
"2025000025344",1,9,13,8,0,0,1,1,-1,1598,8,1
"2025000025345",2,19,19,0,0,0,1,1,23,2143,2,3
"2025000025345",1,9,19,0,1,0,2,2,30,1560,2,7
"2025000025346",3,19,3,1,0,0,1,1,53,2143,2,3
"2025000025346",2,9,19,1,5,0,3,2,20,1242,1,12
"2025000025346",1,9,9,1,0,0,1,2,77,1591,1,4
"2025000025347",1,9,9,5,0,0,1,1,62,2143,2,7
"2025000025347",2,3,9,1,0,0,1,2,54,125,1,3
"2025000025348",1,9,19,1,0,0,1,1,38,1968,2,16
"2025000025349",1,9,19,0,5,0,1,1,38,-1,-1,-1
"2025000025350",1,9,1,0,0,0,2,1,64,1248,1,6
"2025000025351",1,9,19,2,0,0,1,2,45,1896,2,22
"2025000025352",3,9,19,1,0,0,0,1,36,2993,12,2
"2025000025352",2,19,19,8,0,0,3,1,46,1498,2,2
"2025000025352",1,3,19,8,5,0,1,1,20,124,1,11
"2025000025353",1,1,99,9,9,99,9,1,26,-1,-1,-1
"2025000025353",2,9,99,9,9,99,9,3,-1,1968,2,12
"2025000025354",1,5,19,0,0,0,0,1,81,748,1,32
"2025000025355",1,9,99,9,9,99,1,1,64,1798,8,8
"2025000025356",1,9,19,1,0,0,1,3,-1,998,1,4
"2025000025356",2,9,-1,-1,-1,-1,-1,3,-1,1794,1,14
"2025000025357",2,20,2,2,0,0,1,3,-1,-1,-1,-1
"2025000025357",1,9,19,1,0,0,1,2,53,1229,1,10
"2025000025358",1,9,19,0,0,0,1,2,76,1248,1,7
"2025000025358",2,9,2,0,0,12,1,-1,-1,1461,2,8
"2025000025359",2,9,14,0,0,4,4,3,-1,-1,-1,-1
"2025000025359",1,90,2,0,0,0,3,3,-1,7146,2,9
"2025000025360",2,9,19,0,0,0,1,2,78,999,1,7
"2025000025360",1,9,9,0,0,0,3,2,20,999,1,2
"2025000025361",1,9,19,2,0,0,1,1,38,1995,2,21
"2025000025362",1,5,19,0,1,12,1,1,20,649,1,15
"2025000025363",1,9,19,8,0,0,1,1,24,2993,2,8
"2025000025363",2,9,19,8,0,0,3,1,29,1598,2,7
"2025000025364",1,8,4,0,0,0,1,1,49,1797,8,7
"2025000025365",1,9,19,0,0,0,1,1,38,1910,2,14
"2025000025366",1,19,9,8,0,0,3,1,20,1995,2,3
"2025000025367",1,9,19,1,0,0,1,3,-1,1398,1,4
"2025000025367",2,9,3,1,0,0,2,2,36,1596,1,12
"2025000025368",3,9,19,2,0,0,2,1,-1,2497,1,16
"2025000025368",2,9,5,3,0,0,2,2,33,999,1,2
"2025000025368",1,9,11,2,0,0,1,1,-1,-1,-1,-1
"2025000025369",2,16,19,0,0,0,3,2,15,-1,-1,-1
"2025000025369",1,21,19,0,0,0,0,1,63,7698,2,2
"2025000025370",1,9,19,0,0,0,1,2,55,1999,2,4
"2025000025370",2,1,19,0,0,0,1,1,16,-1,-1,-1
"2025000025371",1,9,4,2,0,0,1,2,39,-1,-1,-1
"2025000025372",1,9,19,8,0,0,1,1,28,1968,2,7
"2025000025373",1,3,6,0,0,0,0,1,18,124,1,1
"2025000025374",1,1,19,6,0,0,1,1,25,-1,-1,-1
"2025000025375",2,9,4,0,0,0,2,1,26,1461,2,6
"2025000025375",3,9,4,0,0,0,2,1,42,2400,2,15
"2025000025375",1,9,19,0,0,0,1,1,55,1582,2,12
"2025000025376",2,8,99,9,9,99,2,1,56,1995,2,3
"2025000025376",1,2,99,9,9,99,2,1,57,50,1,4
"2025000025377",2,9,99,0,9,99,2,3,-1,1798,8,5
"2025000025377",1,3,99,0,9,99,1,2,27,108,1,3
"2025000025378",1,5,13,0,0,0,1,1,28,649,1,7
"2025000025379",3,9,19,0,0,0,2,1,63,1998,1,16
"2025000025379",1,9,19,0,0,0,1,3,-1,1956,2,11
"2025000025379",2,9,19,0,0,0,2,2,45,898,1,4
"2025000025379",4,9,19,0,0,0,2,2,18,1242,1,10
"2025000025379",5,9,19,0,0,0,2,1,42,1997,2,12
"2025000025380",1,9,19,1,0,0,1,1,29,998,1,23
"2025000025380",2,9,19,1,0,0,2,2,31,1198,1,8
"2025000025381",1,21,19,0,0,0,1,1,50,12419,2,3
"2025000025382",1,9,13,0,0,0,1,1,26,1995,2,6
"2025000025382",2,-1,19,0,0,0,3,1,14,-1,-1,-1
"2025000025383",1,9,19,8,0,0,1,1,31,1598,2,12
"2025000025383",2,9,4,8,0,0,2,2,45,998,1,5
"2025000025384",1,19,19,0,0,0,1,1,33,1995,2,3
"2025000025384",3,19,19,0,0,0,2,1,57,1598,2,6
"2025000025384",2,19,4,0,0,0,2,1,42,1500,2,2
"2025000025385",1,21,19,0,0,0,1,1,48,12742,2,0
"2025000025385",2,98,19,0,1,0,1,1,28,-1,-1,-1
"2025000025386",2,9,19,8,0,0,1,2,75,2199,2,10
"2025000025386",1,9,9,5,0,0,4,2,69,1242,1,6
"2025000025387",1,4,19,4,0,0,1,1,35,1050,1,2
"2025000025387",2,9,4,4,0,0,2,1,32,1950,2,0
"2025000025388",1,9,5,6,0,0,1,1,56,1318,1,5
"2025000025388",2,1,19,8,0,0,4,1,33,-1,-1,-1
"2025000025389",2,9,4,1,0,0,1,2,69,1796,1,16
"2025000025389",1,9,3,1,0,0,2,1,45,2995,1,13
"2025000025390",2,9,9,5,0,0,2,2,43,1390,1,14
"2025000025390",1,9,19,8,0,0,1,1,18,1799,1,14
"2025000025391",2,9,3,0,0,0,2,2,35,1498,1,7
"2025000025391",1,9,19,0,0,0,1,2,44,998,1,7
"2025000025392",1,9,13,0,1,0,1,1,21,1360,1,16
"2025000025392",2,9,2,0,0,0,0,3,-1,1598,1,0
"2025000025392",3,9,2,0,0,0,0,3,-1,1968,2,7
"2025000025393",1,9,19,6,1,0,2,3,-1,1500,2,0
"2025000025393",2,9,19,8,0,0,1,2,35,1395,1,4
"2025000025394",1,9,3,1,0,0,1,1,46,-1,3,5
"2025000025395",1,11,3,1,0,0,2,1,56,7300,2,16
"2025000025395",2,9,19,1,0,0,1,1,38,1242,1,9
"2025000025396",2,9,2,0,0,0,4,3,-1,-1,-1,-1
"2025000025396",1,9,19,0,0,4,1,1,53,-1,-1,-1
"2025000025397",1,19,19,0,0,4,1,1,47,1461,2,0
"2025000025397",2,9,2,0,0,0,2,3,-1,1461,2,8
"2025000025398",1,9,19,0,0,0,4,1,36,-1,-1,-1
"2025000025398",2,9,19,0,0,0,3,1,65,999,1,1
"2025000025399",2,1,19,1,0,0,1,1,19,-1,-1,-1
"2025000025399",1,9,9,1,0,0,1,2,54,1998,8,1
"2025000025400",1,9,9,8,0,0,4,2,30,1199,1,4
"2025000025400",2,9,19,4,0,0,1,3,-1,-1,-1,-1
"2025000025401",1,1,19,2,0,0,1,1,46,-1,-1,-1
"2025000025402",1,9,19,2,0,0,1,1,67,-1,-1,-1
"2025000025403",2,9,19,1,0,0,0,1,43,1500,2,1
"2025000025403",1,9,19,2,0,0,1,1,29,1968,2,15
"2025000025404",2,18,19,0,0,0,3,1,50,-1,-1,-1
"2025000025404",1,9,13,0,0,0,1,1,37,1500,2,1
"2025000025405",2,19,19,8,0,0,4,1,44,1499,2,7
"2025000025405",1,9,8,1,0,0,0,2,40,1968,2,13
"2025000025405",3,9,19,8,0,0,1,2,57,1199,1,3
"2025000025406",2,9,99,6,9,99,9,1,33,1995,2,9
"2025000025406",1,4,99,1,9,99,9,1,42,279,1,7
"2025000025407",1,9,19,8,0,0,1,1,17,999,1,7
"2025000025407",2,9,9,6,0,0,3,2,51,1998,1,4
"2025000025408",2,5,7,3,1,0,1,1,29,749,1,14
"2025000025408",1,9,19,4,0,0,1,2,43,1596,1,15
"2025000025409",1,9,3,0,0,0,2,1,40,1197,1,11
"2025000025409",2,9,19,0,0,0,1,1,28,1499,1,6
"2025000025410",2,9,3,1,0,0,2,1,27,1229,1,12
"2025000025410",1,19,3,1,0,0,1,1,43,2299,2,7
"2025000025411",1,9,9,1,0,0,4,1,77,2982,2,25
"2025000025411",2,3,19,5,1,0,1,1,40,1157,1,21
"2025000025412",2,9,15,8,5,10,1,2,28,1490,1,2
"2025000025412",1,9,10,8,0,0,4,2,29,1364,1,7
"2025000025413",2,3,3,0,0,0,1,2,52,125,1,8
"2025000025413",1,9,14,0,0,0,3,1,40,-1,3,2
"2025000025414",1,9,2,2,0,0,1,3,-1,-1,-1,-1
"2025000025415",3,9,19,0,0,0,3,1,76,1950,2,1
"2025000025415",2,9,19,0,2,0,3,2,25,1968,2,9
"2025000025415",1,9,13,0,2,0,1,1,29,1199,2,10
"2025000025415",4,9,19,0,0,0,3,1,54,1997,1,5
"2025000025416",1,9,7,1,0,0,1,1,88,1560,2,15
"2025000025416",2,1,19,8,0,0,2,2,45,-1,-1,-1
"2025000025417",1,9,7,3,0,0,4,1,46,-1,-1,-1
"2025000025417",2,1,19,1,0,0,3,1,18,-1,-1,-1
"2025000025418",1,9,9,8,0,0,1,3,-1,-1,-1,-1
"2025000025419",1,9,4,1,0,0,1,1,37,1388,1,17
"2025000025419",2,9,3,1,0,0,2,2,83,1248,1,12
"2025000025420",4,9,19,1,0,0,0,2,30,1299,1,21
"2025000025420",2,3,19,1,5,0,2,1,36,125,1,17
"2025000025420",3,19,3,1,0,0,0,1,46,1995,2,-1
"2025000025420",1,9,13,1,0,0,1,1,28,2979,1,18
"2025000025421",1,9,19,1,0,0,1,2,32,1956,2,6
"2025000025422",1,97,15,0,0,0,1,1,35,-1,-1,-1
"2025000025423",1,9,19,2,0,0,2,2,65,1968,2,2
"2025000025423",2,19,9,8,0,0,1,3,30,2198,2,10
"2025000025424",3,9,19,1,0,0,0,1,32,1332,1,3
"2025000025424",1,9,3,2,0,0,1,1,32,1984,1,14
"2025000025424",2,9,19,1,0,4,1,1,33,1598,1,10
"2025000025425",2,1,19,8,1,0,1,1,23,-1,-1,-1
"2025000025425",1,19,5,8,0,0,4,1,29,-1,3,1
"2025000025426",2,3,19,1,0,0,1,1,20,125,1,0
"2025000025426",1,9,10,1,0,0,2,1,32,-1,-1,-1
"2025000025427",1,9,9,6,0,0,1,1,49,1598,8,0
"2025000025427",2,90,19,1,0,0,1,1,58,-1,-1,-1
"2025000025428",2,9,19,1,0,0,1,1,21,1390,1,13
"2025000025428",1,9,9,6,0,0,1,2,39,999,1,1
"2025000025429",2,9,4,0,0,0,2,1,32,1968,2,2
"2025000025429",3,19,19,0,0,0,1,1,35,2143,2,4
"2025000025429",1,19,4,0,0,0,2,1,43,2998,2,7
"2025000025430",1,19,9,6,0,0,1,1,49,1995,2,5
"2025000025430",2,1,9,6,0,0,3,2,27,-1,-1,-1
"2025000025431",1,21,9,0,0,0,2,1,47,12777,2,2
"2025000025431",2,98,15,0,0,0,3,1,71,-1,-1,-1
"2025000025432",1,9,9,6,0,0,3,1,31,1956,2,14
"2025000025432",2,9,19,1,0,0,1,1,18,1242,1,16
"2025000025433",2,9,19,0,0,0,1,2,59,1395,8,4
"2025000025433",1,9,19,0,0,0,1,2,36,1968,2,9
"2025000025434",2,9,99,9,9,99,9,1,51,2360,1,14
"2025000025434",1,9,99,9,9,99,2,1,24,1580,8,6
"2025000025435",2,9,19,0,0,0,2,2,42,1199,1,1
"2025000025435",1,19,19,0,0,0,1,3,-1,2200,2,0
"2025000025436",2,1,19,1,2,0,1,1,33,-1,-1,-1
"2025000025436",1,9,9,8,0,0,1,2,57,998,1,16
"2025000025437",2,5,19,4,0,0,3,1,70,1450,1,21
"2025000025437",1,9,13,4,0,0,4,1,36,1229,1,19
"2025000025438",1,4,9,3,0,0,2,1,21,125,1,1
"2025000025438",2,9,5,4,0,0,1,2,-1,1798,8,3
"2025000025439",1,19,99,6,0,0,2,3,-1,-1,-1,-1
"2025000025440",1,9,19,4,0,9,1,1,20,1956,2,12
"2025000025441",1,90,6,0,0,0,1,1,25,-1,-1,-1
"2025000025441",2,9,4,0,0,0,1,1,23,1596,1,14
"2025000025442",2,1,19,8,0,0,4,2,65,-1,-1,-1
"2025000025442",1,9,7,6,0,0,1,1,-1,-1,-1,-1
"2025000025443",2,20,19,1,0,0,3,1,28,5132,2,1
"2025000025443",1,9,5,8,0,0,1,2,47,1598,1,7
"2025000025444",1,9,3,1,0,1,1,2,56,1991,1,7
"2025000025444",2,5,14,8,0,1,3,1,47,745,1,5
"2025000025445",1,9,99,9,9,99,1,1,42,1596,1,14
"2025000025445",2,9,99,9,9,99,2,3,-1,-1,-1,-1
"2025000025446",1,9,19,1,0,0,1,1,-1,-1,-1,-1
"2025000025446",2,9,3,1,0,0,2,1,28,-1,-1,-1
"2025000025447",2,4,19,0,0,7,1,1,31,125,1,5
"2025000025447",1,9,19,0,0,0,4,3,-1,-1,-1,-1
"2025000025448",1,3,19,0,0,0,1,1,40,125,1,1
"2025000025448",2,9,7,0,0,0,1,1,41,1968,2,6
"2025000025449",2,1,5,1,0,0,1,1,29,-1,-1,-1
"2025000025449",1,9,5,2,0,0,3,1,56,2402,2,13
"2025000025450",2,11,19,0,0,0,3,1,51,4461,2,6
"2025000025450",1,9,9,0,0,0,1,1,21,1796,1,17
"2025000025451",1,9,9,8,0,0,3,2,57,1242,1,10
"2025000025452",1,9,19,0,5,0,1,1,19,1995,2,12
"2025000025453",1,3,99,0,0,0,3,1,19,125,1,0
"2025000025453",2,9,99,0,0,0,4,1,-1,1998,8,6
"2025000025454",2,4,19,1,5,0,1,1,-1,259,1,6
"2025000025454",1,3,19,1,5,0,4,1,21,125,1,6
"2025000025454",3,21,19,2,0,0,3,1,28,6700,2,1
"2025000025455",2,9,3,1,0,0,2,2,33,1910,2,15
"2025000025455",1,9,10,1,0,0,2,1,75,1997,1,2
"2025000025455",3,9,19,1,0,0,1,1,92,1248,1,8
"2025000025456",1,19,9,8,0,0,1,1,60,1598,2,6
"2025000025457",1,9,19,8,0,0,3,1,33,1968,2,9
"2025000025457",2,9,19,6,0,0,1,1,34,1753,2,16
"2025000025458",1,9,19,0,0,0,1,1,32,2993,2,11
"2025000025459",2,9,15,0,0,0,4,2,74,1997,2,6
"2025000025459",1,1,19,0,0,0,1,1,74,-1,-1,-1
"2025000025460",1,9,19,0,0,0,1,1,36,898,1,3
"2025000025460",2,9,19,0,0,0,1,1,48,-1,-1,-1
"2025000025461",1,9,9,8,0,0,1,1,18,1242,1,9
"2025000025461",2,9,19,8,0,0,1,1,43,1364,2,15
"2025000025462",2,1,19,0,0,0,0,1,62,-1,-1,-1
"2025000025462",1,9,19,0,0,0,3,2,48,1560,2,12
"2025000025463",1,11,19,0,0,0,1,1,51,6700,2,3
"2025000025464",1,9,4,1,0,0,1,1,29,2993,2,17
"2025000025464",2,9,4,1,0,0,2,2,54,1560,2,11
"2025000025465",1,9,19,0,0,0,1,2,51,1596,1,9
"2025000025465",2,9,19,0,0,0,1,2,40,1199,1,2
"2025000025466",1,9,4,0,0,0,1,1,18,1229,1,11
"2025000025466",2,9,3,0,0,0,2,3,70,1560,2,11
"2025000025467",1,5,19,0,1,0,3,1,20,600,1,11
"2025000025468",1,9,13,0,0,0,2,1,43,1950,12,3
"2025000025468",2,9,19,0,0,0,1,1,32,2494,1,23
"2025000025469",2,9,99,9,9,99,9,3,-1,1240,1,19
"2025000025469",1,3,99,9,9,99,9,3,24,125,1,3
"2025000025470",1,9,19,8,0,0,3,2,40,998,1,16
"2025000025470",2,9,19,8,0,0,4,1,73,1333,1,3
"2025000025471",1,19,19,1,0,0,1,1,64,1598,2,7
"2025000025471",2,9,3,1,0,0,2,2,47,1108,1,20
"2025000025472",2,9,9,8,0,0,4,1,57,1388,1,13
"2025000025472",1,11,19,8,0,0,1,1,53,5132,2,3
"2025000025473",1,19,19,1,0,0,1,3,-1,1995,2,3
"2025000025473",2,9,3,1,0,0,1,2,41,1461,2,4
"2025000025474",1,5,19,2,0,0,1,1,74,1133,1,2
"2025000025474",2,11,19,1,0,0,3,1,53,-1,-1,-1
"2025000025475",1,9,5,6,0,0,3,1,27,1791,8,11
"2025000025475",2,3,19,8,0,0,1,1,20,125,1,3
"2025000025476",1,3,99,9,9,99,9,3,-1,-1,-1,-1
"2025000025477",1,1,19,0,0,0,1,1,38,-1,-1,-1
"2025000025477",2,9,3,0,0,0,2,1,43,998,1,9
"2025000025478",2,9,19,8,0,0,4,1,-1,1200,1,2
"2025000025478",1,9,19,8,0,0,1,1,36,2967,2,8
"2025000025479",2,9,3,1,0,0,2,2,55,1994,1,19
"2025000025479",1,9,5,1,0,0,1,2,49,998,1,4
"2025000025480",2,-1,19,2,0,0,3,1,26,-1,-1,-1
"2025000025480",1,9,5,6,0,0,1,1,23,1995,2,10
"2025000025481",1,9,19,0,0,0,1,1,75,1398,2,8
"2025000025482",5,9,19,0,0,0,1,1,43,999,1,6
"2025000025482",2,9,19,0,0,0,2,1,45,1364,2,12
"2025000025482",3,9,19,0,0,0,1,1,23,-1,-1,-1
"2025000025482",1,9,11,0,0,0,0,3,-1,-1,-1,-1
"2025000025482",6,19,19,0,0,0,1,1,22,1995,2,2
"2025000025482",4,9,19,0,0,0,1,1,31,999,1,6
"2025000025483",1,3,19,8,0,0,1,1,43,125,1,6
"2025000025483",2,9,19,6,0,0,3,2,-1,1995,2,10
"2025000025484",1,9,19,2,1,7,1,1,47,-1,-1,-1
"2025000025485",1,9,19,1,0,0,4,2,34,1198,1,8
"2025000025485",2,9,7,6,0,0,1,2,76,1240,1,12
"2025000025486",2,9,2,0,0,0,2,-1,-1,998,8,2
"2025000025486",3,9,2,0,0,0,2,-1,-1,1900,2,18
"2025000025486",1,9,14,0,5,0,4,1,37,1200,1,3
"2025000025487",1,11,19,8,0,0,1,1,74,6700,2,1
"2025000025487",2,98,9,8,0,0,1,1,33,-1,-1,-1
"2025000025488",1,9,19,0,1,0,3,2,58,996,1,12
"2025000025489",2,9,99,9,9,99,1,3,39,-1,-1,-1
"2025000025489",1,1,99,9,9,99,9,2,43,-1,-1,-1
"2025000025490",1,9,-1,-1,0,0,-1,3,-1,2993,2,4
"2025000025491",2,9,19,0,0,0,3,1,45,999,1,2
"2025000025491",1,9,19,0,0,0,3,1,53,1499,1,3
"2025000025492",1,9,19,8,0,0,1,1,30,1968,2,5
"2025000025492",2,9,1,5,0,0,3,2,33,1390,1,13
"2025000025493",2,1,11,1,0,0,2,1,39,-1,-1,-1
"2025000025493",1,9,7,4,0,0,1,1,37,1995,2,9
"2025000025494",2,1,5,1,0,0,3,1,36,-1,-1,-1
"2025000025494",1,3,9,1,0,0,4,1,39,125,1,6
"2025000025495",2,5,7,1,0,0,1,1,57,805,1,22
"2025000025495",1,9,9,6,0,0,3,1,64,1796,1,6
"2025000025496",2,9,4,0,0,0,2,1,40,1997,2,5
"2025000025496",1,9,19,0,1,0,1,1,55,2993,2,3
"2025000025497",1,9,99,9,9,99,1,3,88,1798,8,2
"2025000025498",2,9,19,7,0,0,1,1,51,1399,2,14
"2025000025498",1,9,4,1,0,0,2,1,31,1560,2,5
"2025000025499",2,5,19,3,1,0,3,1,33,999,1,2
"2025000025499",1,9,19,3,0,0,4,1,19,1598,2,11
"2025000025500",3,21,19,1,0,0,3,1,32,12742,2,3
"2025000025500",1,19,9,1,0,0,1,1,37,1499,2,3
"2025000025500",2,9,19,1,0,0,1,2,52,-1,3,0
"2025000025501",1,9,9,6,0,0,1,1,49,1461,2,7
"2025000025501",2,1,19,8,0,0,1,2,49,-1,-1,-1
"2025000025502",2,1,14,0,0,0,1,1,31,-1,-1,-1
"2025000025502",1,9,6,0,0,0,3,1,66,1198,1,6
"2025000025503",1,9,19,3,0,0,3,1,40,1398,2,8
"2025000025504",2,4,19,0,1,0,1,1,27,125,1,3
"2025000025504",1,9,6,0,0,0,3,1,42,1580,8,4
"2025000025505",1,9,19,0,0,0,1,1,75,999,1,3
"2025000025505",2,20,19,0,0,0,3,2,35,-1,-1,-1
"2025000025506",1,11,19,0,0,0,1,1,56,4500,2,2
"2025000025506",3,9,19,0,0,0,2,2,51,1496,1,0
"2025000025506",2,9,19,0,0,0,2,2,49,1598,1,8
"2025000025507",1,9,14,0,0,0,1,2,-1,1995,2,5
"2025000025508",1,9,19,8,0,0,4,1,22,1596,1,8
"2025000025508",2,9,5,7,0,0,1,3,-1,-1,-1,-1
"2025000025509",1,9,4,0,0,0,1,1,43,1598,1,14
"2025000025510",1,9,9,6,0,0,3,1,30,1560,2,16
"2025000025510",4,2,19,1,0,0,1,1,16,49,1,2
"2025000025511",1,9,4,0,0,0,1,2,78,998,1,7
"2025000025511",3,9,4,0,0,0,2,1,19,1229,1,15
"2025000025511",2,9,4,0,0,0,2,2,31,1398,1,12
"2025000025512",1,9,19,0,1,0,1,1,26,1364,1,14
"2025000025513",2,11,19,0,0,0,1,1,69,4580,2,15
"2025000025513",1,90,19,0,0,0,4,2,55,-1,-1,-1
"2025000025514",1,9,11,0,0,0,0,3,-1,-1,-1,-1
"2025000025514",2,9,19,0,0,7,3,1,32,1422,2,19
"2025000025515",1,9,19,0,0,0,3,1,75,2487,8,3
"2025000025515",2,3,19,0,0,0,4,1,40,125,1,5
"2025000025516",2,9,4,0,0,0,2,2,27,1984,1,16
"2025000025516",1,9,19,0,0,0,1,1,45,1422,2,18