"collision_index","vehicle_reference","vehicle_type","vehicle_manoeuvre","junction_location","skidding_and_overturning","hit_object_in_carriageway","first_point_of_impact","sex_of_driver","age_of_driver","engine_capacity_cc","propulsion_code","age_of_vehicle"
"2025000025517",1,-1,19,8,0,0,1,3,-1,-1,-1,-1
"2025000025517",2,1,19,6,0,0,1,1,32,-1,-1,-1
"2025000025518",1,9,19,1,0,0,1,1,24,2143,2,10
"2025000025518",2,9,9,1,0,0,2,2,19,998,1,6
"2025000025519",2,3,15,1,0,0,4,1,27,125,1,1
"2025000025519",1,9,9,5,0,0,3,1,34,1988,1,17
"2025000025520",1,1,19,8,0,0,2,1,20,-1,-1,-1
"2025000025520",2,9,9,8,0,0,1,1,32,-1,-1,-1
"2025000025521",1,9,7,5,0,0,4,1,56,1329,1,13
"2025000025521",2,1,19,8,0,0,1,1,16,-1,-1,-1
"2025000025522",3,9,3,0,0,0,0,1,58,1360,1,12
"2025000025522",2,5,19,0,1,0,1,1,55,790,1,18
"2025000025522",1,9,15,0,0,0,4,1,22,1200,1,2
"2025000025523",2,1,7,6,5,0,3,1,16,-1,-1,-1
"2025000025523",1,9,9,8,0,0,1,1,53,1598,2,5
"2025000025524",3,9,19,1,0,0,0,1,29,1984,1,4
"2025000025524",2,1,19,8,0,0,3,1,22,-1,-1,-1
"2025000025524",1,9,19,1,0,0,1,1,27,2993,2,1
"2025000025525",1,9,19,1,1,0,1,2,42,1997,2,6
"2025000025526",3,8,19,8,0,0,4,1,41,1560,2,7
"2025000025526",2,21,19,8,0,0,4,1,49,-1,-1,-1
"2025000025526",1,9,11,8,1,0,1,1,24,1995,2,15
"2025000025527",2,9,99,9,9,99,9,3,-1,1329,1,10
"2025000025527",1,3,99,9,9,99,9,3,23,125,1,2
"2025000025528",1,9,19,1,1,0,1,2,31,1298,1,20
"2025000025528",2,9,5,6,0,7,4,2,24,1086,1,13
"2025000025529",2,19,19,0,0,0,3,3,30,-1,-1,-1
"2025000025529",1,9,19,0,0,0,3,1,45,-1,-1,-1
"2025000025530",2,8,9,8,0,0,0,3,-1,-1,-1,-1
"2025000025530",1,11,19,8,0,0,0,3,-1,6700,2,5
"2025000025531",1,9,19,4,0,0,1,1,75,1587,1,13
"2025000025531",2,1,19,8,0,0,4,1,48,-1,-1,-1
"2025000025532",5,19,19,0,0,0,0,1,57,1995,2,4
"2025000025532",4,19,19,0,0,0,1,1,33,1995,2,5
"2025000025532",1,9,12,0,0,0,2,1,21,999,1,6
"2025000025532",2,9,19,0,0,0,1,2,29,1984,1,11
"2025000025532",3,9,11,0,0,0,2,1,21,999,1,8
"2025000025533",2,9,4,0,0,0,2,1,56,3199,1,20
"2025000025533",1,9,19,0,0,0,1,1,24,2488,2,17
"2025000025534",2,4,19,0,0,0,3,1,22,498,1,30
"2025000025534",1,9,6,0,0,0,4,1,19,-1,-1,-1
"2025000025535",1,9,19,0,0,0,2,2,66,1560,2,6
"2025000025535",2,3,19,0,0,0,1,1,32,124,1,12
"2025000025536",2,9,1,0,0,0,0,1,45,-1,-1,-1
"2025000025536",1,9,19,0,0,0,1,1,57,1560,2,14
"2025000025537",2,1,19,1,0,0,3,1,27,-1,-1,-1
"2025000025537",1,9,9,1,0,0,1,1,32,1596,1,15
"2025000025538",1,9,19,0,0,0,1,1,53,1399,2,15
"2025000025539",1,9,99,9,9,99,2,1,25,1595,1,10
"2025000025539",2,9,99,9,9,99,1,3,-1,1499,2,7
"2025000025540",2,11,2,0,0,0,0,1,-1,8268,2,20
"2025000025540",1,9,14,0,0,0,1,1,69,1998,1,1
"2025000025541",1,9,9,6,0,0,3,2,37,1595,1,3
"2025000025541",2,1,19,1,0,0,1,1,31,-1,-1,-1
"2025000025542",1,1,99,9,9,99,2,1,18,-1,-1,-1
"2025000025542",2,9,99,9,9,99,2,3,-1,1598,1,7
"2025000025543",2,9,9,6,0,0,1,2,66,998,1,3
"2025000025543",1,9,19,8,0,0,1,2,62,1984,1,12
"2025000025544",1,19,19,0,0,0,3,1,40,1997,2,5
"2025000025545",1,9,19,0,1,0,1,1,29,2993,2,5
"2025000025546",1,9,15,0,0,0,1,2,52,1598,1,8
"2025000025547",2,9,19,0,0,0,2,1,65,998,1,7
"2025000025547",1,9,19,0,0,0,1,3,-1,-1,-1,-1
"2025000025548",1,11,4,0,0,0,0,1,51,-1,3,0
"2025000025549",4,21,10,0,0,0,0,1,40,12902,2,7
"2025000025549",1,9,19,0,0,0,1,2,46,1395,1,7
"2025000025549",3,9,19,0,0,0,0,2,28,999,1,5
"2025000025549",2,9,19,0,0,0,2,2,40,2143,2,8
"2025000025550",2,1,3,1,0,0,1,1,22,-1,-1,-1
"2025000025550",1,9,10,2,0,0,1,1,44,1984,1,20
"2025000025551",1,9,19,0,1,4,4,1,78,1987,8,2
"2025000025551",2,9,2,0,0,0,3,-1,-1,1461,2,11
"2025000025552",1,9,9,1,0,0,1,1,66,-1,-1,-1
"2025000025552",2,3,19,1,0,0,1,1,64,125,1,3
"2025000025553",2,9,19,0,0,0,0,1,28,1969,8,1
"2025000025553",1,9,19,0,0,4,1,1,32,1388,1,20
"2025000025553",4,9,2,0,0,10,1,3,-1,1498,8,2
"2025000025553",3,9,2,0,0,4,2,3,-1,1799,1,16
"2025000025554",2,9,15,0,0,0,3,2,48,2179,2,11
"2025000025554",3,9,2,0,0,0,4,3,-1,1998,1,6
"2025000025554",1,9,15,0,0,0,3,1,24,999,1,2
"2025000025555",2,9,4,1,0,0,2,1,50,1580,8,3
"2025000025555",1,9,4,1,0,0,2,3,26,1969,2,6
"2025000025555",3,9,19,1,0,0,1,1,-1,1984,1,10
"2025000025556",1,9,19,0,1,10,1,1,19,1395,1,9
"2025000025557",1,8,10,9,9,99,4,1,44,1998,8,6
"2025000025557",2,19,99,9,9,99,9,3,-1,-1,-1,-1
"2025000025558",1,11,19,9,0,0,0,1,49,5132,2,6
"2025000025559",1,19,19,0,0,0,1,3,-1,1753,2,15
"2025000025560",2,5,19,1,0,0,1,1,55,599,1,23
"2025000025560",1,9,9,1,0,0,4,1,43,1580,8,2
"2025000025561",2,9,9,1,0,0,1,2,-1,1349,1,10
"2025000025561",1,9,19,1,0,0,1,2,62,1198,1,12
"2025000025562",1,19,6,2,0,0,1,3,-1,1753,2,17
"2025000025562",2,9,19,2,0,0,1,1,39,1797,8,11
"2025000025563",1,3,19,1,0,0,1,1,55,108,1,12
"2025000025564",5,9,4,0,0,0,2,1,38,1798,8,3
"2025000025564",1,98,4,0,0,0,1,1,67,-1,-1,-1
"2025000025564",2,19,4,0,0,0,1,1,55,2198,2,5
"2025000025564",4,9,4,0,0,0,1,1,64,1798,8,0
"2025000025564",3,9,4,0,0,0,1,2,52,2400,2,8
"2025000025565",2,9,3,0,0,0,2,2,64,1198,1,7
"2025000025565",1,9,19,0,0,0,1,3,23,1598,1,17
"2025000025566",1,19,19,4,0,0,4,1,41,1870,2,16
"2025000025566",2,9,19,4,0,0,1,2,35,1997,2,23
"2025000025567",1,9,9,6,0,0,1,3,17,-1,-1,-1
"2025000025568",2,9,2,0,0,0,2,2,21,999,1,7
"2025000025568",1,9,4,0,0,0,1,2,26,2000,2,18
"2025000025569",1,9,99,9,9,99,9,3,-1,-1,-1,-1
"2025000025570",1,1,19,8,0,0,3,1,78,-1,-1,-1
"2025000025570",2,9,9,8,0,0,1,1,22,1329,1,4
"2025000025571",1,19,19,2,0,0,1,1,52,1995,2,14
"2025000025572",1,9,99,0,0,0,9,3,-1,2149,2,14
"2025000025572",2,9,19,0,0,0,9,1,26,1995,2,5
"2025000025573",1,11,5,0,0,0,4,1,60,11967,2,13
"2025000025574",2,9,5,6,0,0,1,1,41,1968,2,8
"2025000025574",1,-1,19,8,0,0,1,1,27,-1,-1,-1
"2025000025575",1,11,4,2,0,0,0,1,42,9360,2,10
"2025000025576",1,9,9,0,0,0,1,2,72,1497,8,1
"2025000025576",2,9,19,0,1,0,3,2,56,1595,1,5
"2025000025577",1,9,-1,-1,-1,-1,-1,1,-1,3199,1,18
"2025000025577",2,9,-1,-1,-1,-1,-1,2,52,1995,2,7
"2025000025578",2,9,19,0,0,0,1,2,43,1598,1,19
"2025000025578",1,9,19,0,1,0,1,2,20,998,1,1
"2025000025579",1,5,19,0,0,0,1,1,45,1352,1,12
"2025000025580",2,19,1,1,0,0,2,1,63,2143,2,8
"2025000025580",1,3,3,1,0,0,1,1,36,998,1,17
"2025000025581",1,5,19,0,0,0,1,1,44,749,1,13
"2025000025581",2,9,12,0,0,0,2,1,18,1242,1,14
"2025000025582",2,1,4,1,0,0,1,1,33,-1,-1,-1
"2025000025582",1,9,19,1,0,0,3,1,49,999,1,6
"2025000025583",1,8,5,0,0,0,4,1,-1,-1,-1,-1
"2025000025584",1,9,19,0,2,0,1,1,33,1995,2,17
"2025000025585",2,1,19,8,0,0,1,2,55,-1,-1,-1
"2025000025585",1,9,9,1,0,0,1,2,52,1499,2,3
"2025000025586",2,9,9,1,0,0,-1,1,19,1199,1,3
"2025000025586",1,9,19,1,0,0,-1,3,-1,1199,1,0
"2025000025587",2,4,19,8,0,0,1,1,51,749,1,25
"2025000025587",1,20,9,8,0,0,1,1,55,-1,-1,-1
"2025000025588",1,9,19,0,1,0,1,1,26,1398,1,4
"2025000025589",1,19,19,0,1,0,1,1,31,2143,2,6
"2025000025590",2,9,19,1,0,0,3,2,56,1591,1,3
"2025000025590",1,2,2,1,0,0,4,1,25,125,1,7
"2025000025591",1,-1,19,0,0,0,1,1,16,-1,-1,-1
"2025000025592",1,21,19,0,0,0,1,1,33,7698,2,1
"2025000025592",2,21,19,0,0,0,2,1,30,12742,2,5
"2025000025592",3,9,19,0,0,0,2,2,54,1499,8,3
"2025000025593",1,11,5,1,0,0,0,1,41,5132,2,5
"2025000025594",1,9,19,0,2,0,1,1,18,1248,2,9
"2025000025595",2,9,9,1,0,0,3,1,36,1598,2,8
"2025000025595",1,9,15,1,0,0,1,1,30,-1,-1,-1
"2025000025596",1,9,19,0,0,0,1,2,30,1560,2,12
"2025000025597",1,9,6,8,0,0,1,1,43,1198,1,8
"2025000025597",2,3,15,8,0,0,1,1,42,125,1,2
"2025000025598",1,9,9,0,0,0,1,2,46,1596,1,12
"2025000025598",2,4,14,0,0,0,4,1,43,350,1,1
"2025000025599",2,1,19,8,0,0,4,2,21,-1,-1,-1
"2025000025599",1,9,19,4,0,0,1,1,41,-1,-1,-1
"2025000025600",1,9,5,6,0,0,1,2,58,-1,3,2
"2025000025601",2,9,7,6,0,0,1,1,31,1388,1,18
"2025000025601",1,9,3,2,0,0,2,2,61,1591,1,7
"2025000025602",1,9,-1,0,-1,-1,-1,2,-1,1995,2,3
"2025000025602",2,1,-1,0,-1,-1,-1,1,30,-1,-1,-1
"2025000025603",1,11,9,2,0,0,0,1,63,6700,2,5
"2025000025604",1,4,19,0,1,0,0,1,72,125,1,17
"2025000025605",3,9,19,1,1,0,1,2,65,1998,2,1
"2025000025605",2,8,3,1,0,0,2,1,21,1797,8,10
"2025000025605",1,9,3,1,0,0,2,1,63,1796,1,16
"2025000025606",1,9,19,0,0,0,1,1,81,1318,1,1
"2025000025606",2,9,4,0,0,0,2,1,18,998,1,5
"2025000025606",3,9,4,0,0,0,2,1,42,1995,2,14
"2025000025607",2,1,5,0,0,0,1,1,50,-1,-1,-1
"2025000025607",1,9,19,0,0,0,1,1,18,1248,1,5
"2025000025608",1,9,19,0,0,0,2,1,45,-1,-1,-1
"2025000025608",2,9,19,0,0,0,1,1,51,1199,1,10
"2025000025609",1,8,5,1,0,0,3,1,40,1797,8,12
"2025000025609",2,9,14,1,0,4,4,2,18,1198,1,9
"2025000025610",1,1,9,0,0,0,4,1,50,-1,-1,-1
"2025000025610",2,9,15,0,0,0,3,1,-1,-1,-1,-1
"2025000025611",1,21,5,0,0,0,1,1,28,6700,2,2
"2025000025611",2,19,19,0,0,0,4,1,50,1248,2,4
"2025000025612",1,1,7,8,0,0,1,1,12,-1,-1,-1
"2025000025612",2,9,9,8,0,0,3,1,55,1796,1,13
"2025000025613",1,9,19,0,0,0,1,2,29,996,1,12
"2025000025613",2,9,2,0,0,0,2,1,35,1598,2,3
"2025000025614",1,3,4,1,0,0,1,1,17,125,1,2
"2025000025614",2,9,4,1,0,0,2,2,18,1197,1,11
"2025000025615",1,9,19,0,1,0,1,1,43,1560,2,7
"2025000025615",2,9,19,0,0,0,1,2,41,1968,2,10
"2025000025616",1,9,19,1,0,0,1,2,32,1390,1,11
"2025000025616",2,9,-1,4,0,0,2,1,-1,-1,-1,-1
"2025000025617",1,9,19,0,0,0,1,1,45,-1,-1,-1
"2025000025618",1,9,9,2,0,0,1,1,29,1598,2,11
"2025000025619",2,9,19,8,0,0,1,1,66,998,1,2
"2025000025619",1,9,9,8,0,0,4,1,19,1229,1,7
"2025000025620",1,9,19,0,0,0,4,3,-1,-1,-1,-1
"2025000025621",2,9,19,1,0,0,1,1,36,1995,2,12
"2025000025621",1,21,9,5,0,0,1,1,63,4462,2,10
"2025000025622",2,9,19,1,0,0,2,3,-1,1969,2,6
"2025000025622",1,9,19,1,0,0,1,1,39,1995,2,9
"2025000025623",1,9,19,1,5,0,1,1,38,1598,2,9
"2025000025624",1,9,4,0,0,0,4,1,35,1399,2,13
"2025000025625",1,9,13,0,0,0,0,2,54,1796,1,14
"2025000025625",2,5,19,0,0,0,4,1,60,1262,1,5
"2025000025625",3,4,19,0,0,0,3,1,59,659,1,2
"2025000025626",2,9,-1,0,1,0,3,2,60,-1,-1,-1
"2025000025626",1,9,13,0,1,0,1,1,45,1896,2,19
"2025000025627",1,9,19,2,0,4,4,1,48,2987,2,12
"2025000025627",3,9,2,2,0,0,2,1,32,1339,1,13
"2025000025627",2,9,2,2,0,4,2,1,49,1299,1,16
"2025000025628",1,9,9,6,0,0,3,1,20,1995,2,17
"2025000025628",2,1,19,8,0,0,1,1,32,-1,-1,-1
"2025000025629",1,9,5,0,0,0,1,1,76,1968,2,11
"2025000025629",2,1,19,0,0,0,1,1,42,-1,-1,-1
"2025000025630",1,9,7,6,0,0,1,1,-1,-1,-1,-1
"2025000025631",1,19,19,0,0,0,4,1,34,2198,2,8
"2025000025632",1,9,19,0,5,0,1,1,24,1396,1,7
"2025000025633",1,9,19,2,0,0,4,3,-1,-1,-1,-1
"2025000025634",2,1,19,0,0,0,3,1,18,-1,-1,-1
"2025000025634",1,9,19,0,0,7,1,2,80,1197,1,11
"2025000025635",2,9,19,1,0,0,1,3,-1,-1,-1,-1
"2025000025635",1,1,19,1,0,0,1,1,22,-1,-1,-1
"2025000025636",2,9,19,1,0,0,2,1,22,1598,2,5
"2025000025636",3,19,2,1,0,0,4,1,-1,1995,2,3
"2025000025636",1,9,19,2,0,0,1,1,-1,1248,1,2
"2025000025637",1,9,19,0,2,0,1,1,34,1399,1,16
"2025000025638",1,19,19,0,0,0,4,1,57,1997,2,2
"2025000025639",2,9,7,6,0,0,1,1,-1,1997,1,16
"2025000025639",1,9,9,5,0,0,2,1,36,1329,1,6
"2025000025640",1,9,19,0,2,7,4,1,23,1995,2,11
"2025000025641",1,9,5,6,0,0,1,2,73,-1,-1,-1
"2025000025641",2,1,19,8,0,0,3,2,40,-1,-1,-1
"2025000025642",2,9,10,1,0,0,2,1,66,1390,1,8
"2025000025642",1,9,19,1,0,0,1,2,69,1398,1,9
"2025000025643",1,9,99,1,0,0,4,2,30,1686,2,13
"2025000025643",2,9,5,1,0,0,4,3,-1,-1,-1,-1
"2025000025644",2,9,19,6,0,0,1,1,85,1596,1,11
"2025000025644",1,9,19,8,0,0,3,1,52,1798,8,8
"2025000025645",4,20,8,2,0,0,3,1,41,4485,2,8
"2025000025645",3,9,19,1,0,0,3,2,54,2987,2,12
"2025000025645",2,9,10,1,0,0,2,2,57,1596,1,12
"2025000025645",1,9,14,1,0,0,1,2,37,2143,2,6
"2025000025646",1,19,19,8,0,0,1,1,37,2198,2,7
"2025000025646",2,5,19,8,0,0,1,1,23,649,1,1
"2025000025647",2,20,19,8,0,0,1,1,56,4500,2,4
"2025000025647",1,9,9,8,0,0,4,2,22,998,1,4
"2025000025648",1,9,3,1,0,0,2,1,41,998,1,8
"2025000025648",2,9,19,1,0,0,1,1,60,1560,2,15
"2025000025649",4,9,19,2,0,0,1,2,25,1390,1,13
"2025000025649",1,3,19,8,1,0,1,1,18,124,1,11
"2025000025649",2,9,7,8,1,0,0,2,79,2487,8,1
"2025000025649",3,9,4,2,0,0,2,1,35,1998,1,22
"2025000025650",1,9,19,1,0,0,1,1,65,1360,1,15
"2025000025651",1,11,9,5,0,0,0,2,51,6692,2,10
"2025000025652",1,9,5,1,0,0,1,2,43,1560,2,14
"2025000025652",2,1,5,1,0,0,2,2,29,-1,-1,-1
"2025000025653",1,5,19,1,5,0,3,1,70,1133,1,4
"2025000025654",1,9,9,8,0,0,3,1,30,1591,1,14
"2025000025654",2,11,19,1,0,0,4,1,49,4461,2,8
"2025000025655",1,9,11,1,0,10,1,2,32,2894,1,1
"2025000025656",2,9,99,2,9,99,1,3,-1,1995,2,1
"2025000025656",1,9,99,5,9,99,2,1,44,1969,2,4
"2025000025656",3,9,99,2,9,99,2,3,-1,1598,1,12
"2025000025657",1,1,99,9,9,99,9,1,37,-1,-1,-1
"2025000025657",2,9,99,9,9,99,9,1,-1,1995,2,7
"2025000025658",1,9,19,0,1,0,3,1,27,-1,-1,-1
"2025000025659",1,9,9,6,0,0,4,1,55,4999,1,0
"2025000025659",2,1,9,5,0,0,1,1,42,-1,-1,-1
"2025000025660",1,1,19,8,0,0,3,1,31,-1,-1,-1
"2025000025660",2,9,7,5,0,0,4,2,39,1397,1,15
"2025000025661",1,9,19,0,0,0,2,1,65,1498,1,4
"2025000025661",2,9,19,0,0,0,1,1,49,3996,1,0
"2025000025662",1,9,8,1,0,0,4,1,55,1498,1,4
"2025000025662",2,1,19,1,0,0,1,1,14,-1,-1,-1
"2025000025663",1,9,10,6,0,0,1,1,50,1591,1,4
"2025000025663",2,9,9,5,0,0,3,1,40,1364,1,17
"2025000025664",1,11,5,1,0,0,0,1,26,9000,2,10
"2025000025665",1,9,19,8,0,0,1,2,59,1560,2,16
"2025000025666",1,9,19,0,0,0,3,1,70,1968,2,10
"2025000025667",1,9,19,8,0,0,4,3,-1,-1,-1,-1
"2025000025668",2,1,19,1,0,0,1,1,55,-1,-1,-1
"2025000025668",1,9,5,2,0,0,1,2,27,999,1,1
"2025000025669",1,9,19,8,0,0,1,1,67,2179,2,14
"2025000025670",1,9,19,0,1,0,1,3,-1,-1,-1,-1
"2025000025670",2,9,19,0,0,0,0,1,43,1498,1,2
"2025000025671",1,9,19,4,0,0,1,2,39,-1,-1,-1
"2025000025671",2,9,19,8,0,0,4,2,24,-1,-1,-1
"2025000025672",1,9,19,0,1,0,1,1,18,1984,1,2
"2025000025672",2,9,19,0,0,0,1,2,45,1968,2,9
"2025000025673",1,9,19,0,0,0,3,1,76,3996,1,3
"2025000025674",4,21,19,0,0,0,0,3,-1,12777,2,2
"2025000025674",1,21,11,0,0,0,1,2,24,12419,2,5
"2025000025674",2,9,19,0,0,0,3,2,36,1598,1,14
"2025000025674",3,9,19,0,0,0,1,1,39,2143,2,4
"2025000025675",1,9,9,1,0,0,1,2,47,1994,2,12
"2025000025676",1,19,19,0,0,0,1,1,21,2299,2,5
"2025000025676",2,9,19,0,0,0,1,1,66,1560,2,13
"2025000025677",2,9,9,1,0,0,2,2,27,1199,1,1
"2025000025677",1,9,9,6,0,0,1,3,-1,1896,2,19
"2025000025678",2,9,19,1,0,0,4,1,22,-1,-1,-1
"2025000025678",1,9,9,1,0,0,1,1,74,1242,1,7
"2025000025679",1,1,99,9,9,99,1,2,33,-1,-1,-1
"2025000025679",2,9,99,9,9,99,9,2,26,1498,1,1
"2025000025680",1,9,19,8,0,0,1,1,35,1969,8,2
"2025000025680",2,9,19,8,0,0,1,2,63,-1,-1,-1
"2025000025681",2,21,2,8,0,0,3,1,35,12740,2,7
"2025000025681",1,9,19,8,0,4,1,1,27,-1,-1,-1
"2025000025682",1,9,12,0,1,10,1,1,52,998,1,1
"2025000025683",1,19,19,4,0,0,3,1,52,1598,2,4
"2025000025683",2,9,19,8,0,0,4,1,26,1968,2,10
"2025000025684",1,9,7,1,0,0,1,1,43,1349,1,13
"2025000025685",2,9,4,0,0,0,2,1,49,1968,2,4
"2025000025685",1,21,19,0,0,0,1,1,29,9186,2,9
"2025000025686",2,9,19,0,0,0,1,1,20,1388,1,19
"2025000025686",1,9,19,0,0,0,1,1,47,1560,2,9
"2025000025687",1,9,19,0,0,0,4,1,37,1968,2,12
"2025000025688",1,9,5,1,0,0,1,2,76,1580,8,2
"2025000025689",1,9,19,0,5,0,1,1,24,1998,1,27
"2025000025690",2,9,19,1,0,0,1,1,37,1499,2,3
"2025000025690",1,9,9,8,0,0,4,1,39,1796,1,18
"2025000025691",2,19,19,0,0,0,4,1,53,1499,2,0
"2025000025691",1,9,19,0,0,0,4,1,54,1998,8,5
"2025000025691",3,19,12,0,0,0,1,3,-1,-1,-1,-1
"2025000025692",100,9,5,6,0,0,1,3,-1,-1,-1,-1
"2025000025693",2,19,8,1,0,0,2,1,50,1968,2,2
"2025000025693",1,9,4,1,0,0,1,2,30,998,1,6
"2025000025694",1,11,19,2,0,0,4,3,-1,-1,-1,-1
"2025000025695",2,9,4,0,0,0,2,2,50,1197,1,6
"2025000025695",1,9,4,0,0,0,1,2,28,1086,1,15
"2025000025696",2,1,19,8,0,0,3,1,31,-1,-1,-1
"2025000025696",1,9,19,8,0,0,1,3,-1,1242,1,13
"2025000025697",2,21,11,0,0,0,1,3,-1,12419,2,5
"2025000025697",1,19,19,0,0,0,2,1,39,1995,2,0
"2025000025698",2,3,19,8,0,0,1,1,56,-1,-1,-1
"2025000025698",1,9,7,6,0,0,2,1,68,1360,1,18
"2025000025699",1,11,19,8,0,0,1,1,60,-1,-1,-1
"2025000025699",2,9,7,6,0,0,3,2,37,1997,2,10
"2025000025700",1,9,8,1,0,0,2,2,30,1597,2,9
"2025000025700",2,19,7,1,0,0,1,1,36,1499,2,0
"2025000025701",1,11,5,4,0,0,0,1,31,7300,2,13
"2025000025702",1,9,19,8,0,0,3,1,41,1364,1,5
"2025000025702",2,9,9,8,0,0,1,1,-1,-1,-1,-1
"2025000025703",2,8,19,0,0,0,0,3,-1,-1,-1,-1
"2025000025703",1,5,19,0,1,0,0,1,41,999,1,16
"2025000025704",1,9,14,1,0,0,1,1,44,998,1,8
"2025000025705",2,9,5,6,0,0,1,2,-1,1598,2,7
"2025000025705",1,9,19,8,0,0,4,2,50,1956,2,6
"2025000025706",2,9,19,0,0,1,1,2,48,1560,2,3
"2025000025706",4,9,19,0,0,1,1,1,40,2191,2,3
"2025000025706",3,9,19,0,0,1,1,2,60,1332,1,0
"2025000025706",1,21,19,0,0,6,1,1,58,15607,2,14
"2025000025707",2,9,9,5,5,0,1,2,67,1329,1,11
"2025000025707",3,9,19,1,0,0,0,2,20,1328,1,12
"2025000025707",4,9,19,1,0,0,0,1,39,1896,2,17
"2025000025707",1,9,13,1,0,0,1,1,36,1969,1,6
"2025000025708",1,1,19,1,0,0,1,1,31,-1,-1,-1
"2025000025708",2,9,8,1,0,0,2,1,61,1200,1,5
"2025000025709",1,3,99,9,9,99,2,1,32,125,1,5
"2025000025709",2,9,99,9,9,99,9,1,35,1499,1,6
"2025000025710",2,9,19,8,0,0,1,1,29,1242,1,9
"2025000025710",1,9,9,8,0,0,1,3,30,1461,2,10
"2025000025711",2,1,19,0,0,0,1,1,14,-1,-1,-1
"2025000025711",1,9,5,0,0,0,1,1,22,1995,2,9
"2025000025712",1,9,1,0,0,0,2,3,40,-1,-1,-1
"2025000025713",1,9,19,1,0,0,4,1,56,-1,-1,-1
"2025000025714",2,1,19,8,0,0,4,2,43,-1,-1,-1
"2025000025714",1,9,5,4,0,0,1,1,38,1560,2,11
"2025000025715",1,9,19,0,1,0,1,1,27,1196,1,37
"2025000025715",2,9,19,0,0,0,1,1,39,-1,-1,-1
"2025000025716",2,9,4,0,0,0,2,2,49,1461,2,4
"2025000025716",1,9,19,0,1,0,1,2,18,1242,1,15
"2025000025717",1,9,19,0,2,0,1,2,20,1198,1,13
"2025000025718",2,11,2,2,0,0,0,3,-1,4500,2,6
"2025000025718",1,9,19,8,0,0,1,1,39,1499,2,5
"2025000025719",1,9,99,1,9,99,1,1,-1,-1,-1,-1
"2025000025720",1,9,5,8,0,0,1,1,79,1197,1,7
"2025000025721",1,9,9,1,0,0,1,2,40,1499,1,6
"2025000025721",2,5,7,1,0,0,1,1,59,803,1,11
"2025000025722",1,9,9,6,0,10,1,1,76,1200,1,7
"2025000025723",2,9,19,0,0,0,4,1,20,1896,2,21
"2025000025723",1,9,9,0,0,0,1,2,54,998,1,4
"2025000025724",2,3,19,1,0,0,1,1,26,125,1,3
"2025000025724",1,9,7,2,0,0,3,1,34,999,1,8
"2025000025725",2,3,19,1,0,0,1,1,29,125,1,2
"2025000025725",1,9,9,5,0,0,3,1,37,1329,1,12
"2025000025726",1,1,19,0,0,0,0,1,43,-1,-1,-1
"2025000025727",1,9,5,0,0,0,1,1,67,1598,2,9
"2025000025728",2,9,19,4,0,0,1,3,38,999,1,5
"2025000025728",1,98,19,4,0,0,2,1,43,-1,-1,-1
"2025000025729",2,9,19,1,0,0,4,2,19,1968,2,15
"2025000025729",1,9,5,6,0,0,1,1,29,2497,2,17
"2025000025730",2,3,99,9,9,99,9,1,31,125,1,1
"2025000025730",1,9,99,9,9,99,9,3,-1,1395,8,1
"2025000025731",1,9,19,1,0,0,3,2,42,1995,2,7
"2025000025731",2,9,5,1,0,0,1,3,-1,-1,-1,-1
"2025000025732",2,1,19,1,0,0,4,2,29,-1,-1,-1
"2025000025732",1,9,2,1,0,0,3,1,64,-1,3,1
"2025000025733",1,9,19,8,0,0,1,1,25,2400,2,10
"2025000025734",2,9,9,1,5,0,2,1,61,-1,-1,-1
"2025000025734",5,21,19,1,0,0,0,1,59,12780,2,3
"2025000025734",3,9,19,1,0,0,0,1,48,1969,2,4
"2025000025734",1,9,13,1,0,0,1,2,40,4966,1,18
"2025000025734",4,9,19,1,0,0,0,3,40,1598,2,4
"2025000025735",2,9,19,8,0,0,4,1,66,1498,1,3
"2025000025735",1,9,11,8,0,0,3,1,57,1797,8,4
"2025000025736",1,9,9,1,0,0,4,1,64,1399,2,11
"2025000025736",2,1,19,1,0,0,1,1,52,-1,-1,-1
"2025000025737",1,5,19,0,5,11,4,1,37,998,1,0
"2025000025737",2,9,2,0,0,0,3,3,-1,1149,1,12
"2025000025738",3,9,19,8,0,0,2,1,-1,1686,2,18
"2025000025738",4,9,19,8,0,0,2,2,31,1999,1,15
"2025000025738",1,9,19,8,0,0,1,1,61,1998,1,6
"2025000025738",2,9,19,8,0,0,2,2,39,1968,2,6
"2025000025739",1,9,19,0,0,0,1,1,38,1598,2,10
"2025000025739",2,9,19,0,0,0,2,1,58,1499,2,1
"2025000025740",1,5,13,1,0,0,4,1,29,1255,1,14
"2025000025740",2,9,19,8,0,0,3,1,61,998,1,8
"2025000025741",1,9,99,0,9,99,4,1,27,999,1,3
"2025000025742",1,3,99,0,9,99,1,1,26,125,1,1
"2025000025742",2,9,99,0,9,99,2,1,-1,998,1,13
"2025000025743",2,1,19,0,0,0,1,1,36,-1,-1,-1
"2025000025743",1,9,5,0,0,0,1,2,49,1591,1,2
"2025000025744",1,19,4,1,0,0,1,1,27,2198,2,9
"2025000025744",2,9,4,1,0,0,2,2,-1,1997,2,15
"2025000025745",1,21,11,0,0,0,1,1,48,10837,2,4