"collision_index","vehicle_reference","vehicle_type","vehicle_manoeuvre","junction_location","skidding_and_overturning","hit_object_in_carriageway","first_point_of_impact","sex_of_driver","age_of_driver","engine_capacity_cc","propulsion_code","age_of_vehicle"
"2025000025745",2,9,19,0,0,0,3,2,44,999,1,3
"2025000025746",1,9,19,2,0,0,1,1,20,1395,1,5
"2025000025747",2,1,19,1,0,0,2,1,31,-1,-1,-1
"2025000025747",1,9,19,1,0,0,1,3,-1,1332,1,2
"2025000025748",1,9,19,0,0,0,1,2,22,1598,1,15
"2025000025749",2,9,13,5,0,0,1,1,43,1595,1,5
"2025000025749",1,9,4,1,0,0,3,1,66,1461,2,16
"2025000025750",3,9,2,0,0,0,1,3,-1,998,1,3
"2025000025750",4,9,2,0,0,0,1,3,-1,1248,1,9
"2025000025750",2,9,2,0,0,0,2,3,-1,1769,1,19
"2025000025750",1,9,19,0,0,0,1,3,-1,1896,2,20
"2025000025751",1,1,19,8,0,0,-1,3,-1,-1,-1,-1
"2025000025752",2,21,19,0,0,0,1,1,70,-1,-1,-1
"2025000025752",1,9,4,0,1,0,2,1,33,1598,2,9
"2025000025753",1,9,-1,0,-1,-1,-1,3,-1,-1,-1,-1
"2025000025753",2,9,3,0,0,0,2,1,37,1984,1,16
"2025000025754",1,9,5,6,0,0,1,2,43,2993,2,3
"2025000025754",2,9,19,8,5,4,4,1,59,-1,-1,-1
"2025000025754",3,9,2,2,0,0,3,1,32,999,1,4
"2025000025755",1,9,9,1,0,0,1,2,23,1242,1,11
"2025000025755",2,5,19,2,5,0,1,1,27,680,1,12
"2025000025756",2,9,19,0,0,0,1,1,50,1318,1,7
"2025000025756",1,9,13,0,0,0,1,1,18,999,1,1
"2025000025757",1,9,1,1,0,0,1,3,-1,1199,1,11
"2025000025757",2,19,19,1,0,0,1,1,36,2198,2,9
"2025000025758",1,19,19,1,0,0,4,1,58,1995,2,10
"2025000025759",1,19,19,0,0,0,4,1,53,1560,2,9
"2025000025759",3,9,19,0,0,0,2,1,60,1794,1,17
"2025000025759",2,9,11,0,0,0,3,2,60,1598,1,16
"2025000025760",1,11,19,1,0,0,4,1,44,4500,2,6
"2025000025761",1,19,7,2,0,0,1,1,36,2299,2,2
"2025000025762",1,9,19,2,0,0,1,2,55,-1,-1,-1
"2025000025763",1,9,9,1,0,0,3,1,19,1598,1,12
"2025000025763",2,3,19,1,0,0,4,1,22,125,1,3
"2025000025764",1,1,19,6,0,0,1,1,14,-1,-1,-1
"2025000025764",2,19,19,1,0,0,1,1,45,1968,2,3
"2025000025765",2,97,19,1,0,10,1,3,-1,-1,-1,-1
"2025000025765",1,19,4,1,0,0,3,1,34,2198,2,4
"2025000025766",2,8,19,0,1,0,2,1,40,2148,2,13
"2025000025766",1,9,19,0,2,0,1,1,33,1984,1,2
"2025000025767",3,8,19,0,0,10,1,1,71,1997,2,6
"2025000025767",1,9,19,0,0,0,1,2,46,1998,8,1
"2025000025767",2,9,19,0,1,0,1,2,45,1399,1,11
"2025000025768",2,21,1,0,0,0,2,1,55,12902,2,2
"2025000025768",1,3,19,0,0,0,1,1,42,125,1,1
"2025000025769",2,19,19,0,0,0,0,1,-1,-1,-1,-1
"2025000025769",1,1,19,0,0,0,0,1,63,-1,-1,-1
"2025000025770",1,9,7,5,0,0,4,3,-1,-1,-1,-1
"2025000025770",2,8,19,8,0,0,1,1,-1,1797,8,8
"2025000025771",2,9,99,9,9,99,1,3,-1,1997,2,7
"2025000025771",1,9,99,9,9,99,9,2,28,1998,1,19
"2025000025772",1,9,19,1,0,0,3,1,60,998,1,23
"2025000025772",2,9,1,6,0,0,4,3,-1,1197,1,5
"2025000025773",3,9,19,2,0,0,1,2,-1,-1,-1,-1
"2025000025773",2,5,19,2,0,0,3,1,46,-1,-1,-1
"2025000025773",1,9,19,1,0,0,1,1,30,2993,2,9
"2025000025774",2,1,19,8,5,0,1,2,25,-1,-1,-1
"2025000025774",1,9,9,1,0,0,3,1,39,1995,2,14
"2025000025775",2,1,19,5,0,0,1,1,64,-1,-1,-1
"2025000025775",1,9,5,6,0,0,1,1,63,-1,-1,-1
"2025000025776",2,3,19,8,0,0,4,1,31,123,1,16
"2025000025776",1,19,19,6,0,0,1,1,57,2000,2,2
"2025000025776",3,19,2,8,0,0,0,1,40,1995,2,7
"2025000025777",1,9,19,0,0,11,1,3,35,1332,1,14
"2025000025777",2,1,2,0,0,0,2,2,55,-1,-1,-1
"2025000025778",1,3,13,1,0,0,1,1,18,125,1,4
"2025000025778",2,8,10,1,0,0,3,1,46,1797,8,7
"2025000025779",1,1,99,9,9,99,9,1,36,-1,-1,-1
"2025000025779",2,8,99,9,9,99,1,1,37,1797,8,8
"2025000025780",2,9,3,1,0,0,4,1,29,999,1,4
"2025000025780",1,9,19,1,0,10,4,3,-1,1999,1,17
"2025000025781",2,9,19,8,1,0,1,2,62,1798,1,16
"2025000025781",1,9,19,8,1,0,3,1,62,1332,1,1
"2025000025782",2,19,9,6,0,0,1,1,34,2143,2,4
"2025000025782",1,9,19,8,0,0,1,1,46,1198,1,13
"2025000025783",1,9,4,1,0,0,2,2,31,1956,2,9
"2025000025783",2,9,4,1,0,0,1,1,23,-1,-1,-1
"2025000025784",1,9,9,2,1,0,0,2,22,1968,2,11
"2025000025785",1,9,9,8,0,0,1,2,29,1461,2,9
"2025000025785",2,9,19,8,0,0,1,2,75,1798,8,3
"2025000025786",2,1,5,0,0,0,1,1,7,-1,-1,-1
"2025000025786",1,8,19,0,0,0,1,1,58,1499,2,2
"2025000025787",1,9,19,1,0,0,1,1,63,1388,1,18
"2025000025787",2,9,19,1,0,0,1,1,58,-1,3,2
"2025000025788",1,19,1,0,0,0,2,1,53,2198,2,12
"2025000025789",1,19,9,5,0,0,1,1,37,2198,2,14
"2025000025789",2,1,15,8,0,0,1,1,23,-1,-1,-1
"2025000025790",1,9,19,0,0,0,4,2,29,1498,8,4
"2025000025791",4,9,4,0,0,0,1,1,48,2143,2,10
"2025000025791",3,9,4,0,0,0,1,2,70,999,1,2
"2025000025791",1,9,4,0,0,0,2,1,34,1995,2,9
"2025000025791",2,9,4,0,0,0,4,1,32,1499,2,0
"2025000025792",1,9,19,0,5,0,3,1,17,1242,1,7
"2025000025793",1,9,9,5,0,0,1,-1,-1,2148,2,15
"2025000025794",1,19,19,1,0,0,2,1,56,1997,2,2
"2025000025794",2,11,19,1,0,0,1,1,54,9000,2,12
"2025000025795",2,9,19,0,0,0,3,1,29,3999,1,10
"2025000025795",1,9,19,0,0,0,3,2,64,1968,2,5
"2025000025796",1,9,19,8,0,0,1,1,21,1490,1,4
"2025000025797",2,9,19,8,0,0,2,2,31,1499,1,4
"2025000025797",1,9,19,8,0,0,1,1,66,1197,1,4
"2025000025798",2,8,7,1,0,0,4,1,43,1797,8,9
"2025000025798",1,1,19,1,0,0,1,1,29,-1,-1,-1
"2025000025799",1,9,11,0,1,0,3,1,36,996,1,14
"2025000025799",3,9,13,0,0,0,1,2,42,1461,2,4
"2025000025799",2,9,13,0,0,0,4,2,31,1198,1,11
"2025000025800",2,9,19,0,0,0,4,2,26,1200,1,10
"2025000025800",1,9,19,0,0,0,3,3,-1,1332,1,3
"2025000025801",1,9,11,0,2,4,1,1,32,1598,1,13
"2025000025801",2,9,2,0,0,0,2,1,27,1248,2,12
"2025000025802",2,9,6,8,0,0,4,3,30,1390,1,9
"2025000025802",1,3,13,8,0,0,0,1,37,125,1,1
"2025000025803",1,9,19,8,0,0,4,2,29,1197,1,5
"2025000025804",1,9,19,0,0,0,1,2,20,1461,2,4
"2025000025805",2,9,99,9,9,99,2,3,-1,1999,2,2
"2025000025805",1,9,99,9,9,99,9,1,25,1499,1,3
"2025000025806",1,9,19,0,0,0,1,1,-1,-1,-1,-1
"2025000025807",2,9,4,1,0,0,2,2,35,1398,1,8
"2025000025807",1,8,3,1,0,0,2,1,65,2776,2,7
"2025000025807",3,9,4,1,0,0,1,1,38,1364,1,7
"2025000025808",3,9,10,1,0,4,3,1,51,-1,-1,-1
"2025000025808",1,9,5,8,0,0,4,2,84,2179,2,9
"2025000025808",2,19,19,1,0,0,1,1,45,2179,2,1
"2025000025809",2,9,9,1,0,0,3,2,21,899,1,8
"2025000025809",1,-1,19,6,0,0,1,2,22,-1,-1,-1
"2025000025810",1,9,19,0,0,0,1,2,40,1389,1,15
"2025000025811",1,9,19,1,0,0,1,1,50,998,1,15
"2025000025811",2,-1,19,1,0,0,2,1,17,-1,-1,-1
"2025000025812",4,9,19,0,0,0,0,1,28,1998,1,2
"2025000025812",2,9,11,0,0,0,2,2,24,1242,1,9
"2025000025812",1,5,19,0,0,0,1,1,54,798,1,7
"2025000025812",3,9,19,0,0,0,0,3,-1,998,1,19
"2025000025813",2,1,19,8,0,0,1,1,13,-1,-1,-1
"2025000025813",1,11,19,8,0,0,3,1,71,9000,5,10
"2025000025814",2,9,19,0,0,0,1,2,73,-1,-1,-1
"2025000025814",1,19,19,0,5,0,1,2,53,1248,2,9
"2025000025815",1,9,9,8,0,0,1,1,27,1339,1,14
"2025000025815",2,9,19,1,0,0,1,2,66,1198,1,5
"2025000025816",2,19,7,1,0,0,3,1,33,1560,2,8
"2025000025816",1,9,19,1,0,0,1,1,24,1798,8,12
"2025000025817",1,9,3,1,0,0,2,1,65,-1,3,1
"2025000025817",2,9,19,1,1,0,1,1,22,1390,1,11
"2025000025818",1,9,13,0,0,0,4,1,48,5204,1,17
"2025000025818",2,21,19,0,5,0,1,1,58,12742,2,4
"2025000025818",3,8,19,0,0,0,0,1,51,1995,2,2
"2025000025819",1,9,19,0,0,0,4,3,30,-1,-1,-1
"2025000025819",2,9,19,0,0,0,4,1,31,898,1,5
"2025000025820",2,9,5,4,0,0,1,2,32,-1,-1,-1
"2025000025820",1,9,19,3,0,0,4,1,24,-1,-1,-1
"2025000025821",1,90,9,8,0,0,3,2,36,2987,2,8
"2025000025821",2,-1,19,8,2,0,1,1,25,-1,-1,-1
"2025000025822",2,9,7,4,0,0,1,1,55,2993,2,10
"2025000025822",1,9,8,4,0,0,2,2,71,1798,8,2
"2025000025823",1,19,9,8,0,0,1,1,44,1896,2,19
"2025000025823",2,9,19,8,0,0,1,1,30,1242,1,11
"2025000025824",2,9,9,4,0,0,3,2,45,-1,-1,-1
"2025000025824",1,4,19,8,0,0,4,1,35,847,1,4
"2025000025825",2,9,5,6,0,0,1,1,44,1968,2,1
"2025000025825",1,5,19,8,0,0,1,1,76,1293,1,11
"2025000025826",1,19,19,0,0,0,1,1,59,2143,2,4
"2025000025826",2,9,4,0,0,0,2,3,-1,-1,-1,-1
"2025000025827",2,3,19,8,1,0,1,1,19,124,1,2
"2025000025827",1,9,9,5,0,0,3,2,53,1461,2,15
"2025000025828",2,9,3,1,0,0,2,2,55,1149,1,4
"2025000025828",1,9,4,1,0,0,1,1,39,1796,1,17
"2025000025829",2,8,9,1,0,0,2,1,-1,1797,8,12
"2025000025829",1,9,19,1,0,0,1,1,-1,2987,2,13
"2025000025830",1,11,4,0,0,11,0,1,55,4250,2,20
"2025000025831",2,9,19,1,0,0,1,2,23,1242,1,5
"2025000025831",1,9,9,2,0,0,1,1,24,1995,2,15
"2025000025832",1,9,19,0,5,0,3,1,26,1910,2,15
"2025000025833",1,19,19,2,0,0,1,1,41,1498,2,2
"2025000025834",1,11,5,0,0,0,0,1,31,6692,2,6
"2025000025835",1,19,19,0,2,0,1,1,38,2287,2,10
"2025000025836",1,3,99,9,9,99,1,1,44,125,1,7
"2025000025836",2,9,99,9,9,99,9,1,-1,1299,1,19
"2025000025837",2,9,19,0,0,0,1,1,17,999,1,4
"2025000025837",1,9,6,0,0,0,3,1,50,996,1,11
"2025000025838",1,9,9,0,0,0,3,1,86,1798,1,15
"2025000025838",2,9,19,0,0,0,1,1,33,1560,2,5
"2025000025839",2,9,10,1,0,0,2,2,42,1339,1,14
"2025000025839",1,19,5,1,0,0,1,1,37,2198,2,14
"2025000025840",1,9,19,0,0,0,1,1,18,1596,1,19
"2025000025841",2,9,-1,-1,-1,-1,-1,1,-1,1200,1,1
"2025000025841",1,9,-1,-1,-1,-1,-1,2,30,1598,1,17
"2025000025842",1,19,5,1,0,0,1,1,31,2143,2,0
"2025000025842",2,9,4,2,0,0,0,1,52,1798,8,4
"2025000025843",2,9,3,1,0,0,3,1,22,-1,-1,-1
"2025000025843",1,9,19,1,0,0,3,1,42,-1,-1,-1
"2025000025844",2,9,19,8,0,0,1,1,25,1398,1,4
"2025000025844",1,9,9,8,0,0,3,1,39,1999,8,3
"2025000025845",1,1,19,0,0,0,1,1,14,-1,-1,-1
"2025000025846",1,11,19,2,0,0,1,2,34,-1,-1,-1
"2025000025847",2,19,10,1,0,0,2,2,55,1950,2,1
"2025000025847",1,3,19,1,2,0,1,2,18,125,1,6
"2025000025848",1,9,5,4,0,0,1,2,38,1390,1,12
"2025000025849",1,9,9,8,0,0,1,2,54,1997,2,2
"2025000025849",2,9,19,8,0,0,3,2,41,1200,1,2
"2025000025850",2,9,99,9,9,99,9,3,-1,-1,-1,-1
"2025000025850",1,9,99,4,9,99,9,1,-1,1368,1,4
"2025000025851",2,9,19,1,0,0,1,1,29,999,1,6
"2025000025851",1,9,9,5,0,0,1,1,27,1798,8,2
"2025000025852",1,9,3,0,0,0,1,1,85,-1,-1,-1
"2025000025853",2,19,7,8,0,0,2,1,48,2151,2,20
"2025000025853",1,3,19,1,0,0,1,1,28,125,1,8
"2025000025854",1,4,19,2,0,0,1,1,29,125,1,0
"2025000025854",2,9,6,2,0,0,3,1,35,1950,2,1
"2025000025855",1,5,19,3,0,0,0,1,32,689,1,4
"2025000025856",2,9,12,0,0,0,0,1,-1,2143,2,7
"2025000025856",1,11,4,0,0,0,0,1,-1,7698,2,3
"2025000025857",2,1,19,4,0,0,4,1,10,-1,-1,-1
"2025000025857",1,9,8,4,0,0,1,1,43,1363,2,17
"2025000025858",1,9,9,8,0,7,4,1,30,1329,1,13
"2025000025858",2,9,19,8,0,0,4,1,65,1242,1,11
"2025000025859",1,9,19,0,0,0,0,3,-1,1560,2,11
"2025000025859",2,11,19,0,0,0,0,1,55,3900,2,17
"2025000025860",1,9,5,2,0,10,3,1,84,1984,1,4
"2025000025861",1,19,19,0,0,0,4,1,50,1997,2,16
"2025000025862",1,9,19,1,0,0,1,2,71,1797,8,7
"2025000025862",2,9,19,8,0,0,4,2,62,1560,2,8
"2025000025863",1,11,9,8,0,0,0,1,43,6700,2,9
"2025000025864",2,1,19,8,0,0,1,1,61,-1,-1,-1
"2025000025864",1,9,9,5,0,0,1,1,78,1498,1,5
"2025000025865",1,9,9,6,0,0,1,1,41,1248,1,9
"2025000025865",2,9,19,8,0,0,4,1,60,1968,2,5
"2025000025866",1,9,99,9,9,99,9,1,23,999,1,13
"2025000025866",2,9,99,9,9,99,9,3,-1,1242,1,2
"2025000025867",1,19,19,0,0,0,1,3,-1,1997,2,4
"2025000025867",2,9,3,0,0,0,2,1,34,-1,-1,-1
"2025000025868",1,5,19,0,1,0,0,1,57,-1,-1,-1
"2025000025869",1,1,99,9,9,99,1,3,-1,-1,-1,-1
"2025000025870",3,9,9,5,0,0,1,3,30,-1,-1,-1
"2025000025870",1,9,7,6,0,0,3,1,48,1998,1,3
"2025000025870",2,97,19,1,0,0,0,1,17,-1,-1,-1
"2025000025871",1,9,19,0,0,0,1,1,30,-1,-1,-1
"2025000025872",1,-1,19,0,0,0,1,3,-1,-1,-1,-1
"2025000025873",2,19,99,9,9,99,9,3,-1,-1,-1,-1
"2025000025873",1,1,99,9,9,99,9,1,46,-1,-1,-1
"2025000025874",1,9,4,8,9,0,1,3,-1,-1,-1,-1
"2025000025875",1,8,6,0,0,0,0,1,65,1477,8,2
"2025000025875",2,1,19,0,0,0,0,1,31,-1,-1,-1
"2025000025876",2,9,19,1,0,0,1,1,22,1395,8,0
"2025000025876",1,9,19,2,0,0,1,1,31,1598,1,15
"2025000025877",1,9,9,8,0,0,1,1,51,1598,1,14
"2025000025878",1,9,19,4,0,0,1,1,21,1995,2,14
"2025000025879",2,9,9,8,0,0,1,2,30,1229,1,9
"2025000025879",1,9,19,8,0,0,3,1,30,1597,1,9
"2025000025880",1,3,19,0,1,0,4,1,21,125,1,5
"2025000025880",2,5,19,0,0,0,0,1,38,689,1,0
"2025000025880",3,5,19,0,0,0,0,1,33,689,1,0
"2025000025881",1,-1,99,9,9,99,9,3,-1,-1,-1,-1
"2025000025882",1,11,19,1,0,0,0,1,-1,5132,2,2
"2025000025883",1,4,19,-1,0,0,3,1,56,125,1,5
"2025000025883",2,9,11,1,0,0,4,2,64,1598,1,13
"2025000025884",1,9,19,0,0,0,1,2,54,1597,2,5
"2025000025884",2,9,19,0,0,0,1,2,22,1560,2,10
"2025000025885",2,9,19,0,1,0,2,1,57,1797,8,10
"2025000025885",1,9,19,0,0,0,1,1,21,1242,1,11
"2025000025886",1,9,19,0,1,4,1,1,20,1560,2,11
"2025000025886",2,9,2,0,0,0,3,2,51,1206,1,10
"2025000025887",1,4,19,0,0,12,1,1,59,599,1,26
"2025000025888",2,9,19,0,0,0,3,2,48,2925,2,1
"2025000025888",1,19,19,0,0,0,1,2,53,1995,2,4
"2025000025889",2,9,9,2,0,0,4,1,41,998,1,6
"2025000025889",1,9,-1,-1,-1,-1,-1,3,-1,-1,-1,-1
"2025000025890",1,9,-1,8,-1,-1,-1,3,-1,-1,-1,-1
"2025000025891",1,3,19,4,0,0,1,1,18,125,1,5
"2025000025891",2,9,7,8,0,0,4,1,21,1149,1,15
"2025000025892",2,9,19,0,1,0,3,1,22,1797,8,15
"2025000025892",3,19,11,0,0,0,1,3,-1,-1,-1,-1
"2025000025892",1,9,19,0,0,0,4,2,42,1242,1,13
"2025000025893",2,11,5,1,1,0,0,1,59,6370,2,9
"2025000025893",1,9,5,1,0,0,0,2,-1,-1,-1,-1
"2025000025894",1,9,19,8,0,0,3,1,45,1598,1,16
"2025000025894",2,2,19,8,0,0,1,1,40,113,1,7
"2025000025895",1,11,19,1,0,0,3,1,32,6700,2,10
"2025000025896",1,3,19,8,0,0,0,1,42,125,1,7
"2025000025896",2,1,19,1,0,0,1,1,73,-1,-1,-1
"2025000025897",2,1,19,8,0,0,4,2,73,-1,-1,-1
"2025000025897",1,9,5,6,0,0,1,2,90,1598,1,12
"2025000025898",1,1,19,1,0,0,1,1,27,-1,-1,-1
"2025000025899",1,9,19,0,0,12,4,1,66,1242,1,10
"2025000025899",2,9,2,0,0,0,4,3,-1,1997,2,13
"2025000025900",1,9,9,1,0,0,1,1,-1,1596,1,10
"2025000025900",2,1,19,8,5,0,3,1,53,-1,-1,-1
"2025000025901",1,9,19,1,0,0,1,2,47,1997,2,9
"2025000025901",2,19,19,1,0,0,2,3,-1,1997,2,0
"2025000025902",1,5,19,1,2,0,1,1,-1,-1,-1,-1
"2025000025902",2,9,10,1,0,0,1,1,36,-1,-1,-1
"2025000025903",2,9,19,2,0,0,1,1,91,1598,2,5
"2025000025903",1,9,19,2,0,0,1,1,35,1560,2,8
"2025000025904",1,9,19,1,0,0,1,3,-1,1399,2,10
"2025000025904",2,1,19,8,0,0,4,1,58,-1,-1,-1
"2025000025905",2,9,19,0,0,0,2,2,62,998,1,15
"2025000025905",1,9,19,0,1,0,1,1,39,1956,2,11
"2025000025905",3,9,19,0,0,0,2,1,-1,998,1,2
"2025000025906",2,9,19,8,0,0,3,2,52,1200,1,5
"2025000025906",1,19,5,6,0,0,1,1,53,1997,2,4
"2025000025907",1,9,19,4,1,9,1,1,25,2995,1,6
"2025000025908",3,9,19,0,0,0,4,1,21,-1,-1,-1
"2025000025908",4,9,19,0,0,0,1,2,34,1242,1,9
"2025000025908",2,9,4,0,0,0,2,2,41,-1,-1,-1
"2025000025908",1,21,19,0,0,0,1,1,64,12740,2,8
"2025000025909",2,1,19,0,0,0,1,1,52,-1,-1,-1
"2025000025909",1,9,13,0,1,0,3,1,35,1997,2,12
"2025000025909",3,1,19,0,0,0,0,1,50,-1,-1,-1
"2025000025910",1,3,19,0,2,10,4,1,32,124,1,0
"2025000025911",3,5,19,0,2,0,1,1,44,782,1,3
"2025000025911",2,9,19,0,0,0,2,1,57,2993,2,5
"2025000025911",1,9,19,0,0,0,0,1,58,999,1,14
"2025000025912",1,3,99,9,9,99,1,1,22,124,1,1
"2025000025912",2,9,99,9,9,99,1,3,-1,1339,1,16
"2025000025913",1,9,13,0,1,6,1,1,48,2995,1,6
"2025000025913",2,9,19,0,0,0,1,2,50,1229,1,12
"2025000025914",2,9,19,0,0,0,0,1,30,1395,1,5
"2025000025914",1,9,19,0,0,0,1,1,23,1329,1,8
"2025000025915",1,5,7,5,0,0,3,1,27,645,1,3
"2025000025916",1,9,19,0,0,0,3,3,-1,2967,2,12
"2025000025917",1,11,3,0,0,0,0,1,52,5132,2,6
"2025000025918",1,9,19,0,0,0,1,2,-1,998,1,13
"2025000025919",2,9,2,8,0,4,0,3,-1,1499,1,8
"2025000025919",1,9,19,8,0,4,1,1,32,1995,2,9
"2025000025920",1,9,19,4,0,0,1,1,37,1329,1,11
"2025000025920",2,1,19,8,0,0,4,2,37,-1,-1,-1
"2025000025921",2,9,19,8,0,0,1,1,31,1390,1,20
"2025000025921",1,90,19,1,0,0,0,1,36,2987,2,7
"2025000025921",3,3,12,8,5,0,2,1,31,125,1,2
"2025000025922",1,1,99,9,9,99,9,3,-1,-1,-1,-1
"2025000025923",2,9,19,8,0,0,3,1,33,1598,1,9
"2025000025923",1,8,9,1,0,0,1,1,50,1598,2,7
"2025000025924",1,9,99,9,9,99,2,1,50,1598,1,18
"2025000025925",1,-1,19,0,0,0,1,3,-1,-1,-1,-1
"2025000025926",1,3,99,9,9,99,1,3,-1,-1,-1,-1
"2025000025927",1,9,-1,-1,-1,-1,-1,3,-1,-1,-1,-1
"2025000025928",1,9,19,4,1,10,4,2,44,3498,1,5
"2025000025928",2,9,5,4,0,0,1,2,57,-1,-1,-1
"2025000025929",1,9,19,8,0,0,1,2,41,1199,1,2
"2025000025929",2,9,9,8,0,0,4,1,41,1968,2,10
"2025000025930",1,9,19,8,0,0,1,1,51,4367,2,2
"2025000025930",2,9,19,8,1,0,3,1,19,999,1,5
"2025000025931",2,1,10,8,0,0,2,1,47,-1,-1,-1
"2025000025931",1,9,19,8,0,0,1,2,-1,-1,-1,-1
"2025000025932",2,9,99,9,9,99,9,3,-1,1197,1,6
"2025000025932",1,3,99,9,9,99,9,1,32,125,1,9
"2025000025933",3,9,2,0,0,0,2,3,-1,-1,-1,-1
"2025000025933",2,9,5,0,0,4,3,1,24,999,1,1
"2025000025933",1,9,19,0,2,0,1,1,54,1339,1,19
"2025000025934",2,9,12,0,0,0,2,1,60,1197,1,7
"2025000025934",1,9,19,0,0,0,1,1,30,1995,2,10
"2025000025935",2,19,9,8,0,0,1,1,75,2461,2,20
"2025000025935",1,19,19,8,0,0,1,1,47,2143,2,6
"2025000025936",2,9,7,0,0,0,4,2,53,1998,2,9
"2025000025936",3,9,19,0,0,0,3,1,84,2179,2,15
"2025000025936",1,9,19,0,0,0,-1,3,-1,-1,-1,-1
"2025000025937",1,9,19,0,5,0,1,1,26,1248,1,15
"2025000025938",1,3,19,0,0,0,1,1,25,125,1,3
"2025000025939",1,9,19,0,0,0,4,2,59,1987,8,3
"2025000025940",1,9,13,0,0,0,3,1,47,1397,1,23
"2025000025940",2,9,19,0,0,0,4,1,36,1598,8,1
"2025000025941",1,9,9,1,0,0,1,2,24,999,1,13
"2025000025941",4,19,19,1,1,0,1,1,43,1500,2,1
"2025000025941",2,21,19,1,0,0,1,1,60,4580,2,20
"2025000025941",3,9,19,1,0,0,1,2,58,2143,2,7
"2025000025942",1,9,15,8,0,0,1,3,-1,1108,1,12
"2025000025943",2,9,19,1,0,0,1,2,57,1199,1,1
"2025000025943",1,9,9,1,0,0,1,2,27,1422,2,15
"2025000025943",3,9,8,1,0,0,3,1,51,1995,2,13
"2025000025944",2,1,19,0,0,0,2,1,57,-1,-1,-1
"2025000025944",1,9,19,0,0,0,1,3,-1,-1,-1,-1
"2025000025945",1,9,15,3,0,0,1,3,40,1796,1,13
"2025000025945",2,19,19,8,0,0,4,1,-1,2178,2,16
"2025000025946",2,9,13,8,0,0,1,2,70,1560,2,9
"2025000025946",1,9,7,6,0,0,1,2,35,2143,2,8
"2025000025947",1,9,7,0,0,0,1,1,50,1590,1,19
"2025000025948",2,3,19,8,0,0,1,1,50,765,1,1
"2025000025948",1,9,19,8,0,0,1,1,50,-1,-1,-1
"2025000025949",1,9,2,0,0,0,0,2,77,1388,1,16
"2025000025950",2,19,99,9,9,99,9,3,55,2200,2,4
"2025000025950",1,1,99,9,9,99,1,2,29,-1,-1,-1
"2025000025951",1,19,19,2,0,0,1,1,35,2299,2,12
"2025000025951",3,9,19,1,0,0,1,1,46,1596,1,7
"2025000025951",2,9,19,1,0,0,1,2,43,-1,-1,-1
"2025000025952",1,11,13,0,0,0,3,1,59,5132,2,6
"2025000025952",2,1,19,0,0,0,4,1,36,-1,-1,-1
"2025000025953",1,9,19,0,0,0,3,1,84,-1,3,0
"2025000025954",1,19,1,2,0,0,1,1,50,10837,2,6
"2025000025955",1,9,5,0,0,0,4,3,-1,1598,8,0
"2025000025956",1,19,19,0,0,0,1,1,31,1995,2,11
"2025000025956",2,9,4,0,0,0,2,2,48,998,1,1
"2025000025957",1,9,19,1,1,10,1,1,18,999,1,0
"2025000025958",3,9,19,0,0,0,1,2,79,1248,1,4
"2025000025958",2,9,4,0,0,0,2,2,45,999,1,4
"2025000025958",1,9,19,0,0,0,1,1,34,2400,2,10
"2025000025959",2,9,11,4,0,0,2,1,43,1242,1,13
"2025000025959",1,9,7,4,0,0,1,1,26,1364,1,13
"2025000025960",1,9,19,1,0,0,1,1,30,2143,2,5
"2025000025961",1,19,9,1,0,0,3,2,35,1995,2,4
"2025000025961",2,9,14,1,0,0,3,1,61,1497,8,13
"2025000025962",2,3,19,8,0,0,3,1,17,124,1,15
"2025000025962",1,9,19,8,0,0,0,1,49,2993,12,0
"2025000025963",2,3,19,1,0,0,1,1,20,108,1,4
"2025000025963",1,9,4,2,0,0,3,1,32,1242,1,5
"2025000025964",2,1,19,1,0,0,1,1,46,-1,-1,-1
"2025000025964",1,9,19,1,0,0,2,2,47,1461,2,5
"2025000025965",2,9,19,0,1,0,1,1,65,1999,1,8
"2025000025965",1,9,19,0,1,0,1,1,22,1461,2,5
"2025000025966",7,9,3,0,0,0,2,1,36,1461,2,15
"2025000025966",4,19,3,0,0,0,2,1,57,1499,2,1
"2025000025966",12,21,3,0,0,0,2,1,37,12809,2,1
"2025000025966",3,9,3,0,0,0,2,1,66,1995,2,15
"2025000025966",11,9,3,0,0,0,2,2,33,1968,2,9
"2025000025966",6,9,3,0,0,0,2,2,38,1798,1,12
"2025000025966",2,9,3,0,5,0,2,1,36,1598,1,9
"2025000025966",9,19,3,0,0,0,2,1,45,-1,-1,-1
"2025000025966",10,9,3,0,0,0,2,2,36,1362,1,10
"2025000025966",5,9,3,0,0,0,2,1,35,1968,2,1
"2025000025966",1,19,19,0,0,0,1,1,40,7698,2,6
"2025000025966",8,9,3,0,0,0,2,1,49,1969,8,6
"2025000025967",2,9,2,0,0,0,1,1,33,-1,-1,-1
"2025000025967",1,9,1,0,0,4,2,2,30,-1,-1,-1
"2025000025968",1,9,7,1,0,0,1,1,61,1497,8,18
"2025000025969",1,9,19,0,0,0,1,2,27,999,1,10
"2025000025969",2,9,4,0,0,0,2,2,36,1341,1,23
"2025000025970",1,19,9,5,0,0,1,1,45,1995,2,1