"collision_index","vehicle_reference","vehicle_type","vehicle_manoeuvre","junction_location","skidding_and_overturning","hit_object_in_carriageway","first_point_of_impact","sex_of_driver","age_of_driver","engine_capacity_cc","propulsion_code","age_of_vehicle"
"2025000026189",1,3,99,9,9,99,1,1,41,125,1,4
"2025000026189",2,9,99,9,9,99,9,3,-1,1461,2,4
"2025000026190",1,8,19,0,0,0,1,1,-1,1798,8,10
"2025000026191",1,21,19,0,0,0,1,1,47,10677,2,5
"2025000026191",2,9,19,0,0,0,2,1,21,2143,2,2
"2025000026192",1,4,13,8,0,0,1,1,20,124,1,10
"2025000026192",2,9,9,5,0,0,3,2,64,1364,1,14
"2025000026193",1,9,19,0,5,10,1,1,38,-1,-1,-1
"2025000026194",1,9,19,0,0,0,4,1,55,1956,2,9
"2025000026194",2,9,15,0,0,0,3,1,64,1197,1,8
"2025000026195",1,5,19,0,0,4,3,1,47,1157,1,26
"2025000026195",2,9,2,0,0,0,1,1,47,1596,1,13
"2025000026196",1,9,19,0,0,0,1,1,82,1499,2,0
"2025000026197",1,19,19,0,0,0,1,1,31,-1,-1,-1
"2025000026197",2,9,19,0,0,0,1,1,42,-1,-1,-1
"2025000026198",3,9,4,0,0,0,2,2,35,1199,1,5
"2025000026198",1,9,19,0,0,0,1,1,57,2204,2,17
"2025000026198",2,9,19,0,0,0,2,1,41,1968,2,1
"2025000026199",2,9,19,1,0,0,1,1,26,1995,2,10
"2025000026199",3,9,2,1,0,0,0,-1,-1,-1,-1,-1
"2025000026199",1,9,7,2,0,0,1,2,30,1199,1,4
"2025000026200",2,20,19,0,0,0,1,1,29,-1,-1,-1
"2025000026200",1,90,19,0,0,0,1,1,53,7146,2,5
"2025000026201",1,9,19,1,0,0,4,3,-1,-1,-1,-1
"2025000026202",1,19,19,0,0,0,1,1,38,2299,2,1
"2025000026202",2,9,4,0,0,0,2,1,42,-1,-1,-1
"2025000026203",1,9,19,0,0,0,1,1,25,-1,3,1
"2025000026204",1,9,99,9,9,99,2,2,34,2967,2,9
"2025000026204",2,9,99,9,9,99,1,3,-1,1580,8,0
"2025000026205",2,11,19,8,0,0,0,1,29,4461,2,9
"2025000026205",1,3,19,8,0,0,1,1,28,-1,-1,-1
"2025000026206",1,11,5,1,0,0,0,1,58,4461,2,10
"2025000026207",2,9,9,8,0,0,3,2,72,1999,1,6
"2025000026207",1,1,19,8,0,0,1,2,15,-1,-1,-1
"2025000026208",1,11,13,0,0,0,3,1,29,5132,2,4
"2025000026208",2,1,19,0,1,0,9,1,-1,-1,-1,-1
"2025000026209",2,9,5,8,0,0,4,1,35,2993,2,1
"2025000026209",1,9,5,4,0,0,1,2,60,1395,1,5
"2025000026210",1,11,19,1,0,0,1,1,35,9000,2,12
"2025000026211",1,9,9,1,0,0,1,2,27,1461,2,3
"2025000026211",2,9,19,1,0,0,1,1,46,1997,2,6
"2025000026212",2,9,99,9,9,99,9,3,-1,1598,1,12
"2025000026212",1,3,99,9,9,99,1,2,28,125,1,2
"2025000026213",2,9,19,0,0,0,2,1,44,1580,8,4
"2025000026213",1,9,19,0,0,0,1,3,-1,1984,1,8
"2025000026214",1,19,19,8,0,0,1,1,63,-1,-1,-1
"2025000026214",2,9,7,6,0,0,3,2,43,1461,2,6
"2025000026215",1,9,19,0,5,0,1,1,58,1596,1,11
"2025000026215",2,9,2,0,0,0,1,1,33,1496,2,6
"2025000026216",1,5,19,0,1,0,4,1,68,800,1,11
"2025000026217",1,90,19,0,0,0,1,3,-1,-1,-1,-1
"2025000026217",2,1,19,0,0,0,1,1,19,-1,-1,-1
"2025000026218",1,9,19,6,0,0,3,1,43,2995,8,0
"2025000026218",3,10,2,1,0,0,0,3,-1,2463,2,17
"2025000026218",2,9,19,1,0,0,1,1,51,1598,1,4
"2025000026219",1,9,19,8,0,0,4,1,50,1991,2,13
"2025000026219",2,3,19,8,0,0,1,1,23,125,1,6
"2025000026220",1,9,19,1,0,0,1,1,39,-1,3,0
"2025000026221",1,9,9,1,0,0,1,1,39,1493,2,13
"2025000026222",1,9,19,0,0,0,4,2,78,999,1,8
"2025000026223",2,9,19,8,0,0,3,1,48,1398,1,6
"2025000026223",1,5,19,8,0,0,1,1,58,1441,1,5
"2025000026224",1,9,19,0,0,0,1,1,47,2993,2,9
"2025000026224",2,1,19,0,0,0,1,1,12,-1,-1,-1
"2025000026225",2,-1,5,2,0,0,2,2,18,-1,-1,-1
"2025000026225",1,9,7,3,0,0,1,2,78,1198,1,6
"2025000026226",2,5,7,3,0,0,4,1,59,1170,1,10
"2025000026226",1,9,11,8,0,0,3,2,51,1499,1,4
"2025000026227",1,9,5,0,0,0,3,1,-1,2697,2,17
"2025000026227",2,9,19,0,0,0,4,1,49,1798,8,6
"2025000026228",1,9,19,8,0,0,1,1,52,1968,2,12
"2025000026228",2,9,3,3,0,0,2,1,52,999,1,2
"2025000026229",1,9,19,1,0,0,1,2,39,1499,8,3
"2025000026230",2,9,3,0,0,0,2,2,29,1197,1,3
"2025000026230",3,9,19,0,1,0,1,2,42,2199,2,9
"2025000026230",4,19,9,0,0,0,0,1,55,1997,2,4
"2025000026230",1,19,19,0,1,0,1,1,34,1968,2,4
"2025000026231",1,3,99,9,9,99,9,1,45,125,1,5
"2025000026231",2,9,99,9,9,99,1,3,-1,1796,1,16
"2025000026232",2,4,19,1,0,0,1,1,38,599,1,14
"2025000026232",1,9,9,1,0,0,4,1,41,1598,2,12
"2025000026233",1,9,19,0,0,0,1,1,20,1796,1,18
"2025000026234",1,9,19,0,0,0,3,1,31,1998,8,3
"2025000026235",1,9,19,8,0,0,1,1,37,1396,1,11
"2025000026235",2,9,19,8,0,0,1,1,29,1598,1,16
"2025000026236",2,19,19,8,0,0,4,1,44,1560,2,9
"2025000026236",1,9,19,6,0,0,1,2,62,1968,2,17
"2025000026237",4,9,19,0,0,0,2,1,54,1999,2,8
"2025000026237",2,19,19,0,0,0,2,1,56,1499,2,4
"2025000026237",1,9,19,0,0,0,1,1,19,1598,2,13
"2025000026237",3,9,19,0,0,0,2,2,43,1596,1,20
"2025000026238",1,9,19,1,0,0,4,1,46,1598,1,14
"2025000026239",1,9,19,0,0,0,3,1,52,1968,2,9
"2025000026239",2,21,13,0,0,0,4,1,39,12902,2,2
"2025000026240",2,9,19,8,0,0,4,2,57,999,1,1
"2025000026240",1,9,9,8,1,0,1,1,30,-1,-1,-1
"2025000026241",1,1,19,0,0,0,4,2,41,-1,-1,-1
"2025000026242",1,19,9,6,0,0,3,1,46,1995,2,4
"2025000026242",2,5,19,1,1,0,1,1,45,765,1,2
"2025000026243",2,9,2,2,0,0,2,2,51,999,1,5
"2025000026243",1,9,19,2,0,0,1,1,-1,1396,1,8
"2025000026244",2,9,4,0,0,0,2,1,38,2487,8,1
"2025000026244",1,9,-1,0,1,0,1,2,29,1368,1,14
"2025000026245",2,9,3,1,0,0,2,2,54,-1,-1,-1
"2025000026245",1,9,19,1,0,0,1,3,-1,2776,2,17
"2025000026246",2,9,99,0,9,99,9,3,-1,-1,-1,-1
"2025000026246",1,3,99,0,9,99,9,1,40,125,1,3
"2025000026247",1,9,99,9,9,99,9,2,40,1598,2,9
"2025000026248",1,9,9,8,0,0,4,1,70,1461,2,5
"2025000026248",2,3,19,1,0,0,1,1,23,124,1,4
"2025000026249",2,9,19,0,0,0,3,2,57,999,1,2
"2025000026249",1,21,-1,0,-1,-1,-1,3,-1,10837,2,0
"2025000026250",2,9,19,0,0,0,3,2,32,1582,2,5
"2025000026250",1,9,19,0,0,0,1,2,36,999,1,2
"2025000026251",2,9,19,8,0,0,1,1,17,1242,1,10
"2025000026251",1,9,5,8,0,0,3,1,67,1498,8,0
"2025000026252",1,9,19,1,0,0,1,1,21,1968,2,11
"2025000026253",3,8,19,1,0,0,3,1,31,1798,8,5
"2025000026253",2,5,19,1,0,0,0,1,26,853,1,1
"2025000026253",1,5,7,5,1,0,4,1,20,745,1,0
"2025000026254",2,19,9,8,0,0,4,1,23,1753,2,17
"2025000026254",1,9,19,4,0,0,1,1,-1,-1,-1,-1
"2025000026255",1,9,19,0,0,0,1,1,51,1242,1,8
"2025000026256",2,9,99,9,9,99,9,1,27,1461,2,4
"2025000026256",1,9,99,9,9,99,1,3,-1,-1,-1,-1
"2025000026257",2,9,19,2,0,0,1,2,33,2488,8,0
"2025000026257",1,11,2,2,0,0,2,3,-1,4500,2,12
"2025000026258",2,9,99,9,9,99,9,3,50,1798,8,4
"2025000026258",1,3,99,9,9,99,1,1,40,124,1,2
"2025000026259",1,9,19,2,0,12,1,1,58,1560,2,8
"2025000026260",1,10,9,1,0,0,1,1,36,2198,2,9
"2025000026260",2,9,19,8,0,0,1,1,18,1896,2,17
"2025000026261",2,9,19,0,0,0,1,1,53,1560,2,9
"2025000026261",1,9,13,0,0,0,1,1,48,1997,2,16
"2025000026262",2,9,19,1,1,0,1,1,-1,1198,1,12
"2025000026262",1,9,19,1,1,0,1,2,30,1598,2,5
"2025000026263",2,9,19,8,0,0,1,1,54,1950,2,7
"2025000026263",1,9,10,5,0,0,3,1,25,1496,2,9
"2025000026263",3,9,7,6,0,0,1,2,26,1496,2,8
"2025000026264",5,19,2,0,0,0,0,1,53,1995,2,10
"2025000026264",2,9,19,0,0,0,4,1,-1,1998,1,11
"2025000026264",4,9,2,0,0,0,0,1,49,1200,1,4
"2025000026264",3,9,19,0,0,0,2,1,55,1686,2,9
"2025000026264",1,9,12,0,0,0,3,1,19,2393,2,4
"2025000026265",2,9,3,2,0,0,2,1,59,1995,2,9
"2025000026265",1,11,4,1,0,0,1,2,45,4461,2,8
"2025000026266",1,9,19,8,0,0,1,2,61,998,1,4
"2025000026266",2,1,19,6,0,0,3,1,16,-1,-1,-1
"2025000026267",1,9,19,0,1,0,1,1,27,1248,2,19
"2025000026267",2,9,19,0,0,0,3,1,50,-1,-1,-1
"2025000026268",2,9,19,1,0,0,1,1,32,-1,-1,-1
"2025000026268",1,9,7,2,0,0,1,2,29,1591,1,8
"2025000026268",3,9,19,1,0,0,2,2,43,1560,2,9
"2025000026269",1,8,19,0,0,0,4,1,59,1968,2,6
"2025000026270",1,9,1,0,0,0,2,1,51,1956,2,7
"2025000026271",1,9,5,6,0,0,1,2,-1,1461,2,5
"2025000026271",2,9,19,1,0,0,4,2,21,999,1,8
"2025000026272",1,9,5,1,0,6,4,1,80,1197,1,5
"2025000026273",2,9,19,0,0,0,2,2,25,1248,1,4
"2025000026273",1,9,19,0,0,0,1,2,25,1498,1,3
"2025000026274",2,9,4,2,0,0,2,2,19,1242,1,12
"2025000026274",1,9,19,2,0,0,1,1,23,3456,8,8
"2025000026275",2,9,99,9,9,99,1,3,-1,-1,-1,-1
"2025000026275",1,1,99,9,9,99,1,1,23,-1,-1,-1
"2025000026276",1,9,1,0,0,0,2,1,46,1498,1,4
"2025000026277",1,5,14,0,0,0,4,1,47,1301,1,0
"2025000026277",2,9,6,0,0,0,3,2,55,1598,1,18
"2025000026278",1,5,19,8,0,0,1,1,55,798,1,38
"2025000026279",2,3,19,8,0,0,1,1,63,-1,3,6
"2025000026279",1,9,9,5,0,0,4,1,51,1199,2,8
"2025000026280",2,21,99,9,9,99,1,3,-1,12809,2,4
"2025000026280",1,9,99,9,9,99,9,2,37,1796,1,18
"2025000026281",2,9,13,1,0,0,4,2,74,999,1,4
"2025000026281",1,5,19,1,0,0,3,1,46,998,1,17
"2025000026282",1,9,19,0,2,0,1,1,19,998,1,13
"2025000026283",1,9,19,8,0,0,2,2,51,1242,1,5
"2025000026283",2,9,19,8,0,0,1,2,19,1198,1,9
"2025000026284",1,1,99,0,9,99,1,1,45,-1,-1,-1
"2025000026285",1,9,19,1,2,0,4,2,57,-1,3,0
"2025000026286",1,1,19,4,0,0,1,1,13,-1,-1,-1
"2025000026286",2,9,19,3,0,0,4,1,18,1995,2,14
"2025000026287",1,9,19,8,0,0,1,2,44,1197,1,7
"2025000026287",2,9,2,8,0,0,2,1,34,1794,1,17
"2025000026288",1,9,11,0,5,0,1,2,17,1229,1,11
"2025000026289",1,19,9,5,0,0,1,1,55,1995,2,3
"2025000026290",1,9,4,1,0,0,0,1,41,1498,1,3
"2025000026290",2,9,15,1,0,10,1,1,34,1796,1,17
"2025000026291",4,9,3,0,0,0,2,1,59,1368,1,8
"2025000026291",1,11,19,0,1,0,1,1,42,4760,2,10
"2025000026291",3,9,3,0,0,0,2,1,41,2143,2,9
"2025000026291",2,3,3,0,0,0,2,1,35,125,1,0
"2025000026291",5,19,3,0,0,0,2,1,34,1499,2,1
"2025000026292",2,1,5,4,0,0,4,1,48,-1,-1,-1
"2025000026292",1,19,10,4,0,0,4,1,51,2143,2,6
"2025000026293",2,9,99,9,9,99,1,3,-1,1498,1,5
"2025000026293",1,5,99,9,9,99,1,1,34,745,1,1
"2025000026294",1,97,-1,0,-1,-1,-1,3,-1,-1,-1,-1
"2025000026295",2,9,19,1,0,0,2,1,42,1794,1,13
"2025000026295",3,9,19,1,0,0,1,1,85,1242,1,13
"2025000026295",1,9,19,1,0,0,2,1,49,1797,8,5
"2025000026296",1,9,19,1,0,0,1,1,-1,-1,-1,-1
"2025000026297",2,4,19,1,1,0,1,1,52,373,1,1
"2025000026297",1,9,10,6,0,0,4,1,51,1984,2,13
"2025000026298",1,9,8,1,0,0,1,1,-1,-1,-1,-1
"2025000026298",2,9,8,1,0,0,2,1,30,1968,2,6
"2025000026299",1,3,99,9,9,99,9,1,27,125,1,1
"2025000026299",2,9,99,9,9,99,9,3,-1,1797,8,10
"2025000026300",2,9,2,1,0,0,0,3,-1,-1,-1,-1
"2025000026300",1,9,19,1,0,0,4,2,31,999,1,6
"2025000026300",3,9,2,1,0,0,0,3,-1,-1,-1,-1
"2025000026301",2,9,19,8,0,0,4,2,27,1198,1,7
"2025000026301",1,9,19,6,0,0,1,1,59,1560,2,12
"2025000026302",2,1,-1,0,-1,-1,-1,1,-1,-1,-1,-1
"2025000026302",1,22,-1,0,-1,-1,-1,2,87,-1,-1,-1
"2025000026303",2,9,2,0,0,0,2,2,54,998,1,6
"2025000026303",3,9,2,0,0,0,2,3,-1,1198,1,14
"2025000026303",1,9,19,0,0,4,1,1,79,2231,2,11
"2025000026304",1,1,19,0,0,0,1,1,55,-1,-1,-1
"2025000026304",2,9,4,0,0,0,2,1,30,1598,2,7
"2025000026305",2,9,19,1,0,0,3,2,40,2143,2,6
"2025000026305",1,9,11,1,0,0,4,1,-1,1987,8,3
"2025000026306",2,9,99,9,9,99,2,1,-1,-1,3,2
"2025000026306",1,3,99,8,9,99,1,1,25,124,1,4
"2025000026307",2,9,2,1,0,0,2,3,-1,1968,2,9
"2025000026307",1,9,19,1,0,0,1,2,42,1242,1,9
"2025000026308",1,19,13,8,0,0,1,3,-1,-1,-1,-1
"2025000026308",2,9,9,5,0,0,3,2,52,1598,2,7
"2025000026309",2,19,7,8,0,0,3,1,30,1995,2,2
"2025000026309",1,1,19,8,0,0,2,1,51,-1,-1,-1
"2025000026310",2,9,19,1,0,0,1,2,57,1364,1,5
"2025000026310",1,9,9,6,0,0,1,1,46,1796,1,15
"2025000026311",2,9,7,6,0,0,1,1,32,-1,-1,-1
"2025000026311",1,3,19,8,0,0,1,1,28,-1,-1,-1
"2025000026312",2,9,19,0,0,0,1,1,38,-1,3,3
"2025000026312",1,9,14,0,0,0,1,3,-1,-1,-1,-1
"2025000026313",1,9,9,6,0,0,3,1,43,1299,1,16
"2025000026313",2,9,19,1,0,0,1,2,31,1499,1,0
"2025000026314",2,1,19,8,0,0,3,1,50,-1,-1,-1
"2025000026314",1,9,9,6,0,0,1,2,78,4999,1,4
"2025000026315",1,11,19,0,0,0,0,1,59,6871,2,14
"2025000026316",1,9,5,6,0,11,1,1,34,1332,8,1
"2025000026317",2,19,4,1,0,0,2,1,32,1968,2,4
"2025000026317",3,9,10,1,0,0,2,1,29,1498,1,1
"2025000026317",1,19,4,1,0,0,1,1,67,2198,2,15
"2025000026318",1,9,19,4,0,0,1,2,73,1242,1,7
"2025000026318",2,1,19,1,0,0,1,1,49,-1,-1,-1
"2025000026319",1,9,19,0,0,0,2,2,57,1296,1,17
"2025000026319",2,9,4,0,0,0,1,3,-1,-1,-1,-1
"2025000026320",1,3,99,0,9,99,9,2,40,-1,3,3
"2025000026320",2,9,99,0,9,99,9,1,-1,2487,8,3
"2025000026321",2,9,19,0,0,0,4,1,69,1984,1,7
"2025000026321",1,19,5,0,0,0,3,1,28,2200,2,1
"2025000026322",2,3,19,0,0,10,4,1,59,125,1,5
"2025000026322",1,9,9,0,0,0,0,2,55,1498,2,3
"2025000026323",1,9,5,0,0,0,2,2,40,1197,8,2
"2025000026323",2,9,5,0,0,0,1,1,-1,1591,1,9
"2025000026323",3,9,4,0,0,0,0,3,-1,-1,-1,-1
"2025000026324",1,9,7,0,0,0,4,1,40,2143,2,10
"2025000026324",2,1,19,0,0,0,1,1,18,-1,-1,-1
"2025000026325",1,9,19,8,0,0,1,1,23,998,1,16
"2025000026325",2,11,10,1,0,0,1,1,41,5132,2,7
"2025000026326",1,9,19,0,0,12,1,1,24,1198,1,12
"2025000026327",1,1,7,5,0,0,1,1,33,-1,-1,-1
"2025000026327",2,9,19,1,0,0,1,1,-1,1995,2,3
"2025000026328",2,9,19,0,1,0,1,1,35,1998,8,6
"2025000026328",1,21,6,0,0,0,3,1,40,10677,2,4
"2025000026329",1,9,7,6,0,0,1,1,55,-1,-1,-1
"2025000026329",2,1,19,8,0,0,1,1,71,-1,-1,-1
"2025000026330",1,9,9,2,0,0,1,2,71,1795,1,19
"2025000026331",1,9,7,5,0,0,1,1,19,1896,2,23
"2025000026331",2,9,19,5,0,0,0,1,34,1598,2,5
"2025000026332",1,11,19,1,0,0,0,1,26,-1,-1,-1
"2025000026333",2,9,19,8,0,0,4,1,29,1598,1,17
"2025000026333",1,3,19,8,5,0,1,2,17,124,1,10
"2025000026334",1,-1,19,0,0,0,0,2,13,-1,-1,-1
"2025000026335",2,9,19,8,0,0,1,1,50,1596,1,15
"2025000026335",1,9,4,4,0,0,2,2,22,998,1,8
"2025000026336",1,9,3,1,0,0,1,1,46,1499,2,7
"2025000026337",1,9,9,1,0,0,4,1,24,1591,1,5
"2025000026338",1,9,19,0,0,0,4,2,55,1197,1,3
"2025000026339",2,19,19,0,0,0,1,2,52,1499,2,3
"2025000026339",1,9,19,0,1,0,4,1,20,1995,1,19
"2025000026340",4,9,19,0,0,0,0,1,78,898,1,6
"2025000026340",2,19,19,0,0,0,1,1,53,1598,2,6
"2025000026340",1,9,19,0,0,0,1,2,21,1388,1,19
"2025000026340",3,9,19,0,0,0,1,2,26,1796,2,9
"2025000026341",2,19,11,1,0,0,0,1,-1,-1,-1,-1
"2025000026341",1,9,19,1,0,0,4,1,21,1798,8,7
"2025000026342",2,1,-1,0,-1,-1,-1,1,9,-1,-1,-1
"2025000026342",1,99,19,0,0,0,1,3,-1,-1,-1,-1
"2025000026343",1,19,19,0,1,0,1,1,28,-1,-1,-1
"2025000026344",1,9,19,0,0,0,2,1,50,1586,1,16
"2025000026344",3,19,19,0,0,0,1,1,55,1997,2,3
"2025000026344",2,8,7,0,0,0,2,1,32,1580,8,5
"2025000026345",1,9,9,5,0,0,1,1,54,999,1,6
"2025000026345",2,3,19,1,0,0,1,1,51,745,1,0
"2025000026346",1,9,3,1,0,0,2,2,32,1461,2,9
"2025000026346",2,9,19,1,0,0,1,1,-1,1242,1,19
"2025000026347",3,9,19,8,0,0,1,1,51,1968,2,19
"2025000026347",2,9,19,1,0,0,4,2,88,1299,1,21
"2025000026347",1,9,5,6,0,0,1,2,67,1497,8,11
"2025000026348",1,9,-1,-1,-1,-1,-1,2,55,1560,2,11
"2025000026349",1,3,19,2,1,10,1,1,25,124,1,8
"2025000026349",2,90,19,2,0,0,2,1,34,-1,-1,-1
"2025000026350",1,9,19,1,0,0,1,1,23,2143,2,3
"2025000026351",2,11,19,8,0,0,1,1,53,5132,2,8
"2025000026351",1,9,19,1,0,0,1,1,28,-1,-1,-1
"2025000026352",1,9,13,0,0,0,1,1,36,-1,-1,-1
"2025000026352",2,19,19,0,0,0,1,1,47,1995,2,10
"2025000026353",1,2,7,5,0,0,1,1,-1,-1,-1,-1
"2025000026354",1,9,19,0,0,12,1,1,54,1477,1,4
"2025000026355",2,1,19,8,0,0,1,1,19,-1,-1,-1
"2025000026355",1,9,-1,-1,-1,-1,-1,3,-1,1598,2,8
"2025000026356",1,9,19,2,0,0,0,1,67,1995,2,7
"2025000026356",2,3,19,2,0,10,1,1,25,109,1,9
"2025000026357",1,9,19,2,5,0,1,1,33,1395,1,4
"2025000026358",1,9,19,0,0,0,4,1,38,1598,1,13
"2025000026359",1,9,9,8,0,0,1,1,58,1997,2,4
"2025000026360",1,9,1,0,0,0,2,1,68,999,1,1
"2025000026361",1,19,1,0,0,0,3,1,38,2198,2,5
"2025000026362",1,9,10,1,0,0,1,1,23,1399,2,12
"2025000026362",2,9,19,8,0,0,1,2,40,1586,1,8
"2025000026363",2,9,99,9,9,99,1,3,-1,1998,1,3
"2025000026363",1,9,99,9,9,99,2,2,29,1332,1,0
"2025000026364",1,9,19,4,1,0,1,1,31,1398,1,12
"2025000026365",1,9,19,0,1,0,3,1,48,1995,2,10
"2025000026365",2,9,19,0,1,0,3,2,50,2148,2,13
"2025000026366",1,9,9,1,0,0,2,2,29,999,1,7
"2025000026366",2,9,19,1,0,0,1,1,26,1399,2,14
"2025000026367",1,9,19,6,0,0,4,1,-1,1986,2,14
"2025000026367",2,9,19,8,0,0,3,1,-1,1968,2,4
"2025000026368",1,11,9,0,0,0,1,1,-1,9360,2,15
"2025000026368",2,9,19,0,0,0,1,2,21,1598,2,7
"2025000026369",1,19,7,1,0,0,1,1,29,2299,2,8
"2025000026370",2,1,19,0,0,0,3,1,14,-1,-1,-1
"2025000026370",1,9,19,0,0,0,1,3,-1,-1,-1,-1
"2025000026371",3,9,3,1,0,0,2,2,53,1994,2,14
"2025000026371",4,9,3,1,0,0,2,2,42,-1,3,0
"2025000026371",1,11,19,2,1,0,1,1,51,9600,2,24
"2025000026371",2,19,3,2,0,0,2,1,21,2298,2,2
"2025000026372",1,3,19,8,2,0,1,1,21,125,1,10
"2025000026373",2,9,19,0,0,0,1,1,30,2993,2,4
"2025000026373",1,9,19,0,0,0,2,2,39,1339,1,16
"2025000026374",1,9,9,8,0,0,4,1,76,1997,2,6
"2025000026374",2,9,19,8,0,0,1,1,40,998,1,16
"2025000026375",1,9,19,2,0,0,4,1,55,1200,1,4
"2025000026376",1,9,5,6,0,0,0,1,51,1997,2,13
"2025000026377",1,9,7,4,0,0,3,2,47,1968,2,9
"2025000026377",2,3,19,3,0,0,1,1,33,110,1,2
"2025000026378",1,9,19,5,0,0,4,2,85,1984,1,28
"2025000026379",1,9,19,8,0,0,4,2,21,1461,2,5
"2025000026379",2,9,9,8,0,0,1,2,40,1598,2,11
"2025000026380",3,9,10,1,0,0,4,1,80,1398,1,5
"2025000026380",1,4,5,8,0,4,1,1,24,125,1,3
"2025000026380",2,9,19,8,0,0,1,1,57,1968,2,7
"2025000026381",1,1,99,9,9,99,1,1,33,-1,-1,-1
"2025000026381",2,9,99,9,9,99,9,3,-1,-1,-1,-1
"2025000026382",1,9,5,1,0,0,3,1,88,1398,1,6
"2025000026382",2,5,19,1,2,0,1,1,64,781,1,21
"2025000026383",2,9,99,9,9,99,1,3,-1,1199,1,1
"2025000026383",1,1,99,9,9,99,1,2,36,-1,-1,-1
"2025000026384",1,9,6,0,0,0,4,1,27,1968,2,9
"2025000026384",2,3,19,0,1,0,1,1,33,599,1,23
"2025000026385",1,9,7,5,0,0,4,3,-1,-1,-1,-1
"2025000026385",2,1,19,8,0,0,1,2,58,-1,-1,-1
"2025000026386",1,5,4,8,1,0,1,1,35,998,1,6
"2025000026386",2,21,9,8,0,0,3,1,36,12777,2,1
"2025000026387",1,3,99,9,9,99,9,1,39,124,1,1
"2025000026387",2,9,99,9,9,99,9,3,-1,998,1,23
"2025000026388",1,1,99,9,9,99,9,1,43,-1,-1,-1
"2025000026388",2,9,99,9,9,99,9,3,22,1968,2,3
"2025000026389",1,9,9,2,0,0,1,1,50,1199,1,1
"2025000026390",1,19,6,0,0,0,2,1,34,1560,2,8
"2025000026390",2,9,19,0,0,0,1,3,75,1200,1,10
"2025000026391",1,9,19,0,0,0,4,1,28,2184,2,9
"2025000026391",2,9,19,0,0,0,3,1,53,1390,1,16
"2025000026391",3,21,19,0,0,0,0,1,28,-1,-1,-1
"2025000026392",1,5,19,0,2,0,1,1,53,865,1,11
"2025000026392",2,9,12,0,0,0,3,1,34,-1,3,2
"2025000026393",1,1,19,1,0,0,1,1,27,-1,-1,-1
"2025000026394",1,21,19,0,0,0,3,1,65,12902,2,4
"2025000026394",2,9,19,0,0,0,3,1,58,1499,2,6
"2025000026395",1,11,4,1,0,0,0,1,18,4500,2,11
"2025000026396",2,9,2,0,0,0,2,3,-1,998,1,3
"2025000026396",1,9,19,0,0,0,1,1,87,1984,1,4
"2025000026397",2,9,-1,0,-1,-1,-1,1,55,1124,1,14
"2025000026397",1,9,-1,0,-1,-1,1,2,44,1999,2,6
"2025000026398",1,21,19,0,3,0,1,1,61,12740,2,10
"2025000026399",1,9,19,1,0,0,2,1,45,1997,2,11
"2025000026399",3,9,19,1,0,0,1,1,27,1998,2,12
"2025000026399",2,9,19,1,0,0,2,1,33,1388,1,20
"2025000026400",1,19,3,1,0,0,1,1,57,2143,2,5
"2025000026400",2,5,19,8,0,0,3,1,49,999,1,9
"2025000026401",1,9,19,1,0,0,1,2,75,1490,1,17
"2025000026401",2,9,10,1,0,0,2,2,40,998,1,14
"2025000026402",2,9,13,1,2,7,1,1,59,2993,2,4
"2025000026402",1,9,12,1,0,0,1,2,19,1396,1,10
"2025000026403",1,1,19,0,0,0,1,1,14,-1,-1,-1
"2025000026403",2,9,19,0,0,0,1,1,57,1798,8,9
"2025000026404",1,19,7,5,0,0,3,1,31,2143,2,5
"2025000026404",2,1,19,1,0,0,1,1,33,-1,-1,-1
"2025000026405",1,9,19,0,0,0,1,1,79,999,1,20
"2025000026406",1,19,5,4,0,4,1,1,50,1968,2,4
"2025000026406",2,9,2,1,0,0,2,1,23,1998,2,14
"2025000026407",1,9,4,0,0,0,2,1,61,1968,2,10
"2025000026407",2,9,5,0,0,0,1,1,49,1200,1,6
"2025000026408",1,3,19,0,0,0,1,1,33,125,1,1
"2025000026408",2,9,5,0,0,0,3,2,-1,999,1,4
"2025000026409",2,9,99,0,9,99,1,3,-1,-1,-1,-1
"2025000026409",1,3,99,0,9,99,9,1,36,125,1,2
"2025000026410",2,19,19,0,0,0,3,1,44,10837,2,4
"2025000026410",1,9,19,0,0,0,4,1,20,1229,1,8
"2025000026411",1,9,4,0,0,0,1,1,43,1995,2,12
"2025000026411",3,9,3,0,0,0,2,1,35,1968,2,9
"2025000026411",2,9,3,0,0,0,2,1,28,999,1,6
"2025000026411",4,9,3,0,0,0,2,1,28,2199,2,6
"2025000026412",2,9,19,1,0,0,1,1,31,1797,8,11
"2025000026412",1,19,19,2,0,0,1,1,33,1997,2,5
"2025000026412",3,19,19,1,0,0,3,1,51,1995,2,4
"2025000026413",2,19,15,0,9,0,2,1,68,1997,2,2
"2025000026413",1,9,99,0,9,99,4,1,23,1600,1,21
"2025000026414",1,9,19,0,0,0,1,1,37,-1,-1,-1
"2025000026415",2,1,19,0,0,0,2,1,29,-1,-1,-1
"2025000026415",1,9,19,0,0,0,1,3,-1,-1,-1,-1