"collision_index","vehicle_reference","vehicle_type","vehicle_manoeuvre","junction_location","skidding_and_overturning","hit_object_in_carriageway","first_point_of_impact","sex_of_driver","age_of_driver","engine_capacity_cc","propulsion_code","age_of_vehicle"
"2025000026416",1,9,19,8,0,9,1,1,55,1968,2,10
"2025000026417",4,9,3,1,0,0,2,1,68,2143,2,3
"2025000026417",1,11,19,1,0,0,1,1,30,7300,2,7
"2025000026417",3,9,3,1,0,0,2,2,60,-1,-1,-1
"2025000026417",2,9,3,1,0,0,2,1,36,-1,-1,-1
"2025000026418",2,9,99,9,9,99,0,3,61,1199,1,0
"2025000026418",1,1,99,9,9,99,9,1,58,-1,-1,-1
"2025000026419",1,9,19,0,0,0,2,1,43,1796,1,12
"2025000026419",2,9,19,0,0,0,1,3,45,1000,1,10
"2025000026420",4,19,4,0,0,0,1,1,39,1898,2,2
"2025000026420",2,19,19,0,0,0,2,1,24,2198,2,10
"2025000026420",3,9,4,0,0,0,2,2,66,1995,2,3
"2025000026420",1,9,4,0,0,0,2,1,19,1229,1,14
"2025000026421",1,9,19,1,0,0,1,1,40,1598,2,10
"2025000026421",2,9,3,1,0,0,2,2,27,999,1,3
"2025000026422",2,9,19,8,0,0,3,1,29,1329,1,7
"2025000026422",1,9,11,8,0,0,4,1,55,1968,2,12
"2025000026423",1,9,3,0,0,0,2,1,47,1086,1,16
"2025000026423",2,9,-1,0,-1,-1,-1,3,-1,-1,-1,-1
"2025000026424",1,9,19,0,0,0,0,1,34,2143,2,10
"2025000026424",2,8,3,0,0,0,2,1,55,2499,2,17
"2025000026425",2,1,19,1,0,10,1,2,24,-1,-1,-1
"2025000026425",1,19,7,1,0,0,2,1,48,-1,-1,-1
"2025000026426",1,9,19,1,1,10,1,2,40,1596,1,8
"2025000026427",1,9,19,0,0,0,1,3,-1,1296,1,14
"2025000026428",2,9,2,0,0,0,2,3,-1,2933,1,30
"2025000026428",1,9,19,0,5,4,1,2,83,1197,1,6
"2025000026428",4,9,2,0,0,0,3,3,-1,2231,2,14
"2025000026428",5,9,14,0,0,0,0,3,-1,-1,-1,-1
"2025000026428",3,9,2,0,0,0,4,3,-1,1995,2,17
"2025000026429",3,9,19,0,0,0,1,1,68,1499,2,3
"2025000026429",2,19,19,0,0,0,2,1,52,1995,2,3
"2025000026429",1,19,19,0,0,0,1,2,43,1968,2,7
"2025000026430",1,9,19,0,0,0,1,1,56,-1,-1,-1
"2025000026431",2,5,19,1,0,0,0,1,30,999,1,5
"2025000026431",1,9,9,1,0,0,0,1,44,1229,1,10
"2025000026432",1,9,4,0,1,0,1,2,30,-1,-1,-1
"2025000026432",2,9,4,0,0,0,2,1,43,1950,2,0
"2025000026432",3,9,4,0,0,0,2,1,43,2993,2,14
"2025000026433",2,9,13,0,0,0,4,2,20,1390,1,11
"2025000026433",1,9,9,0,0,0,3,1,45,1950,2,6
"2025000026434",1,9,5,0,0,0,1,-1,83,1596,1,11
"2025000026435",2,1,5,1,0,0,3,1,30,-1,-1,-1
"2025000026435",1,19,7,1,0,0,1,1,40,-1,3,5
"2025000026436",1,9,7,1,1,0,4,1,19,2000,1,12
"2025000026436",2,9,9,1,0,0,1,2,65,1398,1,3
"2025000026437",1,9,10,8,0,0,2,1,38,1997,2,2
"2025000026437",2,9,19,2,0,0,1,3,-1,3342,1,3
"2025000026438",2,9,7,1,0,0,3,1,28,1596,1,12
"2025000026438",1,9,7,5,0,0,3,1,38,1995,2,6
"2025000026439",1,19,19,1,0,0,1,1,36,1499,2,2
"2025000026440",1,11,19,9,0,0,1,1,47,5132,2,4
"2025000026440",2,9,19,9,0,0,9,3,-1,-1,-1,-1
"2025000026441",1,9,19,0,0,0,3,1,-1,-1,-1,-1
"2025000026441",2,9,19,0,1,0,4,1,54,1398,1,23
"2025000026442",1,9,9,6,0,0,3,1,22,1242,1,17
"2025000026442",2,9,19,8,0,0,1,2,44,1328,1,14
"2025000026443",4,9,19,0,0,0,2,1,60,-1,-1,-1
"2025000026443",1,9,19,0,0,0,1,1,27,1797,8,8
"2025000026443",3,9,19,0,0,0,1,1,35,-1,-1,-1
"2025000026443",2,9,19,0,0,0,1,1,51,-1,-1,-1
"2025000026444",1,9,5,6,0,0,1,1,24,1595,1,5
"2025000026444",2,9,19,8,0,0,1,2,63,1398,2,15
"2025000026445",3,9,19,8,0,0,3,2,43,-1,3,3
"2025000026445",2,9,10,1,0,0,2,2,62,1198,1,6
"2025000026445",1,11,19,1,0,0,1,1,56,6700,2,3
"2025000026446",2,3,19,1,0,0,2,1,44,125,1,1
"2025000026446",1,9,19,1,0,0,1,1,20,1368,1,12
"2025000026447",1,19,19,0,0,0,3,1,42,2198,2,9
"2025000026448",1,9,5,1,0,0,1,2,69,999,1,8
"2025000026449",3,9,19,0,0,0,2,1,26,1560,2,9
"2025000026449",2,9,19,0,0,0,2,2,27,1968,2,8
"2025000026449",1,9,19,0,0,0,1,2,24,1242,1,12
"2025000026450",2,9,3,1,0,0,2,2,26,1598,1,9
"2025000026450",1,9,5,1,0,0,1,1,-1,1595,1,3
"2025000026451",2,8,99,0,9,99,9,3,-1,-1,3,1
"2025000026451",1,1,99,0,9,8,1,2,39,-1,-1,-1
"2025000026452",1,9,7,1,0,0,1,2,54,2362,1,19
"2025000026452",2,1,19,1,0,0,3,1,65,-1,-1,-1
"2025000026453",1,2,5,3,1,0,4,1,18,124,1,1
"2025000026454",4,9,3,1,0,4,2,1,22,1242,1,13
"2025000026454",5,9,8,8,0,4,2,1,48,1968,2,4
"2025000026454",2,9,3,1,0,0,2,1,34,-1,3,3
"2025000026454",1,11,19,1,0,0,1,1,59,5132,2,9
"2025000026454",3,9,3,1,0,0,2,1,61,1798,8,8
"2025000026455",4,9,3,0,0,0,2,2,54,1969,8,1
"2025000026455",2,9,3,0,0,0,2,1,78,1200,1,1
"2025000026455",1,9,19,0,0,0,1,1,43,1995,1,13
"2025000026455",3,9,3,0,0,0,2,2,49,1198,1,13
"2025000026456",2,20,19,0,0,0,1,1,59,12777,2,0
"2025000026456",1,9,19,0,0,0,1,1,77,1798,8,2
"2025000026457",1,9,5,0,0,0,3,1,53,1396,1,16
"2025000026457",2,1,19,0,0,0,1,1,46,-1,-1,-1
"2025000026458",1,9,10,0,0,0,1,2,27,1242,1,9
"2025000026458",2,19,19,0,0,0,0,1,35,2461,2,12
"2025000026459",1,9,19,0,1,0,4,1,62,1598,1,16
"2025000026459",2,9,19,0,1,10,3,2,59,1794,1,16
"2025000026460",2,9,9,8,0,0,2,2,34,-1,-1,-1
"2025000026460",1,1,19,1,0,0,1,1,12,-1,-1,-1
"2025000026461",1,11,2,1,0,0,0,1,59,4500,2,11
"2025000026462",1,9,19,0,0,0,0,1,34,1995,1,19
"2025000026463",2,1,19,8,0,0,1,1,67,-1,-1,-1
"2025000026463",1,9,19,4,0,0,3,1,18,1461,2,7
"2025000026464",1,9,19,0,0,0,1,1,32,1498,1,0
"2025000026464",2,8,19,0,0,0,1,1,60,1598,2,8
"2025000026465",2,8,7,5,0,0,4,1,-1,-1,-1,-1
"2025000026465",1,1,19,8,0,0,1,1,48,-1,-1,-1
"2025000026466",2,3,99,9,9,99,9,3,30,125,1,2
"2025000026466",1,9,99,9,9,99,9,3,-1,-1,-1,-1
"2025000026467",1,1,15,0,0,0,1,1,54,-1,-1,-1
"2025000026467",2,9,3,0,0,0,4,1,42,1598,1,13
"2025000026468",2,2,19,1,0,0,3,1,30,-1,3,0
"2025000026468",1,9,10,1,0,0,4,1,20,1791,8,9
"2025000026469",1,11,19,0,0,0,0,1,33,5132,2,3
"2025000026470",1,2,19,1,0,0,1,1,19,49,1,6
"2025000026471",1,9,19,0,0,0,1,3,-1,-1,-1,-1
"2025000026472",1,9,12,0,0,7,1,1,81,-1,-1,-1
"2025000026473",1,9,19,6,0,0,0,1,58,1499,2,1
"2025000026473",2,4,19,8,0,0,1,1,42,125,1,3
"2025000026474",2,9,19,1,0,0,1,3,-1,-1,-1,-1
"2025000026474",1,9,19,8,0,0,3,1,26,1995,2,15
"2025000026475",2,9,19,1,0,0,1,2,41,-1,3,1
"2025000026475",1,9,5,2,0,0,3,2,19,998,1,11
"2025000026476",2,9,19,8,0,0,4,3,28,1995,2,9
"2025000026476",1,8,6,8,0,0,3,1,45,1798,8,2
"2025000026477",2,9,19,8,0,0,1,1,54,1398,1,10
"2025000026477",1,5,19,8,0,0,1,3,-1,890,1,2
"2025000026478",1,9,9,8,0,0,3,2,47,1598,2,4
"2025000026478",2,5,4,1,0,0,1,1,39,865,1,9
"2025000026479",1,11,19,1,0,0,0,2,65,4500,2,10
"2025000026479",2,9,19,1,0,0,0,3,-1,-1,-1,-1
"2025000026480",1,9,9,2,0,0,1,2,48,1390,1,10
"2025000026481",1,9,19,8,0,0,1,1,90,1364,1,7
"2025000026481",2,9,19,8,0,0,3,1,55,1461,2,10
"2025000026482",1,98,19,8,0,0,0,1,39,-1,-1,-1
"2025000026483",2,9,19,8,0,0,1,1,26,1364,1,18
"2025000026483",1,9,9,5,0,0,1,1,75,1499,2,1
"2025000026484",1,9,99,9,9,99,2,2,56,1339,1,12
"2025000026485",1,5,19,0,0,0,1,1,36,-1,-1,-1
"2025000026485",2,9,19,0,0,0,1,1,42,1685,2,5
"2025000026486",2,9,19,8,1,0,4,1,-1,1398,1,3
"2025000026486",1,9,19,8,1,0,1,1,40,-1,-1,-1
"2025000026487",1,9,9,4,0,0,1,1,36,1995,2,19
"2025000026487",2,1,19,8,0,0,1,1,18,-1,-1,-1
"2025000026488",2,9,19,8,0,0,1,3,-1,2499,1,12
"2025000026488",1,11,5,1,0,0,0,1,51,5132,2,6
"2025000026489",2,1,19,8,0,0,1,1,10,-1,-1,-1
"2025000026489",1,19,19,8,0,0,1,1,38,2402,2,16
"2025000026490",1,9,7,0,1,0,3,1,52,1497,1,4
"2025000026491",1,9,19,0,0,0,1,2,59,1498,1,5
"2025000026492",2,9,2,0,0,0,0,3,-1,1968,2,9
"2025000026492",1,9,19,0,1,0,1,1,76,999,1,4
"2025000026493",1,5,19,0,0,0,1,1,31,948,1,5
"2025000026494",1,9,19,1,0,0,1,1,32,-1,3,1
"2025000026494",2,9,5,8,0,0,3,2,36,1200,1,8
"2025000026495",1,9,19,0,0,0,1,2,50,1997,1,11
"2025000026495",2,1,19,0,0,0,3,1,20,-1,-1,-1
"2025000026496",3,98,2,0,0,0,2,-1,-1,-1,-1,-1
"2025000026496",1,9,14,0,1,4,1,1,28,1461,2,8
"2025000026496",2,9,2,0,0,0,2,-1,-1,1422,2,7
"2025000026497",1,9,19,0,0,0,-1,2,90,1198,1,9
"2025000026497",2,9,2,0,0,0,3,3,-1,999,1,4
"2025000026498",1,9,19,1,0,0,1,1,41,-1,-1,-1
"2025000026499",1,3,19,2,0,0,1,3,-1,-1,-1,-1
"2025000026500",2,9,4,0,0,10,1,2,55,999,1,2
"2025000026500",1,1,19,0,1,0,1,1,60,-1,-1,-1
"2025000026501",1,11,3,2,0,0,2,1,73,9000,2,14
"2025000026501",2,9,19,2,0,0,1,1,81,1332,8,1
"2025000026502",1,9,19,2,0,0,1,2,38,1499,2,4
"2025000026503",2,1,19,8,0,0,1,1,30,-1,-1,-1
"2025000026503",1,9,19,1,0,0,1,3,30,-1,-1,-1
"2025000026504",1,1,19,2,0,0,0,1,40,-1,-1,-1
"2025000026505",2,1,7,6,0,0,2,1,19,-1,-1,-1
"2025000026505",1,9,19,1,0,0,1,1,-1,1969,8,3
"2025000026506",2,9,19,2,0,0,1,1,59,1395,1,8
"2025000026506",1,9,9,6,0,0,3,2,20,1296,1,14
"2025000026507",1,11,4,1,0,0,1,1,53,6696,2,9
"2025000026508",1,9,11,0,0,0,1,2,24,1240,1,14
"2025000026509",1,9,10,1,0,0,2,2,40,1461,2,4
"2025000026509",2,9,4,1,0,0,1,2,50,1498,1,4
"2025000026510",2,11,19,0,0,0,0,1,52,6692,2,14
"2025000026510",1,9,11,0,0,0,0,1,-1,-1,-1,-1
"2025000026511",2,9,99,9,9,99,9,3,-1,1870,2,13
"2025000026511",1,9,99,9,9,99,9,2,63,1969,2,4
"2025000026512",2,1,5,4,0,0,1,1,19,-1,-1,-1
"2025000026512",1,19,5,4,0,0,1,1,37,2198,2,9
"2025000026513",2,9,19,8,0,0,1,2,52,1591,1,13
"2025000026513",3,9,10,1,0,0,1,1,64,1997,2,8
"2025000026513",1,9,19,8,0,0,4,1,26,-1,-1,-1
"2025000026514",1,19,4,0,0,0,1,1,50,2198,2,8
"2025000026514",3,9,4,0,0,0,2,2,31,1598,1,12
"2025000026514",2,19,4,0,0,0,2,1,37,1995,2,5
"2025000026515",2,9,8,1,0,0,3,2,39,1598,1,16
"2025000026515",1,21,19,1,0,0,4,2,46,12777,2,8
"2025000026516",1,9,19,7,0,0,1,3,-1,-1,-1,-1
"2025000026517",2,9,19,0,0,0,2,1,33,2993,2,5
"2025000026517",3,9,19,0,0,0,3,1,34,2993,2,4
"2025000026517",1,9,19,0,0,0,1,1,40,2993,2,7
"2025000026518",1,9,7,5,0,0,2,1,28,1242,1,11
"2025000026518",2,11,19,2,0,0,1,2,55,4500,2,6
"2025000026519",1,9,19,8,0,7,1,1,52,998,1,4
"2025000026519",2,9,9,6,0,0,1,2,22,1461,2,7
"2025000026520",1,9,19,8,0,0,1,1,35,1984,1,0
"2025000026521",1,1,19,8,5,0,1,1,53,-1,-1,-1
"2025000026522",1,9,19,2,5,0,4,1,43,1896,2,19
"2025000026522",2,9,19,2,0,0,2,1,71,1598,1,10
"2025000026523",1,19,19,2,0,0,1,2,30,-1,-1,-1
"2025000026523",2,9,2,2,0,0,0,1,39,2143,2,6
"2025000026524",1,9,1,0,0,0,2,3,-1,1995,2,14
"2025000026525",2,1,19,8,5,0,3,1,45,-1,-1,-1
"2025000026525",1,9,9,8,0,0,4,1,19,1991,1,5
"2025000026526",2,9,19,1,0,0,1,1,41,2204,2,15
"2025000026526",1,9,4,5,0,0,0,2,69,999,1,11
"2025000026527",2,21,2,0,0,0,2,1,37,6700,2,8
"2025000026527",1,9,19,0,0,4,1,2,30,1598,2,15
"2025000026528",1,9,19,0,0,0,1,2,39,1560,2,11
"2025000026528",2,9,19,0,0,0,1,1,60,-1,-1,-1
"2025000026529",2,9,4,1,0,0,1,1,-1,-1,-1,-1
"2025000026529",1,19,3,1,0,0,2,1,45,1896,2,24
"2025000026530",3,19,3,1,0,0,2,1,34,2143,2,6
"2025000026530",1,19,19,1,0,0,1,1,40,1499,2,1
"2025000026530",2,9,3,1,0,0,2,1,32,1329,1,12
"2025000026531",1,8,19,6,0,1,1,1,56,1798,8,1
"2025000026531",2,9,-1,-1,-1,-1,-1,3,-1,1197,1,6
"2025000026531",3,21,-1,-1,-1,-1,-1,3,-1,10677,2,7
"2025000026532",1,9,19,2,0,0,1,1,32,1796,1,17
"2025000026532",2,9,9,8,0,0,1,3,-1,-1,-1,-1
"2025000026533",1,9,2,0,0,0,3,2,63,1498,1,1
"2025000026533",2,1,19,0,0,0,4,2,60,-1,-1,-1
"2025000026534",1,9,19,8,0,0,3,2,32,1910,2,13
"2025000026534",2,9,19,1,0,0,1,1,36,1560,2,13
"2025000026535",1,11,5,0,0,0,0,1,36,5132,2,5
"2025000026536",1,9,19,1,0,0,3,1,90,1584,1,19
"2025000026536",2,9,19,1,0,0,1,2,60,1598,1,20
"2025000026537",1,9,7,6,0,0,1,1,29,1582,2,9
"2025000026537",2,1,19,8,0,0,4,1,55,-1,-1,-1
"2025000026538",1,9,19,0,0,0,1,2,76,1560,2,12
"2025000026538",2,9,2,0,0,0,3,1,-1,2993,2,7
"2025000026538",3,9,19,0,0,0,1,1,51,-1,-1,-1
"2025000026538",4,9,19,0,0,0,1,2,58,1598,1,2
"2025000026538",5,19,2,0,0,0,0,1,45,2198,2,9
"2025000026539",1,9,19,1,0,0,1,3,-1,-1,-1,-1
"2025000026540",2,8,99,9,9,99,1,3,-1,1797,8,8
"2025000026540",1,9,99,9,9,99,1,1,32,1580,8,2
"2025000026541",1,19,19,0,0,0,1,1,-1,1598,2,4
"2025000026542",2,9,2,1,0,0,2,1,33,998,1,21
"2025000026542",1,9,19,1,0,-1,1,3,-1,2993,2,7
"2025000026543",2,9,13,0,9,99,1,3,35,1197,1,8
"2025000026543",1,3,19,0,9,99,1,1,53,125,1,6
"2025000026544",1,9,19,2,1,0,2,3,-1,2993,1,1
"2025000026545",1,9,19,0,1,0,1,1,23,1997,1,21
"2025000026546",2,5,4,8,0,0,1,1,52,853,1,4
"2025000026546",1,9,4,3,0,0,2,2,18,1598,2,10
"2025000026547",1,9,14,8,0,0,1,2,53,999,1,16
"2025000026548",1,9,4,0,0,0,1,2,30,1591,1,4
"2025000026549",1,9,19,0,0,0,3,2,77,1499,2,6
"2025000026550",1,9,19,0,0,0,4,1,22,1995,2,8
"2025000026551",1,9,19,1,0,0,1,1,21,1390,1,15
"2025000026551",2,9,19,1,0,0,2,2,30,1229,1,9
"2025000026552",2,11,99,9,9,99,9,1,52,-1,3,1
"2025000026552",1,19,99,9,9,99,9,1,39,1360,1,15
"2025000026553",1,9,13,8,0,0,4,1,40,1796,1,13
"2025000026553",2,21,19,8,0,0,3,1,37,-1,-1,-1
"2025000026553",3,9,19,8,0,0,1,2,54,1499,1,4
"2025000026554",1,9,19,0,5,0,4,1,59,2982,2,9
"2025000026555",1,9,11,0,0,0,3,2,57,2685,2,19
"2025000026555",2,98,19,0,0,0,3,1,57,-1,-1,-1
"2025000026556",4,19,19,0,0,0,1,1,25,1997,2,3
"2025000026556",2,9,19,0,0,0,0,1,66,2143,2,6
"2025000026556",3,9,19,0,0,0,2,1,65,4367,2,9
"2025000026557",4,21,2,0,0,0,1,1,32,12809,2,0
"2025000026557",2,9,19,0,0,0,1,2,27,1198,1,3
"2025000026557",1,9,13,0,5,0,4,3,-1,2179,2,6
"2025000026557",3,9,19,0,0,0,1,1,43,2143,2,9
"2025000026558",1,9,19,0,2,0,1,1,18,1242,1,11
"2025000026559",2,9,19,1,0,0,1,2,43,1995,2,12
"2025000026559",1,19,12,1,0,0,1,1,46,1995,2,6
"2025000026560",1,9,19,8,0,0,1,1,21,1398,1,11
"2025000026560",2,9,19,8,0,0,2,2,32,898,1,5
"2025000026561",1,1,99,9,9,99,9,1,46,-1,-1,-1
"2025000026561",2,9,99,9,9,99,9,3,-1,-1,-1,-1
"2025000026562",1,3,19,8,0,0,1,1,41,108,1,3
"2025000026562",2,9,19,6,0,0,3,2,17,1240,1,18
"2025000026563",2,22,5,1,0,11,3,2,58,-1,-1,-1
"2025000026563",1,9,19,1,0,11,1,1,27,998,1,15
"2025000026564",1,9,19,5,0,0,3,1,54,2261,1,14
"2025000026565",2,3,19,8,0,0,3,1,48,124,1,1
"2025000026565",1,9,19,3,0,0,4,1,21,1461,2,13
"2025000026566",2,1,19,3,5,0,4,2,53,-1,-1,-1
"2025000026566",1,9,8,4,0,0,3,1,64,1896,2,15
"2025000026567",1,9,19,1,0,0,1,1,23,1500,2,1
"2025000026567",2,9,19,8,0,0,3,1,56,1798,8,8
"2025000026568",2,1,99,9,9,99,1,2,-1,-1,-1,-1
"2025000026568",1,1,99,9,9,99,1,1,35,-1,-1,-1
"2025000026569",1,9,1,0,0,0,0,2,51,1591,1,6
"2025000026570",1,1,19,0,1,0,1,1,22,-1,-1,-1
"2025000026571",2,1,19,8,2,0,1,1,44,-1,-1,-1
"2025000026571",1,9,7,8,0,0,1,1,42,1598,1,15
"2025000026572",2,9,5,0,0,0,2,1,44,1984,1,0
"2025000026572",1,9,4,0,0,0,2,2,28,1242,1,15
"2025000026572",3,9,4,0,0,0,1,1,55,-1,-1,-1
"2025000026573",1,9,4,1,0,0,1,1,34,1596,1,13
"2025000026573",2,1,13,1,0,0,3,2,35,-1,-1,-1
"2025000026574",2,1,19,0,0,0,2,1,59,-1,-1,-1
"2025000026574",1,9,15,0,0,0,1,2,74,1339,1,9
"2025000026575",1,9,5,0,0,0,1,2,-1,-1,-1,-1
"2025000026575",2,9,3,0,0,0,2,1,19,998,1,5
"2025000026576",2,1,19,2,0,0,1,1,21,-1,-1,-1
"2025000026576",1,19,9,8,0,0,1,1,41,2200,2,3
"2025000026577",1,9,19,0,0,0,1,1,46,1598,2,11
"2025000026578",1,9,19,1,0,0,1,1,49,1995,2,14
"2025000026579",1,11,4,1,0,0,0,1,64,9360,2,11
"2025000026580",2,1,19,1,0,0,1,1,47,-1,-1,-1
"2025000026580",1,9,19,1,0,0,4,1,71,-1,3,2
"2025000026581",1,9,99,9,9,99,2,1,64,1329,1,6
"2025000026581",2,9,99,9,9,99,1,3,-1,1299,1,14
"2025000026582",4,9,99,9,9,99,0,3,-1,-1,-1,-1
"2025000026582",2,9,99,9,9,99,1,3,-1,999,1,6
"2025000026582",1,9,99,9,9,99,2,1,42,3199,1,19
"2025000026582",3,9,99,9,9,99,0,3,-1,1984,1,3
"2025000026583",1,9,7,3,0,0,1,2,59,996,1,13
"2025000026584",1,3,99,0,9,99,9,1,30,108,1,8
"2025000026584",2,9,99,0,9,99,9,3,-1,-1,-1,-1
"2025000026585",1,1,19,0,0,0,1,3,-1,-1,-1,-1
"2025000026586",2,1,19,2,0,0,2,1,11,-1,-1,-1
"2025000026586",1,9,19,2,0,0,2,3,30,-1,-1,-1
"2025000026587",1,9,19,1,0,0,1,1,20,1229,1,8
"2025000026587",2,1,9,1,0,0,3,2,12,-1,-1,-1
"2025000026588",1,9,19,0,0,10,1,1,-1,1796,1,14
"2025000026589",1,9,9,2,0,0,1,1,65,1498,1,0
"2025000026589",2,9,5,2,0,0,2,2,36,1598,2,8
"2025000026590",2,9,1,5,0,0,2,2,38,-1,3,1
"2025000026590",1,9,19,8,0,0,1,1,35,1896,2,18
"2025000026591",1,9,19,0,0,0,1,1,21,1984,1,6
"2025000026591",2,9,19,0,0,0,2,1,30,1199,1,1
"2025000026592",1,9,19,0,5,0,4,2,25,1149,1,15
"2025000026593",1,19,19,2,0,0,1,1,25,1995,2,4
"2025000026594",1,9,3,1,0,0,2,1,69,-1,-1,-1
"2025000026594",2,9,19,1,0,0,1,3,-1,-1,-1,-1
"2025000026595",1,9,2,0,0,8,4,3,-1,1999,2,4
"2025000026596",2,4,19,1,1,0,1,1,52,249,1,15
"2025000026596",1,19,9,6,0,0,1,1,49,2200,2,0
"2025000026597",1,9,19,1,0,0,1,2,46,1986,2,15
"2025000026598",2,9,19,1,0,0,0,3,-1,1984,1,18
"2025000026598",1,11,9,8,0,0,0,1,63,9000,2,7
"2025000026599",1,2,19,1,1,0,3,1,17,50,1,3
"2025000026600",1,1,19,1,0,0,1,1,59,-1,-1,-1
"2025000026600",2,9,19,4,0,0,1,1,30,1595,1,3
"2025000026601",1,9,19,0,0,0,0,2,50,-1,3,2
"2025000026602",2,9,7,0,0,0,3,2,63,1197,1,7
"2025000026602",1,1,19,0,0,0,1,1,50,-1,-1,-1
"2025000026603",1,9,5,0,0,0,3,1,57,999,1,6
"2025000026603",2,1,19,0,0,0,1,1,32,-1,-1,-1
"2025000026604",1,4,19,0,0,0,1,1,22,125,1,2
"2025000026604",2,9,19,0,0,0,1,2,47,1598,1,20
"2025000026605",3,9,19,0,0,0,2,2,46,1598,1,9
"2025000026605",1,9,3,0,0,0,2,1,36,2497,1,15
"2025000026605",4,19,19,0,1,0,1,1,19,1995,2,2
"2025000026605",2,9,4,0,0,0,2,2,25,1598,1,10
"2025000026606",1,9,9,8,0,0,4,1,49,1499,1,6
"2025000026607",1,3,19,1,0,0,1,2,32,124,1,5
"2025000026607",2,9,19,8,0,0,4,1,21,1364,1,15
"2025000026608",1,9,9,6,0,0,1,1,30,4999,1,0
"2025000026608",2,9,19,1,0,0,4,1,27,1995,2,10
"2025000026609",1,9,9,3,0,0,4,1,68,1797,8,10
"2025000026609",2,9,9,3,0,0,3,2,41,1598,1,18
"2025000026610",1,9,7,5,0,0,1,1,19,996,1,12
"2025000026610",2,9,4,1,0,0,1,1,21,1242,1,12
"2025000026611",3,9,4,1,0,0,1,1,68,1498,8,1
"2025000026611",2,9,4,1,0,0,3,1,88,999,1,1
"2025000026611",1,9,19,1,0,0,1,2,-1,1499,1,8
"2025000026612",1,9,7,4,0,0,3,2,50,998,8,4
"2025000026612",2,1,19,4,0,0,1,1,63,-1,-1,-1
"2025000026613",1,3,8,1,0,0,1,1,17,125,1,5
"2025000026613",2,9,9,8,0,0,1,1,49,1461,2,9
"2025000026614",1,9,19,5,0,0,1,2,28,1240,1,17
"2025000026614",2,9,19,8,0,0,4,1,60,2400,1,20
"2025000026615",1,11,5,2,0,0,1,1,44,12742,2,0
"2025000026616",1,5,19,0,1,0,3,1,45,1585,1,12
"2025000026617",1,11,19,1,0,0,1,1,48,4500,2,4
"2025000026617",2,1,5,1,0,0,1,1,11,-1,-1,-1
"2025000026618",1,9,9,5,0,0,4,1,63,1797,8,13
"2025000026618",2,5,19,8,0,0,1,1,47,749,1,13
"2025000026619",1,23,19,0,0,0,3,1,24,-1,-1,-1
"2025000026619",2,19,19,0,0,0,4,3,-1,-1,-1,-1
"2025000026620",1,9,19,0,0,0,1,1,38,-1,-1,-1
"2025000026620",2,9,19,0,0,0,2,2,36,999,1,9
"2025000026620",3,9,4,0,0,0,2,2,50,1999,2,9
"2025000026621",1,11,19,1,0,0,1,1,53,7300,2,15
"2025000026621",2,9,4,1,0,0,2,1,-1,1969,8,3
"2025000026622",1,11,19,0,0,0,1,1,51,7300,2,19
"2025000026623",2,9,19,1,0,0,0,2,37,1968,2,11
"2025000026623",1,1,19,1,2,0,0,1,30,-1,-1,-1
"2025000026624",1,19,19,0,0,0,4,1,47,1995,2,5
"2025000026624",2,1,19,0,0,0,3,1,63,-1,-1,-1
"2025000026625",1,9,99,9,9,99,9,3,-1,1798,8,2
"2025000026625",2,9,99,9,9,99,9,3,-1,-1,3,1
"2025000026626",2,9,7,5,0,0,2,2,73,1198,1,8
"2025000026626",1,9,4,1,0,0,1,1,19,2191,2,8
"2025000026627",1,9,19,0,0,0,1,2,30,2179,2,12
"2025000026627",2,9,1,0,0,0,1,2,24,999,1,2
"2025000026628",2,9,19,0,0,0,3,1,46,1968,2,7
"2025000026628",1,9,-1,0,-1,-1,-1,3,-1,1896,2,16
"2025000026629",1,9,19,1,0,0,1,2,34,1124,1,16
"2025000026629",2,1,19,2,0,0,1,1,12,-1,-1,-1
"2025000026630",1,9,1,0,0,0,2,1,68,1586,1,6
"2025000026630",2,9,19,0,0,0,3,2,42,998,1,5
"2025000026631",2,3,13,1,0,0,1,1,39,125,1,0
"2025000026631",1,9,9,5,0,0,3,2,33,1364,1,7
"2025000026632",3,9,3,8,0,0,2,1,62,1969,2,5
"2025000026632",1,19,19,8,0,0,1,1,27,1968,2,7
"2025000026632",2,9,3,8,0,0,2,2,36,2179,2,7
"2025000026633",2,9,19,0,0,0,2,2,43,2199,2,9
"2025000026633",1,9,19,0,0,0,1,1,17,1149,1,14
"2025000026634",2,9,99,9,9,99,1,3,52,-1,3,2
"2025000026634",1,1,99,9,9,99,9,1,28,-1,-1,-1
"2025000026635",1,9,1,0,0,0,2,1,35,1296,1,16
"2025000026635",2,1,19,0,0,0,3,1,27,-1,-1,-1
"2025000026636",2,9,19,1,1,0,4,1,35,2993,2,6
"2025000026636",1,9,19,1,1,0,1,2,47,1242,8,2
"2025000026637",1,9,9,6,0,0,2,1,56,-1,-1,-1
"2025000026637",2,3,14,2,0,0,3,1,31,125,1,8
"2025000026638",1,9,5,2,0,0,3,1,19,998,1,10
"2025000026638",2,4,19,1,0,0,1,2,47,124,1,11
"2025000026639",1,9,19,0,0,0,1,2,24,999,1,4