"collision_index","vehicle_reference","vehicle_type","vehicle_manoeuvre","junction_location","skidding_and_overturning","hit_object_in_carriageway","first_point_of_impact","sex_of_driver","age_of_driver","engine_capacity_cc","propulsion_code","age_of_vehicle"
"2025000026871",1,9,19,0,0,0,0,1,36,2993,2,3
"2025000026871",2,9,19,0,0,0,1,1,23,1999,2,2
"2025000026871",4,9,19,0,0,0,2,2,19,1200,1,3
"2025000026872",1,9,5,2,0,0,1,2,60,-1,3,1
"2025000026873",1,9,10,1,0,0,2,2,35,1598,2,14
"2025000026873",2,9,19,8,0,0,1,3,30,-1,-1,-1
"2025000026874",2,1,19,1,0,0,1,1,31,-1,-1,-1
"2025000026874",1,9,7,1,0,0,4,2,60,1598,1,13
"2025000026875",1,3,19,2,0,0,1,1,27,124,1,21
"2025000026876",2,9,4,0,0,0,2,1,54,1229,1,13
"2025000026876",3,9,3,0,0,0,2,1,36,2204,2,11
"2025000026876",1,9,19,0,0,0,1,3,-1,-1,-1,-1
"2025000026877",2,9,5,2,0,0,1,1,29,1390,1,11
"2025000026877",1,9,5,2,0,0,2,2,58,2365,1,16
"2025000026878",3,9,2,0,0,0,1,1,-1,-1,-1,-1
"2025000026878",1,9,19,0,0,0,3,1,28,-1,-1,-1
"2025000026878",2,9,19,0,0,0,3,2,32,1197,1,8
"2025000026879",1,19,19,0,1,0,1,2,30,1499,2,2
"2025000026880",1,9,99,9,9,99,2,1,35,1950,2,6
"2025000026880",2,20,99,9,9,99,9,3,-1,6700,2,7
"2025000026881",1,3,99,9,9,99,2,1,32,125,1,1
"2025000026881",2,9,99,9,9,99,1,3,-1,1598,1,14
"2025000026882",1,9,-1,0,0,0,1,1,38,1395,1,9
"2025000026883",1,9,19,1,1,0,1,1,23,2500,6,24
"2025000026884",1,9,19,6,0,0,4,1,24,-1,-1,-1
"2025000026884",2,9,19,1,0,0,1,1,29,1956,2,10
"2025000026885",3,19,2,0,0,0,2,1,27,1995,2,2
"2025000026885",1,9,19,0,0,4,1,1,62,-1,-1,-1
"2025000026885",2,9,2,0,0,4,2,3,-1,1248,1,5
"2025000026886",1,9,9,8,0,0,1,2,81,1240,1,18
"2025000026886",2,1,19,1,5,0,4,1,63,-1,-1,-1
"2025000026887",1,9,7,1,0,0,4,1,50,-1,-1,-1
"2025000026887",2,1,19,1,0,0,1,1,41,-1,-1,-1
"2025000026888",2,9,19,8,0,0,4,1,80,1580,8,1
"2025000026888",1,9,5,6,0,0,1,2,51,1329,1,5
"2025000026889",2,3,19,1,0,0,1,1,19,125,1,1
"2025000026889",1,9,7,5,0,0,4,1,27,1498,1,0
"2025000026890",1,9,4,0,0,0,1,2,38,998,1,12
"2025000026890",2,9,4,0,0,0,2,1,54,1108,1,15
"2025000026890",3,20,4,0,0,0,2,1,60,-1,-1,-1
"2025000026891",1,11,19,0,0,0,1,1,46,5132,2,10
"2025000026892",2,98,4,0,0,0,2,1,45,2446,2,19
"2025000026892",1,19,5,0,0,0,1,1,47,2198,2,4
"2025000026893",1,9,19,0,0,0,1,1,-1,-1,-1,-1
"2025000026893",2,3,3,0,0,0,2,2,41,125,1,6
"2025000026894",3,9,2,1,0,0,1,2,23,1598,1,10
"2025000026894",2,9,19,1,0,0,1,2,53,2967,2,2
"2025000026894",1,9,9,6,0,0,1,1,27,1896,2,17
"2025000026894",4,9,2,1,0,0,3,2,53,1995,2,10
"2025000026895",2,9,10,4,0,0,4,2,38,4608,1,17
"2025000026895",1,21,19,4,0,0,3,1,31,-1,-1,-1
"2025000026896",1,9,19,0,1,0,1,1,20,1197,1,10
"2025000026897",1,9,19,0,0,4,1,1,37,998,1,16
"2025000026897",2,9,2,0,0,0,2,3,-1,1598,8,0
"2025000026898",1,9,19,0,0,11,1,2,52,998,1,2
"2025000026899",2,9,99,9,9,99,1,3,-1,1496,2,5
"2025000026899",1,5,99,9,9,99,2,1,31,599,1,14
"2025000026900",1,9,19,0,0,0,4,1,23,1598,1,18
"2025000026900",2,9,8,0,0,0,1,2,19,1240,1,15
"2025000026901",1,9,19,0,0,4,3,1,49,-1,3,1
"2025000026901",2,9,2,0,0,0,2,3,-1,1798,1,5
"2025000026902",2,9,19,0,0,0,2,2,22,2143,2,8
"2025000026902",4,9,19,0,0,0,1,1,29,1998,1,11
"2025000026902",3,9,19,0,0,0,1,2,38,1995,2,13
"2025000026902",1,90,12,0,0,0,0,3,-1,-1,-1,-1
"2025000026903",1,9,14,1,0,0,1,1,-1,1499,2,7
"2025000026904",1,9,19,8,0,0,1,1,35,1398,1,11
"2025000026904",2,9,19,8,0,0,1,1,24,1396,1,12
"2025000026905",2,9,19,1,0,0,4,1,39,1318,1,4
"2025000026905",1,1,19,1,0,0,1,1,15,-1,-1,-1
"2025000026906",1,9,19,1,0,0,1,2,85,1198,1,7
"2025000026907",1,9,19,0,0,0,2,1,36,-1,-1,-1
"2025000026907",2,9,19,0,0,0,1,2,34,1242,1,2
"2025000026908",2,1,19,8,0,0,3,1,33,-1,-1,-1
"2025000026908",1,9,19,8,0,0,4,1,36,-1,3,2
"2025000026909",2,9,99,4,9,99,9,2,24,1330,8,11
"2025000026909",1,3,99,2,9,99,9,3,39,125,1,0
"2025000026910",1,9,19,0,0,0,1,1,37,1390,1,18
"2025000026911",1,4,9,4,0,0,3,1,46,125,1,2
"2025000026911",2,9,9,8,0,10,3,3,21,1560,2,13
"2025000026912",1,9,19,4,0,9,1,2,36,998,1,15
"2025000026913",1,9,3,1,0,0,2,2,21,1086,1,16
"2025000026913",2,9,19,1,0,0,1,2,48,1686,2,9
"2025000026914",1,9,19,0,0,0,4,1,33,1999,2,3
"2025000026914",2,1,19,0,0,0,3,1,51,-1,-1,-1
"2025000026915",1,9,5,8,0,0,4,2,30,-1,-1,-1
"2025000026916",2,9,19,1,0,0,1,1,19,1390,1,8
"2025000026916",1,9,8,2,0,0,3,1,34,1968,2,4
"2025000026917",1,19,5,8,0,0,1,1,-1,-1,-1,-1
"2025000026917",2,9,19,8,0,0,3,2,28,1598,2,7
"2025000026918",3,9,4,0,0,0,2,1,33,1598,1,13
"2025000026918",2,9,4,0,0,0,1,2,59,1969,2,6
"2025000026918",1,9,11,0,1,0,1,1,45,-1,-1,-1
"2025000026919",2,4,19,1,0,0,1,1,39,499,1,24
"2025000026919",1,9,5,6,0,0,1,2,64,1197,1,5
"2025000026920",1,9,19,0,1,4,1,1,30,998,1,18
"2025000026920",3,19,2,0,0,0,1,3,-1,2143,2,7
"2025000026920",2,19,2,0,0,0,1,3,-1,-1,-1,-1
"2025000026921",1,9,9,6,0,0,3,2,74,1598,1,13
"2025000026921",2,3,19,1,0,0,1,1,22,124,1,15
"2025000026922",1,9,7,5,0,0,4,1,42,1956,2,8
"2025000026922",2,1,19,1,0,0,1,1,31,-1,-1,-1
"2025000026923",2,19,19,0,0,0,3,1,48,2198,2,10
"2025000026923",1,9,19,0,0,0,0,1,35,1796,1,13
"2025000026924",1,9,19,0,1,0,1,2,18,998,1,16
"2025000026925",1,9,99,0,0,99,9,2,-1,1598,1,10
"2025000026925",2,1,19,0,0,0,2,1,61,-1,-1,-1
"2025000026926",1,11,3,0,0,0,0,1,28,6700,2,4
"2025000026927",2,3,19,1,2,0,1,1,33,125,1,5
"2025000026927",1,9,7,6,0,0,3,1,46,1197,1,4
"2025000026928",2,1,19,2,0,0,4,1,43,-1,-1,-1
"2025000026928",1,9,19,2,0,0,1,2,57,1200,1,7
"2025000026929",4,9,19,0,0,0,1,2,55,1598,2,1
"2025000026929",1,19,3,0,0,0,2,1,30,1598,2,5
"2025000026929",2,9,3,0,0,0,2,1,35,1995,2,1
"2025000026929",3,19,4,0,0,0,2,1,25,1560,2,2
"2025000026930",1,9,19,0,0,0,1,3,-1,-1,-1,-1
"2025000026931",1,9,99,9,9,99,2,1,40,1242,1,9
"2025000026932",1,9,99,9,9,99,2,1,25,1596,1,8
"2025000026932",2,9,99,9,9,99,1,3,-1,998,1,10
"2025000026933",1,9,10,8,0,0,3,2,50,1395,1,5
"2025000026933",2,9,19,1,0,0,1,1,18,1229,1,13
"2025000026934",1,3,19,0,0,0,0,2,51,124,1,12
"2025000026935",1,98,4,1,0,0,0,3,-1,-1,-1,-1
"2025000026936",1,9,19,0,5,2,1,2,36,1998,1,19
"2025000026937",3,9,4,1,0,0,2,2,28,2993,2,6
"2025000026937",2,9,4,1,0,0,2,2,60,1390,1,13
"2025000026937",1,9,19,1,0,0,1,2,48,1598,2,5
"2025000026938",1,11,7,1,0,0,3,1,32,-1,-1,-1
"2025000026938",2,11,19,6,0,0,1,1,66,10837,2,1
"2025000026939",1,9,19,0,0,0,1,2,46,-1,-1,-1
"2025000026940",1,19,20,0,0,0,3,2,48,1499,2,2
"2025000026940",2,9,13,0,0,0,1,2,45,1995,1,10
"2025000026941",1,9,9,8,0,0,1,2,56,2268,2,7
"2025000026941",2,9,15,8,1,0,1,1,75,1498,1,1
"2025000026942",2,5,19,1,0,0,4,1,53,599,1,12
"2025000026942",1,9,9,6,0,0,0,2,82,1999,2,5
"2025000026943",2,9,99,9,9,99,1,3,41,1798,8,6
"2025000026943",1,1,99,9,9,99,9,2,19,-1,-1,-1
"2025000026944",2,21,19,0,0,0,1,1,56,12902,2,6
"2025000026944",1,9,19,0,0,10,2,1,37,1796,1,21
"2025000026945",1,9,19,0,0,0,3,2,18,1149,1,9
"2025000026946",1,11,4,1,0,0,1,1,50,9000,2,12
"2025000026947",1,1,11,1,0,0,1,1,14,-1,-1,-1
"2025000026947",2,9,19,1,0,0,3,1,48,1598,2,11
"2025000026948",1,90,19,0,0,0,1,1,26,450,1,17
"2025000026949",1,9,99,9,9,99,1,3,-1,1399,1,8
"2025000026950",1,9,9,4,0,0,1,1,23,1461,2,14
"2025000026950",2,9,9,8,0,0,1,1,18,1124,1,11
"2025000026951",2,9,19,0,0,0,1,1,27,998,1,8
"2025000026951",1,9,4,0,0,0,1,1,50,2143,12,9
"2025000026952",1,9,19,0,0,0,2,2,20,1199,1,17
"2025000026952",2,19,19,0,0,0,1,1,64,1598,2,3
"2025000026953",2,1,19,1,0,0,3,1,61,-1,-1,-1
"2025000026953",1,9,7,1,0,0,1,1,57,-1,-1,-1
"2025000026954",1,1,-1,0,-1,-1,-1,3,22,-1,-1,-1
"2025000026955",2,9,19,8,0,0,1,2,26,1390,1,10
"2025000026955",1,9,19,8,0,0,2,1,35,998,1,9
"2025000026956",1,8,11,1,0,0,4,1,66,1997,2,3
"2025000026956",2,9,19,1,0,0,3,2,56,1373,8,3
"2025000026957",1,9,4,1,0,0,2,1,42,2143,2,4
"2025000026957",2,9,5,1,0,0,1,2,32,1199,1,1
"2025000026958",1,9,9,8,0,0,4,1,41,1149,1,7
"2025000026958",3,9,8,1,0,0,1,3,-1,1968,2,9
"2025000026958",2,21,19,8,0,0,1,2,33,12740,2,6
"2025000026959",1,5,3,0,0,0,2,1,53,689,1,2
"2025000026959",3,9,3,0,0,0,3,2,52,1498,1,1
"2025000026959",2,3,19,0,0,0,1,1,26,124,1,9
"2025000026960",2,5,13,6,0,0,1,1,36,1043,1,3
"2025000026960",1,9,9,5,0,0,3,2,64,-1,-1,-1
"2025000026961",1,10,2,0,9,99,9,3,-1,2143,2,5
"2025000026961",3,10,99,0,9,99,2,2,-1,2143,2,5
"2025000026961",2,10,2,0,9,99,9,3,-1,-1,3,2
"2025000026962",1,9,9,6,0,0,1,1,21,998,1,19
"2025000026962",2,9,19,8,0,0,4,1,60,1560,2,11
"2025000026963",1,2,7,0,1,0,3,1,16,49,1,21
"2025000026964",1,9,9,2,1,0,4,1,46,1984,1,2
"2025000026964",2,9,5,2,0,0,1,1,21,1198,1,11
"2025000026965",2,1,5,1,0,0,2,1,17,-1,-1,-1
"2025000026965",1,9,19,1,0,0,1,2,38,1968,2,9
"2025000026966",2,9,10,5,0,0,0,1,51,-1,-1,-1
"2025000026966",1,9,19,1,0,4,1,1,43,-1,-1,-1
"2025000026966",3,9,2,8,0,0,0,3,-1,-1,-1,-1
"2025000026967",2,9,19,3,0,0,1,1,-1,1598,1,20
"2025000026967",1,9,19,3,0,0,4,2,27,998,1,6
"2025000026968",2,4,3,0,0,0,4,1,63,992,1,17
"2025000026968",3,19,3,0,0,0,4,1,52,2198,2,6
"2025000026968",1,9,19,0,1,0,3,1,17,1598,1,17
"2025000026969",1,23,19,0,0,4,1,1,18,-1,-1,-1
"2025000026969",2,9,2,0,0,0,2,1,31,1582,2,7
"2025000026970",1,9,19,8,0,0,1,2,26,1395,1,7
"2025000026970",2,19,9,8,0,0,1,1,25,2143,2,7
"2025000026971",1,19,2,1,0,0,4,1,40,2402,2,11
"2025000026971",2,-1,19,1,0,4,1,1,33,-1,-1,-1
"2025000026972",2,16,5,0,0,0,1,2,52,-1,-1,-1
"2025000026972",1,9,19,0,1,0,1,1,23,2143,2,6
"2025000026973",2,9,9,6,0,0,4,1,66,-1,-1,-1
"2025000026973",1,9,19,1,0,0,1,1,22,1498,1,7
"2025000026974",1,11,5,0,0,0,0,1,61,9360,2,12
"2025000026975",2,9,19,0,0,0,1,1,53,1969,8,2
"2025000026975",1,1,19,0,1,0,1,2,53,-1,-1,-1
"2025000026976",1,9,19,0,0,0,1,1,17,1598,2,4
"2025000026977",2,19,19,8,0,0,1,1,40,2198,2,5
"2025000026977",1,5,19,8,0,0,1,1,53,599,1,16
"2025000026978",1,9,10,0,0,0,1,1,83,1596,1,11
"2025000026978",2,9,19,0,0,0,1,2,25,996,1,11
"2025000026979",1,9,99,9,9,99,1,3,-1,-1,-1,-1
"2025000026980",1,98,9,1,0,0,1,1,33,-1,-1,-1
"2025000026981",1,9,19,1,5,7,1,1,24,1598,2,6
"2025000026982",2,9,9,6,0,0,1,1,-1,-1,-1,-1
"2025000026982",1,1,19,8,0,0,4,1,19,-1,-1,-1
"2025000026983",1,9,19,0,0,0,1,2,26,1582,2,12
"2025000026983",2,9,19,0,0,0,2,2,44,1242,1,10
"2025000026984",1,9,19,6,1,0,4,2,28,2268,2,8
"2025000026985",2,9,19,3,0,0,4,1,77,1398,1,5
"2025000026985",1,9,12,3,0,0,3,2,46,1398,1,8
"2025000026986",1,8,19,8,0,0,4,1,50,1580,8,4
"2025000026986",2,1,19,8,0,8,4,1,28,-1,-1,-1
"2025000026987",2,9,9,8,0,0,3,1,20,1200,1,2
"2025000026987",1,9,19,8,0,0,4,1,41,1598,8,2
"2025000026988",2,3,15,2,0,0,1,1,32,125,1,2
"2025000026988",1,9,6,2,0,0,3,1,63,1991,8,6
"2025000026989",2,9,19,8,1,7,1,1,57,1995,1,1
"2025000026989",1,9,9,7,1,0,4,2,23,999,1,4
"2025000026990",2,9,99,9,9,99,1,3,-1,-1,-1,-1
"2025000026990",1,9,99,9,9,99,9,2,38,998,8,0
"2025000026991",2,1,19,0,1,0,1,1,41,-1,-1,-1
"2025000026991",1,9,11,0,0,0,4,2,23,1198,1,8
"2025000026992",1,9,5,2,0,0,1,1,67,1498,8,0
"2025000026993",2,22,19,8,0,0,3,2,65,-1,-1,-1
"2025000026993",1,9,1,8,0,0,2,1,67,1997,2,14
"2025000026994",2,8,19,1,0,0,1,1,-1,1598,2,7
"2025000026994",1,9,3,1,0,0,2,2,28,1242,1,11
"2025000026995",2,9,19,3,0,0,3,1,22,1388,1,13
"2025000026995",1,9,5,4,0,0,1,3,-1,-1,-1,-1
"2025000026996",2,1,19,1,0,0,4,1,33,-1,-1,-1
"2025000026996",1,9,19,1,0,0,4,2,22,1798,8,8
"2025000026997",1,9,19,2,0,0,4,2,25,1395,1,4
"2025000026997",2,9,6,1,0,0,3,3,-1,1595,1,14
"2025000026998",2,9,99,6,9,99,9,3,63,1248,1,6
"2025000026998",1,3,99,1,9,99,1,1,20,125,1,8
"2025000026999",1,19,4,8,0,0,2,1,24,1560,2,14
"2025000026999",2,5,19,1,0,0,1,1,64,1783,1,8
"2025000027000",2,9,19,8,0,0,4,2,71,-1,-1,-1
"2025000027000",1,9,19,8,0,0,1,1,49,-1,-1,-1
"2025000027001",1,9,9,8,0,0,1,2,51,1498,1,0
"2025000027002",1,1,19,0,0,0,2,1,54,-1,-1,-1
"2025000027002",2,9,19,0,0,0,1,1,81,2000,2,16
"2025000027003",1,19,19,2,0,0,3,1,53,-1,-1,-1
"2025000027004",1,9,19,4,0,0,1,2,36,1598,1,14
"2025000027004",2,1,19,3,0,0,4,1,48,-1,-1,-1
"2025000027005",1,1,99,9,9,99,9,1,53,-1,-1,-1
"2025000027005",2,19,99,9,9,99,1,1,57,1499,2,2
"2025000027006",1,9,9,6,0,0,1,1,48,2698,2,12
"2025000027006",2,1,19,1,0,0,1,1,39,-1,-1,-1
"2025000027007",1,9,19,1,0,0,1,1,30,-1,-1,-1
"2025000027008",2,9,12,4,0,0,2,2,27,1390,1,13
"2025000027008",1,9,4,4,0,0,1,2,21,1390,1,9
"2025000027009",1,9,19,1,2,0,1,2,37,1560,2,13
"2025000027010",1,9,19,2,0,0,4,1,77,1560,2,8
"2025000027010",2,19,7,6,0,11,1,1,-1,1995,2,10
"2025000027011",1,9,9,0,1,0,4,1,69,1498,1,1
"2025000027011",2,9,19,0,1,0,1,1,19,1364,1,15
"2025000027012",2,9,10,0,0,0,1,1,80,1364,1,13
"2025000027012",1,9,10,0,0,0,2,2,36,898,1,9
"2025000027013",2,9,19,8,0,0,3,2,55,1390,1,18
"2025000027013",1,90,5,2,0,0,3,1,28,-1,-1,-1
"2025000027014",1,4,19,0,0,0,1,1,19,113,1,6
"2025000027015",1,9,7,2,5,0,1,1,17,1242,1,15
"2025000027015",2,9,2,2,0,0,3,3,-1,998,1,8
"2025000027016",1,9,9,1,0,0,1,1,68,1400,1,17
"2025000027016",2,5,15,1,0,0,4,1,19,645,1,20
"2025000027017",2,9,19,0,0,0,3,1,48,1984,1,1
"2025000027017",1,9,19,0,0,0,1,1,39,-1,3,5
"2025000027018",1,3,14,0,0,0,1,2,22,125,1,0
"2025000027019",1,9,19,1,0,0,4,1,27,1398,1,11
"2025000027020",2,19,10,1,0,0,2,1,36,1995,2,0
"2025000027020",1,9,7,1,0,0,1,3,30,-1,-1,-1
"2025000027021",2,9,9,1,0,0,3,2,76,1388,1,18
"2025000027021",1,9,19,1,0,0,1,2,73,1242,1,4
"2025000027022",2,1,19,3,0,0,4,1,78,-1,-1,-1
"2025000027022",1,9,5,4,0,0,1,1,78,1995,2,6
"2025000027023",1,9,15,3,0,0,4,2,32,2993,2,17
"2025000027023",2,9,7,3,0,0,3,2,90,1242,1,12
"2025000027024",1,9,19,2,0,0,1,1,20,1984,1,4
"2025000027025",1,9,19,0,0,0,4,2,60,1798,8,3
"2025000027026",1,9,7,0,0,0,4,1,80,1968,2,9
"2025000027026",2,1,19,0,0,0,1,1,45,-1,-1,-1
"2025000027027",2,9,4,1,0,0,2,1,46,1598,1,10
"2025000027027",1,9,19,1,0,0,1,1,47,998,1,12
"2025000027028",1,9,11,0,1,0,1,2,31,1596,1,17
"2025000027029",2,1,19,8,0,0,4,2,78,-1,-1,-1
"2025000027029",1,9,9,8,0,0,1,1,21,2996,2,12
"2025000027030",2,-1,19,0,0,0,1,1,19,-1,-1,-1
"2025000027030",1,9,19,0,0,0,1,1,-1,1896,2,15
"2025000027031",1,9,19,0,0,0,3,1,30,1896,2,14
"2025000027031",2,9,19,0,0,0,3,1,25,1968,2,6
"2025000027032",1,9,19,8,0,4,4,2,77,1242,1,4
"2025000027032",2,9,2,8,0,0,3,3,-1,1586,1,12
"2025000027033",1,9,9,1,0,0,2,1,31,1084,1,6
"2025000027033",2,5,19,1,1,0,1,1,57,599,1,23
"2025000027034",3,9,3,0,0,0,2,3,-1,-1,-1,-1
"2025000027034",1,9,3,0,0,0,2,1,30,1198,1,15
"2025000027034",2,19,19,0,0,0,1,3,-1,2198,2,7
"2025000027035",1,8,-1,-1,-1,-1,-1,1,-1,1798,8,7
"2025000027036",1,9,19,1,0,0,1,1,54,1362,1,10
"2025000027036",3,21,19,1,0,0,3,1,67,6871,2,4
"2025000027036",2,9,10,1,0,0,2,2,30,-1,-1,-1
"2025000027037",1,9,3,1,0,0,2,1,40,1598,1,12
"2025000027037",2,9,19,1,0,0,1,1,-1,1968,2,0
"2025000027038",1,21,19,0,0,0,1,1,39,12882,2,1
"2025000027038",2,9,19,0,0,0,2,1,36,1499,1,2
"2025000027039",1,9,2,0,0,0,2,3,-1,2143,2,4
"2025000027039",2,3,19,0,0,0,1,2,22,125,1,0
"2025000027040",2,9,99,9,9,99,1,3,-1,-1,-1,-1
"2025000027040",1,1,99,9,9,99,1,1,33,-1,-1,-1
"2025000027041",1,9,19,0,0,0,1,1,55,1968,2,19
"2025000027041",2,9,19,0,0,0,1,1,73,3456,8,16
"2025000027042",1,3,99,9,9,99,1,1,37,125,1,0
"2025000027042",2,9,99,9,9,99,4,3,-1,1597,2,9
"2025000027043",2,1,19,8,0,0,1,2,34,-1,-1,-1
"2025000027043",1,9,9,5,0,0,4,2,58,999,1,1
"2025000027044",2,19,19,0,0,0,2,1,56,1997,2,1
"2025000027044",3,9,19,0,1,7,2,1,51,1956,2,11
"2025000027044",1,19,19,0,0,0,1,1,24,1995,2,4
"2025000027044",4,5,19,0,0,0,2,1,30,748,1,16
"2025000027045",1,9,19,0,1,12,3,1,37,2231,2,15
"2025000027046",1,1,19,0,0,0,3,1,51,-1,-1,-1
"2025000027047",2,1,19,0,0,0,1,2,67,-1,-1,-1
"2025000027047",1,9,19,0,0,0,0,1,66,1596,1,8
"2025000027047",3,9,19,0,0,0,1,1,42,2488,8,0
"2025000027048",1,9,99,9,9,99,4,2,-1,-1,-1,-1
"2025000027049",1,9,19,0,1,0,3,2,27,1991,1,6
"2025000027050",1,9,13,0,2,0,1,1,27,1587,1,16
"2025000027051",1,9,9,8,0,0,1,1,27,1997,1,8
"2025000027051",2,1,10,8,0,0,2,1,41,-1,-1,-1
"2025000027052",1,11,4,2,0,0,4,1,37,9300,5,4
"2025000027053",1,9,19,8,1,4,1,1,20,1596,1,10
"2025000027053",3,9,2,8,0,0,3,1,81,1498,1,8
"2025000027053",2,9,9,6,0,0,1,1,35,1986,1,13
"2025000027054",2,1,19,0,0,0,3,1,11,-1,-1,-1
"2025000027054",1,9,19,0,0,0,1,1,51,1498,1,8
"2025000027055",2,1,19,0,0,0,3,1,66,-1,-1,-1
"2025000027055",1,9,13,0,0,0,0,3,-1,1598,8,1
"2025000027056",1,11,19,8,0,0,0,1,40,9300,5,2
"2025000027056",2,90,7,6,0,0,0,1,40,-1,-1,-1
"2025000027057",1,9,-1,0,0,0,1,1,44,2143,2,11
"2025000027058",1,9,5,6,0,0,1,2,42,1388,1,14
"2025000027058",2,9,19,1,0,0,1,1,66,1794,1,16
"2025000027059",1,9,99,9,9,99,1,1,64,1596,1,18
"2025000027060",2,3,9,1,0,0,0,1,17,125,1,6
"2025000027060",1,9,6,1,0,0,0,3,-1,-1,-1,-1
"2025000027061",1,19,19,0,0,0,2,1,50,-1,-1,-1
"2025000027061",3,19,19,0,0,0,2,1,-1,1995,2,0
"2025000027061",2,9,19,0,0,0,2,2,23,999,1,3
"2025000027062",2,9,7,0,0,0,4,2,27,1994,2,17
"2025000027062",1,3,19,0,0,0,3,1,25,125,1,1
"2025000027063",1,9,3,1,0,0,2,2,17,1200,1,5
"2025000027063",2,9,5,1,0,0,1,2,21,1999,2,5
"2025000027064",2,9,99,9,9,99,1,3,-1,-1,-1,-1
"2025000027064",1,1,99,9,9,99,9,1,20,-1,-1,-1
"2025000027065",2,1,19,9,9,99,9,1,23,-1,-1,-1
"2025000027065",1,9,4,8,9,12,9,1,40,1339,8,10
"2025000027066",1,11,4,0,0,0,0,1,28,5132,2,6
"2025000027067",1,9,19,0,0,0,3,3,-1,-1,-1,-1
"2025000027068",1,9,19,0,5,11,1,1,32,1998,2,1
"2025000027069",1,3,99,9,9,99,9,1,23,125,1,6
"2025000027069",2,9,99,9,9,99,9,3,-1,1995,2,8
"2025000027070",1,9,9,6,0,0,1,2,30,1461,2,12
"2025000027071",2,90,19,3,0,0,1,1,72,-1,-1,-1
"2025000027071",1,9,12,3,0,0,2,3,-1,-1,-1,-1
"2025000027072",2,1,19,1,0,0,4,2,35,-1,-1,-1
"2025000027072",1,9,5,1,0,0,1,2,28,1242,1,15
"2025000027073",2,-1,19,9,0,99,9,1,-1,-1,-1,-1
"2025000027073",1,20,99,9,9,99,2,1,51,2143,2,3
"2025000027074",1,5,19,0,0,0,4,1,59,1052,1,23
"2025000027075",2,3,19,0,0,0,3,1,29,124,1,8
"2025000027075",1,9,19,0,0,0,4,1,30,1798,1,13
"2025000027076",1,9,4,1,0,0,1,2,52,1968,2,8
"2025000027076",2,1,19,1,0,0,4,1,17,-1,-1,-1
"2025000027077",1,8,19,1,0,0,1,1,61,1797,8,10
"2025000027077",2,11,19,1,0,0,3,1,48,5132,2,2
"2025000027078",1,9,5,6,0,0,1,1,21,1596,1,18
"2025000027078",2,9,19,8,0,0,4,1,17,1229,1,11
"2025000027079",2,9,3,3,0,0,2,2,40,1598,2,11
"2025000027079",1,19,19,3,0,0,1,1,26,1753,2,17
"2025000027080",1,9,9,6,0,0,1,1,68,1330,1,5
"2025000027080",2,19,19,1,1,0,1,1,41,1968,2,4
"2025000027081",1,9,19,8,0,0,0,1,19,1388,1,16
"2025000027082",2,9,7,5,0,0,2,1,50,2926,2,19
"2025000027082",1,19,19,8,0,0,1,1,22,1753,2,12
"2025000027083",2,9,19,0,0,0,1,2,50,-1,-1,-1
"2025000027083",1,9,19,0,0,0,1,1,39,-1,-1,-1
"2025000027084",2,5,19,0,0,0,4,1,26,689,1,6
"2025000027084",1,9,12,0,0,0,3,2,54,1395,1,8
"2025000027085",2,9,19,8,0,0,4,1,17,1124,1,18
"2025000027085",1,9,19,4,1,0,1,2,40,1498,1,0
"2025000027086",2,1,5,8,0,0,4,2,34,-1,-1,-1
"2025000027086",1,9,9,8,0,0,1,1,24,1388,1,13
"2025000027087",1,9,9,8,0,0,0,1,25,1498,1,1
"2025000027087",2,5,19,8,0,0,1,1,47,998,1,19
"2025000027088",2,9,19,1,0,0,1,1,72,-1,-1,-1
"2025000027088",1,9,5,6,0,0,3,2,29,1591,1,14
"2025000027089",2,9,19,8,0,0,1,1,62,1590,1,21
"2025000027089",1,9,9,8,0,0,1,1,24,1200,1,8
"2025000027090",1,21,19,8,5,0,0,1,47,12809,2,3
"2025000027091",2,9,19,8,0,0,1,1,65,-1,-1,-1
"2025000027091",1,2,19,8,1,0,1,1,16,49,1,14
"2025000027092",1,9,19,0,0,0,1,2,35,1364,1,12
"2025000027093",1,11,15,1,0,4,4,2,57,4461,2,11
"2025000027093",2,19,19,1,0,0,4,1,46,-1,3,1
"2025000027093",3,8,19,1,0,0,4,1,27,1798,8,5
"2025000027093",4,8,19,1,0,0,0,1,60,1477,8,3
"2025000027094",2,3,19,1,0,0,1,1,33,125,1,2
"2025000027094",1,9,9,6,0,0,3,2,31,1956,2,5
"2025000027095",1,19,19,2,0,0,1,1,48,1998,2,17
"2025000027096",1,9,19,4,0,0,3,3,-1,-1,-1,-1
"2025000027096",2,1,19,8,0,0,1,1,28,-1,-1,-1
"2025000027097",2,21,19,0,0,0,3,1,52,4500,2,8
"2025000027097",1,19,19,0,0,0,1,1,44,2143,2,2
"2025000027098",1,9,19,0,1,10,4,1,21,998,1,7
"2025000027098",2,9,2,0,0,0,2,3,-1,999,1,2
"2025000027099",2,9,19,1,0,0,1,1,76,1396,2,11
"2025000027099",1,-1,19,8,0,0,4,1,27,-1,-1,-1