"collision_index","vehicle_reference","vehicle_type","vehicle_manoeuvre","junction_location","skidding_and_overturning","hit_object_in_carriageway","first_point_of_impact","sex_of_driver","age_of_driver","engine_capacity_cc","propulsion_code","age_of_vehicle"
"2025000027100",1,11,7,6,0,0,3,1,-1,5132,2,7
"2025000027101",1,-1,19,0,0,0,1,3,-1,-1,-1,-1
"2025000027102",1,9,19,8,0,10,1,1,71,1353,1,2
"2025000027103",1,9,5,6,0,0,3,2,23,1968,2,10
"2025000027103",2,3,19,8,0,0,1,1,38,110,1,2
"2025000027104",1,9,19,0,5,0,1,1,37,-1,-1,-1
"2025000027105",1,11,2,0,0,0,0,1,55,4500,2,9
"2025000027106",1,9,19,0,1,0,1,1,51,2494,8,8
"2025000027107",1,9,19,0,0,0,1,1,50,1896,2,17
"2025000027108",1,9,9,6,0,0,1,1,21,1596,1,14
"2025000027108",2,9,19,1,0,0,1,2,36,1461,2,7
"2025000027109",2,9,9,8,0,0,2,1,35,-1,3,3
"2025000027109",1,9,9,1,0,0,1,1,52,2143,2,6
"2025000027110",2,11,19,0,0,0,4,1,38,7300,2,12
"2025000027110",1,9,19,0,1,0,3,1,34,1298,1,13
"2025000027111",1,19,19,2,0,0,1,1,63,1560,2,4
"2025000027111",2,8,4,1,0,0,2,1,36,1995,2,9
"2025000027112",1,9,19,3,1,0,1,1,36,1560,2,10
"2025000027113",1,9,19,0,0,0,1,1,31,1995,1,12
"2025000027114",2,9,19,0,0,0,2,1,26,1198,1,7
"2025000027114",1,8,19,0,0,0,1,1,-1,-1,-1,-1
"2025000027115",2,3,9,1,1,0,2,1,37,125,1,3
"2025000027115",1,5,19,1,1,0,1,1,29,689,1,1
"2025000027116",1,9,19,0,0,0,1,3,-1,-1,-1,-1
"2025000027117",3,9,2,8,0,0,2,3,-1,998,1,7
"2025000027117",2,9,2,8,0,0,1,3,-1,1229,1,12
"2025000027117",1,9,15,1,0,0,1,1,90,1200,1,4
"2025000027118",1,11,19,0,0,0,3,1,51,13000,2,7
"2025000027118",2,17,19,0,0,0,3,1,27,6728,2,5
"2025000027119",1,9,19,0,5,0,4,1,17,-1,-1,-1
"2025000027120",2,9,19,0,0,0,2,1,50,1995,2,5
"2025000027120",1,9,19,0,0,0,1,1,31,998,1,5
"2025000027121",1,11,19,4,0,0,1,1,47,6700,2,11
"2025000027121",2,9,9,4,0,0,0,1,28,1399,1,3
"2025000027122",2,9,19,4,0,0,1,1,64,-1,3,6
"2025000027122",1,9,19,3,0,0,4,1,26,1995,2,9
"2025000027123",1,9,19,3,0,0,4,2,54,1368,1,13
"2025000027124",2,9,19,8,0,0,4,3,-1,-1,-1,-1
"2025000027124",1,2,19,1,0,0,1,1,26,125,1,6
"2025000027125",1,1,99,9,9,99,9,1,27,-1,-1,-1
"2025000027125",2,9,99,9,9,99,9,3,24,-1,-1,-1
"2025000027126",2,11,19,8,0,0,1,1,50,-1,3,3
"2025000027126",1,9,5,7,0,0,4,1,23,1498,1,5
"2025000027127",1,9,7,5,0,0,1,1,20,998,1,13
"2025000027127",2,11,4,8,0,0,1,1,55,4250,2,14
"2025000027128",1,19,4,0,0,0,1,1,21,-1,-1,-1
"2025000027128",2,9,4,0,1,0,1,2,41,1587,1,13
"2025000027129",1,9,4,0,0,0,2,1,23,1595,1,15
"2025000027129",2,9,19,0,0,0,1,2,33,1798,8,5
"2025000027129",3,9,12,0,0,0,0,3,-1,-1,-1,-1
"2025000027130",2,9,7,0,0,0,1,2,26,-1,-1,-1
"2025000027130",1,1,19,0,0,0,1,1,52,-1,-1,-1
"2025000027131",2,9,19,8,1,0,1,2,57,1685,2,5
"2025000027131",1,9,19,8,1,0,1,1,22,1395,1,6
"2025000027132",1,9,9,6,2,7,1,1,43,1984,1,3
"2025000027133",1,9,19,0,5,0,3,1,29,2494,8,0
"2025000027133",2,1,19,0,0,0,4,1,52,-1,-1,-1
"2025000027134",1,9,9,1,0,0,1,1,20,998,1,11
"2025000027134",2,9,9,1,0,0,0,1,41,1500,2,1
"2025000027135",1,-1,19,0,0,0,9,1,-1,-1,-1,-1
"2025000027136",2,9,99,9,9,99,1,3,-1,1686,2,13
"2025000027136",1,9,99,9,9,99,1,2,28,999,1,6
"2025000027137",1,19,-1,0,-1,-1,-1,3,-1,1499,2,1
"2025000027138",1,9,-1,1,0,0,1,1,50,1598,1,15
"2025000027138",2,9,7,5,0,0,2,1,34,1399,1,7
"2025000027139",1,9,1,0,0,0,2,1,31,998,1,4
"2025000027140",1,9,19,0,0,0,0,3,-1,998,1,7
"2025000027140",2,1,19,0,0,0,0,1,35,-1,-1,-1
"2025000027141",4,9,5,0,0,0,2,1,26,1797,8,13
"2025000027141",2,9,13,0,5,0,4,1,22,1395,1,8
"2025000027141",5,9,1,0,0,0,0,1,33,1364,1,8
"2025000027141",1,19,19,0,0,0,2,1,61,1896,2,19
"2025000027141",6,9,19,0,0,0,0,1,24,1598,2,8
"2025000027141",3,9,5,0,0,0,0,2,36,1998,1,4
"2025000027142",2,9,19,0,0,0,1,2,59,999,1,5
"2025000027142",1,9,2,0,0,0,2,2,31,1598,1,20
"2025000027142",3,19,19,0,0,0,1,1,50,1995,2,4
"2025000027143",1,9,19,0,1,0,3,1,21,1395,1,3
"2025000027144",1,1,7,5,1,0,4,1,62,-1,-1,-1
"2025000027145",1,3,99,9,9,99,9,1,30,125,1,0
"2025000027145",2,9,99,9,9,99,9,3,-1,1197,1,6
"2025000027146",1,9,19,1,0,0,1,1,21,1198,1,9
"2025000027147",2,9,99,9,9,99,9,3,-1,-1,-1,-1
"2025000027147",1,3,99,9,9,99,9,2,35,125,1,1
"2025000027148",1,3,99,9,9,99,1,1,30,125,1,1
"2025000027148",2,9,99,9,9,99,1,3,-1,999,1,5
"2025000027149",1,11,5,1,0,0,0,1,54,-1,-1,-1
"2025000027150",1,9,19,0,0,0,1,3,-1,-1,-1,-1
"2025000027151",1,9,15,0,1,7,4,2,30,1560,2,8
"2025000027151",2,9,19,0,2,0,3,1,20,998,1,6
"2025000027152",1,9,12,0,0,0,1,2,24,1461,2,12
"2025000027152",2,9,19,0,0,0,1,1,53,1598,1,5
"2025000027153",1,9,19,1,0,0,1,1,28,1998,1,15
"2025000027154",2,9,19,1,0,0,0,3,-1,1198,1,14
"2025000027154",3,9,19,1,0,0,0,3,-1,-1,3,5
"2025000027154",1,9,19,1,0,0,1,1,49,1896,2,15
"2025000027155",1,9,-1,0,0,0,1,2,56,1968,2,15
"2025000027155",2,21,-1,0,0,0,3,1,35,12777,2,7
"2025000027156",1,11,19,3,0,0,0,2,59,9000,2,12
"2025000027157",2,8,19,8,0,0,2,1,47,1798,8,1
"2025000027157",1,19,19,8,0,0,3,1,27,1598,2,4
"2025000027158",1,1,99,9,9,99,2,1,22,-1,-1,-1
"2025000027158",2,9,99,9,9,99,9,2,67,1995,2,8
"2025000027159",1,9,9,3,0,0,1,2,22,1499,2,8
"2025000027160",1,21,19,0,1,0,1,1,49,12809,2,0
"2025000027160",2,9,19,0,0,0,2,2,41,1995,2,6
"2025000027161",1,4,13,8,0,0,4,1,32,125,1,1
"2025000027161",2,9,9,5,0,0,3,1,50,1598,1,17
"2025000027162",1,11,5,1,0,0,0,1,30,5132,2,9
"2025000027163",1,9,99,9,9,99,9,2,70,1198,1,12
"2025000027163",2,20,99,9,9,99,2,3,-1,-1,-1,-1
"2025000027164",1,9,19,1,0,0,1,3,-1,-1,-1,-1
"2025000027165",3,9,2,1,0,0,4,3,-1,1600,1,18
"2025000027165",1,3,19,1,5,4,1,1,33,124,1,19
"2025000027165",2,9,19,1,0,0,1,1,33,1896,2,17
"2025000027166",2,9,99,0,9,99,1,3,-1,-1,-1,-1
"2025000027166",1,9,99,0,9,99,2,2,35,-1,-1,-1
"2025000027167",2,9,3,1,0,0,2,1,44,2993,2,1
"2025000027167",1,4,19,1,0,0,1,1,59,124,1,1
"2025000027168",1,9,7,5,0,0,4,1,61,1390,1,11
"2025000027168",2,1,19,1,0,0,1,1,64,-1,-1,-1
"2025000027169",1,-1,19,8,0,0,3,1,10,-1,-1,-1
"2025000027169",2,9,9,8,0,0,1,1,48,999,1,3
"2025000027170",1,3,19,0,2,0,0,1,18,125,1,10
"2025000027171",2,1,19,1,0,0,1,2,36,-1,-1,-1
"2025000027171",1,9,7,6,0,0,3,2,36,1332,1,5
"2025000027172",1,9,19,1,0,2,1,1,69,1798,8,7
"2025000027172",2,9,2,1,0,0,2,2,62,1373,8,2
"2025000027173",2,98,99,0,0,0,9,3,-1,-1,-1,-1
"2025000027173",1,9,99,0,0,0,2,2,22,998,1,6
"2025000027174",2,9,99,9,9,99,9,1,46,1995,2,15
"2025000027174",1,1,99,9,9,99,9,1,57,-1,-1,-1
"2025000027175",1,9,19,6,0,0,1,2,62,1364,1,10
"2025000027176",2,9,19,1,0,0,1,1,79,998,1,18
"2025000027176",1,5,15,1,1,0,1,3,33,847,1,2
"2025000027177",1,9,1,8,0,0,2,1,58,-1,3,10
"2025000027178",1,19,19,8,1,0,1,1,24,1968,2,16
"2025000027179",4,9,19,8,0,0,3,1,44,1580,8,3
"2025000027179",3,9,19,8,0,0,3,1,38,1995,2,4
"2025000027179",1,9,13,8,0,0,3,1,33,1997,2,9
"2025000027179",2,9,19,8,0,0,0,1,32,1498,1,4
"2025000027180",1,23,99,9,9,99,0,1,30,-1,-1,-1
"2025000027181",2,9,2,0,0,0,1,-1,-1,-1,-1,-1
"2025000027181",1,9,14,0,0,4,1,1,69,-1,3,1
"2025000027182",1,9,19,1,0,0,3,1,47,1598,2,4
"2025000027182",2,9,19,1,0,0,1,1,21,1388,1,17
"2025000027183",2,9,99,9,9,99,3,3,-1,998,1,6
"2025000027183",1,9,99,9,9,99,4,1,50,1498,1,17
"2025000027184",1,1,19,1,0,0,1,1,24,-1,-1,-1
"2025000027184",2,9,10,1,0,0,2,2,-1,898,1,7
"2025000027185",4,9,2,8,0,0,2,3,-1,1587,1,19
"2025000027185",1,9,13,8,0,0,0,1,31,1498,1,0
"2025000027185",3,5,4,8,1,0,3,1,20,599,1,25
"2025000027185",2,9,11,8,0,0,4,1,56,1461,2,7
"2025000027186",1,4,19,0,5,0,1,1,21,-1,-1,-1
"2025000027186",2,9,3,0,0,0,1,2,22,996,1,10
"2025000027187",2,9,10,8,0,0,1,1,56,1248,1,7
"2025000027187",1,9,19,8,5,0,4,1,50,1598,2,6
"2025000027188",1,1,19,0,2,0,0,1,35,-1,-1,-1
"2025000027189",1,9,19,0,1,0,1,1,40,1560,2,13
"2025000027189",2,21,19,0,0,0,3,1,40,12777,2,2
"2025000027189",3,9,19,0,0,0,4,1,22,1995,2,10
"2025000027190",2,2,9,6,0,0,1,1,16,50,1,1
"2025000027190",1,9,13,8,0,0,1,1,46,1242,1,18
"2025000027191",1,9,19,0,1,0,1,1,38,1200,1,7
"2025000027192",1,1,99,9,9,99,9,1,25,-1,-1,-1
"2025000027192",2,9,99,9,9,99,1,3,-1,1332,1,1
"2025000027193",3,9,4,0,0,0,3,2,61,996,1,9
"2025000027193",2,9,4,0,0,0,2,2,34,1598,1,6
"2025000027193",1,19,1,0,1,0,1,1,25,1950,2,2
"2025000027194",1,9,19,0,1,0,3,1,19,3596,1,18
"2025000027194",2,19,19,0,0,0,1,1,53,1995,2,4
"2025000027195",2,9,19,0,0,0,1,1,41,998,1,8
"2025000027195",1,9,9,0,0,0,4,2,39,1995,2,4
"2025000027196",2,9,19,4,0,0,3,2,49,1461,2,10
"2025000027196",1,90,11,3,0,0,3,1,48,-1,-1,-1
"2025000027197",2,1,19,4,0,0,1,1,25,-1,-1,-1
"2025000027197",1,9,19,4,0,0,3,1,52,2979,1,19
"2025000027198",2,5,19,3,0,10,4,1,60,1043,1,1
"2025000027198",1,9,19,3,0,0,3,2,43,1500,2,2
"2025000027199",1,19,19,1,0,0,1,1,24,2287,2,2
"2025000027199",2,9,19,1,0,0,1,2,35,2993,2,9
"2025000027200",2,9,19,8,0,0,4,1,49,1968,2,5
"2025000027200",1,9,5,6,0,0,3,3,-1,2982,2,14
"2025000027201",1,9,19,1,1,0,3,1,47,-1,-1,-1
"2025000027201",2,9,9,8,0,0,1,1,69,1997,2,11
"2025000027202",1,9,19,0,0,0,1,1,23,1332,1,1
"2025000027202",2,9,4,0,0,0,2,1,37,999,1,1
"2025000027203",2,9,3,1,0,0,2,1,67,1498,1,1
"2025000027203",1,9,19,1,1,0,1,1,43,1199,1,2
"2025000027204",1,19,-1,-1,-1,-1,-1,1,28,2143,2,4
"2025000027205",1,4,19,0,1,0,1,1,17,125,1,0
"2025000027206",2,9,19,8,0,0,1,2,79,1329,1,11
"2025000027206",1,9,9,6,0,0,3,2,59,999,1,1
"2025000027207",1,9,5,3,0,0,4,1,50,2143,2,13
"2025000027208",1,9,19,2,0,0,3,1,41,1598,1,14
"2025000027208",2,9,19,1,0,4,3,1,42,1240,1,14
"2025000027208",3,9,2,8,0,0,4,2,33,1560,2,14
"2025000027209",1,9,19,1,0,0,3,1,43,1498,1,1
"2025000027210",1,9,19,0,0,0,4,1,39,1794,1,15
"2025000027211",1,9,19,2,5,0,3,1,21,1582,2,11
"2025000027212",2,3,19,8,2,0,4,1,38,125,1,5
"2025000027212",1,9,9,8,0,0,1,1,54,-1,-1,-1
"2025000027213",2,97,12,0,1,0,2,1,22,-1,-1,-1
"2025000027213",1,9,5,0,0,0,4,1,41,2143,2,6
"2025000027214",1,9,19,1,0,0,1,2,49,1339,1,11
"2025000027215",1,4,19,8,0,0,1,1,39,125,1,8
"2025000027215",2,9,9,5,0,0,3,1,54,999,1,1
"2025000027216",2,1,3,8,0,0,1,1,60,-1,-1,-1
"2025000027216",1,9,9,8,0,0,1,1,56,2993,2,9
"2025000027217",1,9,9,8,0,0,1,2,23,1242,1,4
"2025000027217",2,20,19,8,5,0,3,1,50,2143,2,4
"2025000027218",1,11,19,0,0,5,1,1,49,9600,2,19
"2025000027219",2,9,19,0,0,0,3,1,81,1995,2,4
"2025000027219",1,9,12,0,1,0,1,1,74,1388,1,20
"2025000027220",1,9,19,0,0,0,1,2,80,1798,1,10
"2025000027220",2,9,19,0,0,0,1,2,63,-1,-1,-1
"2025000027221",2,9,19,0,0,0,1,1,27,2993,2,18
"2025000027221",1,9,13,0,0,0,1,1,20,1753,2,15
"2025000027222",2,9,19,1,0,0,3,1,75,1497,8,10
"2025000027222",1,9,19,2,0,0,3,1,82,1586,1,8
"2025000027223",1,9,4,0,0,0,2,2,49,1598,2,8
"2025000027223",2,9,19,0,0,0,1,2,22,1248,2,13
"2025000027224",1,9,2,0,0,0,3,1,29,2143,2,12
"2025000027224",2,9,14,0,0,8,4,1,22,1198,1,14
"2025000027225",1,-1,19,1,0,4,1,1,13,-1,-1,-1
"2025000027225",2,19,2,1,0,0,3,1,27,2198,2,6
"2025000027226",2,9,19,1,0,0,2,2,50,1598,1,11
"2025000027226",1,9,19,1,0,0,2,3,-1,2199,2,10
"2025000027226",3,9,19,1,0,0,1,1,22,-1,-1,-1
"2025000027227",1,9,19,0,5,0,1,1,37,998,1,5
"2025000027228",2,9,3,4,0,0,2,2,28,1395,1,5
"2025000027228",1,9,19,1,0,0,1,2,28,4999,1,4
"2025000027229",1,9,19,1,0,0,4,2,59,999,1,2
"2025000027230",1,9,8,0,0,0,4,3,-1,2494,8,3
"2025000027230",2,1,19,0,0,0,1,1,15,-1,-1,-1
"2025000027231",1,11,4,0,0,0,0,1,28,4500,2,7
"2025000027232",1,9,19,0,0,0,1,2,21,1373,8,1
"2025000027233",1,9,19,0,0,0,1,1,23,1364,1,14
"2025000027233",2,19,19,0,0,0,1,1,26,1995,2,8
"2025000027234",1,21,-1,1,1,0,1,1,42,12740,2,11
"2025000027234",2,9,-1,1,0,0,2,2,38,-1,-1,-1
"2025000027234",3,9,10,1,0,0,2,1,62,-1,-1,-1
"2025000027234",4,9,-1,1,0,0,1,2,53,1498,1,5
"2025000027235",2,9,19,0,0,0,2,2,23,-1,-1,-1
"2025000027235",1,9,19,0,1,0,1,1,22,998,1,17
"2025000027236",1,9,19,0,0,0,1,1,37,-1,-1,-1
"2025000027237",2,3,10,8,0,0,3,1,30,124,1,1
"2025000027237",1,9,9,8,0,0,1,1,-1,-1,3,2
"2025000027238",1,9,9,8,0,0,0,2,26,998,1,7
"2025000027238",2,9,19,8,0,0,4,1,20,1796,1,17
"2025000027239",2,1,19,0,0,0,1,1,17,-1,-1,-1
"2025000027239",1,9,19,0,0,0,1,1,41,-1,3,1
"2025000027240",1,9,6,0,0,0,3,3,-1,1995,2,4
"2025000027240",2,5,19,0,0,0,1,1,29,649,1,3
"2025000027241",1,9,-1,0,0,0,1,3,-1,2204,2,15
"2025000027242",1,-1,19,8,0,11,0,2,33,-1,-1,-1
"2025000027243",1,9,19,3,0,7,4,1,20,1197,1,9
"2025000027244",2,9,19,1,0,0,1,3,16,2497,1,18
"2025000027244",1,9,5,1,0,0,2,1,28,3200,2,9
"2025000027245",1,9,9,5,0,0,4,1,36,2336,1,19
"2025000027245",2,9,19,8,0,0,1,1,23,-1,-1,-1
"2025000027246",1,9,19,1,0,0,1,2,37,1591,1,3
"2025000027247",2,9,7,1,0,0,1,1,26,1995,2,7
"2025000027247",1,9,5,8,0,0,4,2,18,1198,1,6
"2025000027248",1,9,19,0,0,0,1,1,57,1796,1,13
"2025000027248",2,9,9,0,0,0,3,1,26,1390,1,11
"2025000027249",1,1,19,0,0,0,1,1,10,-1,-1,-1
"2025000027249",2,9,19,0,0,0,4,2,39,1598,2,9
"2025000027250",1,9,9,8,0,0,3,1,41,1390,1,13
"2025000027250",2,9,19,8,0,0,4,2,20,1598,2,6
"2025000027251",1,9,9,1,0,0,1,1,35,1998,1,3
"2025000027251",2,1,19,8,0,0,2,1,29,-1,-1,-1
"2025000027252",1,9,19,0,1,0,1,2,51,1390,1,12
"2025000027253",4,9,19,0,1,0,1,1,44,-1,-1,-1
"2025000027253",2,9,3,0,0,0,2,1,47,1582,2,7
"2025000027253",1,11,3,0,0,0,2,2,53,9000,2,13
"2025000027253",3,9,3,0,0,0,2,2,32,998,1,16
"2025000027254",2,1,19,1,0,0,1,1,43,-1,-1,-1
"2025000027254",1,9,9,1,0,0,4,2,53,1995,1,2
"2025000027255",1,9,19,1,0,0,1,1,-1,1956,2,11
"2025000027255",2,9,3,1,0,0,2,2,43,2720,2,15
"2025000027256",2,9,-1,1,0,0,1,2,28,1200,1,8
"2025000027256",1,1,19,8,5,0,1,1,17,-1,-1,-1
"2025000027257",1,9,19,0,0,0,1,1,22,-1,-1,-1
"2025000027258",2,9,19,1,0,0,1,1,-1,-1,-1,-1
"2025000027258",1,9,4,1,0,0,2,2,40,999,1,4
"2025000027259",1,9,19,4,0,10,1,1,25,1968,2,12
"2025000027260",1,11,9,2,0,0,3,1,42,7300,2,8
"2025000027260",2,9,19,1,0,0,1,2,44,1796,1,15
"2025000027261",1,98,1,1,0,0,2,3,30,-1,-1,-1
"2025000027262",1,9,9,1,0,0,4,2,24,1199,2,11
"2025000027262",2,9,19,6,0,0,1,1,51,-1,-1,-1
"2025000027263",1,19,19,0,0,0,4,3,-1,2198,2,11
"2025000027264",3,9,19,1,0,0,0,1,27,1596,1,8
"2025000027264",2,9,19,1,0,0,2,1,45,1339,8,16
"2025000027264",1,9,13,1,1,0,1,1,20,1995,1,17
"2025000027265",2,9,19,0,0,0,2,2,23,1198,1,8
"2025000027265",1,9,19,0,0,0,1,1,34,1896,2,13
"2025000027266",1,5,19,0,1,10,1,1,41,999,1,13
"2025000027266",2,5,19,0,1,10,1,2,41,749,1,12
"2025000027267",1,8,19,0,0,0,4,1,54,2198,2,7
"2025000027268",2,9,99,9,9,99,2,3,-1,1998,1,2
"2025000027268",1,3,99,9,9,99,2,2,24,125,1,0
"2025000027269",1,9,5,0,0,0,4,3,-1,-1,-1,-1
"2025000027270",1,9,99,9,9,99,9,2,62,998,1,11
"2025000027270",2,9,99,9,9,99,1,3,41,1598,1,10
"2025000027271",1,9,19,2,0,0,1,3,-1,-1,-1,-1
"2025000027271",2,1,19,2,0,0,1,1,11,-1,-1,-1
"2025000027272",2,1,9,5,0,0,3,2,45,-1,-1,-1
"2025000027272",1,9,9,6,0,0,1,2,39,-1,-1,-1
"2025000027273",3,9,3,0,0,0,0,2,69,-1,-1,-1
"2025000027273",2,9,9,0,0,0,4,1,40,998,1,9
"2025000027273",1,9,13,0,0,0,4,1,79,1498,1,4
"2025000027274",1,9,19,0,0,0,3,1,23,1995,2,12
"2025000027274",2,3,19,0,5,0,1,1,17,124,1,1
"2025000027275",1,3,19,4,0,0,2,1,37,125,1,4
"2025000027275",2,9,9,8,0,0,1,2,64,1598,1,13
"2025000027276",2,9,7,6,0,0,3,1,-1,2494,2,10
"2025000027276",1,3,19,8,0,0,1,1,43,125,1,1
"2025000027277",1,9,3,1,0,0,2,2,49,998,1,22
"2025000027278",2,9,19,1,0,0,1,2,54,1199,1,7
"2025000027278",1,-1,19,1,5,0,1,1,13,-1,-1,-1
"2025000027279",1,9,19,7,1,0,1,1,23,4999,1,7
"2025000027280",1,9,19,0,1,0,1,1,19,1995,2,15
"2025000027281",1,9,5,0,0,0,1,2,23,1398,2,10
"2025000027282",3,9,8,1,0,0,3,1,69,1399,2,12
"2025000027282",2,9,19,1,0,0,1,2,70,998,1,13
"2025000027282",1,8,9,5,0,0,1,2,22,1560,2,9
"2025000027283",2,19,19,0,0,0,3,1,43,2402,2,11
"2025000027283",1,9,19,0,0,0,3,2,52,1598,1,6
"2025000027284",1,1,19,8,0,0,1,1,22,-1,-1,-1
"2025000027284",2,9,9,6,0,0,3,3,-1,-1,-1,-1
"2025000027285",1,8,1,2,0,0,2,1,46,1591,1,6
"2025000027285",2,9,7,1,0,0,1,1,44,1796,1,20
"2025000027286",2,8,9,8,0,10,1,1,31,1798,8,9
"2025000027286",1,9,19,8,0,0,0,3,-1,4282,1,17
"2025000027287",1,1,19,1,0,0,2,1,36,-1,-1,-1
"2025000027287",2,9,19,1,0,0,1,3,-1,-1,-1,-1
"2025000027288",2,8,5,0,0,0,4,1,65,1598,2,6
"2025000027288",1,9,19,0,0,0,3,2,25,1498,1,15
"2025000027289",2,1,19,1,0,0,4,1,23,-1,-1,-1
"2025000027289",1,9,19,1,0,0,1,1,53,998,1,14
"2025000027289",3,9,19,1,0,0,1,1,56,998,1,14
"2025000027290",1,9,11,8,0,0,2,2,71,998,1,6
"2025000027290",2,9,19,8,0,0,3,2,49,998,1,7
"2025000027291",1,9,19,0,5,7,1,1,24,1598,1,12
"2025000027292",1,9,19,8,5,0,1,1,22,999,1,2
"2025000027293",1,9,5,4,0,0,1,2,78,1242,1,9
"2025000027293",2,1,19,8,0,0,4,1,49,-1,-1,-1
"2025000027294",1,19,19,0,0,0,1,1,34,1753,2,13
"2025000027295",1,9,19,0,0,0,1,2,91,998,1,12
"2025000027295",2,9,3,0,0,0,2,2,44,1598,1,15
"2025000027296",2,9,19,1,0,0,3,2,32,-1,3,1
"2025000027296",1,9,9,5,0,0,1,2,66,1598,1,12
"2025000027297",2,4,5,1,0,0,1,1,36,500,1,2
"2025000027297",1,9,9,8,0,0,4,1,67,1997,2,6
"2025000027298",1,3,19,2,0,0,1,1,45,108,1,3
"2025000027298",2,9,9,1,0,0,3,2,35,1984,1,10
"2025000027299",1,9,19,0,0,0,1,2,68,1339,1,14
"2025000027300",2,1,19,0,0,0,3,1,49,-1,-1,-1
"2025000027300",1,9,9,0,0,0,1,1,30,1598,1,7
"2025000027301",2,17,19,2,0,0,3,1,60,4485,2,2
"2025000027301",1,9,13,1,0,10,4,2,35,998,1,19
"2025000027302",1,9,19,3,0,0,1,1,32,1995,2,2
"2025000027302",2,9,5,3,0,0,1,1,59,-1,-1,-1
"2025000027303",2,9,19,8,0,0,2,2,52,1461,2,6
"2025000027303",1,9,-1,8,-1,-1,-1,3,-1,999,1,9
"2025000027304",2,1,19,1,0,0,1,2,33,-1,-1,-1
"2025000027304",1,9,9,5,0,0,4,2,44,1229,1,9
"2025000027305",2,9,19,8,0,0,4,1,34,1686,2,15
"2025000027305",1,21,19,8,0,0,3,1,51,12740,2,7
"2025000027306",2,9,19,0,0,0,1,2,56,-1,-1,-1
"2025000027306",1,9,19,0,1,0,2,1,20,-1,-1,-1
"2025000027307",1,20,9,2,0,0,1,1,28,-1,-1,-1
"2025000027307",2,5,19,1,1,0,4,1,55,-1,-1,-1
"2025000027308",2,1,19,1,0,0,1,1,54,-1,-1,-1
"2025000027308",1,9,19,1,0,0,1,3,30,1198,1,9
"2025000027309",2,9,19,1,0,0,1,1,37,1797,8,9
"2025000027309",1,1,9,1,0,0,3,1,40,-1,-1,-1
"2025000027310",2,9,19,1,0,0,1,2,28,1242,1,11
"2025000027310",1,9,9,2,0,0,3,1,84,1598,1,10
"2025000027311",1,9,19,0,0,0,1,2,59,1339,1,9
"2025000027312",2,9,2,8,0,0,0,-1,-1,1560,2,14
"2025000027312",1,9,19,8,0,0,1,2,34,-1,-1,-1
"2025000027313",2,9,19,0,0,0,1,2,78,1242,1,9
"2025000027313",1,5,19,0,2,0,1,1,62,1202,1,2
"2025000027314",1,9,3,1,0,0,1,3,-1,-1,-1,-1
"2025000027314",2,9,3,1,0,0,2,1,33,-1,-1,-1
"2025000027315",1,9,19,8,0,0,1,1,60,1197,1,4
"2025000027316",1,9,19,0,0,0,1,3,-1,-1,-1,-1
"2025000027317",2,9,19,0,0,0,1,1,26,1461,2,5
"2025000027317",1,11,3,0,0,0,2,2,37,9360,2,10
"2025000027318",1,9,19,0,0,4,1,2,26,1329,1,10
"2025000027318",2,21,2,0,0,0,2,1,51,12777,2,3
"2025000027319",2,9,7,2,0,0,3,2,68,-1,-1,-1
"2025000027319",1,9,19,1,0,0,1,1,42,2231,2,10
"2025000027320",2,9,99,0,9,99,1,3,-1,1969,2,6
"2025000027320",1,10,99,0,9,99,2,1,46,-1,-1,-1
"2025000027321",1,11,4,6,0,0,0,2,45,8268,2,18
"2025000027322",1,3,4,0,0,0,1,1,25,124,1,8
"2025000027322",2,9,6,0,0,0,4,3,-1,-1,-1,-1
"2025000027323",1,9,19,0,0,4,1,1,75,-1,-1,-1
"2025000027323",2,9,2,0,1,0,2,1,28,1596,1,14
"2025000027324",2,3,19,1,0,0,1,1,20,110,1,1
"2025000027324",1,9,9,6,0,0,4,2,48,1999,2,6
"2025000027325",1,3,19,0,0,0,1,1,40,125,1,1
"2025000027326",1,9,19,4,0,0,3,1,27,1199,1,3
"2025000027326",2,9,19,3,0,0,1,2,32,1968,2,13
"2025000027327",2,9,19,0,0,0,1,2,70,1560,2,6
"2025000027327",1,9,3,0,0,0,2,1,48,1598,2,4
"2025000027328",1,9,19,2,0,0,1,1,30,1197,1,10
"2025000027328",2,19,19,2,0,0,2,1,37,1898,2,1
"2025000027329",1,9,99,0,9,99,1,1,28,998,1,3
"2025000027330",1,9,4,0,0,0,1,1,39,1499,2,1
"2025000027330",2,4,4,0,0,0,2,1,80,349,1,1
"2025000027331",1,9,19,0,0,0,1,2,33,1598,1,8
"2025000027331",2,1,19,0,0,0,1,1,52,-1,-1,-1
"2025000027332",2,19,13,0,0,0,2,1,-1,2442,2,6
"2025000027332",1,1,19,0,0,0,3,1,63,-1,-1,-1
"2025000027333",2,3,19,0,0,0,4,1,20,124,1,0
"2025000027333",1,9,19,0,0,0,3,1,41,1199,1,2
"2025000027334",2,9,19,8,0,0,3,2,58,1997,2,8
"2025000027334",1,9,19,8,0,0,1,2,67,898,1,7
"2025000027335",1,9,19,0,0,0,3,1,18,1461,2,7