"collision_index","vehicle_reference","vehicle_type","vehicle_manoeuvre","junction_location","skidding_and_overturning","hit_object_in_carriageway","first_point_of_impact","sex_of_driver","age_of_driver","engine_capacity_cc","propulsion_code","age_of_vehicle"
"2025000027336",2,19,19,0,0,0,1,1,58,-1,-1,-1
"2025000027336",1,9,19,0,0,0,1,1,46,2400,2,7
"2025000027337",1,8,19,8,0,0,1,1,47,2143,2,7
"2025000027337",2,9,7,1,0,0,2,1,21,1332,8,1
"2025000027338",2,9,9,8,0,0,4,2,53,1332,1,3
"2025000027338",1,1,19,1,0,0,1,1,42,-1,-1,-1
"2025000027339",2,1,19,2,0,0,2,1,25,-1,-1,-1
"2025000027339",1,11,19,2,0,0,1,1,36,4461,2,6
"2025000027340",7,9,4,0,0,0,2,2,34,1198,1,4
"2025000027340",5,19,4,0,0,4,2,1,49,2198,2,16
"2025000027340",6,9,4,0,0,4,2,1,49,1997,2,7
"2025000027340",4,9,4,0,0,4,2,1,35,1798,1,4
"2025000027340",1,21,19,0,0,4,1,1,56,16353,2,0
"2025000027340",2,9,3,0,0,4,2,1,76,999,1,3
"2025000027340",3,9,3,0,0,4,2,2,19,998,1,4
"2025000027341",1,9,19,0,0,0,1,1,18,1229,1,12
"2025000027342",2,9,19,0,0,11,1,2,54,999,1,2
"2025000027342",1,9,19,0,0,11,1,1,27,1995,2,13
"2025000027343",1,9,19,8,0,7,1,1,42,1339,1,17
"2025000027344",2,9,99,9,9,99,9,3,39,999,1,9
"2025000027344",1,3,99,9,9,99,1,1,34,125,1,1
"2025000027345",4,9,19,0,0,0,1,2,58,1796,1,16
"2025000027345",2,9,19,0,0,0,2,1,26,1968,2,6
"2025000027345",3,19,4,0,0,0,2,1,50,1461,2,6
"2025000027345",1,9,19,0,0,0,-1,3,-1,-1,-1,-1
"2025000027346",1,9,4,0,0,0,2,1,31,-1,3,0
"2025000027346",3,21,4,0,0,0,1,1,63,10837,2,6
"2025000027346",2,21,4,0,0,0,1,1,63,10837,2,1
"2025000027346",4,21,4,0,0,0,1,1,33,10837,2,1
"2025000027347",1,17,19,0,0,0,4,1,56,6596,2,3
"2025000027347",2,1,19,0,5,0,2,1,58,-1,-1,-1
"2025000027348",1,19,3,0,0,0,1,1,32,1753,2,16
"2025000027348",2,9,10,0,0,0,2,2,41,1386,1,16
"2025000027349",1,9,4,4,0,0,3,1,37,1995,2,7
"2025000027349",2,1,19,3,2,4,2,1,31,-1,-1,-1
"2025000027350",1,9,19,1,0,0,1,1,66,2231,2,16
"2025000027350",2,9,7,1,0,0,1,2,18,1242,1,9
"2025000027351",2,3,19,2,0,0,1,1,31,125,1,5
"2025000027351",1,9,19,1,0,0,1,1,31,-1,-1,-1
"2025000027352",1,4,19,8,2,7,1,1,25,-1,-1,-1
"2025000027353",4,9,19,0,0,0,1,1,54,1497,8,16
"2025000027353",3,19,19,0,0,0,1,1,30,1995,2,0
"2025000027353",1,9,14,0,0,0,4,1,48,1390,1,12
"2025000027353",2,9,19,0,0,0,2,1,31,1986,2,16
"2025000027354",1,9,9,0,0,0,1,1,-1,1956,2,8
"2025000027354",2,4,9,0,0,0,3,1,38,411,1,3
"2025000027355",2,9,9,4,0,0,1,3,-1,-1,-1,-1
"2025000027355",1,9,19,8,0,0,4,2,24,1598,1,6
"2025000027356",1,9,11,0,0,0,1,2,77,898,1,7
"2025000027356",2,9,19,0,0,0,3,1,71,1560,2,7
"2025000027357",2,9,9,0,0,0,3,2,29,1199,1,1
"2025000027357",1,9,13,0,0,0,3,2,30,1560,2,9
"2025000027358",2,9,99,9,9,99,1,3,-1,-1,-1,-1
"2025000027358",1,1,99,9,9,99,9,1,42,-1,-1,-1
"2025000027359",1,9,19,8,0,0,1,2,33,1598,2,6
"2025000027359",2,1,9,8,0,0,1,1,33,-1,-1,-1
"2025000027360",1,9,3,0,0,0,2,1,36,1598,1,8
"2025000027360",2,19,4,0,0,0,1,1,45,1998,2,15
"2025000027361",1,9,19,0,0,0,1,1,38,2993,2,6
"2025000027361",3,21,2,0,0,0,1,1,51,-1,-1,-1
"2025000027361",2,21,2,0,0,0,3,1,28,12777,2,4
"2025000027362",3,19,19,1,0,0,2,1,39,2298,2,0
"2025000027362",1,19,19,1,0,0,1,1,35,2298,2,6
"2025000027362",2,9,19,1,0,0,2,2,46,1598,1,8
"2025000027363",1,9,1,1,0,0,2,1,80,1596,1,18
"2025000027364",2,9,9,8,0,0,1,1,30,1248,1,8
"2025000027364",1,9,15,4,0,0,1,3,-1,-1,-1,-1
"2025000027365",1,-1,9,0,0,10,1,1,56,-1,-1,-1
"2025000027366",2,9,-1,0,-1,-1,-1,2,34,1490,8,1
"2025000027366",1,9,-1,0,-1,-1,-1,1,58,-1,-1,-1
"2025000027367",1,21,9,5,0,0,1,1,29,5132,2,1
"2025000027367",2,9,19,1,0,0,3,2,45,1997,2,11
"2025000027368",1,9,9,5,0,0,3,1,34,2401,2,17
"2025000027369",1,9,19,0,0,0,4,1,22,1390,1,12
"2025000027369",2,8,2,0,0,0,3,1,39,1797,8,11
"2025000027370",1,9,19,0,0,0,4,2,21,999,1,0
"2025000027371",1,3,15,0,5,0,3,3,-1,108,1,2
"2025000027372",1,9,12,3,1,0,3,2,37,1229,1,11
"2025000027372",2,21,19,3,0,0,1,1,39,12809,2,4
"2025000027373",1,11,9,8,0,0,1,1,63,6871,2,9
"2025000027374",2,3,19,8,1,0,1,1,18,124,1,2
"2025000027374",1,9,7,6,0,0,3,1,73,1560,2,12
"2025000027375",1,9,5,4,0,0,3,1,58,999,1,5
"2025000027375",2,90,19,4,0,0,4,1,31,2987,2,8
"2025000027376",1,9,19,1,1,0,1,2,48,1461,2,6
"2025000027376",2,9,19,1,1,0,1,1,72,1328,1,21
"2025000027376",3,9,4,8,1,0,1,2,44,1995,2,6
"2025000027377",1,9,7,1,0,0,1,2,83,-1,-1,-1
"2025000027378",2,9,19,0,0,0,2,2,32,999,1,5
"2025000027378",1,9,19,0,0,0,1,1,67,1598,2,11
"2025000027379",2,9,19,1,0,0,1,2,54,1686,2,10
"2025000027379",1,90,9,5,0,0,4,1,42,-1,-1,-1
"2025000027379",3,9,19,1,0,0,1,2,57,1242,1,8
"2025000027380",1,1,19,0,1,0,0,1,75,-1,-1,-1
"2025000027381",2,8,19,1,0,0,4,1,36,1797,8,11
"2025000027381",1,8,19,1,0,0,3,1,71,2143,2,6
"2025000027382",1,9,19,0,1,0,0,2,57,998,1,1
"2025000027383",1,9,19,4,0,0,1,3,-1,2000,2,13
"2025000027383",2,9,3,3,0,0,2,2,78,1339,1,16
"2025000027384",2,9,19,1,0,0,1,2,52,1242,1,14
"2025000027384",1,-1,19,2,0,0,1,2,13,-1,-1,-1
"2025000027385",2,1,19,8,0,0,4,2,-1,-1,-1,-1
"2025000027385",1,9,7,8,0,0,1,2,-1,1598,1,17
"2025000027386",2,9,5,6,0,0,1,1,45,2998,8,2
"2025000027386",1,9,19,1,0,0,3,1,42,1596,1,17
"2025000027387",2,9,7,0,0,0,1,1,38,1968,2,3
"2025000027387",1,9,19,0,0,0,1,3,-1,-1,-1,-1
"2025000027388",1,9,19,1,0,0,1,1,30,1896,2,16
"2025000027388",2,1,19,6,0,0,1,1,46,-1,-1,-1
"2025000027389",2,1,19,2,0,0,1,2,56,-1,-1,-1
"2025000027389",1,9,9,1,0,0,3,1,61,1497,8,14
"2025000027390",2,9,19,0,0,0,3,2,70,1598,1,10
"2025000027390",1,9,-1,0,-1,-1,-1,2,32,1560,2,10
"2025000027391",1,9,19,0,0,0,1,1,32,1968,2,11
"2025000027391",2,5,3,0,0,0,2,1,39,1130,1,22
"2025000027392",1,19,1,6,0,0,2,1,56,-1,-1,-1
"2025000027393",1,9,19,0,0,0,1,1,18,1461,2,17
"2025000027394",1,21,19,0,0,0,1,1,59,6700,2,9
"2025000027395",1,9,19,2,0,0,4,2,27,1560,2,9
"2025000027395",2,9,19,8,0,0,1,2,21,1198,1,13
"2025000027396",1,9,9,5,0,0,3,1,79,1560,2,3
"2025000027396",2,9,19,1,0,0,1,2,19,1390,1,13
"2025000027397",1,3,99,9,9,99,9,3,-1,-1,-1,-1
"2025000027398",1,9,1,0,0,0,2,1,64,1896,2,12
"2025000027399",2,19,7,8,0,0,2,1,37,2299,2,3
"2025000027399",1,11,19,1,0,0,1,1,62,-1,-1,-1
"2025000027400",1,8,5,0,0,0,0,1,51,-1,3,2
"2025000027401",1,9,19,0,0,0,4,3,67,-1,-1,-1
"2025000027402",1,9,19,1,0,0,1,2,69,-1,-1,-1
"2025000027403",1,9,19,0,0,0,1,1,59,-1,-1,-1
"2025000027403",2,9,19,0,1,0,2,2,21,999,1,0
"2025000027404",1,19,19,8,0,0,1,3,-1,1996,2,0
"2025000027404",2,9,9,5,0,0,2,1,48,1998,2,2
"2025000027405",2,1,5,1,0,0,2,1,19,-1,-1,-1
"2025000027405",1,9,10,6,0,0,4,2,55,1999,2,5
"2025000027406",1,9,19,2,0,0,1,2,43,1198,1,6
"2025000027407",2,9,7,8,0,0,1,1,-1,1299,1,20
"2025000027407",1,9,3,8,0,0,2,2,21,1248,2,14
"2025000027408",2,1,19,0,0,0,3,2,17,-1,-1,-1
"2025000027408",1,9,-1,0,-1,-1,-1,3,-1,1199,1,4
"2025000027409",1,9,19,2,0,0,1,1,17,1198,1,9
"2025000027410",1,19,19,0,0,0,1,1,33,-1,-1,-1
"2025000027411",2,9,2,0,0,0,2,1,29,2143,2,11
"2025000027411",1,9,19,0,0,4,1,1,25,1242,1,9
"2025000027412",1,9,19,0,0,0,1,1,28,1794,1,17
"2025000027413",2,3,19,8,1,0,4,1,20,-1,-1,-1
"2025000027413",1,9,5,6,0,0,3,2,80,-1,-1,-1
"2025000027414",2,3,19,1,0,0,4,1,38,124,1,9
"2025000027414",1,9,19,1,0,0,4,2,54,1242,1,9
"2025000027415",2,19,1,1,0,0,2,1,34,1995,2,2
"2025000027415",1,9,19,1,0,0,1,2,42,2143,2,6
"2025000027416",2,3,19,1,1,0,1,1,17,124,1,0
"2025000027416",1,9,9,1,0,0,1,2,36,1968,2,2
"2025000027417",1,9,9,0,0,0,1,2,72,1388,1,12
"2025000027417",2,3,19,0,0,0,1,1,24,125,1,5
"2025000027418",1,9,19,0,0,0,4,2,63,1248,1,14
"2025000027419",1,9,19,1,0,0,4,1,54,1999,2,4
"2025000027420",2,9,99,9,9,99,2,3,-1,1798,8,9
"2025000027420",1,11,99,9,9,99,1,1,-1,6700,2,10
"2025000027421",2,11,19,1,0,0,4,2,53,5132,2,7
"2025000027421",1,9,19,2,0,0,3,1,25,1598,2,10
"2025000027421",4,9,2,8,0,0,2,3,-1,-1,3,1
"2025000027421",3,9,2,6,0,0,2,3,-1,2993,2,6
"2025000027422",1,4,19,0,0,0,1,1,54,124,1,8
"2025000027423",2,9,19,8,0,0,1,1,45,-1,-1,-1
"2025000027423",1,9,3,8,0,0,2,2,27,-1,-1,-1
"2025000027424",2,3,19,1,0,0,1,1,59,124,1,5
"2025000027424",1,19,19,2,0,0,4,1,32,1498,2,1
"2025000027425",2,1,19,1,0,0,0,1,19,-1,-1,-1
"2025000027425",1,9,10,1,0,0,1,3,-1,-1,-1,-1
"2025000027426",1,9,19,0,0,0,1,1,63,2149,2,15
"2025000027426",3,9,3,0,0,0,2,2,33,1560,2,7
"2025000027426",2,9,3,0,0,0,2,1,68,1997,2,18
"2025000027427",1,9,9,0,5,0,0,1,50,999,1,3
"2025000027428",2,3,5,1,1,0,0,1,62,125,1,15
"2025000027428",1,9,3,1,0,0,0,1,34,1499,1,3
"2025000027429",1,19,7,1,0,0,1,1,57,1896,2,15
"2025000027430",1,5,19,0,2,0,1,1,24,636,1,19
"2025000027431",3,19,19,8,1,0,1,1,39,1560,2,6
"2025000027431",1,9,19,8,0,0,2,1,43,1997,1,10
"2025000027431",2,9,19,8,1,0,2,2,26,1200,1,2
"2025000027431",4,9,10,1,0,0,0,1,34,1399,1,2
"2025000027432",1,9,99,9,9,99,9,1,25,1596,1,12
"2025000027432",2,9,99,9,9,99,1,3,-1,-1,-1,-1
"2025000027433",1,9,9,8,0,0,1,1,-1,-1,-1,-1
"2025000027433",2,1,19,8,0,0,3,1,26,-1,-1,-1
"2025000027434",1,9,19,0,0,4,1,1,62,1598,1,12
"2025000027434",2,9,2,0,0,0,1,1,52,-1,-1,-1
"2025000027435",1,1,99,9,9,99,9,1,28,-1,-1,-1
"2025000027435",2,9,99,9,9,99,9,3,-1,-1,-1,-1
"2025000027436",1,9,19,2,0,0,1,3,-1,-1,-1,-1
"2025000027437",2,11,7,8,0,0,1,1,38,6374,2,15
"2025000027437",1,1,19,8,0,0,1,1,30,-1,-1,-1
"2025000027438",1,9,15,1,0,0,1,1,37,1596,1,14
"2025000027438",2,9,7,1,0,0,2,1,34,1396,1,14
"2025000027439",2,19,99,9,9,99,1,3,-1,1560,2,10
"2025000027439",1,3,99,9,9,99,9,1,33,125,1,1
"2025000027440",1,9,14,0,0,0,1,2,30,1598,2,12
"2025000027440",3,21,2,0,0,0,0,1,75,12740,2,9
"2025000027440",2,9,19,0,5,0,1,1,31,1461,2,6
"2025000027441",1,9,19,8,0,0,4,2,39,1200,1,5
"2025000027442",2,9,19,0,0,0,4,1,50,1477,1,2
"2025000027442",1,9,5,0,0,0,1,2,62,2998,1,5
"2025000027443",1,-1,19,0,0,0,1,1,35,-1,-1,-1
"2025000027444",2,9,4,0,0,0,2,2,33,1998,1,15
"2025000027444",1,23,19,0,0,0,1,1,20,-1,-1,-1
"2025000027445",1,9,19,3,0,0,1,1,35,-1,-1,-1
"2025000027445",2,9,19,3,0,0,3,1,35,1229,1,11
"2025000027446",2,9,19,8,1,0,1,1,46,1968,2,10
"2025000027446",1,9,9,6,0,0,3,2,74,1398,1,16
"2025000027447",1,90,19,0,2,0,4,1,68,2400,2,34
"2025000027448",1,9,19,0,0,0,1,1,-1,1797,8,9
"2025000027449",2,19,19,0,0,0,4,1,34,6700,2,0
"2025000027449",1,9,19,0,0,0,1,1,36,1950,2,5
"2025000027450",2,9,9,8,0,0,4,2,79,1318,1,3
"2025000027450",1,5,19,1,0,0,1,1,50,800,1,9
"2025000027451",2,9,19,0,0,0,1,2,49,1199,1,2
"2025000027451",3,9,19,0,0,0,1,2,22,1248,1,4
"2025000027451",1,9,19,0,0,0,2,2,34,1796,2,10
"2025000027452",2,9,19,0,0,0,2,1,24,1998,2,18
"2025000027452",1,9,19,0,0,0,1,1,23,1339,8,16
"2025000027453",2,9,99,0,9,99,1,3,-1,1339,1,11
"2025000027453",1,3,99,0,9,99,2,1,31,125,1,7
"2025000027454",1,19,9,8,5,0,4,1,26,1997,2,1
"2025000027454",2,9,19,8,0,0,1,1,66,1560,2,8
"2025000027455",1,9,19,8,0,0,1,3,-1,-1,-1,-1
"2025000027456",1,9,19,0,0,0,1,1,60,2143,2,11
"2025000027457",1,9,19,0,0,0,4,2,44,1199,1,5
"2025000027458",1,19,19,0,0,0,1,1,42,1995,2,2
"2025000027458",3,9,4,0,0,0,1,1,27,1493,2,17
"2025000027458",2,8,6,0,0,4,1,1,44,1798,8,7
"2025000027459",1,9,19,2,0,0,1,1,33,1799,1,18
"2025000027459",2,9,12,1,0,0,0,-1,-1,-1,-1,-1
"2025000027460",2,1,19,3,0,0,1,1,56,-1,-1,-1
"2025000027460",1,9,5,4,0,0,3,1,61,999,1,1
"2025000027461",1,9,19,0,0,0,1,3,-1,-1,-1,-1
"2025000027462",2,9,19,1,1,0,3,1,55,1339,1,11
"2025000027462",1,9,19,2,1,0,1,1,22,1299,1,19
"2025000027463",2,9,10,0,0,0,1,2,28,1968,2,10
"2025000027463",1,11,19,0,0,0,1,-1,-1,5132,2,9
"2025000027464",1,9,19,2,0,0,1,1,47,1461,2,6
"2025000027465",1,11,5,0,0,0,0,1,33,5132,2,6
"2025000027466",1,9,19,0,0,0,1,1,37,-1,-1,-1
"2025000027466",2,9,3,0,0,0,2,1,22,-1,-1,-1
"2025000027467",2,9,3,0,0,0,0,1,74,998,1,2
"2025000027467",1,11,4,0,0,0,0,1,73,6370,2,13
"2025000027468",2,1,19,1,0,0,1,1,50,-1,-1,-1
"2025000027468",1,9,5,6,0,0,1,1,35,1995,2,13
"2025000027469",2,9,11,0,1,0,3,2,84,1329,1,14
"2025000027469",1,21,19,0,0,0,2,1,63,11120,2,6
"2025000027470",1,20,19,0,0,0,1,1,54,4500,2,5
"2025000027470",2,1,19,0,0,0,2,1,36,-1,-1,-1
"2025000027471",1,1,99,9,9,99,9,1,52,-1,-1,-1
"2025000027471",2,9,99,9,9,99,1,3,-1,-1,-1,-1
"2025000027472",1,9,99,9,9,99,2,1,31,1999,2,4
"2025000027473",1,9,99,9,9,99,2,1,49,-1,3,1
"2025000027473",2,9,99,9,9,99,2,3,-1,1997,1,11
"2025000027474",2,9,11,3,0,0,4,1,33,2490,7,24
"2025000027474",1,9,12,3,0,0,3,1,33,1998,8,0
"2025000027475",1,5,19,0,0,0,3,1,25,988,1,19
"2025000027476",1,21,19,0,0,0,3,1,29,-1,-1,-1
"2025000027476",2,9,19,0,0,0,1,2,77,1398,1,11
"2025000027476",3,19,19,0,0,0,3,1,42,2299,2,0
"2025000027477",1,9,11,6,0,0,3,2,31,1560,2,10
"2025000027477",2,19,19,8,0,0,4,1,25,1995,2,5
"2025000027478",1,98,99,9,9,99,1,1,59,-1,-1,-1
"2025000027479",1,1,19,0,0,0,0,2,27,-1,-1,-1
"2025000027480",2,9,19,1,0,0,1,1,24,1560,2,13
"2025000027480",1,9,19,8,0,0,4,2,39,1999,1,9
"2025000027481",1,9,19,1,1,0,1,1,45,1600,1,24
"2025000027482",1,9,19,1,0,0,1,1,37,1685,2,4
"2025000027483",1,9,9,5,0,0,1,3,-1,1991,1,5
"2025000027483",2,1,19,1,0,0,1,1,43,-1,-1,-1
"2025000027484",1,9,19,8,1,0,1,2,30,1398,1,9
"2025000027484",2,9,9,6,0,0,3,2,77,1332,1,4
"2025000027485",1,9,19,1,0,11,1,1,31,1798,1,10
"2025000027486",1,9,19,0,0,0,1,1,37,1490,8,0
"2025000027487",2,9,4,4,0,0,2,1,39,1995,2,13
"2025000027487",1,9,19,4,0,0,1,3,-1,-1,-1,-1
"2025000027488",2,19,4,1,0,0,2,2,54,1560,2,5
"2025000027488",1,3,19,1,5,0,1,1,33,124,1,5
"2025000027489",2,9,9,0,0,0,3,1,50,1598,2,6
"2025000027489",1,3,14,0,0,0,1,1,18,125,1,1
"2025000027490",1,8,99,9,9,99,2,3,-1,1199,1,2
"2025000027490",2,19,99,9,9,99,9,3,-1,1598,2,5
"2025000027491",2,9,19,0,0,0,1,1,54,1991,1,3
"2025000027491",1,98,19,0,0,0,1,1,37,-1,-1,-1
"2025000027492",1,9,19,0,0,0,1,1,19,998,1,4
"2025000027493",1,9,4,0,0,0,1,2,47,999,1,3
"2025000027494",3,9,2,1,0,0,4,1,79,-1,-1,-1
"2025000027494",1,9,7,1,1,0,1,1,-1,1596,1,17
"2025000027494",2,9,2,1,1,0,4,1,79,1991,2,13
"2025000027495",1,9,9,6,0,0,1,2,37,2179,2,7
"2025000027495",2,9,19,8,0,0,1,2,47,998,1,7
"2025000027496",1,9,19,0,0,0,4,3,-1,-1,-1,-1
"2025000027496",2,21,3,0,0,0,0,1,42,16353,2,2
"2025000027497",1,19,9,8,0,0,1,1,46,2143,2,5
"2025000027498",1,1,99,9,9,99,1,2,35,-1,-1,-1
"2025000027498",2,8,99,9,9,99,9,3,48,-1,-1,-1
"2025000027499",1,9,7,1,1,9,1,1,24,1896,2,18
"2025000027500",2,19,19,4,0,0,3,1,30,1598,2,7
"2025000027500",1,1,9,8,0,0,4,1,39,-1,-1,-1
"2025000027501",1,9,19,0,0,0,1,1,28,998,1,5
"2025000027501",2,9,19,0,0,0,3,1,37,2191,2,4
"2025000027502",1,9,19,8,0,0,1,1,53,1797,8,9
"2025000027502",2,9,19,2,0,0,4,1,30,1998,8,7
"2025000027503",2,9,2,0,0,0,2,2,36,1332,1,3
"2025000027503",1,9,19,0,1,4,1,1,43,-1,-1,-1
"2025000027503",3,19,2,0,0,0,1,1,55,2402,2,15
"2025000027504",2,21,19,0,0,4,1,1,40,12902,2,1
"2025000027504",1,9,2,0,0,0,2,1,39,1248,2,15
"2025000027505",2,9,13,0,1,0,1,1,19,1598,1,20
"2025000027505",1,9,4,0,0,0,3,1,38,1997,2,4
"2025000027506",1,5,19,0,5,0,4,1,34,998,1,4
"2025000027506",2,9,19,0,0,0,1,1,67,1995,1,14
"2025000027507",1,9,19,0,5,12,1,1,66,1910,2,13
"2025000027508",1,9,19,0,0,0,1,1,62,1560,2,11
"2025000027508",2,1,19,0,0,0,2,1,31,-1,-1,-1
"2025000027509",2,5,7,3,0,0,1,1,46,689,1,3
"2025000027509",1,9,19,3,0,0,2,2,24,898,1,8
"2025000027510",1,9,19,8,0,0,1,2,31,1969,8,5
"2025000027511",1,9,6,0,0,0,3,1,-1,1968,2,4
"2025000027511",2,9,19,0,0,0,1,1,31,2993,2,1
"2025000027512",2,9,19,8,0,0,2,2,58,1498,1,4
"2025000027512",1,4,19,8,1,0,1,1,57,-1,-1,-1
"2025000027513",1,9,19,0,0,0,4,1,61,2495,2,26
"2025000027514",1,9,19,1,0,11,1,1,61,1490,1,1
"2025000027514",2,1,19,8,0,0,1,1,15,-1,-1,-1
"2025000027515",3,19,2,0,0,0,1,2,58,-1,-1,-1
"2025000027515",1,9,19,0,0,4,1,2,25,1198,1,10
"2025000027515",2,19,2,0,0,4,2,1,45,-1,-1,-1
"2025000027516",1,9,99,9,9,99,9,2,31,1329,1,9
"2025000027516",2,1,99,9,9,99,9,1,-1,-1,-1,-1
"2025000027517",1,19,19,0,0,0,4,1,75,2494,2,10
"2025000027518",1,9,19,6,0,0,1,1,43,4197,1,17
"2025000027518",2,3,19,1,5,0,1,1,14,125,1,8
"2025000027519",1,9,19,0,0,0,1,3,-1,-1,-1,-1
"2025000027519",2,1,19,0,0,0,3,1,54,-1,-1,-1
"2025000027520",1,9,19,0,5,0,1,2,41,-1,-1,-1
"2025000027521",2,9,9,3,0,0,2,1,18,1390,1,12
"2025000027521",1,-1,9,3,0,0,1,3,18,-1,-1,-1
"2025000027522",1,9,19,0,5,0,1,1,18,-1,-1,-1
"2025000027523",1,9,9,6,0,0,1,1,60,1995,2,13
"2025000027523",2,3,-1,1,5,0,1,1,19,125,1,4
"2025000027524",1,3,99,9,9,99,1,2,30,125,1,4
"2025000027524",2,9,99,9,9,99,9,3,-1,1499,8,4
"2025000027525",2,9,99,2,9,99,9,3,-1,-1,-1,-1
"2025000027525",1,11,99,2,9,99,9,2,-1,4461,2,7
"2025000027526",2,1,19,1,0,0,1,1,48,-1,-1,-1
"2025000027526",1,9,9,5,0,0,1,1,44,1498,1,7
"2025000027527",2,11,19,0,0,0,0,1,61,6692,2,9
"2025000027527",1,9,13,0,0,0,0,3,-1,-1,-1,-1
"2025000027528",2,9,99,9,9,99,9,3,-1,1328,1,16
"2025000027528",1,9,99,9,9,99,2,2,59,1490,8,2
"2025000027529",1,9,19,1,0,0,3,1,61,-1,-1,-1
"2025000027529",3,9,2,1,0,0,3,3,-1,-1,-1,-1
"2025000027529",2,9,5,6,0,0,1,3,-1,1364,1,14
"2025000027530",2,1,3,1,5,10,3,2,57,-1,-1,-1
"2025000027530",1,3,19,1,0,0,4,3,21,108,1,3
"2025000027531",1,20,3,1,0,0,3,1,72,-1,-1,-1
"2025000027532",1,9,19,1,0,0,0,1,53,1498,1,0
"2025000027532",3,19,19,1,0,0,3,1,33,1995,2,2
"2025000027532",2,9,19,1,0,0,4,1,20,1199,1,0
"2025000027532",4,9,4,1,0,0,3,1,80,998,1,4
"2025000027533",1,5,19,0,0,0,4,1,28,888,1,0
"2025000027534",2,19,99,9,9,99,0,3,-1,2143,2,5
"2025000027534",1,9,99,9,9,99,2,2,31,-1,-1,-1
"2025000027535",1,2,99,9,9,99,2,1,27,49,1,7
"2025000027535",2,8,99,9,9,99,1,3,-1,1798,8,5
"2025000027536",2,9,4,1,0,0,2,2,48,-1,-1,-1
"2025000027536",1,3,19,1,0,0,1,1,21,-1,-1,-1
"2025000027537",1,21,19,0,2,0,4,1,28,-1,-1,-1
"2025000027538",1,9,19,0,0,0,1,2,50,-1,-1,-1
"2025000027538",2,9,19,0,0,0,1,1,37,-1,-1,-1
"2025000027539",1,9,5,2,0,0,4,2,41,1950,2,5
"2025000027539",2,9,19,1,0,0,1,2,33,1498,1,2
"2025000027540",1,9,19,1,0,0,1,1,55,999,8,1
"2025000027541",2,19,19,0,0,0,4,1,32,2198,2,6
"2025000027541",1,9,19,0,0,0,3,3,30,1781,1,19
"2025000027542",1,9,19,0,2,0,4,1,30,2497,2,3
"2025000027543",1,19,5,8,0,0,1,1,21,2402,2,15
"2025000027543",2,19,4,1,0,0,1,1,27,1968,2,4
"2025000027544",1,3,14,0,0,0,1,1,31,125,1,1
"2025000027544",2,9,6,0,0,0,1,1,64,1799,1,11
"2025000027545",1,4,19,3,0,0,1,1,19,-1,-1,-1
"2025000027546",1,9,19,0,0,0,1,2,37,1968,2,13
"2025000027547",1,9,19,0,0,0,1,3,-1,-1,-1,-1
"2025000027548",2,1,19,2,0,0,1,2,27,-1,-1,-1
"2025000027548",1,9,7,5,0,0,4,1,41,-1,-1,-1
"2025000027549",1,8,19,0,0,0,1,1,39,1598,2,7
"2025000027550",1,1,99,9,9,99,1,3,-1,-1,-1,-1
"2025000027551",1,3,19,0,9,0,2,1,25,125,1,1
"2025000027551",2,9,99,0,0,0,9,1,27,1461,2,7
"2025000027552",1,9,19,0,0,0,1,1,32,1124,1,15
"2025000027552",2,9,19,0,0,0,2,1,73,999,1,6
"2025000027553",1,9,19,8,0,0,1,1,63,1329,1,8
"2025000027554",1,19,19,8,0,0,1,1,40,1560,2,4
"2025000027554",2,19,19,8,5,0,4,1,33,1598,2,8
"2025000027555",1,17,19,0,5,0,1,1,16,-1,2,11
"2025000027556",1,9,9,3,0,0,1,1,50,1598,1,15
"2025000027557",1,3,19,0,1,0,0,1,25,124,1,2
"2025000027558",1,9,99,9,9,99,1,1,57,999,1,1
"2025000027559",2,9,19,8,0,0,3,1,28,-1,3,0
"2025000027559",1,19,19,3,0,0,4,1,24,-1,3,1
"2025000027560",2,9,2,0,0,0,4,2,41,1950,2,1
"2025000027560",1,9,19,0,1,4,1,1,17,-1,-1,-1
"2025000027561",1,9,5,0,0,0,1,1,76,-1,-1,-1
"2025000027562",2,99,5,6,0,0,1,3,-1,-1,-1,-1
"2025000027562",1,9,19,1,0,0,3,1,25,1498,1,17
"2025000027563",1,9,19,8,9,99,1,3,-1,-1,-1,-1
"2025000027564",1,9,19,1,0,0,1,3,-1,-1,-1,-1
"2025000027564",2,9,3,1,0,0,2,2,35,1461,2,6
"2025000027565",2,1,19,8,0,0,1,1,33,-1,-1,-1
"2025000027565",1,9,19,8,0,0,1,1,46,2967,2,8
"2025000027566",2,9,19,0,0,0,1,1,46,2231,2,7
"2025000027566",3,9,19,0,0,0,2,1,47,1248,1,7
"2025000027566",5,9,19,0,0,0,2,2,55,999,1,0
"2025000027566",4,9,19,0,0,0,0,2,20,1198,1,8
"2025000027566",1,5,19,0,1,0,4,1,20,649,1,6
"2025000027567",1,9,19,0,0,0,1,1,90,1596,1,9
"2025000027567",3,9,19,0,0,0,1,2,63,1200,1,6
"2025000027567",4,9,19,0,0,0,1,1,34,998,1,3
"2025000027567",2,9,3,0,0,0,2,1,53,1969,2,2
"2025000027568",1,3,99,9,9,99,2,2,34,108,1,5