"collision_index","vehicle_reference","vehicle_type","vehicle_manoeuvre","junction_location","skidding_and_overturning","hit_object_in_carriageway","first_point_of_impact","sex_of_driver","age_of_driver","engine_capacity_cc","propulsion_code","age_of_vehicle"
"2025000028239",1,9,19,0,0,0,1,1,66,1580,8,1
"2025000028240",2,19,3,8,0,0,0,1,31,1968,2,4
"2025000028240",1,9,19,8,0,4,0,1,54,1333,1,2
"2025000028241",1,21,9,8,0,0,1,1,57,12742,2,3
"2025000028241",2,9,19,1,0,0,3,2,21,1598,1,9
"2025000028242",2,1,19,1,0,0,3,1,28,-1,-1,-1
"2025000028242",1,9,9,2,0,0,4,1,35,1598,1,12
"2025000028243",1,9,19,0,1,0,4,1,28,1995,2,10
"2025000028243",2,9,19,0,1,0,3,1,27,988,1,5
"2025000028244",1,9,19,1,5,0,1,1,29,1995,1,15
"2025000028245",1,9,5,8,0,0,0,1,51,1910,2,16
"2025000028246",1,11,19,1,0,0,0,2,23,5132,2,8
"2025000028247",1,19,4,0,0,0,2,1,41,2198,2,8
"2025000028247",2,9,19,0,0,0,1,1,34,1390,1,10
"2025000028248",2,3,19,8,0,0,4,1,26,125,1,4
"2025000028248",1,9,9,6,0,0,1,1,59,-1,3,3
"2025000028249",2,9,19,3,0,0,4,1,51,1968,2,13
"2025000028249",1,9,19,4,0,0,1,2,52,1248,1,5
"2025000028250",1,19,99,9,9,99,9,3,-1,-1,-1,-1
"2025000028251",2,11,19,2,0,0,1,1,50,9000,2,12
"2025000028251",1,9,13,1,0,0,2,1,-1,1399,1,3
"2025000028252",1,9,19,0,1,0,4,2,52,1364,1,12
"2025000028253",1,1,19,0,0,0,1,2,15,-1,-1,-1
"2025000028254",3,9,2,2,0,0,2,3,-1,2000,2,14
"2025000028254",2,11,19,8,0,0,1,1,57,6700,2,12
"2025000028254",1,9,19,8,0,0,3,1,24,1984,1,15
"2025000028255",1,9,19,0,0,0,3,1,56,1395,1,4
"2025000028255",3,9,2,0,0,0,3,3,-1,1596,1,15
"2025000028255",2,9,19,0,0,0,2,2,54,1968,2,11
"2025000028256",1,9,3,6,0,0,1,1,36,1798,8,7
"2025000028256",2,3,13,5,0,0,1,1,45,125,1,7
"2025000028257",1,9,19,1,0,0,1,1,75,1399,2,19
"2025000028257",2,9,19,1,0,0,3,2,47,1591,1,3
"2025000028257",3,9,2,1,0,4,2,3,-1,1200,1,6
"2025000028258",1,1,99,9,9,99,1,2,39,-1,-1,-1
"2025000028258",2,1,99,9,9,99,1,3,-1,-1,-1,-1
"2025000028259",3,5,19,1,0,0,1,1,28,696,1,10
"2025000028259",1,9,9,2,0,0,0,1,31,1781,1,17
"2025000028259",2,9,9,8,0,0,3,2,21,1598,2,1
"2025000028260",1,19,19,0,0,0,1,3,-1,1995,2,5
"2025000028260",2,9,19,0,0,0,2,1,39,2143,2,7
"2025000028261",2,9,19,0,0,0,4,1,34,1968,2,11
"2025000028261",1,1,5,0,0,0,1,1,15,-1,-1,-1
"2025000028262",2,5,19,1,5,0,4,1,31,599,1,13
"2025000028262",1,9,9,2,0,0,1,1,30,1390,1,15
"2025000028263",1,9,5,6,0,0,3,1,76,1895,1,25
"2025000028263",2,9,19,8,1,0,1,1,73,998,1,20
"2025000028264",2,9,2,0,0,0,1,3,-1,-1,-1,-1
"2025000028264",1,9,19,0,0,4,1,1,71,1598,8,1
"2025000028265",1,9,19,0,0,0,1,2,50,999,1,1
"2025000028266",1,9,19,0,0,0,3,2,62,1984,1,6
"2025000028267",1,5,19,8,0,0,4,1,36,599,1,13
"2025000028267",2,9,9,6,0,0,3,1,53,1998,8,8
"2025000028268",3,8,19,0,0,0,2,1,45,1798,8,6
"2025000028268",1,19,11,0,0,0,4,1,25,2287,2,1
"2025000028268",2,3,19,0,0,0,3,1,29,125,1,5
"2025000028269",1,9,5,0,0,0,1,2,-1,1598,1,10
"2025000028270",3,9,19,8,0,0,2,1,42,1498,1,15
"2025000028270",1,9,19,8,0,0,1,1,34,1242,1,14
"2025000028270",2,9,19,8,0,0,2,1,51,1896,2,12
"2025000028271",1,21,19,1,0,0,1,1,18,7698,2,5
"2025000028271",2,9,4,1,0,0,0,2,-1,1997,1,9
"2025000028271",4,9,4,1,0,0,0,1,73,3456,8,10
"2025000028271",3,9,4,1,0,0,0,2,-1,2993,2,5
"2025000028271",5,9,4,1,0,0,0,2,51,1968,2,7
"2025000028272",2,9,99,9,9,99,1,1,37,1998,8,4
"2025000028272",1,1,99,9,9,99,9,2,33,-1,-1,-1
"2025000028273",1,19,19,0,0,0,3,1,61,1248,2,7
"2025000028273",2,21,19,0,0,0,1,1,37,16353,2,4
"2025000028274",1,9,-1,-1,-1,-1,-1,1,84,1399,1,15
"2025000028274",2,9,-1,-1,-1,-1,-1,2,61,2993,2,4
"2025000028275",1,9,19,8,0,0,1,1,34,-1,-1,-1
"2025000028275",2,4,19,8,0,0,1,1,53,1170,1,6
"2025000028276",2,11,19,8,0,0,1,1,41,3900,2,15
"2025000028276",1,9,19,8,0,0,2,1,21,1598,2,9
"2025000028277",1,9,19,1,0,0,1,1,73,-1,-1,-1
"2025000028277",2,9,19,1,0,0,1,2,51,-1,-1,-1
"2025000028278",1,9,19,0,1,10,1,1,19,1229,1,13
"2025000028279",2,9,99,9,9,99,9,3,-1,2360,1,5
"2025000028279",3,19,99,9,9,99,9,3,-1,-1,-1,-1
"2025000028279",1,9,99,9,9,99,1,2,45,1362,1,10
"2025000028280",1,9,19,0,0,4,1,1,65,2497,2,7
"2025000028280",2,8,3,0,0,0,2,1,29,-1,3,3
"2025000028281",1,9,15,1,0,0,4,1,34,1499,1,3
"2025000028282",1,9,6,0,0,0,1,1,48,1995,2,17
"2025000028282",2,3,14,0,5,0,4,1,27,125,1,2
"2025000028283",2,9,19,1,0,0,1,1,24,1995,2,13
"2025000028283",1,10,9,5,0,0,1,1,57,1995,2,2
"2025000028284",1,11,19,0,0,0,0,1,39,9000,2,16
"2025000028285",1,9,19,1,0,0,1,1,24,1685,2,8
"2025000028285",2,9,3,2,0,0,1,1,21,998,1,8
"2025000028286",1,9,5,1,0,0,3,1,50,-1,-1,-1
"2025000028287",2,1,19,4,0,0,1,1,70,-1,-1,-1
"2025000028287",1,19,19,4,0,0,1,1,62,1560,2,8
"2025000028288",1,9,9,6,1,0,1,3,-1,998,1,4
"2025000028289",1,9,19,0,2,0,1,1,77,3485,1,86
"2025000028290",1,9,7,8,0,0,3,1,60,1560,2,12
"2025000028290",2,1,7,8,0,10,4,1,48,-1,-1,-1
"2025000028291",2,9,19,8,0,0,1,1,59,2143,2,6
"2025000028291",1,21,19,8,1,0,1,1,36,3920,2,16
"2025000028291",3,9,10,5,0,0,0,2,37,1799,1,14
"2025000028292",1,9,19,0,1,0,1,1,36,-1,-1,-1
"2025000028293",1,9,11,3,0,0,2,2,30,1998,1,13
"2025000028293",2,9,19,8,0,0,1,3,-1,-1,-1,-1
"2025000028294",1,9,19,0,0,0,1,1,20,1229,1,13
"2025000028295",3,9,19,0,0,0,1,1,30,1560,2,10
"2025000028295",2,9,19,0,5,0,3,1,40,2993,2,8
"2025000028295",1,9,19,0,0,0,1,1,23,1364,1,4
"2025000028296",2,1,-1,-1,-1,-1,-1,1,56,-1,-1,-1
"2025000028296",1,9,-1,-1,-1,-1,-1,1,82,1398,1,17
"2025000028297",2,9,5,0,0,4,1,3,-1,1596,1,16
"2025000028297",1,4,2,0,0,0,4,1,29,279,1,7
"2025000028298",2,4,3,1,0,0,2,1,19,321,1,3
"2025000028298",1,9,9,1,0,0,3,1,52,998,1,8
"2025000028299",2,1,4,1,0,0,1,1,25,-1,-1,-1
"2025000028299",1,1,19,2,0,0,1,1,23,-1,-1,-1
"2025000028300",1,9,19,2,0,0,4,1,28,-1,-1,-1
"2025000028301",2,9,6,1,0,0,3,1,36,1242,1,9
"2025000028301",1,9,19,1,1,0,1,1,21,1910,2,13
"2025000028302",1,9,-1,-1,-1,-1,-1,3,-1,1597,2,3
"2025000028302",2,1,19,1,0,0,3,1,27,-1,-1,-1
"2025000028303",1,9,9,1,0,0,1,3,-1,-1,-1,-1
"2025000028303",2,9,19,8,0,0,1,1,55,1798,1,12
"2025000028304",1,8,19,1,0,0,4,1,62,1461,2,8
"2025000028305",1,9,19,1,0,0,1,3,-1,1600,2,13
"2025000028305",2,9,4,1,0,0,2,1,29,-1,-1,-1
"2025000028306",2,9,19,8,0,0,3,1,29,1198,1,7
"2025000028306",1,19,19,8,0,0,1,1,40,2461,2,18
"2025000028307",2,1,12,1,0,0,3,1,13,-1,-1,-1
"2025000028307",1,9,9,1,0,0,4,1,33,2998,1,6
"2025000028308",5,19,19,0,0,0,2,1,53,4500,2,5
"2025000028308",4,9,3,0,0,0,2,1,51,1995,2,8
"2025000028308",3,9,3,0,0,0,2,2,45,1995,2,1
"2025000028308",2,9,3,0,0,0,2,1,52,2148,2,16
"2025000028308",1,19,19,0,0,0,1,1,56,-1,-1,-1
"2025000028309",1,9,19,5,0,0,1,1,65,-1,-1,-1
"2025000028310",1,11,9,8,0,0,0,1,34,4461,2,8
"2025000028311",1,9,19,0,1,0,3,1,21,1968,2,16
"2025000028311",2,9,19,0,0,0,3,2,33,1198,1,14
"2025000028312",1,9,3,0,0,0,2,1,44,1395,1,8
"2025000028312",2,8,19,0,0,0,1,1,42,2143,2,7
"2025000028313",1,9,19,0,1,0,1,1,37,998,1,14
"2025000028314",1,9,19,1,0,0,4,2,48,998,1,5
"2025000028315",2,9,19,0,1,0,1,1,34,1496,1,2
"2025000028315",1,9,19,0,0,0,1,1,48,1968,2,12
"2025000028316",1,1,99,9,9,99,9,1,26,-1,-1,-1
"2025000028316",2,9,99,9,9,99,9,3,-1,1596,1,8
"2025000028317",2,9,3,8,0,0,2,1,57,2993,2,14
"2025000028317",1,21,19,1,0,0,1,2,40,12902,2,2
"2025000028317",3,9,19,1,0,0,1,1,65,1386,1,16
"2025000028318",1,1,99,9,9,99,1,1,56,-1,-1,-1
"2025000028318",2,9,99,9,9,99,9,3,-1,-1,-1,-1
"2025000028319",2,1,9,4,0,0,1,1,65,-1,-1,-1
"2025000028319",1,9,7,4,0,0,1,2,77,1198,1,14
"2025000028320",1,9,19,1,0,0,1,1,24,1796,1,12
"2025000028320",2,19,9,8,0,0,4,1,49,2198,2,6
"2025000028321",1,9,4,4,0,0,1,2,78,998,1,8
"2025000028322",2,90,19,0,0,0,2,1,32,-1,-1,-1
"2025000028322",1,9,-1,0,-1,-1,-1,3,-1,1496,1,0
"2025000028323",1,9,19,0,0,0,4,3,-1,1490,8,0
"2025000028324",2,19,3,0,0,0,2,1,55,-1,-1,-1
"2025000028324",1,9,19,0,0,0,1,1,-1,1390,1,13
"2025000028325",1,9,7,0,2,0,4,1,63,1968,2,7
"2025000028326",1,9,19,8,0,0,1,2,30,1461,2,10
"2025000028326",2,9,10,5,0,0,2,2,48,1200,1,6
"2025000028327",2,9,19,8,0,0,1,2,20,1496,2,7
"2025000028327",1,90,19,8,0,0,3,2,27,2999,2,4
"2025000028328",1,9,19,8,0,0,1,3,-1,3199,1,20
"2025000028329",1,9,9,2,1,0,1,1,30,1368,1,11
"2025000028329",2,9,19,1,1,7,4,1,21,1968,2,4
"2025000028330",1,8,19,2,9,0,3,1,68,2499,2,11
"2025000028331",1,9,19,4,5,7,1,1,18,1332,1,2
"2025000028332",3,9,2,2,0,0,3,3,-1,2494,8,4
"2025000028332",2,9,3,2,0,0,2,1,24,1496,1,4
"2025000028332",1,9,19,2,0,0,1,1,26,1332,1,1
"2025000028333",1,9,9,5,2,0,1,2,22,1199,1,2
"2025000028334",1,4,19,1,0,0,3,1,28,125,1,1
"2025000028334",2,9,9,1,0,0,1,1,23,1339,1,19
"2025000028335",1,9,9,8,0,0,4,2,20,1198,1,14
"2025000028335",2,9,19,8,1,7,3,1,40,1968,2,12
"2025000028336",2,9,19,0,0,0,4,2,25,-1,-1,-1
"2025000028336",1,9,19,0,0,0,3,1,40,-1,-1,-1
"2025000028337",1,9,19,0,0,0,0,1,25,1248,2,9
"2025000028337",2,3,7,0,1,10,4,1,13,-1,-1,-1
"2025000028338",2,8,99,9,9,99,9,3,-1,-1,-1,-1
"2025000028338",1,1,99,9,9,99,1,2,39,-1,-1,-1
"2025000028339",1,9,19,0,2,0,1,1,50,1969,2,6
"2025000028340",2,19,9,6,0,0,3,1,42,1560,2,6
"2025000028340",1,9,19,8,0,0,1,1,54,1997,2,12
"2025000028341",2,5,19,1,0,0,3,1,30,996,1,23
"2025000028341",1,9,19,1,0,0,4,3,-1,1497,8,17
"2025000028342",2,1,9,1,0,0,2,2,24,-1,-1,-1
"2025000028342",1,11,19,8,0,0,1,1,28,-1,3,5
"2025000028343",1,9,19,1,1,0,1,1,57,1328,1,12
"2025000028344",2,9,5,4,0,0,1,1,71,1999,2,6
"2025000028344",1,1,19,4,0,0,4,1,23,-1,-1,-1
"2025000028345",3,9,4,0,0,0,2,2,23,1242,1,7
"2025000028345",4,9,19,0,0,0,1,1,42,995,1,13
"2025000028345",1,9,3,0,0,0,2,1,27,1198,1,15
"2025000028345",2,9,3,0,0,0,2,1,46,1364,1,7
"2025000028346",4,9,19,0,0,0,4,2,29,1229,1,14
"2025000028346",2,9,19,0,0,0,1,1,37,999,1,1
"2025000028346",1,9,19,0,1,0,1,2,32,1200,1,7
"2025000028346",3,9,19,0,0,0,1,1,35,1598,2,6
"2025000028347",1,9,19,3,0,0,3,2,77,-1,-1,-1
"2025000028348",2,9,3,1,0,0,2,1,43,1560,2,7
"2025000028348",1,9,4,1,0,0,1,2,21,1248,2,9
"2025000028349",1,9,13,0,0,0,4,1,45,1998,8,1
"2025000028349",2,1,19,0,5,0,3,1,55,-1,-1,-1
"2025000028350",2,9,4,0,0,0,2,2,22,1296,1,14
"2025000028350",1,19,4,0,0,0,1,1,51,1560,2,3
"2025000028351",1,9,7,2,0,0,1,1,86,1753,2,14
"2025000028351",2,1,19,4,0,0,1,1,49,-1,-1,-1
"2025000028352",1,1,19,1,0,0,1,1,57,-1,-1,-1
"2025000028353",1,9,19,8,0,0,1,1,51,1497,8,15
"2025000028353",2,9,19,8,0,0,2,1,49,999,1,0
"2025000028354",2,9,19,0,1,0,1,2,60,-1,-1,-1
"2025000028354",1,9,19,0,1,0,3,2,39,-1,-1,-1
"2025000028355",1,9,19,8,0,0,4,1,22,1395,1,4
"2025000028355",2,11,19,8,0,0,1,1,46,4500,2,3
"2025000028356",2,9,19,0,0,0,1,2,35,1499,1,8
"2025000028356",1,9,9,0,0,0,1,2,23,1395,1,4
"2025000028357",1,9,99,9,9,99,1,3,-1,-1,-1,-1
"2025000028358",2,9,19,0,0,0,1,2,31,1395,1,8
"2025000028358",1,9,19,0,0,0,1,2,54,-1,3,2
"2025000028359",1,9,19,8,0,0,1,1,35,999,1,2
"2025000028359",2,19,9,5,0,0,4,1,55,1870,2,18
"2025000028360",1,9,19,2,0,0,1,1,53,1242,1,9
"2025000028361",2,9,19,0,0,0,1,2,30,1998,2,0
"2025000028361",1,9,19,0,0,0,1,1,50,1998,1,3
"2025000028362",1,9,13,0,0,0,1,1,46,1200,1,2
"2025000028362",2,9,19,0,0,0,2,1,57,-1,-1,-1
"2025000028363",2,16,19,0,0,0,2,2,30,-1,-1,-1
"2025000028363",1,9,19,0,0,0,1,2,38,-1,-1,-1
"2025000028364",1,9,19,0,0,0,4,1,54,1461,2,10
"2025000028365",1,5,19,0,1,0,-1,1,47,644,1,18
"2025000028366",1,9,99,0,9,99,2,1,50,1950,2,6
"2025000028366",2,8,99,0,9,99,1,1,-1,1797,8,8
"2025000028367",1,9,12,6,0,0,2,1,60,1685,2,8
"2025000028367",2,5,19,2,0,0,1,1,39,847,1,10
"2025000028368",1,5,13,0,2,0,1,1,54,-1,-1,-1
"2025000028369",2,1,19,1,0,0,1,1,39,-1,-1,-1
"2025000028369",1,9,7,1,0,0,4,2,-1,-1,-1,-1
"2025000028370",2,9,19,0,1,0,4,1,63,1598,8,1
"2025000028370",1,21,12,0,0,0,1,1,46,-1,-1,-1
"2025000028371",2,9,19,2,0,0,2,1,24,1798,8,0
"2025000028371",1,9,19,2,0,0,1,1,21,1400,1,18
"2025000028372",1,9,19,0,1,0,1,1,31,1332,1,5
"2025000028373",1,9,19,0,0,0,1,2,39,2967,2,0
"2025000028374",1,98,19,0,0,0,1,3,-1,-1,-1,-1
"2025000028375",1,9,19,0,0,0,1,1,54,1560,2,12
"2025000028376",2,9,19,1,0,0,1,2,23,1400,1,16
"2025000028376",1,5,4,1,0,0,1,1,49,660,1,1
"2025000028377",1,9,9,8,0,0,3,2,54,998,1,10
"2025000028377",2,4,19,8,0,0,3,1,32,125,1,-1
"2025000028378",1,19,19,0,0,0,1,1,47,1598,2,7
"2025000028378",2,9,19,0,0,0,1,2,43,2967,2,11
"2025000028379",1,9,13,8,0,0,4,1,76,1200,1,2
"2025000028379",2,19,9,8,0,0,1,1,37,2143,2,9
"2025000028380",1,1,19,8,0,0,3,1,16,-1,-1,-1
"2025000028380",2,9,19,8,0,0,3,2,21,1998,1,16
"2025000028381",2,9,19,8,0,0,4,2,55,1598,1,12
"2025000028381",3,9,2,1,0,0,1,1,29,999,1,3
"2025000028381",1,19,19,6,0,0,1,1,55,2299,2,1
"2025000028382",3,19,4,0,0,0,1,1,71,1968,2,10
"2025000028382",4,9,4,0,0,0,0,3,-1,-1,-1,-1
"2025000028382",1,9,4,0,0,0,2,2,62,1997,1,4
"2025000028382",2,9,4,0,0,0,2,1,33,1198,1,12
"2025000028383",1,9,8,1,0,0,2,1,52,2979,1,8
"2025000028383",2,9,19,1,0,0,1,1,-1,1596,1,7
"2025000028384",1,3,99,9,9,99,9,2,-1,125,1,0
"2025000028385",2,9,2,1,0,0,2,-1,-1,2199,2,7
"2025000028385",1,9,2,1,0,0,1,1,50,1968,2,4
"2025000028386",1,9,19,0,0,0,1,1,34,-1,-1,-1
"2025000028386",2,9,4,0,0,0,2,2,29,1956,2,13
"2025000028386",3,9,3,0,0,0,2,1,36,-1,3,1
"2025000028387",1,9,19,6,0,0,3,3,30,-1,-1,-1
"2025000028388",1,9,5,1,0,0,1,1,72,1794,1,15
"2025000028389",2,9,19,1,0,0,1,2,55,1499,2,1
"2025000028389",1,3,-1,2,-1,-1,-1,3,-1,124,1,12
"2025000028390",1,9,13,0,1,0,1,1,49,3200,1,13
"2025000028390",2,9,19,0,1,0,1,2,50,1968,2,1
"2025000028391",1,11,9,6,0,0,1,1,65,4500,2,4
"2025000028391",2,9,19,8,0,0,2,1,53,1329,1,10
"2025000028392",1,9,5,0,0,0,2,1,86,999,1,1
"2025000028393",1,1,99,9,9,99,1,2,24,-1,-1,-1
"2025000028393",2,9,99,9,9,99,1,3,-1,-1,-1,-1
"2025000028394",1,4,4,0,0,0,4,1,62,1215,1,3
"2025000028395",1,11,15,2,0,0,1,2,54,12000,2,11
"2025000028396",2,19,4,1,0,0,1,2,-1,1598,2,11
"2025000028396",1,9,3,1,0,0,2,2,33,1242,1,14
"2025000028397",1,9,1,0,0,0,0,1,60,2993,2,15
"2025000028398",2,3,99,9,9,99,1,3,16,-1,-1,-1
"2025000028398",1,1,99,9,9,99,1,1,49,-1,-1,-1
"2025000028399",1,9,9,8,0,0,1,2,53,1598,2,9
"2025000028400",2,9,1,0,0,0,2,3,-1,1686,2,10
"2025000028400",1,9,3,0,0,0,1,1,33,1968,2,12
"2025000028401",1,9,19,0,0,0,3,3,-1,-1,-1,-1
"2025000028402",2,1,19,1,0,0,1,1,19,-1,-1,-1
"2025000028402",1,9,19,1,0,0,1,3,-1,1498,1,16
"2025000028403",1,9,19,1,0,0,1,1,24,1896,2,16
"2025000028403",2,19,3,1,0,0,2,1,32,1997,2,1
"2025000028403",3,21,3,1,0,0,2,1,59,12809,2,0
"2025000028404",1,9,19,0,0,0,4,2,65,998,1,8
"2025000028405",1,1,19,1,5,0,1,1,12,-1,-1,-1
"2025000028405",2,8,8,1,0,0,4,2,52,1598,2,5
"2025000028406",1,3,13,1,0,0,1,1,32,125,1,4
"2025000028406",2,9,9,1,0,0,1,1,46,1598,1,6
"2025000028407",1,9,19,1,0,0,2,2,20,1242,1,12
"2025000028407",2,5,19,1,1,0,1,1,49,948,1,7
"2025000028408",1,8,19,1,0,0,4,1,51,1598,2,12
"2025000028408",2,9,7,6,0,0,3,2,23,-1,-1,-1
"2025000028409",2,9,19,8,0,0,1,1,25,-1,-1,-1
"2025000028409",1,9,9,6,0,0,3,1,63,-1,-1,-1
"2025000028410",1,9,19,0,0,0,1,2,23,1686,2,8
"2025000028410",4,9,19,0,0,0,4,2,26,1197,1,11
"2025000028410",3,9,19,0,0,0,2,1,54,1398,1,3
"2025000028410",2,9,19,0,0,0,2,1,33,1395,1,8
"2025000028411",2,9,99,9,9,99,1,3,42,2360,8,3
"2025000028411",1,3,99,9,9,99,1,1,34,125,1,5
"2025000028412",1,17,19,1,0,0,3,1,28,7365,2,3
"2025000028412",2,19,19,3,0,0,1,1,54,2287,2,4
"2025000028413",1,9,3,0,0,0,1,1,24,1598,1,14
"2025000028413",2,9,19,0,0,0,2,1,27,1995,2,5
"2025000028414",1,11,4,1,0,0,1,1,30,7300,2,10
"2025000028414",2,9,7,1,0,0,2,2,47,1200,1,4
"2025000028415",2,9,99,9,9,99,9,3,-1,-1,-1,-1
"2025000028415",1,1,99,9,9,99,9,3,-1,-1,-1,-1
"2025000028416",1,10,19,0,0,0,3,1,55,-1,-1,-1
"2025000028417",1,9,19,0,1,0,1,1,39,1997,1,16
"2025000028418",1,4,19,4,1,0,4,1,20,124,1,0
"2025000028419",1,9,9,8,0,0,1,1,57,2179,2,9
"2025000028419",2,9,19,1,0,0,1,1,53,1798,8,4
"2025000028420",2,11,19,0,0,0,1,1,47,7300,2,15
"2025000028420",1,1,19,0,0,0,1,1,15,-1,-1,-1
"2025000028421",1,9,19,0,0,0,1,2,68,999,1,4
"2025000028421",2,90,2,0,0,0,2,3,-1,-1,-1,-1
"2025000028422",2,1,-1,0,0,0,0,3,46,-1,-1,-1
"2025000028422",1,9,7,0,0,0,3,3,61,1685,2,8
"2025000028423",2,9,5,1,0,0,1,1,26,998,1,14
"2025000028423",1,3,19,1,0,0,1,1,20,125,1,5
"2025000028424",1,9,13,0,0,7,3,2,52,1360,1,17
"2025000028424",2,21,19,0,0,0,1,1,62,10837,2,2
"2025000028425",1,9,19,0,0,0,1,1,33,1998,1,17
"2025000028425",2,9,4,0,0,0,2,2,22,998,1,3
"2025000028426",2,9,19,0,0,0,1,1,45,1794,1,18
"2025000028426",1,9,9,0,0,0,3,1,28,5204,1,5
"2025000028427",1,9,19,0,0,0,4,2,56,1248,1,6
"2025000028428",2,9,7,1,0,0,3,1,51,-1,-1,-1
"2025000028428",1,9,9,1,0,0,4,1,53,999,1,1
"2025000028429",1,9,2,0,0,0,0,3,45,-1,-1,-1
"2025000028430",1,9,19,0,0,0,4,2,19,1198,1,17
"2025000028431",2,21,19,0,0,0,3,1,47,12777,2,1
"2025000028431",1,9,19,0,0,0,3,1,37,1600,2,15
"2025000028432",1,9,19,4,0,0,1,1,31,998,1,4
"2025000028432",2,9,19,4,0,0,2,1,41,1910,2,15
"2025000028433",1,9,19,0,0,0,1,1,27,-1,-1,-1
"2025000028434",1,9,19,0,2,0,1,2,60,998,1,13
"2025000028435",2,5,19,1,0,0,1,1,53,1170,1,10
"2025000028435",1,9,5,8,0,0,1,1,22,1388,1,17
"2025000028436",1,98,19,1,0,0,1,3,-1,-1,-1,-1
"2025000028437",1,9,19,0,0,0,1,1,40,-1,3,6
"2025000028437",2,9,19,0,0,0,2,1,75,2143,2,9
"2025000028438",2,9,19,8,0,0,3,2,36,2179,2,10
"2025000028438",1,9,9,6,0,0,1,1,29,1461,2,10
"2025000028439",2,9,19,0,0,10,1,1,-1,1910,2,15
"2025000028439",1,9,19,0,0,0,1,1,56,-1,-1,-1
"2025000028440",1,9,4,8,0,0,2,1,22,1799,1,14
"2025000028440",2,9,19,8,0,0,1,2,28,1248,2,12
"2025000028441",2,9,11,8,0,0,2,1,35,1598,1,13
"2025000028441",1,11,19,1,0,0,1,1,26,5132,2,7
"2025000028442",2,9,19,8,0,0,3,2,21,1398,1,8
"2025000028442",1,9,7,3,0,0,1,1,52,1368,1,8
"2025000028443",1,9,19,0,0,0,2,1,28,1149,1,5
"2025000028443",2,19,19,0,1,0,1,1,64,1560,2,5
"2025000028444",2,9,19,1,0,0,1,2,37,1560,2,9
"2025000028444",1,9,9,8,0,0,4,2,56,999,1,3
"2025000028445",1,19,19,1,0,0,4,3,-1,-1,-1,-1
"2025000028446",1,11,-1,0,-1,-1,-1,3,-1,-1,-1,-1
"2025000028447",1,5,99,9,9,99,9,1,46,1745,1,1
"2025000028447",2,19,99,9,9,99,2,3,-1,1560,2,5
"2025000028448",2,9,99,9,9,99,9,3,-1,1497,8,14
"2025000028448",1,9,99,9,9,99,9,1,25,1390,1,14
"2025000028449",1,9,3,0,0,0,2,1,77,1968,2,14
"2025000028449",2,98,4,0,0,0,1,3,-1,-1,-1,-1
"2025000028450",1,9,19,0,0,0,1,1,21,1084,1,4
"2025000028450",2,8,2,0,0,0,2,1,37,1797,8,3
"2025000028451",1,9,11,8,0,0,1,1,43,2993,2,6
"2025000028451",2,3,13,8,0,0,2,1,53,124,1,12
"2025000028452",1,9,19,8,0,0,3,1,53,2143,2,2
"2025000028452",2,9,9,8,0,0,1,1,28,2143,2,6
"2025000028453",2,9,19,0,0,0,3,1,24,999,1,5
"2025000028453",1,1,19,0,0,0,1,1,56,-1,-1,-1
"2025000028454",3,9,19,8,0,0,1,1,27,1995,2,5
"2025000028454",1,9,9,6,0,0,4,2,33,1598,1,11
"2025000028454",2,9,19,8,1,0,1,2,39,1496,2,3
"2025000028455",1,9,5,0,0,0,1,2,53,-1,3,1
"2025000028456",1,9,9,2,0,0,1,2,63,1999,2,5
"2025000028457",1,19,19,0,0,0,1,1,22,1995,2,0
"2025000028457",3,9,19,0,0,0,2,2,22,1364,1,13
"2025000028457",2,9,19,0,0,0,2,1,68,1753,2,11
"2025000028458",1,9,19,2,0,0,0,1,20,-1,-1,-1
"2025000028459",2,11,19,0,0,0,4,1,61,7300,2,19
"2025000028459",1,17,9,0,0,0,1,1,33,6788,2,10
"2025000028460",1,9,19,0,0,0,1,1,58,2776,2,19
"2025000028461",1,3,99,9,9,99,1,1,37,125,1,6
"2025000028461",2,9,99,9,9,99,9,1,-1,1390,1,14
"2025000028462",1,9,19,1,0,0,1,2,33,999,1,2
"2025000028462",2,9,10,1,0,0,0,1,-1,-1,-1,-1
"2025000028463",3,21,4,0,0,0,2,1,56,-1,-1,-1
"2025000028463",2,9,4,0,0,0,2,2,34,998,1,7
"2025000028463",1,9,19,0,0,0,1,1,57,2987,2,13
"2025000028464",1,3,10,5,0,0,2,1,28,108,1,6
"2025000028465",2,9,19,0,0,0,1,2,54,1242,1,7
"2025000028465",1,9,19,0,0,0,1,2,24,998,1,10
"2025000028466",2,98,19,2,2,0,1,1,60,-1,-1,-1
"2025000028466",1,9,4,2,0,0,2,1,32,1499,2,1
"2025000028467",1,11,9,2,0,0,1,1,48,9000,2,15
"2025000028468",1,8,19,1,0,0,1,1,38,1798,8,7
"2025000028469",2,1,19,8,0,0,4,1,58,-1,-1,-1
"2025000028469",1,9,9,8,0,0,1,2,21,-1,-1,-1
"2025000028470",1,9,1,0,0,0,2,2,57,1477,1,1
"2025000028471",2,9,7,1,0,0,3,1,43,1798,8,2
"2025000028471",1,9,19,1,0,0,4,1,20,1395,1,8