"collision_index","vehicle_reference","vehicle_type","vehicle_manoeuvre","junction_location","skidding_and_overturning","hit_object_in_carriageway","first_point_of_impact","sex_of_driver","age_of_driver","engine_capacity_cc","propulsion_code","age_of_vehicle"
"2025000028472",3,19,4,8,0,0,2,1,29,1560,2,6
"2025000028472",4,9,19,8,0,0,1,1,52,1968,2,8
"2025000028472",2,19,4,8,0,0,2,1,26,1968,2,4
"2025000028472",1,9,4,8,0,0,2,1,17,1896,2,15
"2025000028473",2,9,19,8,0,9,4,2,48,1796,1,20
"2025000028473",1,9,19,4,0,0,3,1,22,1999,1,10
"2025000028474",1,9,19,0,5,0,4,2,18,-1,-1,-1
"2025000028475",2,9,15,0,0,0,1,1,30,1798,1,19
"2025000028475",1,11,4,0,0,0,4,1,53,4500,2,1
"2025000028476",1,9,19,0,1,0,1,2,18,1398,1,10
"2025000028477",3,9,3,0,0,0,2,2,30,1242,1,7
"2025000028477",2,9,3,0,0,0,2,2,46,1598,1,12
"2025000028477",1,9,19,0,0,0,1,1,50,1388,1,10
"2025000028478",1,5,99,9,9,99,1,1,54,1000,1,0
"2025000028479",1,9,19,3,0,0,1,2,32,1461,2,11
"2025000028479",2,9,19,4,0,0,1,1,58,1598,2,6
"2025000028480",2,17,-1,0,0,0,1,1,20,4400,2,7
"2025000028480",1,9,-1,0,0,0,1,1,34,1956,2,13
"2025000028481",1,9,19,0,0,0,4,1,-1,1685,2,10
"2025000028482",2,1,19,1,0,0,1,1,19,-1,-1,-1
"2025000028482",1,9,19,1,0,0,1,1,26,-1,-1,-1
"2025000028483",1,9,5,0,0,0,1,1,57,1798,8,7
"2025000028484",1,9,2,0,0,0,1,2,23,999,1,5
"2025000028484",2,9,19,0,0,0,2,2,54,998,1,3
"2025000028485",2,9,9,6,0,0,3,2,43,1498,8,3
"2025000028485",1,1,19,1,2,0,1,1,26,-1,-1,-1
"2025000028486",1,9,3,0,0,0,2,2,39,1560,2,12
"2025000028486",2,8,3,0,0,0,2,1,52,1997,2,9
"2025000028486",3,19,19,0,0,0,1,1,25,1995,2,2
"2025000028487",2,9,19,4,0,0,1,2,40,1339,1,12
"2025000028487",1,9,19,8,0,0,4,2,28,1461,2,7
"2025000028488",2,1,19,8,0,0,1,1,66,-1,-1,-1
"2025000028488",1,9,9,5,0,0,1,1,55,-1,-1,-1
"2025000028489",1,9,9,1,0,0,1,2,30,1399,1,16
"2025000028489",2,5,19,1,0,0,4,1,25,645,1,9
"2025000028490",2,9,99,9,9,99,9,3,-1,1596,1,5
"2025000028490",1,9,99,9,9,99,9,1,34,1595,1,2
"2025000028491",2,9,19,0,0,0,1,2,19,-1,-1,-1
"2025000028491",1,9,19,0,1,0,1,1,40,999,1,1
"2025000028492",2,3,15,1,5,7,0,1,41,125,1,1
"2025000028492",1,19,7,1,0,0,0,1,39,2143,2,10
"2025000028493",2,9,7,8,0,0,2,1,26,1596,1,18
"2025000028493",1,9,9,8,0,0,1,2,-1,1598,1,15
"2025000028494",1,9,9,5,0,0,1,3,-1,-1,-1,-1
"2025000028494",2,3,19,1,0,0,1,1,32,125,1,0
"2025000028495",1,9,19,6,0,0,1,1,35,1329,1,8
"2025000028496",2,19,2,0,0,0,4,3,-1,2143,2,6
"2025000028496",1,19,19,0,0,0,4,1,33,1248,2,6
"2025000028496",3,9,2,0,0,0,3,3,-1,1341,1,16
"2025000028497",2,19,4,0,0,0,2,1,30,1995,2,3
"2025000028497",1,9,4,0,0,0,1,2,21,1149,1,5
"2025000028498",2,9,99,0,9,99,1,1,-1,1998,8,4
"2025000028498",1,9,99,0,9,99,2,2,44,1997,1,1
"2025000028499",2,11,99,9,9,99,1,3,27,4500,2,8
"2025000028499",1,1,99,9,9,99,2,1,38,-1,-1,-1
"2025000028500",1,9,19,0,0,0,1,1,19,1390,1,12
"2025000028501",2,9,19,1,0,0,3,1,25,1499,1,8
"2025000028501",1,3,11,1,0,0,4,1,19,124,1,21
"2025000028502",3,98,9,6,0,0,0,3,-1,-1,-1,-1
"2025000028502",1,5,19,8,0,0,3,1,32,798,1,16
"2025000028502",2,19,9,5,0,0,1,1,45,2143,2,5
"2025000028503",3,9,4,2,0,0,2,2,21,998,1,14
"2025000028503",2,9,4,2,0,0,2,2,67,1373,1,4
"2025000028503",1,9,19,2,0,0,1,2,26,1968,2,13
"2025000028504",1,9,19,0,0,0,3,1,23,-1,3,2
"2025000028504",2,9,4,0,0,0,4,2,32,1998,1,0
"2025000028504",3,9,4,0,0,0,3,1,32,998,1,6
"2025000028505",4,9,4,0,0,0,4,1,53,-1,-1,-1
"2025000028505",1,9,19,0,0,0,1,1,20,1200,1,7
"2025000028505",2,9,4,0,5,0,2,1,43,-1,-1,-1
"2025000028505",3,9,4,0,0,0,2,1,31,1997,2,7
"2025000028506",2,9,19,0,0,0,2,1,36,1364,1,12
"2025000028506",1,9,19,0,0,0,1,1,55,2143,2,10
"2025000028507",1,9,19,0,2,0,1,1,17,1399,2,17
"2025000028508",1,9,1,8,0,0,2,2,50,1560,2,14
"2025000028508",2,9,19,6,0,0,1,3,-1,2993,2,5
"2025000028509",2,9,99,9,9,99,9,3,-1,1598,2,5
"2025000028509",1,3,99,9,9,99,9,2,34,124,1,3
"2025000028510",1,9,2,0,0,0,4,3,-1,1461,2,9
"2025000028511",2,9,19,0,1,0,2,1,52,4367,2,6
"2025000028511",1,9,19,0,1,0,1,1,42,1598,1,15
"2025000028512",1,9,19,0,0,0,4,1,28,5439,1,20
"2025000028513",3,19,19,8,0,0,3,1,54,2143,2,1
"2025000028513",2,9,9,6,0,0,1,2,23,1328,1,11
"2025000028513",1,9,13,8,0,0,3,1,48,-1,-1,-1
"2025000028514",2,9,10,1,0,0,2,2,43,1248,1,6
"2025000028514",1,9,19,1,0,0,1,1,64,1596,1,10
"2025000028515",1,11,19,2,0,0,1,1,57,8268,2,13
"2025000028516",2,20,19,0,0,0,1,1,59,4500,2,4
"2025000028516",1,9,19,0,0,0,1,1,23,1968,2,9
"2025000028517",1,9,19,0,0,0,4,2,46,2993,2,10
"2025000028518",1,21,19,1,0,0,1,1,66,6700,2,0
"2025000028518",2,9,4,1,0,0,2,1,58,1968,2,11
"2025000028518",3,19,9,5,0,0,2,1,32,1560,2,4
"2025000028519",1,19,19,0,0,0,1,1,32,-1,-1,-1
"2025000028520",1,98,19,2,0,0,1,1,58,-1,-1,-1
"2025000028521",1,1,12,0,0,0,3,2,60,-1,-1,-1
"2025000028521",2,9,13,0,0,0,4,1,70,1798,1,14
"2025000028522",1,9,9,1,0,0,0,1,64,1984,1,9
"2025000028522",2,4,19,1,0,0,3,1,57,-1,-1,-1
"2025000028523",2,1,15,2,0,8,1,1,41,-1,-1,-1
"2025000028523",1,9,3,2,0,0,4,2,32,1398,1,5
"2025000028524",1,11,19,8,0,0,0,1,44,5132,2,7
"2025000028524",2,9,19,8,0,0,0,3,-1,-1,-1,-1
"2025000028525",1,9,19,0,2,10,1,1,18,1400,2,23
"2025000028526",2,9,19,8,0,0,4,2,39,1956,2,8
"2025000028526",1,9,5,6,0,0,1,2,26,-1,-1,-1
"2025000028527",1,1,19,0,0,0,1,1,35,-1,-1,-1
"2025000028528",1,9,3,1,0,0,2,2,35,998,1,7
"2025000028528",2,19,19,1,0,0,1,1,-1,2143,2,2
"2025000028529",1,21,19,0,0,0,1,1,59,12902,2,6
"2025000028529",2,9,2,0,0,0,2,1,-1,1596,1,13
"2025000028530",1,9,6,0,0,0,4,1,65,-1,3,2
"2025000028530",2,19,19,0,0,0,1,1,23,-1,-1,-1
"2025000028531",1,9,13,0,5,0,1,1,57,-1,-1,-1
"2025000028531",3,9,19,0,0,0,1,2,57,1498,8,0
"2025000028531",2,9,19,0,0,0,1,1,38,2995,1,6
"2025000028532",2,9,5,4,0,0,1,1,21,1364,1,14
"2025000028532",1,19,5,4,0,0,3,1,49,2143,2,3
"2025000028533",2,9,3,1,0,0,1,2,25,998,1,4
"2025000028533",1,1,5,1,0,0,1,2,20,-1,-1,-1
"2025000028534",2,9,9,6,0,0,1,1,-1,2494,2,13
"2025000028534",1,9,3,8,0,0,4,1,52,1798,8,6
"2025000028535",2,9,19,3,0,0,4,2,43,1968,2,9
"2025000028535",1,9,9,8,0,0,4,1,52,-1,-1,-1
"2025000028536",1,9,14,0,0,0,1,2,94,998,1,8
"2025000028536",2,9,2,0,0,0,2,3,-1,2993,2,5
"2025000028537",1,11,19,1,0,0,1,1,49,4500,2,7
"2025000028537",2,9,19,1,1,0,1,1,34,2979,1,4
"2025000028538",1,9,7,2,0,0,4,1,41,1995,2,15
"2025000028538",2,1,7,2,0,0,3,1,38,-1,-1,-1
"2025000028539",1,9,19,0,5,0,1,2,28,1598,1,18
"2025000028540",1,9,19,0,0,0,1,2,21,1248,2,14
"2025000028541",1,9,19,1,0,0,1,2,80,1896,2,13
"2025000028542",2,9,4,0,0,0,1,2,69,1198,1,11
"2025000028542",3,9,13,0,0,0,0,1,41,1499,1,3
"2025000028542",1,9,4,0,0,0,2,1,46,2982,2,8
"2025000028543",1,20,19,1,0,0,1,2,19,2143,2,0
"2025000028543",3,9,19,1,0,0,1,1,48,1200,1,6
"2025000028543",2,9,4,1,0,0,2,1,33,1968,2,8
"2025000028544",1,9,19,0,0,0,1,2,70,1998,1,4
"2025000028545",1,9,19,2,0,0,4,2,36,-1,-1,-1
"2025000028546",1,9,19,0,0,0,1,1,19,1197,1,9
"2025000028547",1,1,15,0,0,0,1,1,-1,-1,-1,-1
"2025000028547",3,9,19,0,0,0,4,1,69,1422,2,7
"2025000028547",2,11,11,0,0,0,3,3,-1,9360,2,10
"2025000028548",2,3,19,8,0,0,1,2,46,125,1,1
"2025000028548",1,9,5,8,0,0,1,2,40,1896,2,20
"2025000028549",2,9,19,4,0,0,1,3,-1,1461,2,9
"2025000028549",1,1,19,8,0,0,2,1,41,-1,-1,-1
"2025000028550",2,11,19,0,0,0,1,1,36,10837,2,7
"2025000028550",1,1,19,0,0,10,0,1,14,-1,-1,-1
"2025000028551",2,9,9,1,0,0,4,1,52,999,1,4
"2025000028551",1,23,19,1,0,0,1,1,32,-1,-1,-1
"2025000028552",1,19,99,9,9,99,4,1,30,998,1,4
"2025000028552",2,9,99,9,9,99,1,3,-1,1200,1,5
"2025000028553",2,9,3,1,0,0,2,2,39,1968,2,12
"2025000028553",1,19,19,1,0,0,1,1,39,2299,2,1
"2025000028554",1,9,7,8,0,0,1,2,51,1998,1,1
"2025000028555",2,21,19,0,0,0,1,1,36,12809,2,5
"2025000028555",1,1,19,0,1,0,2,1,30,-1,-1,-1
"2025000028556",1,9,19,0,0,0,1,1,47,1598,2,12
"2025000028557",1,9,19,8,5,10,1,2,26,1299,1,17
"2025000028558",1,9,19,0,0,0,1,1,-1,1390,1,14
"2025000028559",2,9,9,8,0,0,0,1,57,1388,1,18
"2025000028559",1,5,13,8,0,0,1,1,26,1137,1,19
"2025000028560",1,9,99,9,9,99,9,1,50,-1,3,0
"2025000028561",1,9,13,0,1,0,3,1,38,-1,-1,-1
"2025000028562",1,9,1,1,0,0,2,1,29,1998,8,4
"2025000028563",1,5,9,0,1,0,4,1,52,1868,1,5
"2025000028564",2,9,19,0,0,0,1,1,66,1560,2,6
"2025000028564",1,9,19,0,0,0,1,2,62,1388,1,12
"2025000028565",1,9,19,0,0,0,1,1,50,1360,1,16
"2025000028566",1,9,19,8,5,7,1,1,18,1794,1,19
"2025000028567",1,9,19,0,0,0,4,1,58,-1,-1,-1
"2025000028568",2,9,7,1,0,0,2,1,61,-1,3,1
"2025000028568",1,8,7,1,0,0,1,1,28,1598,2,5
"2025000028569",1,9,19,0,0,0,1,1,49,-1,-1,-1
"2025000028570",2,9,4,4,0,0,2,2,24,1995,2,2
"2025000028570",1,9,4,4,0,99,0,1,67,1995,2,5
"2025000028571",2,9,19,0,1,0,3,2,32,1149,1,8
"2025000028571",1,19,19,0,2,0,3,1,25,1968,2,2
"2025000028572",1,9,19,1,0,0,3,1,83,1461,2,7
"2025000028572",2,9,3,1,0,0,4,2,38,2967,2,13
"2025000028573",2,19,99,9,9,99,9,3,-1,1995,2,5
"2025000028573",1,9,99,9,9,99,9,2,45,1242,1,8
"2025000028574",2,9,2,2,0,0,2,2,63,1596,1,9
"2025000028574",3,9,2,2,0,0,2,3,-1,-1,-1,-1
"2025000028574",1,9,19,2,1,4,1,1,26,1968,2,16
"2025000028574",4,9,2,2,0,0,2,3,-1,1199,1,4
"2025000028575",2,9,19,0,0,0,1,1,22,-1,-1,-1
"2025000028575",1,9,7,0,0,0,1,1,37,1870,2,15
"2025000028576",1,9,19,0,0,0,1,3,-1,-1,-1,-1
"2025000028577",1,9,9,6,0,0,3,1,53,1560,2,13
"2025000028577",2,1,19,8,2,0,1,2,49,-1,-1,-1
"2025000028578",1,11,5,0,0,0,0,1,59,6700,2,14
"2025000028579",1,5,4,2,1,0,1,1,23,649,1,16
"2025000028580",1,9,19,0,1,0,0,1,36,-1,-1,-1
"2025000028581",1,9,1,8,0,0,2,3,-1,1242,1,14
"2025000028582",1,1,19,0,0,0,0,1,61,-1,-1,-1
"2025000028583",2,1,19,1,0,0,1,1,40,-1,-1,-1
"2025000028583",1,9,7,1,0,0,3,2,21,998,1,2
"2025000028584",2,5,13,1,0,0,1,1,-1,745,1,16
"2025000028584",1,19,9,5,0,0,3,1,63,6871,2,2
"2025000028585",1,9,19,2,0,0,1,2,54,1332,1,16
"2025000028586",1,9,5,8,0,0,1,1,34,-1,-1,-1
"2025000028587",1,9,19,4,0,7,1,2,38,1199,1,4
"2025000028588",1,9,19,0,2,10,4,2,19,1390,1,19
"2025000028589",1,9,19,0,0,0,1,3,-1,-1,-1,-1
"2025000028589",2,9,8,0,0,0,2,2,60,1496,1,5
"2025000028590",1,9,19,0,5,0,3,1,47,-1,-1,-1
"2025000028591",1,5,19,0,0,0,1,1,53,1157,1,23
"2025000028591",2,9,7,0,0,0,1,1,45,998,1,8
"2025000028592",2,19,2,2,0,0,3,3,52,-1,3,1
"2025000028592",1,3,14,2,0,0,1,1,17,125,1,1
"2025000028593",2,9,19,1,2,0,2,2,46,1598,1,3
"2025000028593",1,9,11,1,2,0,4,1,37,1598,1,7
"2025000028594",1,3,19,0,0,0,1,1,27,125,1,3
"2025000028594",2,9,4,0,0,0,4,1,-1,-1,-1,-1
"2025000028595",2,9,2,2,0,0,2,3,-1,2996,1,3
"2025000028595",1,9,19,2,0,0,1,2,38,1461,2,5
"2025000028596",1,9,19,0,0,11,1,1,47,1797,8,13
"2025000028597",2,9,19,1,0,0,4,2,24,1498,2,4
"2025000028597",1,9,19,1,0,0,1,2,60,1498,1,0
"2025000028598",1,1,99,9,9,99,9,1,31,-1,-1,-1
"2025000028598",2,8,99,9,9,99,1,3,-1,1991,8,3
"2025000028599",1,9,11,1,0,0,4,2,33,1999,2,2
"2025000028599",2,11,19,1,0,0,1,1,49,6700,2,4
"2025000028600",1,9,5,6,0,0,1,1,32,1968,2,13
"2025000028601",1,9,7,1,0,0,1,2,20,1997,1,11
"2025000028602",3,9,19,0,0,0,1,2,40,1364,1,13
"2025000028602",2,21,19,0,0,0,1,1,45,5193,2,4
"2025000028602",1,9,19,0,0,11,1,1,20,999,1,2
"2025000028603",1,9,1,5,0,0,2,3,-1,-1,-1,-1
"2025000028604",2,8,19,0,0,0,3,2,56,1498,1,0
"2025000028604",3,9,19,0,0,0,2,2,56,1998,2,7
"2025000028604",1,8,19,0,0,0,1,1,59,1997,2,12
"2025000028605",2,9,5,0,0,4,1,1,-1,1598,2,13
"2025000028605",1,9,4,0,0,0,2,2,49,1997,2,13
"2025000028606",1,19,1,0,0,0,2,1,52,1997,2,1
"2025000028607",1,9,7,-1,0,0,4,2,61,1242,1,4
"2025000028607",2,1,19,-1,0,0,3,1,23,-1,-1,-1
"2025000028608",1,9,19,1,0,0,1,2,42,1968,2,3
"2025000028608",2,9,9,2,0,0,4,2,44,1318,1,5
"2025000028609",1,9,5,1,0,0,1,3,-1,1398,1,6
"2025000028609",2,10,3,1,0,0,2,2,29,-1,-1,-1
"2025000028610",1,2,4,0,2,0,3,1,16,49,2,2
"2025000028611",1,21,19,2,1,0,1,1,61,-1,-1,-1
"2025000028612",1,11,19,0,5,0,4,1,19,9000,2,6
"2025000028613",2,9,19,1,0,0,4,1,79,1200,1,6
"2025000028613",1,19,5,1,0,0,1,1,57,1560,2,7
"2025000028614",1,9,9,5,0,0,3,1,32,1998,1,4
"2025000028614",2,3,19,8,0,0,1,1,26,125,1,4
"2025000028615",1,9,19,0,0,0,3,2,62,1499,1,0
"2025000028615",2,9,19,0,0,0,4,1,65,1968,2,2
"2025000028616",2,9,99,9,9,99,9,3,-1,1200,1,0
"2025000028616",1,3,99,9,9,99,1,1,34,125,1,1
"2025000028617",1,9,19,8,0,0,1,1,46,-1,3,0
"2025000028618",4,9,4,0,0,0,2,1,26,1997,2,10
"2025000028618",2,9,4,0,0,0,2,1,41,-1,-1,-1
"2025000028618",3,9,19,0,0,0,1,1,30,-1,-1,-1
"2025000028618",1,19,19,0,0,0,1,1,23,1560,2,13
"2025000028619",1,9,19,0,1,0,1,1,22,1986,2,18
"2025000028620",1,1,99,9,9,99,1,2,22,-1,-1,-1
"2025000028620",2,19,2,9,9,99,9,3,-1,-1,-1,-1
"2025000028621",2,21,3,0,0,0,2,1,68,12902,2,3
"2025000028621",1,19,19,0,0,0,1,1,55,1499,2,3
"2025000028622",1,9,19,0,0,0,1,2,49,1242,1,14
"2025000028623",2,98,19,0,0,0,3,2,36,10837,2,5
"2025000028623",1,98,19,0,0,0,3,1,57,-1,-1,-1
"2025000028624",1,9,19,1,0,0,1,1,35,-1,3,5
"2025000028625",1,9,9,6,0,0,3,2,42,-1,-1,-1
"2025000028625",2,9,14,8,0,0,1,1,34,1198,1,16
"2025000028626",1,9,19,0,0,0,1,2,23,1200,1,10
"2025000028626",2,9,19,0,0,0,2,1,55,1896,2,17
"2025000028627",2,3,19,1,5,0,3,1,17,125,1,3
"2025000028627",1,9,9,8,0,0,3,1,22,1197,1,12
"2025000028628",1,9,19,1,0,2,1,1,34,1950,2,4
"2025000028629",1,9,19,1,0,0,1,1,34,2000,2,13
"2025000028630",2,17,19,0,0,0,1,1,16,-1,2,10
"2025000028630",1,9,19,0,0,0,3,2,32,1968,2,9
"2025000028631",2,9,9,1,1,0,1,2,41,1598,1,13
"2025000028631",1,9,19,2,0,0,1,1,38,1998,1,5
"2025000028632",1,9,19,0,0,0,1,1,24,-1,-1,-1
"2025000028632",2,1,19,0,0,0,1,1,22,-1,-1,-1
"2025000028633",2,9,19,0,0,0,1,1,17,1242,1,6
"2025000028633",3,9,19,0,0,0,0,2,57,1999,2,3
"2025000028633",1,9,13,0,0,7,1,2,32,1997,2,4
"2025000028634",1,3,7,8,2,0,4,1,18,102,1,15
"2025000028635",1,9,19,0,0,0,3,2,36,1968,2,5
"2025000028635",2,98,11,0,0,0,4,3,-1,-1,-1,-1
"2025000028636",1,20,5,0,0,0,4,1,32,2298,2,1
"2025000028637",1,9,99,0,9,99,2,2,21,1461,2,8
"2025000028637",2,21,99,0,9,99,1,1,39,12777,2,5
"2025000028638",1,9,9,1,0,0,3,1,31,-1,-1,-1
"2025000028638",2,1,19,1,0,0,1,2,44,-1,-1,-1
"2025000028639",1,19,7,6,0,0,3,1,48,2299,2,6
"2025000028640",1,-1,19,1,0,0,3,1,13,-1,-1,-1
"2025000028640",2,9,19,1,0,0,3,2,31,1422,2,7
"2025000028641",1,3,99,9,9,99,9,1,27,125,1,5
"2025000028641",2,9,99,9,9,99,9,3,-1,1332,1,3
"2025000028642",1,9,19,0,0,0,1,2,56,996,1,8
"2025000028642",2,9,19,0,0,0,2,2,57,1360,1,16
"2025000028643",2,1,19,2,0,11,1,1,25,-1,-1,-1
"2025000028643",1,9,4,2,0,0,2,1,28,1998,8,4
"2025000028644",1,90,19,0,2,0,3,1,23,7200,2,12
"2025000028645",1,9,19,0,0,0,1,3,-1,-1,-1,-1
"2025000028645",2,9,9,0,1,10,4,2,23,1596,1,8
"2025000028646",1,9,19,1,1,0,1,1,40,1968,2,6
"2025000028646",2,98,9,1,1,0,2,1,56,-1,-1,-1
"2025000028647",1,9,19,0,5,0,1,2,50,1796,1,17
"2025000028648",1,9,19,0,0,0,3,2,36,1753,2,19
"2025000028649",1,9,99,9,9,99,2,2,54,1329,1,12
"2025000028649",2,9,99,9,9,99,1,3,-1,-1,-1,-1
"2025000028650",2,9,19,8,0,0,3,1,42,1968,2,8
"2025000028650",1,9,9,5,0,0,3,1,28,875,1,5
"2025000028651",2,9,9,6,0,0,3,2,18,999,1,3
"2025000028651",1,9,19,8,0,0,3,1,29,1984,1,4
"2025000028652",1,9,19,0,1,0,1,1,73,1997,2,15
"2025000028652",2,9,19,0,5,0,2,1,55,1131,1,74
"2025000028653",2,21,19,0,0,0,3,1,60,8710,2,4
"2025000028653",3,9,19,0,0,0,1,1,62,2000,2,12
"2025000028653",1,9,19,0,0,0,1,1,46,1598,1,13
"2025000028654",1,9,19,0,0,0,4,1,22,1995,2,16
"2025000028655",1,9,4,8,0,0,1,1,18,1390,1,18
"2025000028655",2,9,5,8,0,0,2,1,56,1560,2,11
"2025000028656",2,1,19,0,0,0,4,2,63,-1,-1,-1
"2025000028656",1,9,1,0,0,0,2,1,70,2204,2,12
"2025000028657",1,9,19,0,0,0,1,1,41,1339,8,13
"2025000028658",4,9,19,0,0,0,1,2,39,1124,1,15
"2025000028658",2,9,19,0,0,0,3,1,47,-1,-1,-1
"2025000028658",1,9,19,0,0,0,1,1,69,1598,2,7
"2025000028658",3,21,19,0,0,0,2,1,50,-1,-1,-1
"2025000028659",2,9,19,0,0,0,1,1,44,1461,2,9
"2025000028659",1,3,19,0,0,0,4,1,30,124,1,2
"2025000028660",2,1,19,8,0,0,1,1,-1,-1,-1,-1
"2025000028660",1,9,9,8,0,0,4,2,41,1560,2,9
"2025000028661",1,9,19,0,2,0,3,1,24,1368,1,16
"2025000028662",3,9,2,1,0,0,2,3,-1,1969,12,1
"2025000028662",2,9,19,1,0,0,3,1,30,1968,2,11
"2025000028662",4,9,2,1,0,0,1,3,-1,1995,2,6
"2025000028662",1,9,10,1,0,0,1,1,34,1598,1,13
"2025000028663",2,9,19,0,0,0,1,2,41,-1,-1,-1
"2025000028663",1,9,19,0,0,0,1,1,22,1197,1,13
"2025000028664",1,9,9,1,0,0,1,1,-1,1398,1,7
"2025000028665",1,9,19,0,1,0,1,1,40,-1,-1,-1
"2025000028666",1,9,19,0,0,0,1,1,78,1199,1,3
"2025000028666",2,9,10,0,0,0,2,2,34,1598,1,9
"2025000028667",2,9,19,1,0,0,1,1,33,2143,2,6
"2025000028667",1,19,8,5,0,0,2,1,43,2143,2,4
"2025000028668",1,3,99,9,9,99,2,1,25,125,1,3
"2025000028668",2,9,99,9,9,99,1,3,67,3199,1,25
"2025000028669",1,11,19,0,0,11,1,1,58,6700,2,9
"2025000028670",2,9,8,2,0,0,0,1,53,1798,8,7
"2025000028670",1,3,19,1,1,0,0,1,25,108,1,8
"2025000028671",1,9,19,4,0,9,1,1,55,1242,1,20
"2025000028671",2,9,19,4,0,0,4,2,56,1199,1,3
"2025000028672",1,1,19,7,0,0,1,1,30,-1,-1,-1
"2025000028672",2,3,19,1,0,0,1,1,30,124,1,7
"2025000028673",1,9,19,1,0,0,4,2,24,998,1,9
"2025000028674",1,9,19,0,0,0,1,2,21,1461,2,6
"2025000028675",1,9,19,0,1,10,1,1,61,1580,8,0
"2025000028676",2,19,19,8,0,0,3,1,20,1995,2,6
"2025000028676",1,9,19,8,0,0,1,1,18,1598,2,12
"2025000028677",4,9,2,8,0,0,1,3,-1,-1,-1,-1
"2025000028677",3,19,2,8,0,0,1,3,-1,1248,2,6
"2025000028677",5,9,2,8,0,0,4,3,-1,-1,-1,-1
"2025000028677",2,9,9,6,0,0,2,1,25,1956,2,6
"2025000028677",1,9,19,8,0,0,1,1,32,1995,2,16
"2025000028678",2,9,9,8,0,0,1,1,21,1124,1,20
"2025000028678",1,2,19,1,0,0,1,1,28,108,1,4
"2025000028679",1,5,19,0,0,0,3,1,19,689,1,1
"2025000028680",1,1,19,0,0,0,0,1,36,-1,-1,-1
"2025000028681",1,21,19,0,2,0,0,1,42,12902,2,7
"2025000028682",1,1,99,9,9,99,9,1,30,-1,-1,-1
"2025000028682",2,9,99,9,9,99,1,3,35,-1,3,1
"2025000028683",2,9,19,1,0,0,3,2,22,1598,2,9
"2025000028683",1,9,5,6,0,0,4,1,23,1596,1,14
"2025000028684",1,9,19,8,0,0,1,2,52,998,1,14
"2025000028685",1,9,4,0,1,0,2,1,46,1798,8,9
"2025000028685",2,9,19,0,0,0,1,1,46,1797,8,11
"2025000028686",1,1,19,0,0,0,1,1,55,-1,-1,-1
"2025000028687",2,9,19,8,0,0,1,2,19,1240,1,16
"2025000028687",1,9,7,6,0,0,3,1,59,1685,2,10
"2025000028688",1,9,4,1,1,7,1,1,22,1868,2,18
"2025000028689",1,9,19,0,0,0,4,3,20,-1,-1,-1
"2025000028690",2,19,13,2,0,0,4,3,-1,-1,-1,-1
"2025000028690",1,2,19,2,0,0,3,1,16,49,1,5
"2025000028691",2,9,19,0,0,0,2,2,29,1248,1,7
"2025000028691",3,9,19,0,0,0,1,2,23,1461,2,10
"2025000028691",4,9,19,0,0,0,1,2,29,1329,1,9
"2025000028691",1,19,19,0,0,0,1,1,58,2198,2,6
"2025000028692",1,9,19,0,0,0,1,1,23,1968,2,7
"2025000028692",2,21,19,0,0,0,1,1,57,11967,2,8
"2025000028693",2,9,12,8,0,0,3,1,57,1984,1,9
"2025000028693",1,9,19,8,0,0,4,1,29,1685,2,10
"2025000028694",1,90,19,1,0,0,3,1,52,12777,2,2
"2025000028694",2,1,13,1,0,0,3,1,9,-1,-1,-1
"2025000028695",1,8,9,4,0,0,1,1,47,2499,2,6
"2025000028696",2,9,3,0,0,0,2,2,45,-1,-1,-1
"2025000028696",1,9,19,0,0,0,1,1,-1,-1,-1,-1
"2025000028697",1,9,7,1,0,0,1,1,18,1242,1,15
"2025000028698",1,9,19,6,0,0,1,1,83,1998,8,5
"2025000028698",2,9,19,1,5,0,3,1,59,2494,2,8
"2025000028699",1,9,19,1,0,0,1,1,24,1998,1,3
"2025000028700",1,9,19,0,0,0,1,2,37,1968,2,11
"2025000028701",1,9,19,0,0,0,1,1,35,998,1,6
"2025000028702",1,9,19,1,0,0,4,2,42,1995,2,4
"2025000028703",2,9,99,9,9,99,9,3,-1,-1,-1,-1
"2025000028703",1,1,99,9,9,99,9,1,60,-1,-1,-1
"2025000028704",4,9,19,0,0,0,1,1,30,1995,2,11
"2025000028704",6,9,19,0,0,0,1,1,39,1998,1,4
"2025000028704",3,9,19,0,0,0,1,1,71,3960,1,22
"2025000028704",5,9,19,0,0,0,1,1,-1,1587,1,20
"2025000028704",1,9,4,0,0,0,2,1,30,1598,2,5
"2025000028704",2,9,4,0,0,0,2,1,46,2967,2,10
"2025000028705",1,9,7,6,0,0,1,2,52,1248,2,14
"2025000028705",3,9,2,2,0,0,1,3,-1,1248,1,6
"2025000028705",2,9,19,1,0,4,1,1,21,1598,2,8
"2025000028706",1,9,19,0,2,10,1,1,38,2979,1,21
"2025000028706",2,9,19,0,0,0,0,1,45,1969,8,1
"2025000028707",2,19,19,8,0,0,1,1,28,-1,-1,-1
"2025000028707",1,9,9,5,0,0,4,2,29,1997,1,15
"2025000028708",1,9,19,0,0,0,4,2,38,1498,1,4