"collision_index","vehicle_reference","vehicle_type","vehicle_manoeuvre","junction_location","skidding_and_overturning","hit_object_in_carriageway","first_point_of_impact","sex_of_driver","age_of_driver","engine_capacity_cc","propulsion_code","age_of_vehicle"
"2025000029167",2,9,19,0,0,0,2,2,33,2993,2,12
"2025000029167",1,19,19,0,0,0,1,1,34,2143,2,2
"2025000029168",1,9,19,0,5,0,1,2,18,998,1,9
"2025000029169",1,21,19,0,0,0,1,1,57,10837,2,5
"2025000029170",1,9,19,2,0,0,2,2,42,1499,2,3
"2025000029170",2,9,19,1,0,0,1,1,39,1999,1,16
"2025000029171",3,9,3,0,0,0,2,1,82,1386,1,8
"2025000029171",2,9,3,0,0,0,2,1,63,1499,2,1
"2025000029171",1,9,19,0,0,0,1,1,78,1242,1,13
"2025000029172",1,9,2,0,0,0,4,1,33,1797,8,13
"2025000029172",2,9,1,0,0,0,2,3,30,2996,1,16
"2025000029173",1,9,19,0,0,0,3,2,33,2179,2,14
"2025000029173",2,19,19,0,1,0,1,1,19,2298,2,5
"2025000029174",1,9,19,8,0,0,1,1,38,1968,2,14
"2025000029174",2,9,19,8,0,0,2,2,24,1368,1,14
"2025000029175",3,9,19,0,0,0,2,2,22,1242,1,12
"2025000029175",4,9,19,0,0,0,2,1,31,1498,1,6
"2025000029175",2,9,19,0,0,0,2,1,32,1769,1,17
"2025000029175",1,19,19,0,0,0,1,1,31,1560,2,7
"2025000029176",2,8,19,1,0,0,0,1,40,1598,2,5
"2025000029176",1,11,19,1,0,0,0,1,62,7300,2,15
"2025000029177",1,9,4,0,0,0,1,1,28,2143,2,11
"2025000029177",3,19,3,0,0,0,2,1,29,2298,2,6
"2025000029177",2,9,3,0,0,0,2,2,38,1995,2,5
"2025000029178",2,1,19,3,0,0,4,1,52,-1,-1,-1
"2025000029178",1,9,8,4,0,0,3,2,24,998,1,4
"2025000029179",2,9,4,0,0,0,2,1,45,1149,1,11
"2025000029179",1,9,4,0,0,0,1,2,33,-1,3,0
"2025000029179",5,9,4,0,0,0,2,1,27,1560,2,8
"2025000029179",3,9,4,0,0,0,2,2,56,1422,2,5
"2025000029179",4,9,4,0,0,0,2,2,46,1248,2,13
"2025000029180",1,9,2,1,0,0,3,1,36,1598,1,11
"2025000029180",2,9,1,5,0,4,2,1,27,1968,2,5
"2025000029181",1,19,4,0,0,0,1,1,33,1950,2,2
"2025000029181",2,22,19,0,0,0,3,1,84,-1,-1,-1
"2025000029182",2,9,3,1,0,0,2,2,23,1800,1,21
"2025000029182",1,98,19,1,0,0,1,1,46,-1,-1,-1
"2025000029183",2,9,19,8,0,0,1,3,37,1248,1,7
"2025000029183",1,9,9,6,0,0,9,2,24,1598,2,12
"2025000029184",1,9,19,1,0,0,1,3,-1,-1,-1,-1
"2025000029184",2,1,9,6,0,0,3,1,55,-1,-1,-1
"2025000029185",2,9,3,0,0,0,2,2,45,1242,1,9
"2025000029185",1,9,19,0,0,0,1,1,19,1599,1,13
"2025000029186",1,1,9,5,0,0,0,1,26,-1,-1,-1
"2025000029187",2,9,19,1,0,0,4,1,59,1993,8,1
"2025000029187",1,9,19,1,0,0,1,1,56,1560,2,11
"2025000029188",1,9,9,2,0,0,3,1,38,1956,2,12
"2025000029188",2,9,19,2,0,0,3,2,44,1598,8,1
"2025000029189",2,9,3,1,0,0,2,1,58,998,1,7
"2025000029189",1,9,19,1,0,0,1,2,44,1086,1,17
"2025000029190",1,8,5,3,0,0,4,1,40,2143,2,5
"2025000029190",2,1,5,6,0,0,1,1,35,-1,-1,-1
"2025000029191",1,9,19,0,2,0,3,1,26,1242,1,7
"2025000029192",1,9,19,0,0,0,1,2,30,1598,1,11
"2025000029192",2,90,4,0,0,0,2,1,41,-1,-1,-1
"2025000029192",3,9,4,0,0,0,2,1,32,1896,2,17
"2025000029193",2,9,5,6,0,0,1,1,59,1998,8,4
"2025000029193",1,9,19,8,5,0,4,2,28,1461,2,6
"2025000029194",1,9,1,0,0,0,4,2,36,1461,2,6
"2025000029194",2,9,1,0,0,0,2,3,30,1422,2,5
"2025000029195",1,9,19,0,5,0,1,2,42,1900,2,17
"2025000029196",1,11,19,8,0,0,0,1,50,5132,2,2
"2025000029197",1,5,19,8,1,7,1,1,31,689,1,0
"2025000029198",4,9,2,1,0,0,1,3,-1,1997,1,9
"2025000029198",5,9,2,1,0,0,1,3,-1,1796,1,16
"2025000029198",3,9,2,1,0,0,1,3,-1,-1,-1,-1
"2025000029198",2,9,9,5,0,0,3,1,44,2143,2,12
"2025000029198",1,9,13,1,0,0,1,1,26,1595,1,7
"2025000029199",1,97,19,1,0,0,1,3,-1,-1,-1,-1
"2025000029199",2,1,19,1,0,0,2,2,22,-1,-1,-1
"2025000029200",1,9,19,0,0,0,1,1,34,999,1,1
"2025000029200",3,9,19,0,0,0,2,1,58,2143,2,3
"2025000029200",2,9,19,0,0,0,2,1,34,2993,2,3
"2025000029201",2,9,19,1,0,0,3,2,56,1498,1,4
"2025000029201",1,1,19,2,0,0,1,1,19,-1,-1,-1
"2025000029202",2,9,4,0,0,0,3,2,55,1229,1,12
"2025000029202",1,-1,19,0,0,0,-1,1,-1,-1,-1,-1
"2025000029203",2,19,19,1,0,0,2,3,-1,-1,-1,-1
"2025000029203",1,3,19,1,0,0,1,1,30,125,1,3
"2025000029204",2,1,15,3,5,0,1,1,48,-1,-1,-1
"2025000029204",1,9,6,4,0,0,1,2,27,1197,1,10
"2025000029205",2,9,19,0,0,0,1,1,18,1242,1,14
"2025000029205",1,1,9,0,0,0,3,1,21,-1,-1,-1
"2025000029206",2,9,19,0,0,0,1,1,24,1395,1,6
"2025000029206",3,9,19,0,0,0,2,1,54,-1,-1,-1
"2025000029206",1,9,19,0,0,0,1,1,21,2143,2,6
"2025000029207",2,9,99,9,9,99,9,3,-1,998,1,12
"2025000029207",1,1,99,9,9,99,1,1,26,-1,-1,-1
"2025000029208",1,5,19,2,0,0,4,1,55,948,1,5
"2025000029208",2,9,19,4,0,0,1,2,37,1587,1,18
"2025000029209",1,19,19,0,0,0,1,1,34,2143,2,5
"2025000029209",2,9,19,0,0,0,2,1,31,1968,2,17
"2025000029210",1,8,99,9,9,99,1,1,43,1477,8,3
"2025000029211",2,1,14,1,5,4,4,2,61,-1,-1,-1
"2025000029211",1,9,2,2,0,0,4,3,-1,1248,2,13
"2025000029212",1,9,9,8,0,0,1,1,30,2987,2,14
"2025000029212",2,9,19,8,0,0,4,1,27,-1,-1,-1
"2025000029213",2,9,9,1,0,0,1,1,19,1499,1,5
"2025000029213",1,9,19,1,0,0,1,2,55,998,1,17
"2025000029214",2,9,4,1,5,4,1,2,27,1490,1,14
"2025000029214",1,9,4,1,0,0,2,1,65,1600,1,19
"2025000029215",2,9,19,8,0,0,1,1,77,1200,1,5
"2025000029215",1,9,19,8,0,0,2,2,20,999,1,11
"2025000029216",1,9,19,0,0,0,1,2,70,1991,1,8
"2025000029217",2,9,2,0,0,0,2,3,-1,1956,2,4
"2025000029217",1,9,19,0,0,0,1,1,59,1399,2,11
"2025000029218",2,9,19,0,0,0,1,2,44,1498,1,4
"2025000029218",1,97,19,0,0,0,1,1,16,-1,-1,-1
"2025000029219",2,8,3,1,0,0,2,1,52,1560,2,10
"2025000029219",3,19,19,2,0,0,3,1,68,2198,2,8
"2025000029219",1,9,4,1,1,0,1,1,45,1598,1,12
"2025000029220",2,9,9,1,0,0,1,2,45,1997,1,14
"2025000029220",1,2,19,6,0,0,1,1,25,49,1,19
"2025000029221",1,9,9,1,0,0,1,1,33,1685,2,7
"2025000029221",2,9,19,1,0,0,1,1,36,1229,1,11
"2025000029222",1,9,1,5,0,0,3,1,-1,1598,2,11
"2025000029223",1,9,19,0,0,0,1,1,76,1598,1,12
"2025000029223",2,1,19,0,0,0,2,1,15,-1,-1,-1
"2025000029224",1,3,19,1,0,0,1,1,17,124,1,15
"2025000029224",2,9,9,6,0,0,3,2,26,1598,2,10
"2025000029225",3,9,3,1,0,11,4,1,20,1197,1,8
"2025000029225",1,9,19,1,0,11,1,1,48,1998,2,9
"2025000029225",2,9,9,1,0,11,4,1,29,1686,2,14
"2025000029226",2,9,-1,7,0,0,3,2,28,-1,-1,-1
"2025000029226",1,9,9,5,5,0,1,2,19,1242,1,19
"2025000029227",2,9,19,8,0,0,3,1,30,1956,2,11
"2025000029227",1,9,19,8,0,0,1,1,48,1996,2,14
"2025000029228",2,19,9,6,0,0,0,1,-1,-1,-1,-1
"2025000029228",1,9,19,8,0,0,3,1,19,1896,2,13
"2025000029229",1,9,7,8,0,0,4,3,-1,-1,-1,-1
"2025000029230",2,9,4,0,0,0,2,2,45,2231,2,8
"2025000029230",1,9,19,0,1,0,1,1,22,2143,2,10
"2025000029230",3,9,4,0,0,0,2,1,70,2231,2,9
"2025000029231",1,9,19,8,0,0,1,2,46,1999,2,7
"2025000029231",2,9,19,8,0,0,4,2,18,1197,1,10
"2025000029232",2,9,4,0,0,0,0,2,34,-1,-1,-1
"2025000029232",1,3,19,0,0,10,4,1,17,125,1,1
"2025000029233",1,21,19,0,5,0,4,1,43,12902,2,4
"2025000029234",2,-1,19,1,0,0,1,1,13,-1,-1,-1
"2025000029234",1,9,4,1,0,0,4,2,82,1200,1,4
"2025000029235",2,9,99,9,9,99,1,3,-1,1997,1,12
"2025000029235",1,9,99,9,9,99,2,2,31,1997,1,6
"2025000029236",1,9,3,0,0,0,2,1,26,1598,1,8
"2025000029236",2,9,3,0,0,0,2,1,57,1199,1,0
"2025000029236",4,9,3,0,0,0,2,1,36,1339,1,15
"2025000029236",3,9,3,0,0,0,2,2,55,1373,1,4
"2025000029237",1,3,99,0,9,99,2,1,36,125,1,5
"2025000029237",2,8,99,0,9,99,9,3,-1,2402,2,16
"2025000029238",2,4,19,8,0,0,1,1,31,250,1,9
"2025000029238",1,9,5,2,0,0,3,2,69,998,1,5
"2025000029239",1,98,19,0,0,6,1,1,51,-1,-1,-1
"2025000029240",1,9,19,8,0,0,4,2,48,1997,2,7
"2025000029241",1,9,19,1,0,4,1,1,22,1598,2,12
"2025000029241",2,9,19,1,0,4,0,1,43,2993,12,1
"2025000029241",3,9,2,8,0,0,4,3,-1,1950,2,3
"2025000029242",1,4,19,0,0,0,3,1,75,198,1,40
"2025000029243",1,21,19,0,2,0,3,1,54,9290,2,7
"2025000029244",1,9,9,0,0,0,2,2,47,1997,2,13
"2025000029244",2,9,19,0,0,0,1,1,25,1995,1,17
"2025000029245",2,5,19,0,5,0,1,1,21,647,1,18
"2025000029245",1,9,10,0,0,0,4,1,18,1598,2,9
"2025000029246",2,1,19,1,0,0,1,1,56,-1,-1,-1
"2025000029246",1,9,9,6,0,0,1,2,76,998,1,14
"2025000029247",1,9,19,1,0,0,1,1,26,-1,-1,-1
"2025000029247",2,9,7,6,0,0,1,2,22,1248,1,14
"2025000029248",1,3,99,1,9,99,1,1,21,-1,-1,-1
"2025000029248",2,9,99,6,9,99,9,3,-1,-1,-1,-1
"2025000029249",1,9,9,5,0,0,1,2,62,1956,2,4
"2025000029250",2,9,5,6,0,0,3,1,35,-1,-1,-1
"2025000029250",1,3,9,6,0,0,1,1,29,125,1,2
"2025000029251",1,9,99,9,9,99,9,1,25,1499,2,6
"2025000029251",2,19,99,9,9,99,9,3,-1,2200,2,3
"2025000029252",2,9,4,0,0,0,2,1,48,1497,8,12
"2025000029252",1,9,4,0,0,0,2,1,58,2400,2,12
"2025000029252",3,19,4,0,0,0,1,1,36,1995,2,8
"2025000029253",1,8,4,0,0,0,0,1,45,-1,-1,-1
"2025000029254",2,9,19,0,0,0,4,1,25,1598,2,7
"2025000029254",1,9,19,0,0,0,3,2,-1,-1,-1,-1
"2025000029255",2,9,99,9,9,99,1,3,-1,1968,2,15
"2025000029255",1,9,99,9,9,99,2,2,40,1198,1,12
"2025000029256",2,1,19,1,1,0,0,2,38,-1,-1,-1
"2025000029256",1,9,9,5,0,0,0,1,62,1580,8,1
"2025000029257",3,9,2,2,0,0,4,3,-1,1598,1,10
"2025000029257",2,1,9,8,2,0,1,1,19,-1,-1,-1
"2025000029257",1,9,19,1,0,0,1,2,42,1395,1,8
"2025000029258",1,1,19,0,0,0,0,1,71,-1,-1,-1
"2025000029259",2,1,99,9,9,99,9,1,-1,-1,-1,-1
"2025000029259",1,9,99,9,9,99,9,1,57,1997,1,8
"2025000029260",2,9,19,0,0,0,2,2,33,1242,1,12
"2025000029260",4,9,19,0,0,0,1,1,57,4367,2,1
"2025000029260",3,19,19,0,0,0,1,1,41,2143,2,1
"2025000029260",1,9,19,0,0,0,1,1,32,1598,1,12
"2025000029260",5,9,19,0,0,0,3,2,37,1685,2,2
"2025000029261",2,9,99,9,9,99,2,3,-1,-1,-1,-1
"2025000029261",1,3,99,9,9,99,1,1,23,125,1,3
"2025000029262",4,9,2,8,0,0,3,3,-1,898,1,6
"2025000029262",3,9,2,8,0,0,4,3,-1,2000,1,16
"2025000029262",1,9,19,8,0,0,1,1,65,1968,2,8
"2025000029262",2,9,2,8,0,0,4,3,-1,2191,2,7
"2025000029263",1,9,19,0,0,0,1,1,32,1596,1,10
"2025000029263",3,9,19,0,0,0,2,1,60,-1,-1,-1
"2025000029263",2,9,19,0,0,0,2,2,26,998,1,5
"2025000029264",1,19,19,1,0,0,1,3,-1,-1,-1,-1
"2025000029265",2,1,19,1,0,0,3,1,30,-1,-1,-1
"2025000029265",1,9,9,8,0,0,1,1,78,998,1,13
"2025000029266",1,9,19,1,0,0,4,2,78,1461,2,6
"2025000029266",2,9,2,1,0,0,3,2,46,2179,2,10
"2025000029267",1,9,19,8,0,0,3,1,32,1598,1,17
"2025000029267",2,1,19,1,0,0,1,1,11,-1,-1,-1
"2025000029268",2,19,99,9,9,99,2,1,40,1997,2,1
"2025000029268",1,1,99,9,9,99,2,1,15,-1,-1,-1
"2025000029269",1,9,9,2,0,0,1,3,-1,-1,-1,-1
"2025000029269",2,1,9,1,0,0,1,2,38,-1,-1,-1
"2025000029270",1,9,19,0,0,0,4,2,19,1242,1,15
"2025000029271",2,1,9,2,0,0,1,1,26,-1,-1,-1
"2025000029271",1,19,9,6,0,0,2,1,57,1995,2,3
"2025000029272",2,9,3,1,5,0,2,2,32,-1,-1,-1
"2025000029272",1,9,3,1,0,0,1,1,47,-1,-1,-1
"2025000029273",1,9,19,8,0,0,1,2,26,1598,2,5
"2025000029273",2,11,9,8,0,0,4,1,51,6696,2,6
"2025000029274",2,9,3,4,0,0,2,2,56,1197,1,7
"2025000029274",1,9,3,4,0,11,1,2,69,1685,2,10
"2025000029275",1,9,9,6,0,0,1,-1,-1,1796,1,9
"2025000029275",2,90,19,8,0,0,1,1,46,-1,-1,-1
"2025000029276",1,4,19,1,2,10,2,1,19,124,1,19
"2025000029277",1,19,19,6,0,0,4,1,28,1968,2,2
"2025000029277",2,9,19,8,0,0,1,2,34,1685,2,11
"2025000029278",1,9,9,6,0,0,3,1,83,1398,1,6
"2025000029278",2,9,19,8,0,0,1,1,38,1198,1,12
"2025000029279",1,9,19,0,0,0,1,1,82,1490,8,0
"2025000029279",2,16,19,0,0,0,3,2,29,-1,-1,-1
"2025000029280",1,9,19,0,0,0,1,2,39,-1,3,0
"2025000029281",2,9,19,1,0,0,0,2,31,1796,1,16
"2025000029281",1,9,4,6,0,0,0,2,32,1995,2,6
"2025000029282",1,21,5,8,0,0,4,2,50,11120,2,2
"2025000029282",2,9,5,8,0,0,3,1,42,1499,2,6
"2025000029283",2,9,19,8,0,0,3,2,73,998,1,6
"2025000029283",1,1,19,8,0,0,1,2,12,-1,-1,-1
"2025000029284",2,9,9,0,1,0,2,2,51,1461,2,4
"2025000029284",1,9,13,0,0,0,1,1,-1,1500,2,1
"2025000029285",1,9,19,0,1,0,1,1,28,1363,2,17
"2025000029286",2,9,19,8,0,0,3,3,-1,1598,2,7
"2025000029286",1,11,19,8,0,0,4,2,-1,-1,-1,-1
"2025000029287",1,8,9,5,0,0,1,1,45,1798,8,0
"2025000029288",1,9,9,1,0,0,4,1,19,1499,1,4
"2025000029289",2,9,5,0,0,4,4,2,24,1984,1,6
"2025000029289",1,9,-1,0,0,0,1,1,24,999,1,6
"2025000029290",1,9,19,8,0,0,1,1,21,1995,2,11
"2025000029291",1,9,5,0,0,0,1,1,81,2191,2,8
"2025000029292",1,9,9,5,0,0,4,1,21,1242,1,7
"2025000029292",2,9,19,8,0,0,4,2,29,1560,2,7
"2025000029293",1,9,19,0,5,0,1,1,25,1197,1,4
"2025000029294",2,21,19,0,0,0,3,1,30,12900,2,10
"2025000029294",1,9,19,0,1,0,3,2,36,1390,1,13
"2025000029295",2,9,99,9,9,99,1,2,28,-1,-1,-1
"2025000029295",1,9,99,9,9,99,2,1,26,-1,-1,-1
"2025000029296",2,9,99,9,9,99,9,3,-1,1590,1,17
"2025000029296",1,9,99,9,9,99,9,2,22,1398,1,2
"2025000029297",2,9,19,1,0,0,1,1,21,1390,1,10
"2025000029297",1,97,9,1,0,0,1,1,24,-1,-1,-1
"2025000029298",1,9,19,1,0,0,1,2,21,1398,1,12
"2025000029299",1,9,1,0,0,0,2,1,25,-1,-1,-1
"2025000029300",1,9,19,0,0,0,1,2,-1,1595,1,20
"2025000029300",2,9,3,0,0,0,1,2,61,1149,1,16
"2025000029301",2,9,99,9,9,99,1,3,-1,1560,2,15
"2025000029301",1,8,99,9,9,99,9,1,48,1797,8,4
"2025000029302",2,90,19,6,0,0,1,1,33,-1,-1,-1
"2025000029302",1,9,9,8,0,0,4,1,42,1798,8,6
"2025000029303",3,17,19,0,0,0,3,1,21,-1,2,12
"2025000029303",1,19,13,0,0,0,3,1,22,1950,2,1
"2025000029303",2,9,19,0,1,0,3,2,31,999,1,2
"2025000029304",2,9,9,5,0,0,4,1,27,1560,2,12
"2025000029304",1,9,19,1,0,0,1,2,64,1339,1,10
"2025000029305",1,19,9,1,0,0,1,1,32,2402,2,9
"2025000029306",2,9,19,6,0,0,3,2,41,1242,1,10
"2025000029306",1,9,19,8,0,0,1,1,-1,1950,2,5
"2025000029307",2,9,19,4,0,0,1,1,-1,1968,2,13
"2025000029307",1,1,19,4,0,0,2,1,31,-1,-1,-1
"2025000029308",2,9,99,0,9,0,9,3,32,1362,1,9
"2025000029308",1,9,99,0,9,0,9,1,35,1797,8,4
"2025000029309",1,90,2,0,0,0,0,3,-1,-1,-1,-1
"2025000029309",2,9,1,0,0,0,3,3,-1,-1,-1,-1
"2025000029310",1,9,99,9,9,99,1,3,-1,-1,3,0
"2025000029310",2,9,99,9,9,99,1,3,-1,-1,-1,-1
"2025000029311",1,9,7,5,0,0,4,2,31,1242,1,13
"2025000029311",2,1,15,8,0,0,1,2,33,-1,-1,-1
"2025000029312",1,9,19,8,0,0,3,2,48,1986,2,15
"2025000029313",2,-1,19,8,9,0,1,1,-1,-1,-1,-1
"2025000029313",1,3,19,8,9,0,4,1,23,110,1,0
"2025000029314",1,9,19,8,0,0,1,1,23,1490,1,13
"2025000029315",2,9,19,2,0,0,1,1,57,5998,1,16
"2025000029315",1,9,9,8,0,0,4,1,19,1332,1,1
"2025000029316",1,9,19,0,2,0,2,1,48,3982,1,1
"2025000029317",1,3,99,9,9,99,9,3,33,125,1,5
"2025000029317",2,9,99,9,9,99,9,3,-1,1242,1,8
"2025000029318",2,1,11,0,0,0,2,1,55,-1,-1,-1
"2025000029318",1,9,11,0,0,0,1,1,48,1360,1,19
"2025000029319",2,1,19,1,0,0,1,1,56,-1,-1,-1
"2025000029319",1,9,3,1,0,0,4,1,26,2969,2,15
"2025000029320",2,5,3,8,0,0,2,1,36,999,1,0
"2025000029320",1,19,7,6,0,0,1,1,67,2143,2,9
"2025000029321",1,9,19,0,0,0,1,2,35,1910,2,14
"2025000029321",2,9,19,0,0,0,1,2,17,998,1,7
"2025000029322",1,3,99,9,9,99,9,1,33,125,1,6
"2025000029322",2,9,99,9,9,99,9,3,-1,1497,8,8
"2025000029323",2,1,19,8,0,0,1,1,49,-1,-1,-1
"2025000029323",1,9,19,2,0,0,1,1,49,1399,2,13
"2025000029324",3,9,19,1,0,0,1,1,30,1798,8,5
"2025000029324",2,19,19,1,0,0,1,1,53,1560,2,8
"2025000029324",1,19,19,1,0,0,1,1,36,2148,2,13
"2025000029325",1,9,19,8,0,0,1,2,27,1998,1,2
"2025000029325",2,11,19,8,0,0,3,1,42,6692,2,12
"2025000029326",1,9,9,8,0,0,1,1,60,1598,1,16
"2025000029327",2,9,19,0,0,0,1,1,35,1399,2,14
"2025000029327",1,9,3,0,0,0,2,2,47,998,1,2
"2025000029328",1,9,9,8,1,0,4,2,27,1349,1,10
"2025000029328",4,20,2,1,0,0,2,1,36,-1,-1,-1
"2025000029328",3,9,3,1,1,0,1,2,61,-1,-1,-1
"2025000029328",2,9,19,8,1,0,1,1,38,2000,1,15
"2025000029329",2,11,19,8,0,0,1,1,45,7698,2,2
"2025000029329",1,9,19,8,0,0,3,2,58,1796,1,20
"2025000029330",1,3,19,0,0,0,1,1,56,124,1,21
"2025000029330",2,1,19,0,0,0,3,2,52,-1,-1,-1
"2025000029331",1,21,4,0,0,0,1,1,-1,12777,2,2
"2025000029331",2,9,5,0,0,0,2,2,33,1968,2,9
"2025000029332",1,1,5,0,0,0,0,2,55,-1,-1,-1
"2025000029333",1,9,19,1,0,0,1,2,86,1240,1,18
"2025000029333",2,8,19,2,0,0,1,1,50,1597,2,6
"2025000029334",2,19,19,8,0,0,4,1,26,1968,2,1
"2025000029334",1,9,9,6,0,0,1,1,45,-1,-1,-1
"2025000029335",1,9,19,0,0,0,3,1,50,1798,8,5
"2025000029336",2,5,19,1,0,0,1,1,59,799,1,3
"2025000029336",1,19,9,6,0,0,3,1,56,2143,2,3
"2025000029337",2,1,19,8,0,0,2,1,25,-1,-1,-1
"2025000029337",1,9,9,5,0,0,1,1,52,1395,1,8
"2025000029338",1,9,19,2,0,0,1,1,42,1998,1,0
"2025000029339",1,3,99,9,9,99,1,1,32,125,1,3
"2025000029339",2,9,99,9,9,99,1,3,-1,1598,2,5
"2025000029340",1,1,7,4,0,0,0,2,42,-1,-1,-1
"2025000029340",2,9,19,4,0,0,0,3,-1,-1,-1,-1
"2025000029341",1,20,9,6,0,0,1,1,22,-1,-1,-1
"2025000029341",2,3,13,1,0,0,1,1,20,124,1,4
"2025000029342",1,9,19,0,0,4,0,2,46,-1,-1,-1
"2025000029342",2,9,2,0,0,0,2,3,-1,1950,2,6
"2025000029343",2,5,19,1,0,0,3,1,34,599,1,17
"2025000029343",1,9,5,1,0,0,4,1,73,2967,1,22
"2025000029344",1,9,9,8,0,0,4,1,32,1999,1,14
"2025000029344",2,5,19,1,0,0,1,1,36,755,1,1
"2025000029345",2,9,19,0,0,0,2,1,32,1493,2,12
"2025000029345",3,9,19,0,0,0,1,2,28,1461,2,8
"2025000029345",4,9,19,0,0,0,1,1,62,1580,8,1
"2025000029345",1,9,19,0,0,0,2,2,36,1686,2,11
"2025000029346",1,9,19,2,0,0,3,2,67,2993,2,5
"2025000029347",1,3,19,8,0,0,1,1,52,278,1,11
"2025000029347",2,9,9,1,0,0,2,2,28,1995,2,19
"2025000029348",2,9,99,9,9,99,1,3,-1,-1,-1,-1
"2025000029348",1,1,99,9,9,99,2,1,11,-1,-1,-1
"2025000029349",1,9,9,1,0,0,3,2,41,3311,8,14
"2025000029349",2,9,19,1,0,0,1,2,26,1329,1,10
"2025000029350",1,9,13,0,5,0,1,2,53,2148,2,13
"2025000029350",2,9,15,0,0,0,1,1,28,2993,2,15
"2025000029351",2,9,99,9,9,99,1,1,54,1796,1,15
"2025000029351",1,1,99,9,9,99,9,1,33,-1,-1,-1
"2025000029352",1,9,-1,0,0,0,1,1,50,1242,1,17
"2025000029353",1,19,19,0,0,0,1,1,58,998,1,0
"2025000029354",1,9,19,4,0,0,1,2,27,1339,1,15
"2025000029354",2,-1,9,8,0,0,4,1,45,-1,-1,-1
"2025000029355",1,9,19,0,0,0,4,1,18,1124,1,15
"2025000029356",1,9,7,2,0,0,1,2,32,1199,1,1
"2025000029357",1,1,14,1,1,0,0,2,60,-1,-1,-1
"2025000029358",1,11,19,2,0,0,0,1,23,9000,2,12
"2025000029359",1,9,19,0,0,0,1,1,44,1461,2,3
"2025000029359",2,19,19,0,0,0,1,1,59,2198,2,9
"2025000029360",1,9,99,0,9,99,3,2,37,1984,1,2
"2025000029360",2,19,19,0,0,0,3,1,51,2287,2,5
"2025000029361",1,3,13,2,0,0,4,1,31,-1,-1,-1
"2025000029361",2,9,6,2,0,0,1,3,-1,-1,-1,-1
"2025000029362",1,21,19,1,0,0,4,1,53,12130,2,22
"2025000029363",1,1,99,9,9,99,1,1,43,-1,-1,-1
"2025000029363",2,1,99,9,9,99,2,1,26,-1,-1,-1
"2025000029364",1,20,3,0,0,0,2,1,55,2999,2,1
"2025000029364",3,17,19,0,0,0,1,1,22,-1,2,13
"2025000029364",2,9,3,0,0,0,2,1,-1,2143,2,8
"2025000029365",2,3,19,1,0,0,3,1,23,125,1,3
"2025000029365",1,19,7,1,0,0,4,1,21,1461,2,2
"2025000029366",1,5,19,0,0,0,1,1,54,1160,1,0
"2025000029367",1,9,19,0,0,0,1,1,36,1598,1,9
"2025000029367",4,9,2,0,0,0,3,3,-1,1200,1,7
"2025000029367",2,9,19,0,0,0,1,2,45,1596,1,11
"2025000029367",3,19,2,0,0,0,3,3,-1,2488,2,10
"2025000029368",1,9,19,8,0,0,1,2,23,1560,2,9
"2025000029368",2,9,9,8,0,0,3,1,50,1332,1,0
"2025000029369",2,9,19,1,0,0,4,2,30,998,1,6
"2025000029369",1,1,19,1,0,0,3,1,21,-1,-1,-1
"2025000029370",1,9,19,1,0,0,1,1,54,1797,8,13
"2025000029371",2,9,7,3,0,0,1,1,19,-1,-1,-1
"2025000029371",1,3,7,3,1,0,2,1,30,124,1,6
"2025000029372",1,9,19,1,0,0,1,3,-1,-1,-1,-1
"2025000029372",2,1,19,1,0,0,2,1,27,-1,-1,-1
"2025000029373",1,9,5,0,0,0,4,2,71,1796,1,16
"2025000029374",1,90,19,0,0,0,1,1,21,-1,-1,-1
"2025000029374",2,9,19,0,0,0,1,1,52,1461,2,14
"2025000029375",1,3,99,9,9,99,9,1,26,125,1,0
"2025000029375",2,9,99,9,9,99,1,3,-1,1390,1,14
"2025000029376",1,3,19,0,1,0,3,1,23,125,1,10
"2025000029377",1,9,9,0,0,0,4,1,46,998,1,1
"2025000029378",2,9,11,0,0,0,4,2,22,1329,1,11
"2025000029378",1,98,19,0,0,0,3,1,39,-1,-1,-1
"2025000029379",2,9,5,2,0,0,3,3,23,875,1,10
"2025000029379",1,9,5,2,0,0,3,2,43,1560,2,10
"2025000029380",1,3,15,0,2,0,4,1,28,110,1,2
"2025000029381",1,5,19,0,0,0,3,1,25,599,1,19
"2025000029381",2,21,19,0,0,0,1,1,25,6700,2,1
"2025000029382",2,3,19,0,0,0,1,1,31,125,1,2
"2025000029382",1,9,5,0,0,0,3,2,29,-1,3,0
"2025000029383",1,9,1,0,0,0,2,1,36,-1,-1,-1
"2025000029383",2,2,19,0,0,0,4,1,18,-1,-1,-1
"2025000029384",1,19,1,2,0,0,2,3,-1,1997,2,1
"2025000029385",1,9,19,8,1,0,1,1,34,1461,2,7
"2025000029385",2,9,19,8,0,0,2,1,38,1598,1,8
"2025000029386",1,9,1,6,0,0,2,2,86,1797,8,12
"2025000029387",1,9,19,0,5,0,0,1,75,1462,8,1
"2025000029388",1,5,9,0,1,0,1,1,50,805,1,19
"2025000029389",2,9,19,0,0,0,3,1,68,1560,2,9
"2025000029389",1,9,19,0,0,0,1,1,50,-1,-1,-1