"collision_index","vehicle_reference","vehicle_type","vehicle_manoeuvre","junction_location","skidding_and_overturning","hit_object_in_carriageway","first_point_of_impact","sex_of_driver","age_of_driver","engine_capacity_cc","propulsion_code","age_of_vehicle"
"2025000029612",2,1,12,8,0,0,4,1,35,-1,-1,-1
"2025000029613",1,9,19,0,1,0,3,1,22,1984,1,4
"2025000029614",2,9,99,9,9,99,9,3,-1,2143,2,7
"2025000029614",1,3,99,9,9,99,9,1,48,125,1,2
"2025000029615",2,9,19,0,0,0,1,3,-1,-1,-1,-1
"2025000029615",1,9,19,0,0,0,2,2,24,999,1,4
"2025000029616",1,9,5,6,0,0,3,2,69,1968,2,5
"2025000029616",2,9,19,1,0,0,1,2,25,1968,2,7
"2025000029617",1,9,7,0,0,0,1,1,50,1560,2,10
"2025000029618",1,3,19,0,0,0,1,1,31,-1,-1,-1
"2025000029619",1,9,3,0,0,0,2,2,49,1598,1,4
"2025000029619",2,9,4,0,0,0,1,1,35,1390,1,12
"2025000029620",2,1,19,8,1,0,1,1,43,-1,-1,-1
"2025000029620",1,9,19,4,0,0,2,2,33,1950,2,5
"2025000029621",1,3,11,0,1,0,3,1,25,125,1,0
"2025000029622",1,9,19,2,0,0,1,1,63,1496,1,2
"2025000029623",1,9,10,1,0,0,1,1,65,1871,2,18
"2025000029623",2,4,13,1,0,0,1,1,41,125,1,6
"2025000029624",1,5,5,0,0,0,1,1,56,798,1,14
"2025000029625",3,9,2,0,0,0,4,3,-1,1995,1,15
"2025000029625",1,9,19,0,0,4,1,2,35,1596,1,11
"2025000029625",2,9,2,0,0,0,1,3,-1,1498,1,4
"2025000029626",2,1,19,8,0,0,3,1,61,-1,-1,-1
"2025000029626",1,9,9,8,0,0,1,1,85,1997,2,5
"2025000029627",3,9,19,0,0,0,3,1,21,1198,1,8
"2025000029627",1,9,12,0,0,0,0,3,40,-1,-1,-1
"2025000029627",2,9,13,0,0,10,1,1,29,2204,2,15
"2025000029628",1,9,19,0,0,0,1,2,30,1598,1,16
"2025000029628",3,9,19,0,0,0,2,1,41,2400,2,12
"2025000029628",2,9,19,0,0,0,2,1,56,1200,1,6
"2025000029629",1,9,19,8,0,0,3,1,53,1598,1,14
"2025000029630",1,17,9,1,0,0,3,1,18,6788,2,6
"2025000029630",2,19,19,1,0,0,1,1,41,2000,2,0
"2025000029631",2,19,19,0,5,0,1,1,58,2198,2,8
"2025000029631",1,9,19,0,0,0,1,1,53,1596,1,11
"2025000029632",1,90,19,1,0,0,1,2,22,2287,2,4
"2025000029632",2,9,9,1,0,0,3,1,25,2191,2,9
"2025000029633",1,9,9,5,0,0,1,1,28,1197,1,5
"2025000029633",2,9,19,8,0,0,1,2,38,1999,2,1
"2025000029634",1,9,19,0,0,11,1,1,60,1084,1,4
"2025000029635",1,9,19,0,0,7,3,2,24,-1,-1,-1
"2025000029636",1,-1,12,1,0,0,3,1,54,-1,-1,-1
"2025000029636",2,20,19,1,0,0,4,1,55,4600,2,5
"2025000029637",1,21,9,5,0,0,3,1,41,12742,2,6
"2025000029637",2,9,19,1,0,0,4,1,81,1364,1,7
"2025000029638",1,19,19,1,0,0,1,1,28,2299,2,6
"2025000029638",2,9,4,1,0,0,0,2,40,1341,1,2
"2025000029639",1,9,9,1,0,0,1,2,-1,2993,2,9
"2025000029640",1,9,19,8,1,10,3,2,35,1360,1,14
"2025000029640",2,9,19,8,1,0,1,2,31,1560,2,7
"2025000029641",5,9,3,1,0,0,2,1,48,1794,1,11
"2025000029641",3,9,3,1,0,0,2,1,32,2179,2,11
"2025000029641",4,9,3,1,0,0,2,1,84,1560,2,13
"2025000029641",6,9,3,1,0,0,2,2,52,1997,2,3
"2025000029641",1,21,19,1,0,0,1,1,49,10837,2,1
"2025000029641",2,19,4,1,0,0,2,1,23,1753,2,9
"2025000029642",2,1,19,8,0,0,1,2,14,-1,-1,-1
"2025000029642",1,9,19,8,0,0,3,2,26,-1,-1,-1
"2025000029643",1,8,19,1,0,0,1,1,36,1797,8,9
"2025000029643",2,19,7,1,0,0,1,1,20,1968,2,6
"2025000029644",2,1,99,9,9,99,9,3,46,-1,-1,-1
"2025000029644",1,9,99,9,9,99,9,3,70,1796,1,13
"2025000029645",2,9,9,8,0,0,3,1,26,998,1,5
"2025000029645",1,5,19,1,0,0,4,3,20,649,1,4
"2025000029646",1,9,19,1,0,0,4,1,36,2179,2,9
"2025000029647",1,9,19,0,0,0,2,1,46,1598,1,13
"2025000029648",1,9,9,8,0,0,1,1,39,2199,2,6
"2025000029648",2,5,19,8,0,0,2,1,59,799,1,1
"2025000029649",1,9,19,0,0,4,1,1,64,1870,2,21
"2025000029649",4,9,2,0,0,0,2,3,-1,2204,2,16
"2025000029649",2,9,2,0,0,0,3,3,-1,999,1,6
"2025000029649",3,9,19,0,0,0,4,1,42,1685,2,6
"2025000029650",1,9,19,0,0,0,1,2,74,1598,1,6
"2025000029650",3,19,4,0,0,0,2,1,23,2198,2,4
"2025000029650",2,9,4,0,0,0,2,1,42,999,1,1
"2025000029651",1,9,19,0,0,0,4,1,48,2494,8,7
"2025000029652",1,9,19,0,1,0,1,1,26,1199,1,2
"2025000029653",1,9,99,9,9,99,1,1,69,1598,1,17
"2025000029654",2,9,9,5,0,0,3,2,47,1796,1,16
"2025000029654",1,4,19,8,0,0,1,1,52,847,1,7
"2025000029655",2,9,2,0,0,0,4,2,42,1339,1,15
"2025000029655",3,9,2,0,0,0,4,2,-1,1999,2,5
"2025000029655",1,9,19,0,0,0,1,2,51,1984,1,9
"2025000029656",2,3,19,8,0,0,1,2,19,124,1,3
"2025000029656",1,9,3,8,0,0,2,1,27,1586,1,4
"2025000029657",1,9,1,0,0,0,1,1,46,-1,3,1
"2025000029658",2,1,19,1,0,0,1,1,76,-1,-1,-1
"2025000029658",1,9,9,1,0,0,1,2,70,1686,2,8
"2025000029659",1,9,19,0,1,0,2,1,21,1497,1,18
"2025000029659",2,9,19,0,0,0,1,1,46,1329,1,13
"2025000029660",1,11,19,1,0,0,0,1,43,6700,2,13
"2025000029661",2,9,19,8,0,0,4,1,33,1332,1,1
"2025000029661",1,9,10,1,0,0,1,1,52,1598,2,8
"2025000029662",1,19,9,1,0,0,3,3,30,1995,2,6
"2025000029663",1,9,99,6,9,99,9,1,69,1991,8,5
"2025000029663",2,1,99,1,9,99,9,2,-1,-1,-1,-1
"2025000029664",2,1,19,0,0,0,4,1,17,-1,-1,-1
"2025000029664",1,9,19,0,0,0,1,1,-1,1390,1,8
"2025000029665",2,9,19,0,0,0,1,1,53,1498,1,2
"2025000029665",1,9,6,0,0,0,1,2,34,1984,1,12
"2025000029666",2,9,11,1,0,0,2,2,30,1591,1,3
"2025000029666",1,19,19,1,0,0,1,2,30,-1,-1,-1
"2025000029667",2,1,19,8,0,0,4,1,31,-1,-1,-1
"2025000029667",1,9,7,6,0,0,1,1,31,2149,2,14
"2025000029668",1,9,19,3,1,0,3,1,26,1798,1,17
"2025000029669",1,9,19,0,0,0,1,3,-1,-1,-1,-1
"2025000029670",1,8,2,0,0,0,4,1,53,-1,3,2
"2025000029671",1,-1,19,0,0,0,1,2,25,-1,-1,-1
"2025000029672",1,11,-1,-1,-1,-1,-1,3,-1,-1,-1,-1
"2025000029673",1,9,5,4,0,0,3,2,24,1686,2,11
"2025000029673",2,9,5,4,0,0,1,2,34,1198,1,12
"2025000029674",2,9,4,1,0,0,2,2,23,1248,2,11
"2025000029674",1,19,19,1,0,0,1,1,29,2188,2,17
"2025000029675",2,9,19,0,0,0,3,2,44,1686,2,8
"2025000029675",1,19,19,0,1,0,1,1,43,2148,2,9
"2025000029675",3,9,19,0,5,0,1,2,34,1598,1,5
"2025000029676",1,9,19,0,1,0,1,1,62,996,1,10
"2025000029677",2,11,4,0,0,0,2,1,42,6700,2,7
"2025000029677",1,9,4,0,0,0,1,2,28,1299,1,13
"2025000029678",2,9,2,0,0,0,2,3,-1,1496,2,1
"2025000029678",1,9,19,0,5,0,1,1,69,1200,1,1
"2025000029679",1,1,19,0,0,0,3,1,68,-1,-1,-1
"2025000029679",2,19,13,0,0,0,4,3,-1,-1,-1,-1
"2025000029680",1,9,19,2,0,0,4,2,44,1199,1,1
"2025000029680",2,9,2,2,0,0,2,3,-1,1997,2,14
"2025000029681",1,9,19,0,0,0,1,1,48,1499,2,4
"2025000029681",2,9,3,0,0,0,2,1,21,1490,8,0
"2025000029682",2,9,7,1,0,0,2,1,17,1968,2,7
"2025000029682",1,11,7,1,0,0,1,1,23,7300,2,15
"2025000029683",1,21,19,0,1,0,1,1,29,12740,2,4
"2025000029683",3,9,4,0,0,0,2,1,37,2993,2,1
"2025000029683",2,9,4,0,0,0,2,1,35,1360,1,9
"2025000029684",2,9,19,1,0,0,2,3,-1,-1,-1,-1
"2025000029684",1,9,19,1,0,0,1,3,-1,-1,-1,-1
"2025000029685",2,20,19,8,0,0,1,1,56,-1,-1,-1
"2025000029685",1,9,11,3,0,0,4,2,45,1560,2,11
"2025000029686",4,9,19,0,0,0,1,1,-1,2993,12,1
"2025000029686",3,9,19,0,0,0,1,1,33,1395,1,5
"2025000029686",2,19,19,0,0,0,2,1,25,1560,2,7
"2025000029686",1,9,13,0,0,0,1,1,23,1995,2,15
"2025000029687",2,9,2,0,0,0,2,2,55,1598,2,7
"2025000029687",1,9,19,0,0,0,1,2,30,1598,1,11
"2025000029687",3,9,2,0,0,0,2,2,55,-1,-1,-1
"2025000029688",1,19,19,0,0,0,1,1,52,1753,2,14
"2025000029688",2,9,3,0,0,0,2,1,26,1997,1,0
"2025000029689",1,1,99,9,9,99,9,2,54,-1,-1,-1
"2025000029690",1,9,19,8,0,0,1,1,30,1596,1,10
"2025000029690",2,9,9,6,0,0,1,2,59,999,1,4
"2025000029691",1,9,4,1,0,0,1,1,35,1496,2,1
"2025000029691",2,9,8,1,0,0,2,1,41,1242,1,7
"2025000029692",3,9,19,1,0,0,1,2,81,1328,1,18
"2025000029692",2,9,10,2,0,0,2,2,45,998,1,4
"2025000029692",1,19,19,1,1,0,1,1,59,2463,2,16
"2025000029693",2,9,19,2,0,0,1,2,50,1984,1,2
"2025000029693",1,9,1,2,0,0,2,3,-1,-1,-1,-1
"2025000029694",1,9,9,8,0,0,3,1,55,1781,1,16
"2025000029694",2,9,19,1,0,0,1,2,35,1994,2,13
"2025000029695",1,9,9,6,0,0,1,1,84,1598,1,18
"2025000029696",1,-1,19,8,0,0,1,2,16,-1,-1,-1
"2025000029696",2,9,9,6,0,0,1,1,50,2184,2,9
"2025000029697",2,1,19,2,0,0,1,2,56,-1,-1,-1
"2025000029697",1,9,19,2,0,0,1,1,48,2204,2,17
"2025000029698",1,9,19,0,0,0,1,1,18,998,1,11
"2025000029698",2,9,19,0,0,0,2,2,31,1598,2,2
"2025000029699",7,9,4,0,0,0,2,1,71,1498,1,7
"2025000029699",2,9,4,0,0,0,2,1,46,1998,1,6
"2025000029699",1,9,4,0,0,0,1,1,49,-1,-1,-1
"2025000029699",5,19,4,0,0,0,2,1,26,1499,2,1
"2025000029699",3,9,4,0,0,0,2,1,44,1968,2,7
"2025000029699",6,9,4,0,0,0,2,1,55,1560,2,6
"2025000029699",4,9,4,0,0,0,2,1,50,1580,8,8
"2025000029700",1,9,19,0,1,0,1,1,21,1984,1,14
"2025000029701",2,98,99,9,9,99,9,1,54,-1,-1,-1
"2025000029701",1,9,99,9,9,99,9,2,38,1968,2,3
"2025000029702",1,19,19,0,0,0,4,1,58,1461,2,3
"2025000029703",2,9,19,0,0,0,1,1,23,1998,1,20
"2025000029703",1,90,19,0,1,0,2,1,25,-1,-1,-1
"2025000029704",2,3,19,8,0,0,1,1,22,125,1,4
"2025000029704",1,9,10,6,0,0,1,1,70,1999,1,14
"2025000029705",1,9,19,8,0,0,3,1,65,2400,2,7
"2025000029706",2,22,19,8,0,0,4,1,50,-1,-1,-1
"2025000029706",1,9,19,8,0,0,1,3,-1,-1,-1,-1
"2025000029707",1,1,99,9,9,99,9,1,28,-1,-1,-1
"2025000029708",2,9,3,0,0,0,2,2,43,1984,1,14
"2025000029708",1,9,3,0,0,0,2,1,35,-1,3,0
"2025000029708",3,9,19,0,0,0,1,3,-1,998,1,6
"2025000029709",1,9,13,8,0,0,1,3,-1,1498,1,4
"2025000029709",2,9,19,8,0,0,1,1,29,1984,1,10
"2025000029710",2,1,19,0,0,0,2,1,20,-1,-1,-1
"2025000029710",1,9,19,0,0,0,1,2,40,-1,3,9
"2025000029711",1,9,5,6,0,0,1,2,32,999,1,6
"2025000029711",2,9,19,1,0,0,1,1,36,-1,-1,-1
"2025000029712",1,9,99,9,9,99,2,3,-1,1598,1,11
"2025000029713",2,9,4,0,1,0,2,2,28,1200,1,16
"2025000029713",1,19,19,0,1,0,1,1,35,2198,2,12
"2025000029714",1,9,19,0,5,0,1,2,19,875,1,8
"2025000029715",1,9,13,0,0,0,1,3,-1,1596,1,12
"2025000029715",2,1,19,0,1,0,2,1,65,-1,-1,-1
"2025000029716",2,9,99,9,9,99,1,3,-1,999,1,5
"2025000029716",1,19,99,9,9,99,3,1,42,998,1,1
"2025000029717",1,11,14,8,0,0,1,1,65,-1,2,23
"2025000029718",2,9,7,6,0,0,2,2,31,998,1,4
"2025000029718",1,21,19,1,0,0,1,1,62,12740,2,7
"2025000029719",2,1,19,8,0,0,3,1,42,-1,-1,-1
"2025000029719",1,9,5,6,0,0,1,2,28,1398,1,8
"2025000029720",1,9,19,1,0,0,1,1,19,1984,1,12
"2025000029720",2,9,9,1,0,0,4,2,23,1229,1,5
"2025000029721",1,9,19,0,0,4,1,1,28,999,1,0
"2025000029721",2,9,2,0,0,0,1,3,-1,1198,1,9
"2025000029722",1,9,19,0,0,0,1,2,33,1149,1,17
"2025000029723",2,8,19,4,0,0,4,1,45,1968,2,4
"2025000029723",1,9,7,4,0,0,3,1,31,998,1,8
"2025000029724",1,19,9,5,0,0,1,1,54,1499,2,2
"2025000029725",2,9,19,8,0,0,4,1,37,1400,1,18
"2025000029725",1,19,8,1,0,0,1,1,25,1950,2,3
"2025000029726",2,9,99,9,9,99,1,2,-1,1242,1,14
"2025000029726",1,9,99,9,9,99,2,1,29,1950,2,3
"2025000029727",1,23,19,0,0,0,4,1,22,-1,-1,-1
"2025000029727",2,9,9,0,0,0,0,3,30,-1,-1,-1
"2025000029728",1,9,19,0,0,0,1,2,19,998,1,9
"2025000029729",2,9,4,0,0,0,1,1,23,1598,2,10
"2025000029729",3,9,19,0,0,0,1,2,24,1390,1,12
"2025000029729",1,9,10,0,0,0,2,1,30,1968,2,8
"2025000029730",1,9,5,8,0,0,3,1,19,1995,1,14
"2025000029730",2,9,19,8,0,0,1,1,18,1197,1,6
"2025000029731",2,19,99,9,9,99,2,3,-1,2143,2,5
"2025000029731",1,9,99,9,9,99,9,2,44,1499,1,5
"2025000029732",2,9,4,1,0,0,2,2,55,1997,1,12
"2025000029732",1,9,19,1,0,0,1,1,18,1499,1,6
"2025000029733",1,21,19,0,0,0,1,1,27,11120,2,8
"2025000029733",4,9,3,0,0,0,2,1,51,999,1,2
"2025000029733",2,9,3,0,0,0,2,2,49,1950,2,4
"2025000029733",3,9,3,0,0,0,2,2,28,1598,1,13
"2025000029734",2,9,7,2,0,0,1,1,26,1598,1,14
"2025000029734",1,11,19,1,0,0,1,1,39,4500,2,9
"2025000029735",2,9,2,0,0,0,2,1,32,1968,2,15
"2025000029735",1,9,19,0,0,0,1,1,37,1998,1,18
"2025000029736",1,11,19,0,0,0,0,1,33,9000,2,14
"2025000029737",1,1,19,1,0,0,1,3,-1,-1,-1,-1
"2025000029737",2,9,19,1,0,0,2,1,30,-1,-1,-1
"2025000029738",2,9,19,4,0,0,1,1,63,-1,-1,-1
"2025000029738",1,9,9,4,0,0,3,2,31,1998,1,1
"2025000029739",2,9,19,0,0,0,2,1,33,1242,1,10
"2025000029739",1,9,19,0,0,0,2,1,39,1498,1,4
"2025000029739",5,19,11,0,0,0,1,1,25,1995,2,2
"2025000029739",4,9,19,0,0,0,2,1,46,1499,2,0
"2025000029739",3,9,19,0,0,0,2,2,35,1998,2,10
"2025000029740",1,9,99,9,9,99,9,1,30,-1,-1,-1
"2025000029740",2,9,99,9,9,99,9,3,-1,-1,-1,-1
"2025000029741",2,11,19,3,0,0,4,1,49,7300,2,13
"2025000029741",1,1,19,8,1,0,4,1,14,-1,-1,-1
"2025000029742",2,9,19,1,0,0,3,1,42,1984,1,3
"2025000029742",1,-1,19,8,0,0,1,1,12,-1,-1,-1
"2025000029743",1,9,7,8,0,0,4,1,65,2987,2,5
"2025000029743",2,1,15,8,5,0,1,1,46,-1,-1,-1
"2025000029744",2,90,13,1,0,0,1,1,41,2287,2,1
"2025000029744",1,9,5,1,0,0,1,2,52,1560,2,7
"2025000029745",2,9,10,8,0,0,1,1,51,-1,-1,-1
"2025000029745",3,9,10,1,0,0,1,1,47,1798,8,7
"2025000029745",1,9,19,8,0,0,1,1,31,1461,2,5
"2025000029746",3,9,3,0,0,0,2,1,69,1598,1,12
"2025000029746",1,9,4,0,0,0,1,1,33,1499,2,5
"2025000029746",2,9,3,0,0,0,2,1,33,1995,2,13
"2025000029747",1,9,19,0,1,0,1,1,43,-1,-1,-1
"2025000029747",2,9,19,0,1,0,1,2,68,-1,-1,-1
"2025000029748",1,9,19,0,0,0,1,1,24,2967,2,8
"2025000029748",2,9,19,0,0,0,0,1,40,2993,2,5
"2025000029749",2,9,11,4,0,0,3,1,19,1397,1,10
"2025000029749",1,9,19,4,0,0,4,3,-1,1229,1,16
"2025000029750",1,9,3,1,0,9,2,1,26,2993,2,6
"2025000029750",2,9,4,1,0,0,1,2,40,999,1,1
"2025000029751",2,9,4,0,0,0,2,2,24,1598,2,10
"2025000029751",1,19,4,0,0,0,1,1,51,1995,2,3
"2025000029752",1,9,-1,1,0,0,1,2,67,1199,1,1
"2025000029752",2,9,4,1,0,0,2,1,23,1796,1,11
"2025000029753",3,9,19,0,0,0,1,2,23,2143,2,7
"2025000029753",1,19,19,0,0,0,1,1,54,2143,2,2
"2025000029753",2,9,19,0,0,0,1,2,60,1998,2,13
"2025000029754",1,19,11,0,5,10,4,1,31,1753,2,8
"2025000029755",2,20,19,0,0,0,2,1,41,2998,2,2
"2025000029755",1,9,19,0,1,0,3,1,23,2488,8,1
"2025000029756",1,9,9,5,0,0,1,3,-1,1968,2,15
"2025000029757",1,3,4,0,1,0,0,1,18,125,1,6
"2025000029758",2,1,19,0,0,0,1,1,13,-1,-1,-1
"2025000029758",1,9,19,0,0,0,1,1,32,1998,8,2
"2025000029759",3,3,19,0,0,0,0,1,17,124,1,11
"2025000029759",2,3,19,0,0,0,2,1,17,125,1,11
"2025000029759",1,3,19,0,0,0,2,1,17,124,1,16
"2025000029760",2,19,19,1,0,0,1,1,24,1995,2,1
"2025000029760",1,9,19,1,1,0,2,1,24,2143,2,5
"2025000029761",2,9,19,1,0,0,1,1,31,2171,1,24
"2025000029761",1,9,9,1,0,0,1,2,59,999,1,1
"2025000029762",2,9,99,9,9,99,1,2,-1,-1,-1,-1
"2025000029762",1,1,99,9,9,99,2,1,45,-1,-1,-1
"2025000029763",1,9,19,0,0,0,1,3,-1,1598,1,18
"2025000029764",1,9,19,9,9,99,2,2,35,1339,8,11
"2025000029765",1,3,19,0,1,0,0,2,33,125,1,3
"2025000029766",1,19,19,0,0,12,1,1,28,-1,3,1
"2025000029767",1,8,9,1,0,0,1,1,72,1798,1,7
"2025000029768",2,9,99,0,9,99,9,3,-1,1797,8,12
"2025000029768",1,3,99,0,9,99,9,1,32,125,1,5
"2025000029769",1,9,5,8,0,0,1,2,34,1560,2,11
"2025000029769",2,9,19,8,0,0,4,2,38,1968,2,8
"2025000029770",1,9,4,0,0,0,1,2,24,2143,2,10
"2025000029770",2,1,19,0,0,4,1,1,12,-1,-1,-1
"2025000029771",1,9,19,1,0,0,1,1,31,1390,1,15
"2025000029771",2,9,4,1,0,0,2,1,48,1998,8,0
"2025000029772",1,19,19,0,0,5,1,1,30,1995,2,2
"2025000029773",1,19,4,5,0,0,1,1,48,1950,2,1
"2025000029773",2,9,13,1,0,0,1,2,71,1580,8,4
"2025000029774",2,9,19,1,0,0,1,1,26,1560,2,12
"2025000029774",1,9,19,1,0,0,3,2,37,1968,2,4
"2025000029775",2,3,19,8,1,0,4,2,22,125,1,3
"2025000029775",1,19,9,1,0,0,3,1,41,1248,2,11
"2025000029776",1,9,12,0,0,0,3,3,-1,2401,2,14
"2025000029776",2,9,-1,0,0,0,4,1,36,1360,1,21
"2025000029777",2,9,4,1,0,0,2,1,61,1199,1,0
"2025000029777",1,9,19,1,0,0,1,1,52,1497,8,16
"2025000029778",1,9,19,1,0,0,1,2,58,-1,-1,-1
"2025000029778",2,9,19,8,0,0,1,2,38,1999,2,1
"2025000029779",1,9,19,0,2,0,4,1,24,1248,2,15
"2025000029780",1,9,7,3,0,0,1,1,57,1242,1,17
"2025000029780",2,1,7,8,0,0,3,1,73,-1,-1,-1
"2025000029781",1,9,19,2,0,11,4,1,35,998,1,4
"2025000029782",1,9,9,8,0,0,3,1,-1,2179,2,11
"2025000029782",2,19,19,1,0,0,1,1,21,-1,-1,-1
"2025000029783",2,1,19,1,0,0,1,1,29,-1,-1,-1
"2025000029783",1,9,9,1,0,0,1,2,21,998,1,13
"2025000029784",1,9,5,6,0,0,4,1,39,1599,1,15
"2025000029784",2,11,19,8,0,0,1,1,41,13000,2,7
"2025000029785",2,9,11,0,0,7,3,2,29,1490,1,11
"2025000029785",4,21,19,0,0,0,3,1,46,6700,2,1
"2025000029785",5,9,19,0,0,0,1,1,31,1596,1,12
"2025000029785",1,9,15,0,0,0,0,1,22,1242,1,7
"2025000029785",3,21,19,0,0,7,1,1,52,6700,2,4
"2025000029786",2,99,14,0,0,0,4,3,-1,-1,-1,-1
"2025000029786",1,9,3,0,0,0,3,2,44,1198,1,13
"2025000029787",2,9,19,0,0,0,3,1,20,1995,1,12
"2025000029787",1,9,19,0,0,0,3,1,-1,1998,2,14
"2025000029788",1,9,19,0,0,0,1,1,47,-1,-1,-1
"2025000029788",2,9,19,0,0,0,1,1,69,1968,2,8
"2025000029789",1,9,19,0,0,0,4,1,43,2993,2,4
"2025000029790",1,9,19,0,1,0,1,1,22,1398,1,11
"2025000029790",2,9,19,0,0,0,1,1,55,1329,1,10
"2025000029791",1,9,19,0,5,0,3,1,49,3745,1,1
"2025000029792",2,1,19,8,0,0,1,1,35,-1,-1,-1
"2025000029792",1,90,7,5,0,0,1,1,54,-1,-1,-1
"2025000029793",1,9,9,6,0,0,1,2,80,998,1,4
"2025000029793",2,1,19,8,0,0,4,2,58,-1,-1,-1
"2025000029794",2,1,99,9,9,99,9,1,-1,-1,-1,-1
"2025000029794",1,9,99,9,9,99,9,1,56,2496,1,22
"2025000029795",2,9,19,8,1,0,1,1,21,1388,1,13
"2025000029795",1,9,7,6,1,0,3,1,22,1498,1,5
"2025000029796",2,97,19,8,0,0,3,1,20,-1,-1,-1
"2025000029796",1,9,9,5,0,0,1,1,23,1229,1,13
"2025000029797",2,1,9,1,0,0,3,1,42,-1,-1,-1
"2025000029797",1,9,9,6,0,0,1,2,20,1598,2,9
"2025000029798",2,2,19,8,0,0,1,1,17,49,1,12
"2025000029798",1,9,7,6,0,0,3,2,49,898,1,6
"2025000029799",1,9,19,0,0,0,4,3,-1,-1,-1,-1
"2025000029800",2,18,19,0,0,0,3,1,61,-1,-1,-1
"2025000029800",1,21,19,0,0,0,1,1,60,7698,2,4
"2025000029801",1,3,19,8,0,0,2,1,23,125,1,2
"2025000029801",2,9,9,5,0,0,1,3,-1,1995,2,9
"2025000029802",1,9,19,0,5,0,4,1,75,998,1,9
"2025000029803",2,9,2,0,0,0,1,3,60,-1,-1,-1
"2025000029803",1,9,4,0,0,4,1,1,35,-1,-1,-1
"2025000029804",1,9,9,5,0,0,1,3,-1,2183,2,11
"2025000029805",7,9,2,2,0,0,4,3,-1,1242,1,17
"2025000029805",1,9,19,1,0,4,1,3,-1,-1,-1,-1
"2025000029805",2,9,19,1,0,0,3,1,69,1198,1,12
"2025000029805",5,9,2,2,0,0,3,3,-1,1612,1,12
"2025000029805",8,1,19,2,0,0,2,1,84,-1,-1,-1
"2025000029805",6,9,2,2,0,0,2,3,-1,1968,2,13
"2025000029805",3,9,2,2,0,0,3,3,-1,1984,1,5
"2025000029805",4,9,2,2,0,0,3,3,-1,1797,8,8
"2025000029806",1,1,4,0,0,0,1,1,82,-1,-1,-1
"2025000029806",2,9,13,0,0,0,4,1,71,1560,2,10
"2025000029807",1,9,19,1,0,0,1,1,53,-1,-1,-1
"2025000029808",1,9,4,0,0,0,0,1,38,1968,2,9
"2025000029808",2,9,19,0,0,0,2,2,35,1598,1,7
"2025000029809",1,11,4,0,0,0,0,2,42,10667,2,2
"2025000029810",1,9,19,0,0,0,4,1,20,1995,2,15
"2025000029810",2,1,19,0,0,0,1,1,63,-1,-1,-1
"2025000029811",1,9,15,0,0,0,1,3,-1,-1,-1,-1
"2025000029812",2,9,19,8,0,0,1,1,71,1991,8,1
"2025000029812",1,9,7,8,0,0,1,1,20,998,1,5
"2025000029813",2,11,19,0,0,0,3,1,36,5132,2,3
"2025000029813",1,21,9,0,0,0,4,1,50,12900,2,11
"2025000029814",1,9,7,8,0,0,1,1,41,1995,2,5
"2025000029815",1,1,99,9,9,99,9,2,31,-1,-1,-1
"2025000029815",2,9,99,9,9,99,1,3,-1,1798,8,7
"2025000029816",1,9,19,1,0,0,1,2,37,1364,1,15
"2025000029817",1,9,19,2,0,0,1,2,56,1598,2,6
"2025000029818",1,9,19,1,0,0,1,1,27,1998,8,3
"2025000029819",2,9,19,0,0,0,1,1,64,1498,8,4
"2025000029819",1,9,19,0,1,0,4,2,25,1998,1,32
"2025000029820",2,19,19,0,0,0,1,1,34,2198,2,3
"2025000029820",3,9,19,0,0,0,2,3,-1,1461,2,3
"2025000029820",1,9,19,0,0,0,2,1,40,2993,2,2
"2025000029821",1,9,19,1,0,0,4,1,40,1328,1,15
"2025000029821",2,9,9,1,0,0,4,2,45,1199,1,4
"2025000029822",1,9,19,2,0,0,4,2,53,898,1,7
"2025000029823",2,1,19,0,0,8,1,1,24,-1,-1,-1
"2025000029823",1,9,2,0,0,0,3,3,-1,1493,2,15
"2025000029824",1,9,1,0,0,0,2,1,43,1798,8,11
"2025000029825",2,3,99,9,9,99,1,3,-1,108,1,9
"2025000029825",1,1,99,9,9,99,9,1,49,-1,-1,-1
"2025000029826",1,3,19,0,0,0,1,1,49,125,1,0
"2025000029827",1,9,2,8,0,0,0,1,38,1248,2,11
"2025000029827",2,9,19,8,5,10,0,2,54,1200,1,2
"2025000029828",2,9,9,8,0,0,1,1,18,999,1,4
"2025000029828",1,9,19,8,0,0,3,1,69,1560,2,9
"2025000029829",1,9,14,1,0,0,4,1,57,1999,2,2
"2025000029829",3,9,3,2,0,0,0,2,58,1596,1,7
"2025000029829",2,11,2,2,0,0,0,1,62,8268,2,17
"2025000029830",1,9,9,2,0,0,1,2,29,1995,2,9
"2025000029830",2,5,19,1,0,0,1,1,50,1130,1,17
"2025000029831",2,9,8,1,0,0,2,2,33,-1,-1,-1
"2025000029831",1,9,-1,1,0,0,1,2,28,1242,1,15
"2025000029832",1,9,19,1,0,0,1,2,32,1398,2,14
"2025000029833",1,9,19,8,0,0,1,2,29,1390,1,10
"2025000029833",2,5,19,8,0,0,1,3,-1,689,1,4
"2025000029834",1,11,19,1,0,0,0,1,62,4500,2,9
"2025000029835",1,9,19,0,1,0,1,2,24,1461,2,14