"collision_index","vehicle_reference","vehicle_type","vehicle_manoeuvre","junction_location","skidding_and_overturning","hit_object_in_carriageway","first_point_of_impact","sex_of_driver","age_of_driver","engine_capacity_cc","propulsion_code","age_of_vehicle"
"2025000029836",2,1,99,9,9,99,9,2,10,-1,-1,-1
"2025000029836",1,9,99,9,9,99,2,2,54,1591,1,3
"2025000029837",2,9,19,0,0,0,2,1,24,999,1,1
"2025000029837",1,9,19,0,0,0,1,1,48,1598,1,5
"2025000029838",1,11,5,0,0,0,1,1,68,4500,2,3
"2025000029838",2,9,3,0,0,0,2,2,26,1496,2,5
"2025000029839",1,3,99,9,9,99,1,1,25,125,1,2
"2025000029839",2,9,99,9,9,99,9,1,55,1796,1,12
"2025000029840",1,9,15,1,0,0,3,3,-1,-1,-1,-1
"2025000029841",2,3,19,1,2,0,1,1,27,125,1,2
"2025000029841",1,9,7,6,0,0,1,1,49,999,1,5
"2025000029842",2,8,19,8,0,0,4,1,55,1995,2,7
"2025000029842",1,9,19,6,0,0,1,2,52,1199,1,1
"2025000029843",1,9,19,1,0,0,4,1,71,998,1,2
"2025000029843",2,1,19,8,5,0,3,1,20,-1,-1,-1
"2025000029844",2,9,19,2,0,0,3,1,33,1896,2,13
"2025000029844",1,22,14,1,0,0,1,2,16,-1,-1,-1
"2025000029845",3,19,13,0,0,0,4,1,22,-1,-1,-1
"2025000029845",2,9,19,0,0,0,2,2,18,-1,-1,-1
"2025000029845",1,9,19,0,0,0,1,1,27,3189,1,16
"2025000029846",1,9,1,0,0,0,2,1,-1,-1,-1,-1
"2025000029847",2,9,99,9,9,99,4,3,-1,-1,-1,-1
"2025000029847",1,1,99,9,9,99,9,1,40,-1,-1,-1
"2025000029848",2,9,19,1,0,0,1,2,28,999,1,0
"2025000029848",1,3,19,2,0,0,3,1,22,108,1,7
"2025000029849",1,9,19,1,0,0,1,1,25,-1,-1,-1
"2025000029850",2,21,12,0,0,0,4,1,22,12419,2,7
"2025000029850",1,9,19,0,0,0,3,2,20,1360,1,14
"2025000029851",1,9,12,0,0,0,1,1,30,-1,-1,-1
"2025000029851",2,9,19,0,0,0,1,1,49,1560,2,10
"2025000029852",3,9,19,0,0,0,0,1,34,1995,2,3
"2025000029852",2,9,19,0,0,0,3,3,-1,-1,-1,-1
"2025000029852",1,9,4,0,0,0,3,1,20,1198,1,8
"2025000029853",1,9,19,4,9,99,1,1,25,1968,2,1
"2025000029853",2,9,99,8,9,99,2,3,-1,-1,-1,-1
"2025000029854",1,9,19,0,0,0,1,3,-1,-1,-1,-1
"2025000029855",2,9,2,0,1,0,2,2,61,1364,1,6
"2025000029855",1,9,19,0,1,4,1,1,23,2995,1,6
"2025000029856",2,9,19,0,0,0,2,1,36,1968,2,17
"2025000029856",1,9,19,0,0,0,1,1,49,1497,8,6
"2025000029857",1,3,19,8,9,0,4,1,22,125,1,6
"2025000029857",2,9,14,8,9,0,3,3,-1,1150,1,13
"2025000029858",2,9,19,0,0,0,2,2,24,-1,-1,-1
"2025000029858",1,9,19,0,0,0,1,2,26,998,1,9
"2025000029859",2,9,99,9,9,99,1,3,47,1199,1,19
"2025000029859",1,3,99,9,9,99,9,1,23,124,1,3
"2025000029860",2,9,8,0,-1,0,1,2,-1,2231,2,11
"2025000029860",1,9,1,0,0,0,2,2,45,1490,8,2
"2025000029861",3,21,19,0,0,0,1,1,61,10837,2,7
"2025000029861",1,21,12,0,0,0,4,1,33,-1,-1,-1
"2025000029861",2,9,19,0,0,0,2,1,59,1149,1,9
"2025000029862",1,9,19,0,1,0,3,1,-1,1984,1,15
"2025000029862",2,20,19,0,1,0,3,1,30,2287,2,6
"2025000029863",1,9,5,2,0,0,0,1,34,1461,2,7
"2025000029864",4,9,4,1,0,0,1,1,26,1598,2,6
"2025000029864",3,9,4,1,0,0,2,1,19,1590,1,16
"2025000029864",1,9,9,1,0,0,0,2,27,1461,2,8
"2025000029864",2,9,4,1,0,0,2,2,52,1999,2,2
"2025000029865",1,11,19,1,0,0,0,1,47,5132,2,5
"2025000029866",1,9,99,9,9,99,1,3,-1,-1,-1,-1
"2025000029867",2,9,99,9,9,99,1,1,37,-1,-1,-1
"2025000029867",1,9,19,8,0,0,2,1,29,1395,1,4
"2025000029868",1,9,-1,0,5,0,1,1,20,999,1,2
"2025000029869",1,9,19,0,0,0,4,2,66,1685,2,6
"2025000029869",3,19,2,0,0,0,4,3,40,-1,-1,-1
"2025000029869",2,9,2,0,0,0,3,3,40,1339,1,13
"2025000029870",1,9,19,0,0,0,4,1,51,-1,-1,-1
"2025000029871",2,1,19,2,0,0,1,1,41,-1,-1,-1
"2025000029871",1,9,3,2,0,0,2,1,58,1360,1,13
"2025000029872",1,9,19,0,0,0,1,2,61,1685,2,6
"2025000029873",1,9,19,1,0,0,3,1,44,1499,1,5
"2025000029873",2,9,9,1,0,0,1,2,51,1998,8,8
"2025000029874",1,9,19,0,0,0,1,1,34,-1,3,5
"2025000029875",1,11,19,8,0,0,4,1,23,-1,3,4
"2025000029875",2,20,3,1,0,0,0,1,33,4485,2,5
"2025000029876",1,11,7,2,0,0,4,1,36,10838,2,7
"2025000029877",1,9,9,5,0,0,4,1,29,1349,1,11
"2025000029877",2,2,19,8,0,0,1,1,28,125,1,1
"2025000029878",1,11,19,0,0,0,3,1,63,6700,2,9
"2025000029878",2,9,13,0,0,0,1,1,23,1242,1,8
"2025000029879",1,9,19,0,0,0,1,1,55,-1,-1,-1
"2025000029880",2,9,19,0,0,0,3,1,32,2996,1,16
"2025000029880",1,9,19,0,1,0,1,1,41,2179,2,14
"2025000029880",3,9,4,0,0,0,1,2,31,1500,2,5
"2025000029881",1,9,19,0,0,0,1,1,41,2979,1,4
"2025000029882",2,1,19,0,5,0,3,2,58,-1,-1,-1
"2025000029882",1,-1,13,0,0,0,4,3,-1,-1,-1,-1
"2025000029883",1,9,19,0,0,7,1,2,37,1560,2,12
"2025000029884",1,-1,19,1,0,0,3,1,16,-1,-1,-1
"2025000029884",2,9,13,1,0,0,4,3,-1,-1,-1,-1
"2025000029885",2,9,19,0,0,0,2,2,25,1242,1,9
"2025000029885",1,9,19,0,1,0,1,1,28,2993,12,1
"2025000029886",1,1,19,1,5,0,1,1,12,-1,-1,-1
"2025000029886",2,9,19,1,0,0,4,1,68,1999,1,16
"2025000029887",3,9,10,1,0,0,2,2,57,998,1,1
"2025000029887",1,9,19,1,0,0,0,2,50,996,1,12
"2025000029887",2,9,19,1,0,0,2,1,71,1328,1,7
"2025000029888",1,9,19,0,0,0,3,1,21,1595,1,5
"2025000029889",2,9,19,1,0,0,1,1,-1,1364,1,17
"2025000029889",1,9,3,1,0,0,2,2,26,999,1,1
"2025000029890",1,9,4,0,0,0,3,1,51,-1,3,1
"2025000029890",2,9,13,0,0,0,4,1,34,-1,-1,-1
"2025000029891",2,9,19,0,0,0,1,1,33,1598,2,9
"2025000029891",1,9,19,0,0,0,3,1,55,1995,1,11
"2025000029892",1,3,19,3,0,0,4,1,25,124,1,17
"2025000029892",2,9,19,3,0,0,2,2,47,1498,1,2
"2025000029893",1,9,4,1,0,0,3,1,91,1246,1,17
"2025000029893",3,19,3,1,0,0,1,1,54,1753,2,13
"2025000029893",2,9,4,1,0,0,3,2,28,1390,1,15
"2025000029894",3,21,3,4,0,0,4,1,38,15607,2,7
"2025000029894",2,9,19,8,0,0,3,1,58,998,1,3
"2025000029894",1,9,19,8,0,0,1,1,27,1490,1,14
"2025000029895",1,9,19,8,0,0,2,1,59,-1,-1,-1
"2025000029895",2,1,19,8,0,0,2,1,69,-1,-1,-1
"2025000029896",1,9,1,2,0,0,2,2,62,1598,8,1
"2025000029896",2,1,19,1,0,0,1,1,41,-1,-1,-1
"2025000029897",2,19,7,5,0,0,2,1,47,2287,2,3
"2025000029897",1,1,19,1,1,0,0,1,28,-1,-1,-1
"2025000029898",2,19,19,0,0,0,1,1,34,2402,2,15
"2025000029898",1,9,2,0,0,0,3,3,-1,1896,2,12
"2025000029899",1,9,19,1,0,99,1,3,-1,-1,-1,-1
"2025000029900",1,9,9,1,0,0,1,2,50,1968,2,10
"2025000029900",2,9,-1,-1,-1,-1,-1,3,-1,4999,1,1
"2025000029901",1,9,19,8,0,10,4,1,58,1598,1,14
"2025000029902",1,9,19,0,0,0,1,2,43,2000,2,18
"2025000029902",2,19,4,0,0,0,4,1,26,2200,2,2
"2025000029903",1,9,19,8,0,0,4,2,-1,1248,1,13
"2025000029903",2,9,19,4,0,0,1,1,-1,-1,-1,-1
"2025000029904",2,9,4,1,0,0,1,2,27,1984,1,0
"2025000029904",1,9,7,8,0,0,2,1,21,998,1,3
"2025000029905",1,9,4,1,0,0,1,2,30,1598,2,8
"2025000029905",2,9,3,1,0,0,2,1,32,1299,1,13
"2025000029906",1,9,19,1,0,0,1,1,50,1797,8,9
"2025000029907",1,11,5,1,0,0,0,1,62,5132,2,6
"2025000029908",2,1,19,8,0,0,2,1,24,-1,-1,-1
"2025000029908",1,19,9,5,0,0,1,1,24,-1,-1,-1
"2025000029909",2,9,7,6,0,0,3,2,80,1341,1,17
"2025000029909",1,1,19,8,0,0,1,1,76,-1,-1,-1
"2025000029910",1,9,19,0,0,0,1,2,30,-1,-1,-1
"2025000029911",1,8,12,2,0,0,1,1,58,1598,2,6
"2025000029912",1,9,19,0,0,0,4,2,52,1998,1,4
"2025000029913",3,9,2,0,0,4,1,2,32,1398,1,10
"2025000029913",2,19,2,0,0,4,2,1,33,1560,2,7
"2025000029913",1,9,19,0,1,4,1,2,58,1198,1,9
"2025000029914",1,19,99,9,9,99,2,1,34,1248,2,4
"2025000029915",2,9,19,1,1,0,1,1,35,2993,2,12
"2025000029915",1,9,19,6,0,0,2,1,17,1242,1,11
"2025000029916",2,1,19,8,2,0,0,2,49,-1,-1,-1
"2025000029916",1,9,7,4,0,0,0,2,47,1995,2,15
"2025000029917",1,9,19,8,0,0,4,2,34,1498,1,1
"2025000029917",2,9,19,8,0,0,1,3,30,-1,-1,-1
"2025000029918",1,9,12,8,0,0,4,1,61,999,1,8
"2025000029918",2,9,19,8,0,0,3,3,-1,-1,-1,-1
"2025000029919",1,1,9,8,0,0,3,1,62,-1,-1,-1
"2025000029920",1,9,19,0,0,10,1,1,80,2157,2,0
"2025000029921",1,5,19,2,2,0,4,1,53,1170,1,10
"2025000029921",2,9,19,1,0,0,0,1,52,1984,1,3
"2025000029922",1,19,11,1,0,0,1,1,28,2198,2,8
"2025000029922",3,9,3,1,0,0,2,2,61,1248,1,3
"2025000029922",2,9,3,1,1,0,2,1,69,1368,1,2
"2025000029922",4,9,4,1,0,0,3,2,61,1968,2,12
"2025000029923",1,9,9,8,0,0,1,1,65,1686,2,11
"2025000029923",2,5,19,1,2,0,1,1,47,749,1,8
"2025000029924",2,9,3,0,0,0,2,1,40,1200,1,9
"2025000029924",1,9,19,0,0,0,1,1,-1,-1,-1,-1
"2025000029925",1,3,19,1,0,0,0,3,45,124,1,18
"2025000029925",2,3,13,1,5,0,1,1,21,124,1,9
"2025000029925",3,9,9,1,0,0,3,2,56,1461,2,9
"2025000029926",1,9,19,4,0,0,1,1,18,1198,1,19
"2025000029926",2,3,19,8,0,0,4,1,17,124,1,13
"2025000029927",1,9,19,0,1,0,4,1,50,1242,1,16
"2025000029927",2,9,19,0,0,0,4,1,24,1395,1,8
"2025000029928",1,9,4,0,0,0,1,2,41,-1,-1,-1
"2025000029928",2,3,5,0,0,0,1,1,22,-1,-1,-1
"2025000029929",2,1,19,8,0,0,3,2,41,-1,-1,-1
"2025000029929",1,9,5,6,0,0,1,2,47,1999,2,7
"2025000029930",2,9,99,9,9,99,1,3,29,1598,1,9
"2025000029930",1,9,99,9,9,99,2,1,46,1798,8,7
"2025000029931",1,9,19,0,1,0,1,1,22,1998,1,6
"2025000029932",1,98,19,0,0,0,1,1,33,-1,-1,-1
"2025000029932",2,9,19,0,0,0,1,1,50,1399,1,4
"2025000029933",1,20,1,0,0,0,2,3,-1,-1,-1,-1
"2025000029933",2,9,2,0,0,0,2,2,59,1242,1,18
"2025000029934",2,9,19,8,0,0,1,2,43,1798,8,2
"2025000029934",1,9,19,8,0,0,1,2,64,1497,8,8
"2025000029935",1,9,14,0,0,4,1,1,22,1496,2,1
"2025000029935",2,11,5,0,0,0,2,1,30,6700,2,9
"2025000029936",3,9,2,1,0,0,3,3,-1,2792,1,22
"2025000029936",2,9,2,1,0,10,4,3,-1,1968,2,3
"2025000029936",1,9,19,1,5,4,3,2,20,1248,1,6
"2025000029937",1,9,19,8,0,0,4,2,-1,-1,-1,-1
"2025000029937",2,9,19,4,0,0,1,1,-1,-1,-1,-1
"2025000029938",1,9,19,2,0,10,2,1,20,1248,2,6
"2025000029939",2,9,99,5,9,99,9,1,77,1598,1,11
"2025000029939",1,1,99,1,9,99,9,1,30,-1,-1,-1
"2025000029940",2,19,99,9,9,99,1,3,50,1968,2,2
"2025000029940",1,1,99,9,9,99,9,1,21,-1,-1,-1
"2025000029941",2,9,19,0,0,0,1,1,61,2198,2,14
"2025000029941",1,1,19,0,0,0,4,1,52,-1,-1,-1
"2025000029942",2,9,2,0,0,8,3,3,-1,-1,-1,-1
"2025000029942",1,3,15,0,5,8,1,1,27,125,1,3
"2025000029943",1,9,19,2,0,0,1,2,27,1685,2,7
"2025000029944",1,1,19,9,9,99,9,2,-1,-1,-1,-1
"2025000029944",2,9,7,9,5,99,9,3,-1,-1,-1,-1
"2025000029945",1,23,19,6,0,0,1,1,12,-1,-1,-1
"2025000029945",2,9,3,1,0,0,2,2,-1,-1,-1,-1
"2025000029946",1,3,99,9,9,99,9,1,31,-1,-1,-1
"2025000029946",2,9,99,9,9,99,9,3,-1,999,1,0
"2025000029947",1,9,13,1,0,0,4,1,-1,-1,-1,-1
"2025000029947",2,1,19,1,0,0,3,2,50,-1,-1,-1
"2025000029948",1,9,19,8,0,0,1,3,45,-1,-1,-1
"2025000029948",2,9,19,8,0,0,4,1,69,1595,1,18
"2025000029949",1,9,19,0,0,0,3,2,42,2268,2,8
"2025000029949",2,19,19,0,0,0,4,1,70,1968,2,3
"2025000029949",4,9,19,0,0,0,0,3,-1,-1,-1,-1
"2025000029949",3,9,19,0,0,0,0,3,-1,-1,-1,-1
"2025000029950",2,1,19,0,0,0,1,1,67,-1,-1,-1
"2025000029950",1,9,1,0,0,0,2,1,27,1560,2,12
"2025000029951",1,1,19,8,0,0,4,2,49,-1,-1,-1
"2025000029951",2,9,5,5,0,0,1,2,54,1248,1,5
"2025000029952",1,9,19,5,5,10,3,1,42,1968,2,14
"2025000029953",1,3,99,9,9,99,9,1,19,125,1,1
"2025000029953",2,9,99,9,9,99,1,3,-1,1968,2,9
"2025000029954",2,9,19,0,0,0,3,3,-1,-1,-1,-1
"2025000029954",1,9,2,0,0,0,3,1,36,1999,2,6
"2025000029955",1,9,19,2,0,10,1,3,-1,-1,-1,-1
"2025000029956",1,9,19,0,0,0,1,2,28,1461,2,8
"2025000029957",2,9,19,0,0,0,2,2,35,2993,2,9
"2025000029957",5,19,19,0,0,0,2,1,36,1461,2,2
"2025000029957",7,9,19,0,0,0,1,1,53,1997,2,3
"2025000029957",3,9,19,0,0,0,2,1,32,1598,2,8
"2025000029957",8,9,19,0,0,0,2,2,54,1198,1,12
"2025000029957",1,9,19,0,0,0,1,2,27,1461,2,3
"2025000029957",4,9,19,0,0,0,1,1,-1,1984,1,13
"2025000029957",6,9,19,0,0,0,2,1,32,2000,2,10
"2025000029958",2,19,2,8,0,0,2,3,-1,1995,2,4
"2025000029958",1,9,19,8,0,4,1,1,42,-1,-1,-1
"2025000029959",1,9,7,8,0,0,4,3,-1,998,1,10
"2025000029959",2,1,19,8,0,0,3,1,21,-1,-1,-1
"2025000029960",2,3,19,8,5,0,1,1,24,125,1,1
"2025000029960",1,9,10,5,0,0,1,1,28,1598,1,14
"2025000029961",1,9,5,8,0,0,3,1,27,1995,2,8
"2025000029961",2,1,9,8,5,0,1,1,44,-1,-1,-1
"2025000029962",1,9,19,0,0,0,4,2,70,1595,1,7
"2025000029962",2,1,19,0,0,0,3,2,57,-1,-1,-1
"2025000029963",1,9,7,0,0,0,1,1,-1,-1,-1,-1
"2025000029963",2,1,19,0,0,0,4,2,16,-1,-1,-1
"2025000029964",1,9,19,0,5,0,1,1,18,1149,1,16
"2025000029965",1,9,9,5,5,0,1,1,30,1686,2,10
"2025000029966",1,9,1,1,0,0,2,1,34,1598,2,3
"2025000029966",2,9,3,1,0,0,1,2,51,1360,1,14
"2025000029967",1,9,19,0,0,0,1,2,91,1248,1,6
"2025000029968",2,9,19,0,0,0,1,2,24,999,1,4
"2025000029968",1,9,19,0,0,0,1,2,31,1595,1,6
"2025000029969",1,2,5,4,0,0,3,2,36,-1,-1,-1
"2025000029969",2,9,5,4,0,0,1,1,51,-1,-1,-1
"2025000029970",1,1,99,9,9,99,1,2,55,-1,-1,-1
"2025000029970",2,9,99,9,9,99,9,3,-1,-1,-1,-1
"2025000029971",1,9,5,0,0,0,1,1,36,1360,1,12
"2025000029972",2,19,19,0,0,0,3,1,31,1995,2,3
"2025000029972",1,97,19,0,1,0,3,1,51,-1,-1,-1
"2025000029973",2,9,7,2,0,0,3,1,30,1397,1,14
"2025000029973",1,9,2,2,0,0,0,2,40,-1,3,1
"2025000029974",1,9,19,0,0,0,1,1,33,-1,-1,-1
"2025000029975",1,9,7,8,0,0,0,1,33,1499,2,6
"2025000029975",2,3,19,1,0,0,0,1,20,108,1,8
"2025000029976",2,9,4,0,0,0,2,1,63,1598,1,11
"2025000029976",1,9,19,0,0,0,1,1,30,-1,-1,-1
"2025000029977",2,9,19,1,5,0,4,3,-1,1951,2,18
"2025000029977",1,9,19,1,0,0,1,1,35,1796,1,13
"2025000029978",2,1,19,1,0,0,1,1,47,-1,-1,-1
"2025000029978",1,9,5,2,0,0,4,2,41,1388,1,15
"2025000029979",1,9,9,1,0,0,3,1,32,-1,-1,-1
"2025000029979",2,9,19,1,0,0,1,1,40,2993,12,1
"2025000029980",2,9,3,0,0,0,1,2,23,1364,1,3
"2025000029980",1,9,3,0,0,0,2,1,38,1560,2,8
"2025000029981",1,9,2,0,0,0,0,3,-1,1998,2,1
"2025000029981",3,9,19,0,0,0,0,2,43,998,1,15
"2025000029981",2,9,19,0,0,0,4,1,68,1591,1,3
"2025000029982",1,9,19,8,0,0,1,1,54,-1,3,1
"2025000029983",1,9,-1,-1,-1,-1,-1,1,30,1998,1,2
"2025000029983",2,9,9,1,0,0,1,1,44,1798,8,4
"2025000029984",2,1,19,0,0,0,4,1,41,-1,-1,-1
"2025000029984",1,19,19,0,0,0,4,1,57,1968,2,3
"2025000029985",1,9,5,6,0,0,1,3,30,1499,1,1
"2025000029985",2,9,19,1,0,0,1,1,63,1968,2,9
"2025000029986",2,5,19,0,0,0,1,1,54,749,1,11
"2025000029986",1,17,7,0,0,0,0,3,-1,-1,-1,-1
"2025000029987",1,8,9,1,0,0,1,1,54,1477,8,2
"2025000029987",2,1,19,1,0,0,1,1,61,-1,-1,-1
"2025000029988",1,9,19,6,0,0,3,2,48,1598,1,8
"2025000029988",2,9,19,8,0,0,1,2,19,998,1,9
"2025000029989",1,9,19,2,0,0,1,1,78,-1,3,7
"2025000029990",1,-1,19,1,0,0,0,2,14,-1,-1,-1
"2025000029991",1,9,19,0,0,0,1,1,27,1595,1,4
"2025000029991",2,9,19,0,0,0,1,1,34,1685,2,9
"2025000029992",1,9,19,0,0,0,1,2,20,1591,1,12
"2025000029993",1,9,12,0,1,11,3,1,51,1598,1,15
"2025000029993",2,9,19,0,1,11,4,1,77,999,1,6
"2025000029994",1,3,19,1,0,0,1,1,35,125,1,0
"2025000029994",2,9,10,5,0,0,1,1,39,2143,2,6
"2025000029995",1,9,19,0,0,0,1,1,-1,1120,2,9
"2025000029995",2,9,19,0,0,0,1,1,32,1984,1,2
"2025000029996",1,9,19,2,0,0,1,1,53,1998,1,15
"2025000029997",1,9,19,0,0,0,1,2,21,1395,1,5
"2025000029998",2,9,19,0,0,0,2,1,63,1364,1,6
"2025000029998",1,9,19,0,0,0,1,1,59,-1,-1,-1
"2025000029999",1,9,19,8,0,0,1,2,58,1587,1,18
"2025000030000",5,21,4,0,0,0,3,1,35,12742,2,5
"2025000030000",4,9,4,0,0,0,1,1,55,1596,1,21
"2025000030000",2,9,4,0,0,0,1,1,29,1199,1,5
"2025000030000",1,9,4,0,0,0,2,2,26,999,1,6
"2025000030000",3,9,4,0,0,0,4,1,39,1596,1,16
"2025000030001",1,9,9,6,0,0,3,1,95,1997,2,5
"2025000030001",2,9,19,8,0,0,1,2,35,1995,2,11
"2025000030002",1,3,99,0,9,99,9,2,20,108,1,8
"2025000030002",2,3,99,0,9,99,0,3,-1,108,1,6
"2025000030003",2,11,19,1,0,0,4,1,60,4500,2,14
"2025000030003",3,3,3,1,0,0,2,1,21,125,1,3
"2025000030003",1,9,19,8,0,0,1,1,61,-1,-1,-1
"2025000030004",1,1,19,8,0,0,4,1,80,-1,-1,-1
"2025000030004",2,9,19,6,0,0,1,1,31,1995,2,12
"2025000030005",2,9,19,0,0,0,1,1,64,2143,2,12
"2025000030005",1,9,19,0,0,0,1,1,64,-1,3,0
"2025000030006",1,9,19,0,0,0,1,1,17,1229,1,13
"2025000030007",2,5,19,0,5,0,3,1,67,1037,1,4
"2025000030007",1,9,19,0,1,0,1,1,33,1362,1,10
"2025000030008",1,9,4,1,0,0,1,1,21,1339,1,15
"2025000030008",2,9,3,1,0,0,2,1,64,1493,2,16
"2025000030009",1,9,9,6,0,0,1,1,35,2143,2,7
"2025000030009",2,9,3,1,0,0,1,1,23,1986,2,14
"2025000030010",2,1,5,1,0,0,1,1,60,-1,-1,-1
"2025000030010",1,3,14,1,0,0,1,1,33,125,1,1
"2025000030011",1,9,19,0,0,0,3,1,-1,1998,2,13
"2025000030012",1,9,7,5,0,0,4,2,60,1999,2,8
"2025000030012",2,1,7,5,0,0,3,1,37,-1,-1,-1
"2025000030013",1,19,19,0,0,0,1,1,57,2298,2,1
"2025000030013",2,21,4,0,0,0,2,3,-1,-1,-1,-1
"2025000030014",2,9,19,0,0,0,3,3,-1,999,1,2
"2025000030014",1,9,19,0,0,0,3,1,-1,1388,1,16
"2025000030015",2,1,19,0,5,0,1,2,30,-1,-1,-1
"2025000030015",1,9,2,0,0,0,3,1,59,1896,2,17
"2025000030016",1,9,19,1,0,0,1,1,26,1956,2,11
"2025000030017",2,9,99,9,9,99,1,3,-1,1584,1,18
"2025000030017",1,3,99,9,9,99,9,1,31,125,1,2
"2025000030018",1,1,99,9,9,99,1,1,24,-1,-1,-1
"2025000030018",2,9,99,9,9,99,9,3,-1,-1,-1,-1
"2025000030019",1,9,9,1,0,0,3,1,20,-1,-1,-1
"2025000030019",2,1,19,8,0,0,1,2,30,-1,-1,-1
"2025000030020",1,9,19,0,1,0,1,1,24,1331,1,23
"2025000030021",2,19,19,9,9,0,9,3,-1,2143,2,1
"2025000030021",1,1,99,9,9,99,9,1,48,-1,-1,-1
"2025000030022",1,4,99,9,9,99,1,1,26,125,1,2
"2025000030022",2,9,99,9,9,99,9,3,-1,999,1,4
"2025000030023",2,90,9,5,0,0,0,1,24,-1,-1,-1
"2025000030023",1,19,19,2,0,0,0,1,54,1995,2,2
"2025000030024",1,19,19,0,0,0,3,1,20,1995,2,1
"2025000030024",2,1,19,0,0,0,3,1,61,-1,-1,-1
"2025000030025",1,9,19,1,0,0,1,2,25,-1,-1,-1
"2025000030025",3,98,19,1,0,0,1,1,36,-1,-1,-1
"2025000030025",2,9,4,1,0,0,2,2,65,-1,-1,-1
"2025000030026",1,9,19,1,0,0,1,1,52,-1,3,2
"2025000030026",2,9,9,1,0,0,1,2,36,-1,-1,-1
"2025000030027",2,9,19,1,0,0,3,1,42,-1,-1,-1
"2025000030027",1,1,19,2,0,0,1,3,-1,-1,-1,-1
"2025000030028",2,9,5,1,0,0,1,1,27,-1,-1,-1
"2025000030028",3,1,19,2,0,0,3,1,31,-1,-1,-1
"2025000030028",1,5,5,1,0,0,3,1,54,749,1,8
"2025000030029",1,9,5,1,0,0,1,1,20,998,1,12
"2025000030030",2,1,19,8,5,0,1,1,20,-1,-1,-1
"2025000030030",1,11,8,8,0,0,2,1,55,6700,2,11
"2025000030031",1,9,99,9,9,99,2,1,33,2993,2,5
"2025000030031",2,9,99,9,9,99,1,3,-1,1797,8,7
"2025000030032",1,9,19,1,0,12,4,1,35,1797,8,6
"2025000030033",1,9,10,1,0,0,3,2,38,-1,-1,-1
"2025000030033",2,9,19,1,0,0,1,2,72,-1,-1,-1
"2025000030034",1,9,-1,0,-1,-1,-1,3,-1,-1,-1,-1
"2025000030034",2,1,19,0,0,0,2,1,12,-1,-1,-1
"2025000030035",1,9,19,0,0,0,1,1,16,999,1,5
"2025000030035",2,9,2,0,0,0,1,3,-1,-1,-1,-1
"2025000030036",2,1,2,0,0,0,1,1,15,-1,-1,-1
"2025000030036",1,9,4,0,0,0,4,1,25,1499,2,6
"2025000030037",1,9,99,0,9,99,2,1,31,1596,1,14
"2025000030037",2,19,99,0,9,99,1,3,-1,2298,2,4
"2025000030038",1,90,19,0,0,0,1,2,38,2287,2,5
"2025000030038",2,9,4,0,0,0,2,2,40,-1,-1,-1
"2025000030039",1,19,5,0,0,0,3,1,53,2459,2,17
"2025000030039",2,1,19,0,2,0,4,1,-1,-1,-1,-1
"2025000030040",2,9,19,8,0,0,1,1,56,2199,2,13
"2025000030040",1,9,19,8,0,0,2,2,56,1461,2,12
"2025000030041",1,9,19,1,0,11,1,1,36,-1,-1,-1
"2025000030042",1,9,7,4,0,0,1,1,33,1390,1,12
"2025000030042",2,9,9,3,0,0,4,1,21,1910,2,13
"2025000030043",2,9,19,1,0,0,3,1,32,1995,2,16
"2025000030043",1,9,9,8,0,0,4,1,22,998,1,11
"2025000030044",2,9,3,1,0,0,2,2,73,1998,2,11
"2025000030044",1,9,19,1,0,0,1,2,76,-1,-1,-1
"2025000030045",2,1,19,8,0,0,1,1,39,-1,-1,-1
"2025000030045",1,9,19,8,0,0,1,2,74,1586,1,3
"2025000030046",1,9,19,1,0,0,0,3,30,-1,-1,-1
"2025000030047",1,9,19,8,0,0,1,1,40,1686,2,15
"2025000030048",1,1,19,1,0,0,3,1,47,-1,-1,-1
"2025000030049",1,9,19,1,0,0,1,2,56,-1,-1,-1
"2025000030049",2,1,19,8,0,0,3,1,20,-1,-1,-1
"2025000030050",2,9,19,1,0,0,1,1,33,1598,1,11
"2025000030050",1,9,9,5,0,0,4,2,60,1498,1,4
"2025000030051",3,9,4,0,0,0,2,1,44,1248,1,10
"2025000030051",2,9,4,0,0,0,2,2,58,1390,1,7
"2025000030051",1,19,19,0,0,0,1,1,45,2143,2,7
"2025000030052",1,9,19,2,0,0,4,1,32,2998,8,1
"2025000030052",2,9,9,6,0,0,1,2,39,1498,1,0
"2025000030053",1,9,4,1,0,0,1,1,23,1998,2,17
"2025000030054",1,9,5,0,0,0,2,1,36,999,1,4
"2025000030054",2,9,19,0,0,0,1,2,22,1422,2,9
"2025000030055",1,9,6,0,0,0,3,1,17,-1,-1,-1
"2025000030055",2,9,19,0,1,0,1,1,49,1248,1,6
"2025000030056",1,9,19,1,0,0,1,1,60,2993,2,9
"2025000030057",1,19,9,5,0,0,1,1,54,2198,2,13
"2025000030057",2,1,19,1,0,0,1,1,34,-1,-1,-1
"2025000030058",1,9,5,0,0,0,0,1,86,1498,8,1
"2025000030058",2,3,19,0,1,0,1,1,20,125,1,7
"2025000030059",1,11,19,0,0,0,0,1,32,6692,2,12
"2025000030060",1,9,1,1,0,0,0,1,30,-1,3,1
"2025000030061",1,21,9,1,0,0,1,1,48,12419,2,1
"2025000030061",2,5,19,1,5,0,1,1,59,1200,1,5