"collision_index","vehicle_reference","vehicle_type","vehicle_manoeuvre","junction_location","skidding_and_overturning","hit_object_in_carriageway","first_point_of_impact","sex_of_driver","age_of_driver","engine_capacity_cc","propulsion_code","age_of_vehicle"
"2025000030965",1,9,19,0,0,0,1,1,20,-1,-1,-1
"2025000030966",1,19,19,1,0,0,1,1,68,1995,2,4
"2025000030966",2,9,4,1,0,0,2,1,55,1995,2,7
"2025000030967",1,9,19,1,1,0,1,1,24,1392,1,36
"2025000030967",2,9,9,8,0,0,3,1,37,1229,1,13
"2025000030968",1,9,13,1,0,0,1,3,-1,2143,2,7
"2025000030968",2,1,19,1,5,0,1,1,39,-1,-1,-1
"2025000030969",1,9,19,0,5,0,1,3,-1,1399,2,16
"2025000030969",2,9,19,0,0,0,0,1,31,1500,2,1
"2025000030970",1,9,5,6,0,0,1,1,35,1968,2,13
"2025000030970",2,9,19,1,0,0,1,2,27,1900,2,17
"2025000030971",2,9,19,8,0,0,1,1,33,1998,2,16
"2025000030971",1,9,19,6,0,0,1,1,37,999,1,2
"2025000030972",1,3,19,0,0,0,3,1,38,125,1,1
"2025000030972",2,9,7,0,0,0,0,1,65,2179,2,19
"2025000030973",1,5,19,0,0,0,1,1,56,1157,1,18
"2025000030974",2,3,99,9,9,99,1,3,-1,125,1,8
"2025000030974",1,9,99,9,9,99,2,1,25,1995,2,7
"2025000030975",2,1,9,0,0,0,2,1,54,-1,-1,-1
"2025000030975",1,19,19,0,0,0,4,1,30,1995,2,1
"2025000030976",1,9,19,0,0,0,1,1,72,1995,2,9
"2025000030977",1,9,19,1,0,0,3,1,83,1197,1,6
"2025000030977",2,19,19,1,0,0,3,1,59,-1,-1,-1
"2025000030978",1,9,7,2,0,0,1,1,21,1995,2,12
"2025000030978",2,9,19,1,0,0,3,2,38,1197,1,6
"2025000030979",2,1,99,0,9,99,9,1,38,-1,-1,-1
"2025000030979",1,9,13,0,9,99,9,3,-1,-1,-1,-1
"2025000030980",1,9,1,8,0,0,2,1,34,1797,8,10
"2025000030980",2,-1,19,8,0,0,1,1,15,-1,-1,-1
"2025000030981",1,9,19,0,1,0,1,2,25,999,1,5
"2025000030981",2,9,2,0,1,0,2,2,78,998,1,5
"2025000030982",1,3,99,9,9,99,1,3,-1,124,1,5
"2025000030982",2,9,99,9,9,99,2,2,27,1149,1,11
"2025000030983",1,9,7,4,0,0,3,2,42,1984,1,1
"2025000030983",2,1,19,8,0,0,1,2,52,-1,-1,-1
"2025000030984",1,5,19,0,1,0,1,1,27,988,1,18
"2025000030984",2,9,19,0,0,0,2,1,33,1198,1,4
"2025000030984",3,9,19,0,0,0,1,1,22,2143,2,5
"2025000030985",1,19,19,1,0,0,1,1,19,1248,2,7
"2025000030986",1,9,19,0,5,0,4,2,35,1242,1,8
"2025000030987",2,9,19,0,0,0,3,1,77,1997,2,16
"2025000030987",1,9,9,0,0,0,1,1,84,-1,-1,-1
"2025000030988",1,9,99,9,9,99,9,2,62,-1,-1,-1
"2025000030988",2,9,99,9,9,99,9,3,-1,1398,1,11
"2025000030989",3,19,19,0,0,0,1,2,25,1870,2,17
"2025000030989",2,9,19,0,0,0,2,1,51,-1,-1,-1
"2025000030989",1,9,19,0,0,0,2,1,49,1598,1,10
"2025000030990",2,9,7,1,0,0,1,2,40,1242,1,11
"2025000030990",1,4,8,6,0,0,2,1,57,175,1,59
"2025000030991",2,9,4,0,0,0,2,2,23,1498,1,4
"2025000030991",1,9,19,0,0,0,1,2,32,1390,1,13
"2025000030992",1,1,99,9,9,99,9,2,26,-1,-1,-1
"2025000030992",2,9,99,9,9,99,9,3,-1,1798,8,4
"2025000030993",1,9,19,0,0,0,1,1,65,1968,2,8
"2025000030994",2,9,19,0,0,0,2,2,57,1299,1,18
"2025000030994",1,9,19,0,0,0,1,2,41,1248,2,9
"2025000030995",1,9,19,0,2,0,4,1,43,1248,2,15
"2025000030996",1,9,19,8,0,0,2,3,-1,1560,2,12
"2025000030996",2,9,19,8,0,0,1,3,-1,1229,1,14
"2025000030997",3,9,5,1,0,0,1,1,38,1968,2,13
"2025000030997",1,9,19,1,2,0,1,1,55,-1,-1,-1
"2025000030997",2,9,2,2,0,0,2,1,-1,-1,-1,-1
"2025000030998",1,9,99,9,9,99,9,3,-1,-1,-1,-1
"2025000030999",1,1,2,9,0,8,1,1,43,-1,-1,-1
"2025000030999",2,19,99,9,9,99,9,3,-1,1560,2,17
"2025000031000",1,3,99,9,9,99,1,1,24,125,1,2
"2025000031000",2,9,99,9,9,99,9,3,-1,998,1,9
"2025000031001",1,9,9,7,0,0,1,1,19,1198,1,11
"2025000031001",2,3,19,2,0,0,1,1,37,-1,-1,-1
"2025000031002",1,9,9,8,0,0,1,3,-1,-1,-1,-1
"2025000031003",1,9,19,0,1,0,1,1,59,1997,2,8
"2025000031003",2,9,19,0,1,0,1,2,18,-1,-1,-1
"2025000031004",1,9,19,0,1,0,4,1,17,1590,1,17
"2025000031004",2,9,19,0,0,0,1,1,32,1997,1,8
"2025000031005",2,19,19,1,0,0,1,1,45,1870,2,16
"2025000031005",1,9,9,1,0,0,3,2,47,999,1,0
"2025000031006",2,9,19,0,0,0,3,2,36,1950,2,3
"2025000031006",1,9,19,0,0,0,4,1,35,2998,8,2
"2025000031007",1,9,15,1,0,0,1,3,-1,-1,-1,-1
"2025000031007",2,1,19,1,0,0,2,1,19,-1,-1,-1
"2025000031008",2,-1,4,0,5,0,1,1,9,-1,-1,-1
"2025000031008",1,19,5,0,0,0,1,1,38,-1,3,1
"2025000031009",2,1,19,1,0,0,1,1,13,-1,-1,-1
"2025000031009",1,9,4,1,0,0,1,2,56,998,1,12
"2025000031010",1,9,19,2,0,0,1,1,21,1968,2,12
"2025000031011",2,19,9,1,0,0,0,1,25,1498,2,1
"2025000031011",1,9,19,1,0,0,1,1,48,4999,1,1
"2025000031012",1,9,19,0,5,0,3,1,39,3200,2,18
"2025000031013",3,19,3,0,0,0,2,1,61,1995,2,5
"2025000031013",2,9,19,0,1,4,1,1,21,1580,8,1
"2025000031013",4,9,2,0,0,0,0,3,-1,1968,2,7
"2025000031013",1,9,19,0,0,0,0,1,33,2993,2,3
"2025000031014",2,9,19,1,0,0,1,2,41,998,1,6
"2025000031014",1,19,3,1,0,0,1,1,36,2299,2,2
"2025000031015",1,9,19,0,0,0,1,1,55,1461,2,17
"2025000031016",1,9,9,5,0,0,4,2,43,1197,1,6
"2025000031016",2,9,19,1,0,0,1,1,23,1598,2,7
"2025000031017",1,1,4,0,0,0,3,2,52,-1,-1,-1
"2025000031017",2,9,14,0,0,0,4,1,56,-1,-1,-1
"2025000031018",1,9,19,0,0,0,1,3,38,-1,-1,-1
"2025000031018",2,9,3,0,0,0,2,2,27,1998,1,8
"2025000031019",1,9,19,0,0,0,1,1,21,1995,2,14
"2025000031019",2,9,4,0,0,0,2,1,43,1248,1,12
"2025000031019",3,19,4,0,0,0,2,1,69,1499,2,6
"2025000031020",1,5,13,0,0,0,3,1,30,899,1,22
"2025000031020",2,9,19,0,0,0,3,2,58,1240,1,12
"2025000031021",2,9,4,0,0,0,2,1,20,1242,1,17
"2025000031021",1,9,4,0,0,0,2,1,34,-1,3,0
"2025000031021",3,9,19,0,0,0,1,2,60,1398,1,7
"2025000031022",2,9,19,1,0,0,4,1,30,1598,1,16
"2025000031022",1,9,5,1,0,0,1,1,32,-1,3,5
"2025000031022",3,9,19,1,0,0,1,1,45,998,1,6
"2025000031023",1,9,19,2,0,10,1,1,38,1596,1,12
"2025000031024",1,8,5,0,0,0,3,1,40,999,1,2
"2025000031025",1,9,19,1,0,0,1,2,52,2494,8,4
"2025000031025",2,1,19,1,0,0,1,1,14,-1,-1,-1
"2025000031026",2,1,9,6,0,0,1,1,16,-1,-1,-1
"2025000031026",1,9,19,1,0,0,1,3,-1,-1,-1,-1
"2025000031027",1,9,-1,-1,-1,-1,-1,3,-1,-1,-1,-1
"2025000031027",2,-1,-1,-1,-1,-1,-1,1,36,-1,-1,-1
"2025000031028",2,9,19,2,0,0,0,2,51,1248,1,8
"2025000031028",1,9,9,6,0,0,1,2,35,998,1,19
"2025000031029",1,9,19,1,0,0,4,1,49,-1,3,0
"2025000031029",2,9,7,2,0,0,1,2,39,1086,1,12
"2025000031030",1,1,19,8,0,0,4,2,23,-1,-1,-1
"2025000031030",2,9,19,4,0,0,1,2,-1,1248,1,10
"2025000031031",1,9,19,0,0,0,4,1,35,1498,8,0
"2025000031032",1,9,19,1,5,0,4,2,30,1490,8,2
"2025000031032",2,9,2,1,0,0,3,2,28,1598,2,10
"2025000031033",1,21,19,0,0,0,1,1,50,10677,2,7
"2025000031033",3,19,4,0,0,0,2,1,45,2200,2,1
"2025000031033",2,9,4,0,0,0,2,2,37,1398,1,8
"2025000031034",3,9,19,0,0,0,3,1,30,1956,2,9
"2025000031034",1,9,13,0,0,0,1,1,27,1999,1,7
"2025000031034",4,9,19,0,0,0,3,1,36,1997,8,4
"2025000031034",2,9,19,0,0,0,1,1,50,1399,1,7
"2025000031034",5,9,19,0,0,0,0,1,-1,1984,1,1
"2025000031035",1,11,19,0,0,0,0,3,-1,-1,-1,-1
"2025000031035",2,9,19,0,0,0,0,3,-1,-1,-1,-1
"2025000031036",2,9,4,1,0,0,0,2,-1,998,1,6
"2025000031036",3,9,4,1,0,0,0,1,-1,1596,1,14
"2025000031036",1,4,19,1,1,0,1,1,23,124,1,12
"2025000031037",2,1,5,0,0,0,3,1,19,-1,-1,-1
"2025000031037",1,9,19,0,0,0,4,1,36,-1,-1,-1
"2025000031038",2,5,19,0,0,0,1,1,35,1043,1,0
"2025000031038",1,9,1,0,0,0,1,1,33,2982,2,22
"2025000031039",1,9,19,0,2,0,1,2,28,1242,1,24
"2025000031040",2,9,19,0,0,0,3,1,43,-1,3,5
"2025000031040",1,9,19,0,0,0,1,2,31,1496,1,5
"2025000031041",2,9,7,5,0,0,1,1,34,1398,1,9
"2025000031041",1,9,9,6,0,0,1,2,37,-1,-1,-1
"2025000031042",3,9,4,0,0,0,2,2,28,1560,2,10
"2025000031042",1,9,19,0,0,0,1,2,53,799,2,13
"2025000031042",2,9,19,0,0,0,1,1,23,1968,2,7
"2025000031043",2,9,19,0,0,0,3,1,-1,-1,-1,-1
"2025000031043",1,3,19,0,0,0,1,2,28,125,1,3
"2025000031044",1,9,19,0,0,0,1,2,71,999,1,11
"2025000031044",2,9,19,0,0,0,1,2,43,1461,2,11
"2025000031045",2,9,19,8,0,0,1,2,54,-1,3,0
"2025000031045",1,9,9,6,0,0,1,1,88,1580,8,6
"2025000031046",1,9,19,1,0,4,1,2,28,1995,2,5
"2025000031046",3,9,20,2,0,0,2,-1,-1,999,1,7
"2025000031046",2,9,2,1,1,0,2,-1,-1,-1,-1,-1
"2025000031047",2,9,19,1,0,11,1,1,64,-1,-1,-1
"2025000031047",3,9,19,1,0,1,1,2,34,1560,2,12
"2025000031047",4,9,19,1,0,1,1,1,30,2000,2,13
"2025000031047",1,9,3,1,0,1,2,2,31,1200,1,6
"2025000031048",3,9,19,0,0,0,2,1,49,-1,-1,-1
"2025000031048",2,9,19,0,0,0,2,1,64,-1,-1,-1
"2025000031048",1,9,19,0,0,0,1,2,24,1200,1,9
"2025000031049",1,9,5,6,0,0,1,2,39,1968,2,12
"2025000031050",2,9,19,1,0,0,1,1,29,1399,1,3
"2025000031050",1,9,10,1,0,0,2,1,25,1364,1,4
"2025000031051",1,19,19,2,0,0,1,1,42,1995,2,7
"2025000031052",1,9,10,8,0,0,1,2,23,-1,-1,-1
"2025000031052",2,1,19,8,0,0,1,1,56,-1,-1,-1
"2025000031053",1,90,19,0,5,0,0,1,17,-1,-1,-1
"2025000031053",2,9,19,0,0,0,0,1,44,1995,2,4
"2025000031054",1,19,13,0,0,0,4,3,-1,2198,2,15
"2025000031054",2,1,19,0,0,0,3,1,42,-1,-1,-1
"2025000031055",1,9,19,8,0,0,1,1,23,2979,1,12
"2025000031055",2,9,19,8,0,0,3,2,19,1968,2,15
"2025000031056",2,20,19,0,0,0,2,3,53,-1,-1,-1
"2025000031056",1,9,19,0,0,0,1,1,33,998,1,4
"2025000031057",2,9,19,1,0,0,1,2,32,1796,1,11
"2025000031057",1,5,19,1,0,0,4,1,31,998,1,15
"2025000031057",3,19,5,1,0,0,1,3,-1,1968,2,14
"2025000031058",1,9,5,0,0,0,1,2,18,1198,1,11
"2025000031059",1,11,19,7,0,0,0,1,41,6696,2,7
"2025000031060",1,9,9,2,1,0,3,1,52,2495,2,29
"2025000031060",2,9,19,1,1,0,3,2,42,1598,1,3
"2025000031061",2,9,19,0,0,6,1,1,84,1582,2,10
"2025000031061",1,21,19,0,1,0,1,1,73,10837,2,4
"2025000031062",2,9,13,8,0,0,1,1,51,1998,8,4
"2025000031062",1,1,9,5,0,0,2,1,31,-1,-1,-1
"2025000031063",1,19,3,1,0,0,2,1,35,1686,2,19
"2025000031063",2,9,19,1,0,0,1,3,-1,-1,-1,-1
"2025000031064",1,9,19,1,0,0,1,1,-1,-1,-1,-1
"2025000031064",2,1,4,8,2,0,1,2,11,-1,-1,-1
"2025000031065",1,9,9,7,0,0,1,1,27,898,1,8
"2025000031065",2,1,7,5,0,0,1,1,47,-1,-1,-1
"2025000031066",2,1,19,8,0,0,1,1,64,-1,-1,-1
"2025000031066",1,9,9,6,0,0,1,2,-1,1560,2,5
"2025000031067",1,9,4,1,0,0,2,2,27,1598,2,7
"2025000031067",2,9,19,1,0,8,1,1,25,-1,-1,-1
"2025000031068",1,9,19,0,0,0,1,1,21,-1,-1,-1
"2025000031068",3,9,3,0,0,0,0,2,22,1598,2,7
"2025000031068",4,9,3,0,0,0,0,2,32,1461,2,8
"2025000031068",2,9,3,0,0,0,0,1,37,1968,2,10
"2025000031069",2,9,4,1,0,0,2,2,49,1329,1,13
"2025000031069",3,9,4,1,0,0,2,2,52,1242,1,14
"2025000031069",1,9,19,1,0,0,1,1,19,998,1,17
"2025000031070",1,9,19,0,0,0,3,2,45,1349,1,11
"2025000031070",2,9,5,0,0,0,1,2,30,999,1,2
"2025000031071",1,9,9,6,0,0,1,1,43,1596,1,16
"2025000031071",2,9,19,1,0,0,3,2,34,999,1,9
"2025000031072",2,9,19,1,5,0,4,2,41,1200,1,9
"2025000031072",1,9,9,6,0,0,1,1,71,1998,2,18
"2025000031073",1,9,7,3,0,0,1,1,41,-1,-1,-1
"2025000031073",2,8,19,1,0,0,3,1,49,-1,-1,-1
"2025000031074",1,9,99,0,0,0,4,1,31,1995,2,5
"2025000031074",2,9,99,0,0,0,3,3,-1,1995,2,8
"2025000031075",2,90,19,0,0,0,0,1,-1,-1,-1,-1
"2025000031075",1,19,19,0,1,0,0,1,45,1950,2,1
"2025000031076",3,9,19,0,0,0,2,1,38,2993,2,12
"2025000031076",2,9,19,0,0,0,1,2,32,1329,1,6
"2025000031076",1,9,19,0,0,0,1,2,39,1968,2,14
"2025000031077",2,9,4,0,0,0,2,2,30,1997,2,14
"2025000031077",1,9,19,0,0,0,1,2,30,1596,1,14
"2025000031078",1,9,19,2,0,0,1,3,-1,-1,-1,-1
"2025000031079",1,5,19,0,1,0,0,1,50,-1,-1,-1
"2025000031080",1,9,19,1,0,0,1,1,40,999,1,1
"2025000031081",1,9,4,2,0,0,2,1,-1,1496,1,3
"2025000031081",2,9,4,2,0,0,1,1,-1,1422,2,5
"2025000031081",3,9,4,2,0,0,1,2,33,998,1,0
"2025000031082",2,9,19,0,0,0,3,1,42,1998,2,14
"2025000031082",1,21,14,0,0,0,2,1,56,-1,-1,-1
"2025000031083",1,9,19,5,0,0,4,1,69,1299,1,20
"2025000031083",2,4,19,8,0,0,1,1,21,-1,-1,-1
"2025000031084",3,9,19,0,0,0,2,1,53,-1,-1,-1
"2025000031084",2,19,19,0,0,0,2,1,45,1995,2,5
"2025000031084",1,9,19,0,0,0,1,1,76,1499,2,4
"2025000031085",1,5,4,1,1,0,3,2,34,599,1,22
"2025000031086",1,9,19,0,0,0,1,2,32,1329,1,6
"2025000031087",1,9,-1,0,-1,-1,-1,3,-1,-1,-1,-1
"2025000031087",2,9,19,0,0,0,2,2,17,2143,2,8
"2025000031088",1,11,19,0,0,0,3,1,63,9000,2,3
"2025000031089",1,9,9,8,0,0,1,2,49,1197,1,4
"2025000031089",3,9,2,1,0,0,2,3,-1,1200,1,4
"2025000031089",2,19,19,8,0,0,1,1,24,2402,2,13
"2025000031090",1,9,19,0,0,0,1,2,53,1991,1,5
"2025000031090",2,9,19,0,0,0,1,1,22,1499,1,2
"2025000031091",1,9,19,0,0,0,-1,2,63,1997,2,17
"2025000031092",2,9,7,6,0,0,1,1,21,1198,1,8
"2025000031092",1,9,19,8,0,0,4,1,51,1995,2,16
"2025000031093",2,8,19,1,0,0,1,1,32,1968,2,7
"2025000031093",1,-1,5,1,0,0,3,1,24,-1,-1,-1
"2025000031094",1,9,7,1,0,0,4,3,30,-1,-1,-1
"2025000031095",2,11,19,0,0,0,-1,3,-1,-1,-1,-1
"2025000031095",1,11,19,0,0,0,4,1,57,4461,2,9
"2025000031096",1,9,99,9,9,99,2,3,-1,1339,1,17
"2025000031096",2,1,99,9,9,99,9,1,62,-1,-1,-1
"2025000031097",1,5,11,1,1,0,1,1,51,1043,1,3
"2025000031098",2,9,9,3,0,0,4,2,55,2179,2,9
"2025000031098",3,9,10,1,0,0,3,1,24,1461,2,6
"2025000031098",1,21,19,4,0,0,1,1,51,12419,2,4
"2025000031099",3,9,19,2,0,0,3,1,44,1997,2,11
"2025000031099",2,19,3,2,0,0,2,1,35,1995,2,3
"2025000031099",1,9,15,2,0,0,1,1,19,1242,1,12
"2025000031099",4,19,2,2,0,0,0,3,-1,1995,2,3
"2025000031100",2,9,19,0,0,0,1,3,-1,-1,-1,-1
"2025000031100",1,9,19,0,0,0,2,1,72,999,1,4
"2025000031101",2,98,19,0,0,0,0,3,-1,-1,-1,-1
"2025000031101",1,9,19,0,0,0,1,2,27,1950,2,0
"2025000031102",1,9,10,8,0,0,2,2,35,1968,2,6
"2025000031102",2,9,19,1,0,0,1,1,23,1997,1,9
"2025000031102",3,19,19,1,0,0,0,1,20,-1,-1,-1
"2025000031103",3,9,19,1,0,0,1,1,61,2494,2,16
"2025000031103",1,9,7,6,0,0,1,3,-1,1968,2,16
"2025000031103",2,19,19,1,0,0,1,1,25,1997,2,1
"2025000031104",3,9,7,8,0,0,0,3,-1,-1,-1,-1
"2025000031104",2,9,4,8,0,0,2,2,23,1248,2,5
"2025000031104",1,9,19,8,0,0,1,1,23,2143,2,6
"2025000031105",2,9,19,0,0,0,2,1,46,-1,-1,-1
"2025000031105",1,9,19,0,0,0,1,2,41,1332,1,2
"2025000031106",2,9,4,0,0,0,2,1,29,-1,-1,-1
"2025000031106",1,9,19,0,0,0,1,2,30,1598,2,12
"2025000031106",3,9,4,0,0,0,2,1,28,999,1,9
"2025000031107",1,9,19,0,0,0,1,1,28,1388,1,10
"2025000031107",2,9,4,0,0,0,3,1,20,1461,2,5
"2025000031108",1,9,19,1,0,0,1,1,44,1796,1,18
"2025000031109",1,9,19,0,0,0,1,1,27,-1,-1,-1
"2025000031110",1,9,19,6,0,0,1,2,-1,1332,8,2
"2025000031110",2,1,19,8,0,0,3,1,57,-1,-1,-1
"2025000031111",1,9,7,6,0,0,1,1,64,1596,1,17
"2025000031111",2,9,19,8,0,0,4,1,26,1995,1,16
"2025000031112",1,9,19,0,0,0,3,-1,-1,-1,-1,-1
"2025000031112",2,9,19,0,0,0,3,1,30,1994,1,24
"2025000031113",1,9,19,0,1,0,1,1,23,1596,1,13
"2025000031114",1,19,7,5,0,0,4,1,28,1995,2,5
"2025000031114",2,4,19,8,0,0,1,2,39,279,1,3
"2025000031115",1,9,19,1,0,0,4,1,64,1200,1,3
"2025000031115",2,1,19,1,0,0,1,1,47,-1,-1,-1
"2025000031116",1,3,3,1,0,0,2,1,30,125,1,4
"2025000031116",2,9,19,1,0,0,1,1,-1,1798,1,16
"2025000031117",1,9,9,1,0,0,1,1,51,2231,2,8
"2025000031117",2,3,13,1,0,0,1,1,32,125,1,4
"2025000031118",3,9,3,0,0,0,3,1,60,1498,1,4
"2025000031118",1,9,19,0,0,0,1,1,-1,1999,1,16
"2025000031118",2,9,19,0,0,0,2,2,19,1998,1,3
"2025000031118",4,21,3,0,0,0,1,1,55,-1,-1,-1
"2025000031119",2,9,19,3,0,0,4,1,55,1396,2,6
"2025000031119",1,9,7,3,0,0,3,2,38,1991,2,11
"2025000031120",2,9,19,2,9,0,1,1,40,1968,2,5
"2025000031120",1,1,19,1,9,0,1,1,19,-1,-1,-1
"2025000031121",1,9,2,2,0,0,1,2,35,1390,1,19
"2025000031122",2,9,19,0,0,0,1,2,21,1242,1,9
"2025000031122",1,1,19,0,0,0,3,1,19,-1,-1,-1
"2025000031123",2,9,19,7,0,0,1,2,55,1598,1,8
"2025000031123",1,9,9,5,0,0,1,2,37,2143,2,4
"2025000031124",1,9,19,0,0,0,4,1,-1,1490,8,2
"2025000031125",3,19,11,0,0,0,2,1,32,2198,2,13
"2025000031125",1,21,19,0,0,0,1,1,54,12902,2,6
"2025000031125",2,9,12,0,0,0,2,2,25,1242,1,4
"2025000031126",1,9,19,0,1,0,4,1,51,698,1,15
"2025000031127",2,9,-1,0,0,0,1,2,24,1242,1,7
"2025000031127",1,9,13,0,0,0,1,2,35,-1,-1,-1
"2025000031128",1,11,19,1,0,0,4,1,57,6700,2,3
"2025000031129",1,9,13,0,0,0,3,1,-1,2268,2,10
"2025000031129",2,9,13,0,0,0,4,1,40,2979,1,5
"2025000031130",1,9,19,2,0,0,3,3,-1,-1,-1,-1
"2025000031131",1,9,9,6,0,0,1,2,-1,1200,1,7
"2025000031132",1,9,5,6,0,0,1,2,34,1339,1,9
"2025000031132",2,19,19,2,0,0,4,1,49,2198,2,9
"2025000031133",1,9,19,1,5,10,1,1,94,1598,1,17
"2025000031134",1,9,99,9,0,99,9,1,58,1339,1,16
"2025000031135",1,9,9,6,0,0,3,1,46,1798,8,4
"2025000031135",2,5,19,8,0,0,1,1,54,649,1,3
"2025000031136",1,3,19,0,0,0,3,1,24,125,1,12
"2025000031137",2,9,19,0,0,0,1,2,21,1248,2,12
"2025000031137",1,9,4,0,0,0,2,2,37,1229,1,11
"2025000031138",2,9,19,8,0,0,1,1,42,1598,2,12
"2025000031138",1,9,19,8,0,0,3,1,70,1398,1,6
"2025000031139",2,90,19,0,0,0,3,1,23,-1,-1,-1
"2025000031139",1,9,13,0,0,0,4,3,-1,-1,-1,-1
"2025000031140",1,9,19,0,0,0,3,1,46,1198,1,13
"2025000031141",1,9,19,8,0,0,1,1,19,2993,12,0
"2025000031142",2,1,19,8,0,0,1,2,46,-1,-1,-1
"2025000031142",1,9,7,6,0,0,3,2,35,998,1,19
"2025000031143",1,9,7,7,0,0,2,2,47,1197,1,5
"2025000031143",2,1,19,1,0,0,1,1,55,-1,-1,-1
"2025000031144",2,1,19,8,0,0,1,1,19,-1,-1,-1
"2025000031144",1,9,7,5,0,0,4,2,44,1490,1,13
"2025000031145",2,9,3,0,0,0,2,2,28,1596,1,7
"2025000031145",1,9,19,0,0,4,1,1,28,1910,2,14
"2025000031146",1,1,99,9,9,99,9,3,-1,-1,-1,-1
"2025000031147",2,9,19,1,0,0,4,2,22,1598,2,11
"2025000031147",1,9,19,1,0,0,1,2,47,1596,1,17
"2025000031148",1,9,19,1,0,0,1,1,21,1596,1,14
"2025000031148",2,9,7,6,0,0,1,1,55,2776,2,15
"2025000031149",4,19,2,1,0,0,0,3,-1,-1,-1,-1
"2025000031149",2,9,1,8,0,4,3,2,54,999,1,4
"2025000031149",5,19,2,2,0,0,3,3,-1,-1,-1,-1
"2025000031149",1,9,15,1,0,0,1,1,54,1499,2,1
"2025000031149",3,9,19,1,0,0,3,1,43,998,1,4
"2025000031150",2,9,19,0,0,0,1,1,18,-1,-1,-1
"2025000031150",1,9,19,0,0,0,1,3,-1,-1,-1,-1
"2025000031151",1,3,4,8,0,0,3,1,45,125,1,5
"2025000031151",2,9,19,8,0,0,2,1,48,1984,1,4
"2025000031151",3,9,4,8,0,0,0,2,42,1360,1,15
"2025000031152",1,9,11,3,0,0,1,1,26,-1,-1,-1
"2025000031152",2,1,19,3,0,0,1,2,75,-1,-1,-1
"2025000031153",1,9,19,0,0,0,1,1,44,-1,-1,-1
"2025000031154",1,9,4,4,5,0,1,1,19,1560,2,10
"2025000031155",1,4,19,0,0,0,4,1,34,498,1,23
"2025000031156",1,11,5,8,0,0,0,1,55,9360,2,14
"2025000031157",3,9,19,1,0,0,1,1,59,1497,8,14
"2025000031157",4,9,19,1,0,0,1,1,65,-1,-1,-1
"2025000031157",2,11,19,1,0,0,4,1,47,9000,2,8
"2025000031157",1,9,19,2,0,0,1,2,37,1248,1,12
"2025000031158",1,97,19,1,0,0,9,1,-1,-1,-1,-1
"2025000031159",2,9,5,8,0,0,4,1,35,2231,2,12
"2025000031159",1,9,19,8,0,0,1,2,40,1968,2,10
"2025000031160",1,2,7,1,1,0,0,2,18,-1,-1,-1
"2025000031161",1,9,5,0,0,0,2,1,22,1798,1,11
"2025000031161",2,9,19,0,0,0,1,3,-1,-1,-1,-1
"2025000031162",1,9,4,2,0,0,1,2,52,1596,1,16
"2025000031163",1,9,19,1,0,0,1,3,-1,-1,-1,-1
"2025000031163",2,9,10,1,0,0,2,2,65,1968,2,13
"2025000031164",4,9,19,0,0,0,4,2,39,2993,2,2
"2025000031164",6,9,19,0,0,0,0,1,29,2993,2,4
"2025000031164",3,9,19,0,0,0,4,1,61,999,1,2
"2025000031164",1,9,19,0,0,0,4,1,31,2231,2,13
"2025000031164",5,9,19,0,0,0,0,1,41,2993,12,1
"2025000031164",2,9,19,0,0,0,3,1,25,1995,2,10
"2025000031165",2,1,19,1,0,0,1,1,72,-1,-1,-1
"2025000031165",1,9,19,1,0,0,1,3,-1,-1,-1,-1
"2025000031166",1,9,19,0,0,0,4,1,43,1598,2,10
"2025000031167",2,3,13,1,0,0,1,1,43,125,1,5
"2025000031167",1,9,9,1,0,0,3,1,36,1896,2,14
"2025000031168",1,9,9,8,0,0,-1,2,32,998,1,8
"2025000031169",1,9,19,3,0,0,1,2,34,1598,2,6
"2025000031169",2,9,11,3,0,0,3,1,30,2179,2,9
"2025000031170",2,90,99,9,9,99,9,3,-1,-1,-1,-1
"2025000031170",1,1,99,9,9,99,9,2,18,-1,-1,-1
"2025000031171",2,9,19,0,0,0,1,2,44,1590,1,18
"2025000031171",1,9,19,0,5,0,1,1,21,1794,1,19
"2025000031172",2,9,1,0,0,0,2,1,-1,-1,-1,-1
"2025000031172",1,19,3,0,0,0,1,1,37,2143,2,7
"2025000031173",1,9,19,0,0,4,1,1,22,1840,1,19
"2025000031173",2,20,2,0,0,0,2,1,21,9290,2,11
"2025000031174",1,9,19,0,0,0,1,1,43,1497,8,17
"2025000031175",1,11,19,8,0,0,4,1,48,6871,2,13
"2025000031175",2,19,2,2,0,0,3,2,-1,1997,2,7
"2025000031176",2,3,19,1,0,4,1,1,40,998,1,18
"2025000031176",3,9,2,1,0,0,3,1,-1,1596,1,14
"2025000031176",1,9,3,1,0,0,1,2,49,1991,1,4
"2025000031177",1,9,19,0,0,0,1,1,47,-1,-1,-1
"2025000031177",2,11,19,0,0,0,1,1,58,4461,2,9
"2025000031178",1,8,19,0,0,0,2,1,48,1968,2,11
"2025000031178",2,9,19,0,0,0,1,1,-1,1995,2,10
"2025000031179",1,9,9,5,0,0,1,1,33,1618,1,6
"2025000031179",2,9,3,1,0,0,1,2,37,1390,1,10
"2025000031180",2,9,19,0,0,0,2,2,30,1968,2,1
"2025000031180",1,9,19,0,5,0,1,1,30,1560,2,7