"collision_index","vehicle_reference","vehicle_type","vehicle_manoeuvre","junction_location","skidding_and_overturning","hit_object_in_carriageway","first_point_of_impact","sex_of_driver","age_of_driver","engine_capacity_cc","propulsion_code","age_of_vehicle"
"2025000031181",1,9,12,0,0,0,1,1,-1,2993,2,2
"2025000031181",2,19,19,0,0,0,2,1,51,2198,2,5
"2025000031182",2,9,99,0,9,99,9,3,-1,-1,-1,-1
"2025000031182",1,9,99,0,9,99,1,1,36,1998,1,6
"2025000031183",1,9,19,8,0,0,4,2,50,1999,2,2
"2025000031183",2,9,19,1,0,0,3,1,34,1910,2,14
"2025000031184",3,9,19,0,0,0,1,1,38,2996,1,4
"2025000031184",1,19,4,0,0,0,0,1,43,2143,2,8
"2025000031184",2,9,12,0,0,0,2,1,59,-1,-1,-1
"2025000031185",1,9,19,0,0,0,3,2,28,999,1,2
"2025000031185",2,21,19,0,0,0,1,1,41,12902,2,5
"2025000031186",2,9,4,0,0,0,2,2,40,1560,2,7
"2025000031186",1,9,19,0,0,0,1,1,62,2179,2,9
"2025000031187",1,1,19,8,5,0,1,1,15,-1,-1,-1
"2025000031187",2,9,19,8,0,0,4,1,35,-1,-1,-1
"2025000031188",1,9,19,4,0,0,1,2,55,1229,1,9
"2025000031189",1,21,19,0,0,0,1,1,38,5132,2,1
"2025000031189",2,9,3,0,0,0,2,2,38,1560,2,6
"2025000031190",1,9,19,8,0,0,1,2,19,1242,1,11
"2025000031191",2,9,19,8,0,0,1,2,34,-1,-1,-1
"2025000031191",1,1,19,6,0,0,1,1,18,-1,-1,-1
"2025000031192",2,9,3,0,0,0,2,1,40,1497,8,2
"2025000031192",1,19,19,0,0,0,1,1,-1,-1,-1,-1
"2025000031192",3,9,3,0,0,0,2,2,25,1364,1,10
"2025000031193",2,9,19,8,0,0,1,2,27,-1,-1,-1
"2025000031193",1,9,5,6,0,0,1,2,57,-1,-1,-1
"2025000031194",2,9,19,0,0,11,1,2,45,1499,2,7
"2025000031194",1,1,19,0,0,0,3,3,-1,-1,-1,-1
"2025000031195",2,3,-1,0,-1,-1,-1,1,29,125,1,2
"2025000031195",1,19,-1,0,-1,-1,-1,1,47,1796,7,19
"2025000031196",2,9,19,0,0,0,3,3,-1,1950,2,4
"2025000031196",1,9,19,0,0,0,1,1,42,1968,2,13
"2025000031197",3,9,2,0,0,0,3,3,-1,998,1,4
"2025000031197",4,9,2,0,0,0,1,3,-1,1498,1,5
"2025000031197",1,9,19,0,0,4,1,3,-1,-1,-1,-1
"2025000031197",2,9,3,0,0,0,1,1,51,1598,2,6
"2025000031198",1,9,19,0,0,0,4,1,50,1248,2,14
"2025000031199",2,9,19,0,0,0,1,1,58,999,1,4
"2025000031199",1,97,19,0,0,0,1,1,18,-1,-1,-1
"2025000031200",2,2,19,8,0,0,1,1,21,125,1,6
"2025000031200",1,9,10,1,0,0,3,2,75,1339,1,8
"2025000031201",1,9,19,0,1,0,1,2,53,2179,2,11
"2025000031201",2,9,19,0,0,0,3,2,63,2487,8,0
"2025000031201",3,9,19,0,0,0,1,2,32,999,1,1
"2025000031202",2,9,19,0,0,0,2,1,28,1956,2,4
"2025000031202",3,9,19,0,0,0,1,2,40,1997,2,12
"2025000031202",5,9,19,0,0,0,3,1,44,1999,1,13
"2025000031202",1,21,12,0,0,0,1,1,60,-1,-1,-1
"2025000031202",4,9,19,0,0,0,1,1,50,1995,2,3
"2025000031203",2,9,19,2,0,0,4,1,71,1999,1,15
"2025000031203",1,9,5,6,0,0,1,1,51,-1,3,2
"2025000031204",2,4,19,8,0,0,2,1,27,499,1,18
"2025000031204",1,9,5,4,0,0,1,1,53,2979,1,2
"2025000031205",2,19,12,1,0,0,3,3,-1,-1,-1,-1
"2025000031205",1,9,19,1,0,0,4,2,34,1596,1,15
"2025000031206",1,19,5,8,0,0,3,1,72,-1,-1,-1
"2025000031206",2,3,5,8,0,0,2,1,56,124,1,19
"2025000031207",1,22,1,0,0,0,2,1,93,-1,-1,-1
"2025000031208",1,3,99,9,9,99,1,1,30,125,1,10
"2025000031208",2,9,99,9,9,99,1,3,-1,1596,1,7
"2025000031209",1,9,99,9,9,99,9,2,57,-1,-1,-1
"2025000031209",2,9,99,9,9,99,9,3,-1,-1,-1,-1
"2025000031210",1,9,19,0,0,0,1,2,52,1998,2,10
"2025000031211",2,9,13,0,0,0,3,3,-1,-1,-1,-1
"2025000031211",1,9,19,0,0,0,3,2,34,1360,1,15
"2025000031212",1,9,12,0,0,0,1,2,28,1910,2,17
"2025000031212",2,9,19,0,0,0,1,2,25,1968,2,15
"2025000031213",1,97,19,1,0,0,0,1,61,-1,-1,-1
"2025000031214",1,19,5,2,0,0,3,1,34,1560,2,12
"2025000031215",1,9,5,8,0,0,4,1,54,2143,2,7
"2025000031216",1,3,4,1,0,0,1,1,34,125,1,1
"2025000031216",2,9,9,1,0,0,1,3,-1,-1,-1,-1
"2025000031217",2,9,5,6,0,0,1,1,-1,-1,3,1
"2025000031217",1,1,19,1,0,0,4,1,22,-1,-1,-1
"2025000031218",1,9,14,2,0,0,4,1,78,999,1,2
"2025000031219",1,9,19,0,0,0,1,1,74,1591,1,11
"2025000031220",1,9,19,0,0,0,1,1,63,2143,2,11
"2025000031221",1,9,19,0,0,0,1,2,67,1199,1,0
"2025000031222",1,9,-1,0,-1,-1,-1,3,-1,-1,-1,-1
"2025000031223",1,9,19,0,1,0,1,2,29,1596,1,14
"2025000031224",2,1,19,8,0,0,1,1,41,-1,-1,-1
"2025000031224",1,9,9,6,0,0,1,1,34,-1,-1,-1
"2025000031225",1,9,5,1,0,0,1,2,39,1490,1,15
"2025000031226",2,9,9,5,5,0,1,2,68,1242,1,10
"2025000031226",1,90,13,8,0,0,4,1,23,-1,-1,-1
"2025000031227",1,1,19,0,0,8,1,1,30,-1,-1,-1
"2025000031227",2,9,2,0,0,0,3,1,30,1596,1,13
"2025000031228",2,20,19,0,0,0,3,1,53,12777,2,10
"2025000031228",1,9,19,0,0,0,1,1,22,1598,8,2
"2025000031229",2,9,4,8,0,0,2,1,32,-1,3,0
"2025000031229",3,9,4,8,0,0,1,3,-1,-1,-1,-1
"2025000031229",1,19,4,8,0,0,1,1,33,1995,2,1
"2025000031230",1,19,14,0,0,11,4,1,58,2198,2,8
"2025000031231",1,9,19,8,0,0,2,1,29,999,1,1
"2025000031231",2,9,19,5,0,0,1,1,51,-1,3,1
"2025000031232",1,21,19,0,0,0,1,1,43,12902,2,1
"2025000031232",2,9,19,0,5,0,3,1,44,998,1,16
"2025000031233",3,9,19,1,0,0,1,1,-1,1968,2,7
"2025000031233",1,3,5,1,0,0,1,1,23,-1,-1,-1
"2025000031233",2,9,9,1,0,0,1,2,75,1598,1,12
"2025000031234",1,9,19,0,0,0,1,3,-1,1995,2,6
"2025000031234",2,9,19,0,0,0,4,1,46,1797,8,8
"2025000031235",2,9,19,0,0,0,1,2,28,1364,2,7
"2025000031235",1,8,12,0,0,0,3,1,26,1968,2,10
"2025000031236",1,-1,14,0,0,4,1,1,42,-1,-1,-1
"2025000031236",2,21,4,0,0,0,3,1,62,6700,2,3
"2025000031237",2,11,3,1,0,0,1,1,50,4500,2,5
"2025000031237",1,19,1,1,0,0,2,1,25,1995,2,2
"2025000031238",2,3,99,9,9,99,1,1,20,124,1,1
"2025000031238",1,9,99,9,9,99,2,1,40,1395,1,6
"2025000031239",1,9,19,0,5,0,1,1,17,2999,2,21
"2025000031240",2,9,10,8,0,0,3,1,51,-1,3,2
"2025000031240",1,1,9,5,0,0,3,1,48,-1,-1,-1
"2025000031241",1,9,12,1,0,0,1,1,37,1995,2,8
"2025000031241",2,8,3,1,0,0,3,3,-1,-1,-1,-1
"2025000031242",2,11,19,1,0,0,1,1,-1,5132,2,0
"2025000031242",1,11,19,1,0,0,2,1,31,4500,2,0
"2025000031242",3,9,19,1,0,0,1,3,-1,-1,-1,-1
"2025000031243",1,9,19,0,1,0,1,2,32,1984,1,9
"2025000031243",2,19,19,0,0,0,1,1,54,2982,2,17
"2025000031244",1,9,7,8,1,0,1,1,24,1149,1,10
"2025000031244",2,21,3,1,0,0,3,1,34,12742,2,3
"2025000031245",1,9,19,8,0,0,1,2,73,-1,-1,-1
"2025000031245",2,9,5,6,0,0,3,1,63,1364,1,9
"2025000031246",2,19,99,9,9,99,9,1,57,1499,2,2
"2025000031246",1,1,99,9,9,99,9,1,37,-1,-1,-1
"2025000031247",2,9,4,1,0,0,1,1,65,1328,1,14
"2025000031247",1,3,3,1,0,0,2,1,32,125,1,0
"2025000031248",1,19,1,1,0,0,2,1,-1,2143,2,3
"2025000031249",1,9,19,0,0,0,3,1,24,1149,1,12
"2025000031250",1,9,9,8,0,0,1,3,-1,-1,-1,-1
"2025000031250",2,1,19,8,0,0,3,1,27,-1,-1,-1
"2025000031251",1,8,19,1,0,0,1,1,46,1798,8,6
"2025000031252",1,9,9,5,0,0,1,3,20,1956,2,13
"2025000031252",2,90,19,8,0,0,1,1,27,-1,-1,-1
"2025000031253",1,19,19,8,0,0,4,1,19,1968,2,6
"2025000031253",2,3,19,8,5,0,1,1,21,125,1,7
"2025000031254",2,9,19,8,0,0,1,2,25,1496,2,5
"2025000031254",1,19,9,5,0,0,1,1,32,2198,2,9
"2025000031255",2,9,99,9,9,99,1,3,-1,-1,-1,-1
"2025000031255",1,9,99,9,9,99,1,2,47,1461,2,7
"2025000031256",1,9,7,4,0,0,1,2,40,1598,1,13
"2025000031256",2,9,8,4,0,0,2,1,21,1598,2,7
"2025000031257",1,9,5,6,0,0,3,1,25,1398,2,9
"2025000031257",2,19,19,1,0,0,1,1,34,1996,2,0
"2025000031258",2,9,19,8,0,0,1,1,74,1796,1,12
"2025000031258",1,9,9,8,0,0,3,1,78,1997,1,9
"2025000031259",1,9,9,1,0,0,3,2,38,1339,1,13
"2025000031259",2,1,19,8,0,0,1,1,46,-1,-1,-1
"2025000031260",2,9,13,9,9,99,1,3,-1,2497,1,18
"2025000031260",1,3,19,9,9,99,9,3,22,125,1,3
"2025000031261",3,9,19,0,0,0,3,1,73,2993,2,0
"2025000031261",2,9,19,0,0,0,1,1,54,1398,1,1
"2025000031261",1,9,19,0,0,0,1,2,31,1896,2,14
"2025000031261",4,21,19,0,0,0,3,1,35,-1,-1,-1
"2025000031262",1,9,7,8,0,0,1,1,72,1596,1,16
"2025000031263",1,9,19,8,0,0,1,2,28,999,1,4
"2025000031263",2,9,9,4,0,0,4,3,36,1798,8,4
"2025000031264",1,3,19,0,1,0,0,1,59,124,1,23
"2025000031265",2,5,99,9,9,99,1,3,-1,-1,-1,-1
"2025000031265",1,9,99,9,9,99,3,1,39,1598,2,7
"2025000031266",2,1,19,1,0,0,1,2,25,-1,-1,-1
"2025000031266",1,9,9,1,0,0,1,2,71,1368,1,10
"2025000031267",1,9,19,8,0,0,1,1,44,2143,2,7
"2025000031267",2,9,19,8,0,0,3,1,51,1968,2,12
"2025000031268",1,9,19,0,0,0,2,1,65,1242,1,13
"2025000031268",2,21,19,0,0,0,1,1,34,12419,2,8
"2025000031269",1,11,19,0,0,0,4,1,54,10838,2,4
"2025000031270",1,9,99,9,9,99,1,2,49,2143,2,5
"2025000031270",2,3,99,9,9,99,1,3,-1,125,1,3
"2025000031271",1,9,9,2,0,0,2,2,58,998,1,3
"2025000031271",2,9,19,1,0,0,3,1,-1,1560,2,11
"2025000031272",1,1,19,0,0,0,1,1,19,-1,-1,-1
"2025000031273",1,9,5,1,0,0,1,1,50,1598,2,8
"2025000031274",1,9,9,0,0,0,1,1,42,1242,1,18
"2025000031274",2,3,19,0,5,0,4,1,22,125,1,15
"2025000031275",2,3,19,6,0,0,3,1,18,125,1,1
"2025000031275",1,9,5,6,0,0,1,2,83,1388,1,14
"2025000031276",1,9,9,1,0,0,1,1,50,-1,-1,-1
"2025000031276",2,5,19,1,0,0,1,1,28,599,1,23
"2025000031277",1,9,19,0,0,0,2,2,65,999,1,0
"2025000031277",2,20,19,0,0,0,1,1,36,-1,-1,-1
"2025000031278",2,3,19,0,0,0,1,1,17,124,1,16
"2025000031278",1,9,19,0,0,0,3,1,34,-1,-1,-1
"2025000031279",1,21,12,0,0,0,3,1,35,-1,-1,-1
"2025000031279",2,9,11,0,0,0,4,2,46,1598,1,12
"2025000031280",1,9,1,5,0,0,4,1,40,998,1,10
"2025000031280",2,-1,19,8,0,0,1,2,27,-1,-1,-1
"2025000031281",1,5,15,1,0,0,1,1,24,847,1,4
"2025000031281",2,9,9,5,0,0,1,2,76,1991,1,7
"2025000031282",1,9,19,8,0,0,4,1,26,1560,2,11
"2025000031283",1,9,19,1,0,0,1,1,28,-1,3,0
"2025000031284",1,9,-1,0,-1,-1,4,2,60,998,1,6
"2025000031285",2,19,19,0,0,0,1,1,66,1248,2,11
"2025000031285",1,9,4,0,0,0,2,2,28,1910,2,17
"2025000031286",1,9,19,1,2,10,1,1,20,999,1,2
"2025000031287",2,21,19,1,0,0,1,1,57,-1,-1,-1
"2025000031287",1,19,9,1,0,0,2,1,69,-1,-1,-1
"2025000031288",2,9,99,0,9,99,9,3,-1,999,1,11
"2025000031288",1,1,99,0,9,99,1,1,22,-1,-1,-1
"2025000031289",2,9,19,0,0,0,3,1,47,-1,-1,-1
"2025000031289",1,9,-1,0,-1,-1,-1,3,-1,-1,-1,-1
"2025000031290",2,9,99,9,9,99,9,3,-1,-1,-1,-1
"2025000031290",1,3,99,9,9,99,1,1,41,-1,-1,-1
"2025000031291",2,4,19,1,0,0,1,1,52,1262,1,1
"2025000031291",1,9,9,1,0,0,1,2,34,1995,2,14
"2025000031291",3,9,7,2,0,0,1,2,21,1390,1,7
"2025000031292",2,9,7,6,0,0,1,2,69,1390,1,11
"2025000031292",1,9,19,1,0,0,4,2,51,-1,-1,-1
"2025000031293",2,19,99,9,9,99,2,3,-1,1560,2,3
"2025000031293",1,1,99,9,9,99,9,2,26,-1,-1,-1
"2025000031294",1,11,3,1,0,0,0,1,64,5132,2,6
"2025000031295",1,1,19,0,1,10,1,1,63,-1,-1,-1
"2025000031296",1,1,19,0,0,0,3,1,12,-1,-1,-1
"2025000031296",2,19,19,0,0,0,1,3,-1,-1,-1,-1
"2025000031297",1,9,19,0,0,12,1,3,22,1968,2,8
"2025000031297",2,9,19,0,0,0,1,1,26,1995,2,13
"2025000031298",1,9,9,8,0,0,1,1,23,-1,-1,-1
"2025000031298",2,3,19,1,0,0,1,1,24,-1,-1,-1
"2025000031299",1,9,19,1,0,0,1,2,29,1995,2,5
"2025000031299",3,9,3,1,0,0,2,1,36,1968,2,7
"2025000031299",2,3,4,1,0,0,2,1,31,110,1,3
"2025000031300",2,3,6,2,0,0,1,3,-1,-1,-1,-1
"2025000031300",1,4,19,2,2,0,3,1,24,108,1,3
"2025000031301",2,9,7,6,0,0,3,2,38,1560,2,10
"2025000031301",1,9,9,5,0,0,1,1,38,2204,2,16
"2025000031302",2,9,19,2,0,0,1,1,19,1900,2,22
"2025000031302",1,9,7,6,0,0,2,2,19,998,1,13
"2025000031303",2,9,19,8,0,0,1,1,43,998,1,13
"2025000031303",1,9,7,8,0,0,3,1,25,1598,2,7
"2025000031304",1,9,13,8,1,10,3,1,25,1968,2,7
"2025000031304",2,19,19,8,0,0,1,1,36,1598,2,3
"2025000031305",2,9,19,5,0,0,1,1,70,1388,1,14
"2025000031305",1,9,9,6,0,0,1,2,59,998,1,7
"2025000031306",1,5,19,1,0,0,1,1,32,599,1,26
"2025000031306",2,9,3,1,0,0,2,2,47,1598,2,7
"2025000031307",1,9,19,1,0,0,1,2,45,1995,2,15
"2025000031307",2,9,3,1,0,0,1,2,36,1598,1,20
"2025000031308",2,9,3,1,0,0,2,1,52,1398,1,10
"2025000031308",1,9,19,1,0,0,1,1,25,1598,1,7
"2025000031309",1,9,19,2,0,10,1,2,39,2993,2,4
"2025000031310",1,9,19,8,1,4,1,1,31,2143,2,8
"2025000031310",2,9,1,1,0,0,2,2,57,-1,-1,-1
"2025000031311",1,19,19,0,0,0,1,1,60,2198,2,8
"2025000031312",2,9,5,4,0,0,1,2,50,1968,2,16
"2025000031312",1,9,9,3,0,0,4,1,19,1084,1,6
"2025000031313",1,11,19,0,0,0,1,1,37,3900,2,16
"2025000031313",2,19,4,0,0,0,2,1,28,1995,2,3
"2025000031314",2,9,99,9,9,99,1,1,79,2497,1,16
"2025000031314",1,1,99,9,9,99,9,1,23,-1,-1,-1
"2025000031315",1,5,19,8,0,0,3,1,35,1254,1,4
"2025000031315",2,9,19,8,0,0,1,2,31,-1,3,1
"2025000031316",2,9,13,1,0,0,1,1,49,1332,1,1
"2025000031316",1,9,7,6,0,0,1,1,41,1969,12,0
"2025000031317",1,9,10,0,0,0,1,1,51,1997,2,8
"2025000031318",1,19,5,6,0,0,1,1,31,-1,3,1
"2025000031318",2,1,19,1,0,0,4,2,5,-1,-1,-1
"2025000031319",2,1,5,0,0,0,2,2,14,-1,-1,-1
"2025000031319",1,9,19,0,0,0,1,2,62,1461,2,8
"2025000031320",1,1,5,8,0,0,3,1,72,-1,-1,-1
"2025000031320",2,97,19,8,0,0,1,3,-1,-1,-1,-1
"2025000031321",1,9,7,1,0,0,3,2,40,898,1,5
"2025000031321",2,9,4,1,0,0,4,2,45,1968,2,5
"2025000031321",3,9,2,1,0,0,0,3,-1,2362,1,19
"2025000031322",2,9,19,0,0,0,2,1,70,1797,8,7
"2025000031322",1,9,4,0,0,0,1,1,21,1329,1,12
"2025000031323",2,9,19,8,0,0,1,2,43,1248,1,9
"2025000031323",1,9,19,6,0,0,4,2,82,1242,1,10
"2025000031324",1,9,19,0,0,0,0,1,58,-1,-1,-1
"2025000031324",2,9,19,0,0,0,0,1,25,-1,-1,-1
"2025000031325",1,4,13,0,0,0,4,1,22,689,1,0
"2025000031325",2,9,9,0,0,0,1,2,36,1968,2,18
"2025000031326",1,9,19,1,0,0,4,3,-1,-1,-1,-1
"2025000031327",2,9,99,9,9,99,1,3,-1,1461,2,8
"2025000031327",1,9,99,9,9,99,2,2,27,998,1,5
"2025000031328",1,19,14,0,0,0,1,2,21,-1,-1,-1
"2025000031328",2,19,2,0,0,0,2,1,43,1598,2,5
"2025000031329",2,-1,19,0,0,0,1,1,13,-1,-1,-1
"2025000031329",1,9,1,0,0,0,4,1,37,-1,-1,-1
"2025000031330",2,9,19,8,0,0,1,1,48,1995,2,11
"2025000031330",1,9,5,6,0,0,3,1,90,600,8,3
"2025000031331",1,9,19,1,0,0,1,1,71,1461,2,1
"2025000031331",3,21,19,1,0,0,1,3,-1,16350,2,1
"2025000031331",2,21,4,1,0,0,2,3,-1,12777,2,1
"2025000031332",1,1,5,8,0,0,1,1,15,-1,-1,-1
"2025000031332",2,9,19,8,0,0,1,2,80,898,1,3
"2025000031333",2,1,19,3,0,0,1,1,33,-1,-1,-1
"2025000031333",1,9,5,6,0,0,3,1,37,1995,2,10
"2025000031334",2,19,19,6,0,0,9,3,-1,-1,-1,-1
"2025000031334",1,9,99,9,9,99,9,1,-1,-1,-1,-1
"2025000031335",1,9,9,8,0,0,4,2,79,1248,1,10
"2025000031335",2,9,19,8,0,0,3,2,36,999,1,4
"2025000031336",1,9,-1,0,-1,-1,-1,1,46,-1,-1,-1
"2025000031337",2,3,9,5,0,0,4,1,19,125,1,2
"2025000031337",1,9,19,1,0,0,1,1,31,1995,2,5
"2025000031338",1,11,4,8,0,0,0,1,-1,4500,2,5
"2025000031339",2,1,19,8,0,0,4,2,30,-1,-1,-1
"2025000031339",1,9,9,8,0,0,1,3,-1,-1,-1,-1
"2025000031340",1,9,19,0,2,0,1,1,20,1896,2,21
"2025000031341",2,19,5,0,0,0,3,1,31,2143,2,2
"2025000031341",1,9,19,0,0,0,4,2,43,1496,1,6
"2025000031342",1,9,19,0,5,0,1,1,65,999,1,0
"2025000031343",2,1,19,8,0,0,1,1,54,-1,-1,-1
"2025000031343",1,9,9,8,0,0,1,1,43,-1,-1,-1
"2025000031344",2,19,19,1,0,0,1,2,46,1248,2,10
"2025000031344",1,9,19,1,1,0,1,1,37,2495,2,18
"2025000031345",1,9,7,1,0,0,1,3,-1,1199,1,0
"2025000031346",1,9,19,4,0,0,1,2,28,1395,1,8
"2025000031347",1,5,19,0,0,0,1,1,33,749,1,14
"2025000031347",2,9,5,0,0,0,3,2,34,1995,2,9
"2025000031348",2,5,19,8,0,0,1,1,54,998,1,3
"2025000031348",1,9,19,8,0,0,4,2,81,998,1,2
"2025000031349",1,3,14,0,5,0,3,3,-1,-1,-1,-1
"2025000031350",2,1,19,8,0,0,1,1,53,-1,-1,-1
"2025000031350",1,9,5,6,0,0,1,1,63,1399,1,7
"2025000031351",1,9,19,0,0,0,4,1,44,-1,-1,-1
"2025000031351",2,21,12,0,0,0,3,1,21,12777,2,4
"2025000031352",1,9,19,1,0,7,1,2,62,-1,-1,-1
"2025000031353",2,1,99,9,9,99,1,1,-1,-1,-1,-1
"2025000031353",1,9,99,9,9,99,9,2,43,2393,1,14
"2025000031354",1,9,19,0,2,10,1,1,21,1600,1,31
"2025000031355",1,9,19,0,0,0,1,2,55,2179,2,9
"2025000031355",2,9,19,0,0,0,4,3,-1,1598,2,8
"2025000031356",2,9,5,6,0,0,1,2,40,998,1,11
"2025000031356",1,1,99,1,2,0,3,2,43,-1,-1,-1
"2025000031357",1,9,9,1,0,0,4,2,44,1598,2,8
"2025000031357",2,1,19,1,0,0,1,1,39,-1,-1,-1
"2025000031358",1,9,19,1,0,0,1,1,22,1798,1,14
"2025000031358",3,9,19,1,0,0,1,1,69,1598,8,1
"2025000031358",2,9,10,1,0,0,2,2,38,1998,1,5
"2025000031359",2,9,4,1,0,0,1,2,24,1595,1,5
"2025000031359",1,4,19,8,0,0,4,1,44,498,1,15
"2025000031360",1,9,19,0,5,10,1,2,32,1248,2,16
"2025000031361",1,9,19,0,0,0,1,1,19,1390,1,11
"2025000031361",2,9,1,0,0,0,2,3,-1,-1,-1,-1
"2025000031362",1,9,19,4,0,0,1,2,82,1242,1,10
"2025000031362",2,9,9,3,0,0,4,1,48,2494,8,2
"2025000031363",2,1,19,8,0,0,1,1,31,-1,-1,-1
"2025000031363",1,9,9,2,0,0,1,1,29,1229,1,13
"2025000031364",2,9,19,0,0,0,1,3,-1,-1,-1,-1
"2025000031364",1,9,2,0,0,0,3,3,-1,1993,12,0
"2025000031365",1,19,19,1,0,0,1,1,41,2143,2,1
"2025000031366",1,3,99,9,9,99,1,1,40,125,1,1
"2025000031366",2,9,99,9,9,99,1,3,-1,1950,2,3
"2025000031367",1,9,9,1,0,0,1,1,50,2148,2,17
"2025000031367",2,3,13,1,0,0,1,1,42,292,1,2
"2025000031368",1,1,9,0,0,0,1,1,37,-1,-1,-1
"2025000031368",2,9,19,0,0,0,1,1,37,1496,1,2
"2025000031369",2,9,5,1,0,0,1,2,34,1598,1,10
"2025000031369",1,9,9,1,0,0,1,2,36,1199,1,0
"2025000031370",1,9,19,0,1,0,1,1,17,-1,-1,-1
"2025000031371",2,1,19,0,5,0,4,1,15,-1,-1,-1
"2025000031371",1,9,15,0,0,0,4,1,19,998,1,7
"2025000031372",1,19,19,3,0,0,3,1,56,2143,2,3
"2025000031372",2,9,19,3,0,0,4,2,59,1997,2,5
"2025000031373",1,11,19,1,0,0,1,1,55,6700,2,3
"2025000031374",1,8,5,0,0,0,0,3,-1,-1,-1,-1
"2025000031375",2,1,-1,-1,-1,-1,-1,1,-1,-1,-1,-1
"2025000031375",1,9,-1,-1,-1,-1,-1,1,50,-1,-1,-1
"2025000031376",1,9,4,0,0,0,2,1,88,1398,2,18
"2025000031376",2,5,19,0,0,0,1,1,70,1200,1,53
"2025000031377",2,1,9,0,0,0,3,1,75,-1,-1,-1
"2025000031377",1,9,19,0,0,0,4,1,47,1598,1,0
"2025000031378",2,20,99,8,0,0,1,1,-1,4500,2,16
"2025000031378",1,11,99,8,0,0,9,1,66,4250,2,21
"2025000031379",1,3,19,8,0,10,4,1,33,125,1,0
"2025000031380",1,9,19,0,0,0,4,1,39,1198,1,8
"2025000031381",2,19,19,0,1,0,1,1,34,-1,-1,-1
"2025000031381",1,9,3,0,0,0,3,2,38,1497,2,7
"2025000031382",2,9,19,0,0,0,1,1,47,2179,2,13
"2025000031382",1,9,19,0,0,0,1,1,18,1390,1,14
"2025000031383",2,4,9,1,0,0,3,1,31,125,1,1
"2025000031383",1,9,9,1,0,0,3,1,46,1998,8,8
"2025000031384",1,9,9,2,1,0,1,1,25,1991,1,10
"2025000031385",2,8,19,6,0,0,2,1,67,1598,2,6
"2025000031385",1,9,19,8,0,0,1,1,21,1998,8,1
"2025000031386",2,-1,19,8,0,0,4,2,29,-1,-1,-1
"2025000031386",1,9,7,2,0,0,1,2,-1,-1,-1,-1
"2025000031387",2,9,2,0,0,0,2,1,41,1598,2,10
"2025000031387",1,9,19,0,0,0,1,1,49,1685,2,8
"2025000031388",1,4,19,6,0,0,1,1,24,125,1,7
"2025000031389",1,1,99,4,9,99,9,1,28,-1,-1,-1
"2025000031389",2,9,99,4,9,99,9,1,18,1149,1,16
"2025000031390",1,10,4,0,0,0,2,1,36,2179,2,1
"2025000031390",2,9,19,0,0,0,1,1,58,1388,1,11
"2025000031391",2,9,7,6,0,0,3,1,20,1388,1,16
"2025000031391",1,2,19,8,0,0,1,1,38,125,1,4
"2025000031392",1,3,19,1,5,0,1,1,31,125,1,2
"2025000031393",1,9,5,8,5,0,0,1,58,1598,1,17
"2025000031394",3,9,2,2,0,0,1,2,-1,-1,-1,-1
"2025000031394",1,9,19,2,0,4,1,1,18,1364,2,12
"2025000031394",2,9,2,2,0,0,2,2,-1,2000,1,17
"2025000031394",4,9,19,2,0,0,0,3,-1,-1,-1,-1
"2025000031395",1,9,19,0,0,0,4,1,23,1598,1,20
"2025000031396",1,9,19,1,0,10,1,1,19,1390,1,10
"2025000031397",1,3,19,0,0,0,4,1,19,124,1,7
"2025000031398",1,99,7,6,0,0,1,3,-1,-1,-1,-1
"2025000031399",1,9,12,0,2,0,1,2,40,1390,1,20
"2025000031400",1,9,19,2,0,0,1,1,24,1395,1,9
"2025000031400",2,19,4,2,0,0,2,1,36,-1,-1,-1
"2025000031401",1,19,19,1,0,0,1,1,20,1968,2,15
"2025000031401",2,9,9,8,0,0,3,1,62,-1,-1,-1
"2025000031402",3,9,4,0,0,0,2,2,37,-1,-1,-1
"2025000031402",5,9,4,0,0,0,2,1,56,-1,-1,-1
"2025000031402",4,9,4,0,0,0,2,2,25,-1,-1,-1
"2025000031402",2,9,4,0,0,0,2,1,30,1339,1,11
"2025000031402",1,19,4,0,0,0,1,1,18,2402,2,11
"2025000031403",1,9,19,0,1,0,1,1,17,-1,-1,-1
"2025000031403",2,19,19,0,0,0,3,1,-1,-1,-1,-1
"2025000031404",1,9,19,6,0,0,1,2,37,-1,-1,-1
"2025000031404",2,19,4,1,0,0,3,1,42,2143,2,0
"2025000031405",1,9,19,1,0,0,1,3,30,-1,-1,-1
"2025000031405",2,9,19,1,0,0,1,2,33,2143,2,6
"2025000031406",1,9,9,6,0,0,1,1,76,1461,2,10
"2025000031406",2,1,7,5,5,0,3,2,65,-1,-1,-1
"2025000031407",1,9,19,1,0,0,1,1,-1,-1,-1,-1
"2025000031408",1,8,5,0,0,0,0,1,25,1956,2,9
"2025000031409",1,9,14,0,0,0,4,3,30,1798,8,9
"2025000031410",1,19,7,8,0,0,1,1,-1,-1,-1,-1
"2025000031410",2,21,19,1,0,0,1,1,21,12777,2,0
"2025000031411",2,9,99,9,9,99,9,1,75,1329,1,14
"2025000031411",1,1,99,9,9,99,9,1,25,-1,-1,-1
"2025000031412",2,9,19,8,0,0,3,1,49,1984,1,7
"2025000031412",1,9,19,8,0,0,1,2,18,998,1,5