"collision_index","vehicle_reference","vehicle_type","vehicle_manoeuvre","junction_location","skidding_and_overturning","hit_object_in_carriageway","first_point_of_impact","sex_of_driver","age_of_driver","engine_capacity_cc","propulsion_code","age_of_vehicle"
"2025000031413",1,9,19,2,0,10,3,1,87,1499,1,2
"2025000031414",1,9,19,0,0,4,1,2,30,1388,1,16
"2025000031414",2,19,2,0,0,0,2,1,51,1598,2,3
"2025000031415",1,9,9,1,0,0,2,1,52,1950,2,5
"2025000031415",2,9,19,1,0,0,1,1,32,1596,1,13
"2025000031416",2,9,9,8,0,0,1,1,39,2967,2,0
"2025000031416",1,9,19,8,0,0,4,1,35,1969,8,1
"2025000031417",2,9,2,0,0,0,1,1,20,1198,1,12
"2025000031417",1,19,1,0,0,0,2,3,-1,1968,2,10
"2025000031418",1,9,19,0,5,0,4,1,18,-1,-1,-1
"2025000031419",1,8,99,0,0,0,9,3,-1,898,1,4
"2025000031420",1,90,19,8,0,0,1,1,-1,1997,2,4
"2025000031420",2,9,3,8,0,0,3,2,32,1796,2,9
"2025000031421",2,9,19,4,0,0,1,1,-1,1200,1,9
"2025000031421",1,1,19,8,0,0,2,1,46,-1,-1,-1
"2025000031422",1,9,19,0,0,0,1,1,36,1229,1,18
"2025000031422",2,9,19,0,0,0,1,1,40,1461,2,12
"2025000031423",2,9,19,1,0,0,3,1,36,-1,-1,-1
"2025000031423",1,9,19,1,1,0,3,1,25,2993,2,8
"2025000031424",1,9,19,0,0,0,1,1,35,1398,1,6
"2025000031424",2,9,19,0,0,0,2,1,59,1461,2,2
"2025000031425",1,21,19,0,0,0,1,1,53,10837,2,5
"2025000031425",2,9,19,0,0,0,1,1,60,1951,2,18
"2025000031426",1,9,4,1,0,0,2,2,41,-1,-1,-1
"2025000031426",2,19,19,1,0,0,1,1,53,2298,2,8
"2025000031427",1,9,19,8,0,0,1,1,34,2967,2,9
"2025000031427",2,9,19,8,0,0,4,1,26,1364,1,13
"2025000031428",1,11,19,1,0,0,0,1,54,4500,2,6
"2025000031429",1,9,19,1,0,0,1,1,64,1975,1,14
"2025000031429",2,9,3,1,0,0,2,1,72,1968,2,13
"2025000031430",2,19,4,0,0,0,2,1,53,1499,2,1
"2025000031430",1,9,19,0,0,0,1,2,36,1984,1,2
"2025000031431",1,9,19,0,1,0,1,1,49,1398,8,4
"2025000031431",2,11,19,0,0,0,2,1,34,6700,2,10
"2025000031432",1,9,9,1,0,0,3,1,26,1969,2,7
"2025000031432",2,9,19,1,0,0,3,2,31,999,1,1
"2025000031433",1,9,9,5,0,0,1,2,39,1388,1,12
"2025000031433",2,3,19,8,2,0,1,1,28,125,1,8
"2025000031434",3,9,19,0,0,0,1,1,19,1995,2,15
"2025000031434",7,9,19,0,1,0,2,1,48,2143,2,11
"2025000031434",8,9,19,0,0,0,1,1,38,1200,1,5
"2025000031434",5,9,19,0,1,0,1,1,58,1499,1,5
"2025000031434",4,9,19,0,1,0,2,2,29,1995,2,6
"2025000031434",6,20,19,0,1,0,2,1,42,-1,-1,-1
"2025000031434",1,9,19,0,0,0,1,1,41,1395,8,3
"2025000031434",2,9,19,0,0,0,1,2,22,1149,1,13
"2025000031435",2,9,9,5,0,0,2,2,24,1368,1,14
"2025000031435",1,3,14,8,0,0,1,1,15,124,1,10
"2025000031436",5,9,2,0,0,0,1,1,32,1598,1,12
"2025000031436",4,9,2,0,0,0,1,2,55,1598,1,12
"2025000031436",1,9,19,0,0,4,1,1,35,1968,2,13
"2025000031436",2,9,2,0,0,0,2,2,59,999,1,1
"2025000031436",3,9,2,0,0,0,2,1,75,1242,1,9
"2025000031437",2,9,99,0,9,99,9,2,64,1242,1,12
"2025000031437",1,1,99,0,9,99,9,1,30,-1,-1,-1
"2025000031438",1,9,9,6,0,0,3,2,19,1124,1,18
"2025000031438",2,9,19,8,0,0,1,1,43,999,1,5
"2025000031439",2,19,19,0,9,99,9,2,-1,1499,2,1
"2025000031439",1,9,3,0,9,99,2,1,36,1968,2,9
"2025000031440",2,9,4,0,0,0,2,1,39,1198,1,14
"2025000031440",3,19,19,0,0,0,0,1,48,1968,2,3
"2025000031440",1,9,3,0,0,0,1,1,20,1968,2,15
"2025000031441",1,9,19,1,0,0,1,1,24,2143,2,6
"2025000031441",2,9,3,1,0,0,2,2,34,1124,1,10
"2025000031441",3,9,19,2,0,0,0,3,30,-1,-1,-1
"2025000031442",1,1,19,8,0,0,0,1,74,-1,-1,-1
"2025000031443",2,19,7,2,5,0,0,1,39,1995,2,1
"2025000031443",1,3,7,2,5,0,1,1,27,125,1,0
"2025000031444",1,9,5,0,0,0,0,3,27,1995,2,10
"2025000031445",1,9,4,0,0,0,3,2,43,1993,8,0
"2025000031445",2,1,19,0,5,0,1,1,37,-1,-1,-1
"2025000031446",1,9,19,0,0,0,1,1,21,1968,2,8
"2025000031446",2,9,19,0,0,0,1,1,47,2993,2,5
"2025000031447",1,19,7,3,0,0,3,1,34,2000,2,1
"2025000031448",1,3,14,0,0,0,1,1,20,125,1,1
"2025000031449",1,9,5,1,0,0,1,1,66,1796,1,15
"2025000031450",1,9,19,0,0,0,1,2,-1,-1,-1,-1
"2025000031451",1,9,19,8,0,0,1,2,39,1396,1,13
"2025000031452",2,9,5,2,0,0,3,2,38,-1,-1,-1
"2025000031452",1,1,19,6,0,0,1,1,35,-1,-1,-1
"2025000031453",1,1,19,8,0,0,3,1,18,-1,-1,-1
"2025000031453",2,9,19,8,0,0,1,1,46,1995,2,15
"2025000031454",1,9,19,0,0,0,4,2,54,1500,2,3
"2025000031455",1,9,99,9,9,99,1,1,46,-1,-1,-1
"2025000031456",2,19,3,1,0,0,2,3,-1,2200,2,2
"2025000031456",1,9,19,1,0,0,1,2,30,1596,1,13
"2025000031457",2,9,19,1,0,0,2,2,43,1598,1,12
"2025000031457",1,11,4,1,1,0,1,1,29,8268,2,16
"2025000031457",3,9,19,1,0,0,1,1,64,-1,-1,-1
"2025000031458",2,9,19,8,0,0,1,2,47,1149,1,12
"2025000031458",1,9,9,5,0,0,4,2,40,1560,2,10
"2025000031459",1,9,19,1,0,0,3,2,43,1461,2,6
"2025000031460",1,19,19,0,2,0,3,1,41,1560,2,9
"2025000031460",2,19,19,0,0,0,0,1,41,1950,2,1
"2025000031461",1,5,19,0,0,0,1,1,55,-1,-1,-1
"2025000031462",1,9,19,1,0,0,1,1,27,1498,1,2
"2025000031462",2,9,19,1,0,0,1,2,26,1200,1,3
"2025000031463",1,9,1,0,0,0,2,1,93,1197,1,12
"2025000031464",2,9,2,1,0,0,2,3,66,2494,8,8
"2025000031464",1,9,11,1,0,10,1,1,24,1968,2,9
"2025000031464",4,9,11,2,0,0,0,1,-1,2993,12,1
"2025000031464",3,9,11,1,0,0,0,1,-1,2993,2,3
"2025000031465",1,9,19,1,0,0,1,2,60,1339,8,9
"2025000031466",2,19,19,8,0,0,4,1,23,1500,2,4
"2025000031466",1,9,19,8,0,0,1,1,18,-1,-1,-1
"2025000031467",2,19,19,6,0,0,1,1,45,2287,2,13
"2025000031467",1,9,9,1,0,0,3,2,20,1699,1,14
"2025000031468",1,5,19,0,0,0,1,1,63,636,1,4
"2025000031469",2,9,2,0,0,0,1,1,19,1242,1,13
"2025000031469",1,9,19,0,0,0,2,1,-1,1896,2,24
"2025000031470",1,9,9,5,0,0,1,1,47,-1,3,2
"2025000031470",2,9,19,1,0,0,1,2,55,1498,1,1
"2025000031471",1,9,19,0,0,0,1,1,49,1986,2,18
"2025000031472",2,9,9,5,0,0,3,1,51,1499,2,8
"2025000031472",1,5,19,1,0,0,1,1,51,600,1,27
"2025000031473",1,9,7,1,0,0,0,2,20,998,1,6
"2025000031473",2,1,19,1,0,0,4,1,48,-1,-1,-1
"2025000031474",1,9,19,1,0,0,1,1,-1,1364,1,12
"2025000031474",2,9,3,1,0,0,2,2,49,1586,1,8
"2025000031475",1,9,9,2,0,0,3,1,41,1364,1,13
"2025000031475",2,9,19,1,1,0,3,2,26,2488,8,1
"2025000031476",2,9,19,8,0,0,1,1,43,1461,2,16
"2025000031476",1,9,19,4,0,0,3,2,25,1995,2,9
"2025000031477",2,9,12,1,0,0,1,1,29,1598,1,14
"2025000031477",1,3,13,1,0,0,4,1,36,124,1,6
"2025000031478",2,1,19,1,0,0,1,1,31,-1,-1,-1
"2025000031478",1,19,7,1,0,0,1,1,-1,1598,2,12
"2025000031479",1,9,5,0,0,0,3,2,33,1560,2,12
"2025000031479",2,9,19,0,0,0,4,2,57,1598,1,10
"2025000031480",2,9,3,0,0,0,1,2,27,1499,2,6
"2025000031480",1,19,1,0,0,0,2,1,37,2402,2,18
"2025000031481",1,9,99,9,9,99,2,2,28,1498,1,0
"2025000031481",2,9,99,9,9,99,9,3,-1,1390,1,11
"2025000031482",2,19,99,0,9,99,9,1,-1,2198,2,14
"2025000031482",1,9,99,0,0,99,9,3,35,1968,2,13
"2025000031483",1,9,19,0,0,0,1,1,83,1248,1,6
"2025000031484",1,11,19,1,0,0,1,2,21,4500,2,3
"2025000031485",2,9,99,9,9,99,0,3,-1,2993,2,9
"2025000031485",1,3,99,9,9,99,9,1,31,108,1,4
"2025000031486",1,9,2,0,0,0,3,1,44,1596,1,16
"2025000031486",2,1,19,0,0,8,4,1,28,-1,-1,-1
"2025000031487",2,9,19,1,0,0,0,1,40,1984,1,3
"2025000031487",1,9,19,8,0,0,1,1,28,1598,2,7
"2025000031487",3,9,10,8,0,0,1,2,44,2198,2,17
"2025000031488",2,11,5,0,0,0,3,1,54,6700,2,3
"2025000031488",1,9,13,0,0,0,4,2,38,1598,1,16
"2025000031489",1,9,9,6,0,0,3,2,57,998,1,14
"2025000031489",2,21,19,8,0,0,1,1,35,-1,-1,-1
"2025000031490",1,9,19,0,2,0,4,1,26,-1,-1,-1
"2025000031491",1,9,19,1,0,0,1,2,54,1598,2,9
"2025000031491",2,97,5,2,0,0,1,1,29,-1,-1,-1
"2025000031492",1,19,19,3,0,0,2,1,36,2143,2,7
"2025000031492",2,1,19,3,0,0,3,1,70,-1,-1,-1
"2025000031493",1,3,99,9,9,99,1,2,-1,125,1,0
"2025000031493",2,9,99,9,9,99,9,1,51,1997,2,6
"2025000031494",1,19,19,1,1,0,1,1,26,1598,2,5
"2025000031494",2,9,4,1,0,0,2,1,54,1995,1,15
"2025000031495",1,3,3,1,0,0,2,1,34,125,1,6
"2025000031495",2,11,19,1,0,0,1,3,30,9360,2,14
"2025000031496",1,17,4,1,5,0,3,1,70,3990,2,24
"2025000031496",2,21,19,1,0,0,4,1,44,9290,2,4
"2025000031497",2,9,-1,8,0,0,1,2,36,1956,2,9
"2025000031497",1,9,-1,8,0,0,3,1,76,998,1,11
"2025000031498",1,9,19,4,0,0,1,1,70,1248,1,6
"2025000031499",1,21,19,1,0,0,1,1,26,-1,-1,-1
"2025000031499",2,9,9,8,0,0,2,1,67,1360,1,14
"2025000031499",3,9,19,1,0,0,1,1,58,-1,3,1
"2025000031500",2,9,19,0,0,0,2,1,18,1332,1,6
"2025000031500",1,9,19,0,0,0,1,2,56,1242,1,5
"2025000031501",1,9,9,1,0,0,1,1,27,998,1,9
"2025000031501",2,9,19,8,0,0,1,2,52,1200,1,6
"2025000031502",1,9,4,1,0,0,1,2,21,1200,1,9
"2025000031502",2,9,3,1,0,0,2,2,56,-1,-1,-1
"2025000031503",2,1,19,1,0,0,1,1,12,-1,-1,-1
"2025000031503",1,9,19,2,0,0,1,2,35,1329,1,10
"2025000031504",1,11,19,1,0,0,2,3,59,4500,2,8
"2025000031505",2,9,9,5,0,0,3,2,54,-1,-1,-1
"2025000031505",1,9,13,8,0,0,1,2,76,1240,1,19
"2025000031506",1,19,4,7,0,0,1,1,27,2402,2,12
"2025000031506",2,9,3,4,0,0,2,2,33,1242,1,10
"2025000031507",1,9,99,9,9,99,9,3,-1,-1,-1,-1
"2025000031508",1,9,19,0,0,0,1,2,41,2987,2,6
"2025000031508",2,11,19,0,0,0,1,1,34,7300,2,17
"2025000031509",1,2,99,9,9,99,1,3,-1,125,1,6
"2025000031510",1,9,19,0,0,0,1,1,51,1995,2,10
"2025000031511",3,19,4,8,0,0,1,1,25,1995,2,4
"2025000031511",1,19,4,8,0,0,2,1,29,1950,2,2
"2025000031511",2,9,4,8,0,0,2,2,72,1998,1,14
"2025000031512",2,9,19,8,0,7,1,2,40,2143,2,7
"2025000031512",1,9,19,8,0,0,3,2,72,1229,1,13
"2025000031513",1,9,19,0,0,0,1,3,25,-1,-1,-1
"2025000031514",1,9,8,6,0,0,1,1,19,1199,1,17
"2025000031514",2,1,19,8,5,0,4,1,60,-1,-1,-1
"2025000031515",2,9,2,6,0,0,4,3,17,-1,-1,-1
"2025000031515",1,1,19,1,0,0,4,1,12,-1,-1,-1
"2025000031516",1,9,5,6,0,0,1,1,37,1968,2,14
"2025000031516",2,9,19,8,0,0,1,2,60,2993,2,6
"2025000031517",2,9,2,1,0,0,4,3,-1,1360,1,17
"2025000031517",1,22,14,2,0,4,4,1,62,-1,-1,-1
"2025000031518",1,9,5,6,0,0,3,1,58,2993,2,8
"2025000031518",2,9,19,8,0,0,1,2,25,998,1,5
"2025000031519",1,9,99,9,9,99,9,3,-1,1791,8,11
"2025000031520",1,9,19,0,5,0,1,2,17,1229,1,9
"2025000031521",1,8,4,5,0,0,2,3,-1,-1,-1,-1
"2025000031521",2,9,19,1,0,0,1,3,-1,1995,2,18
"2025000031522",2,19,19,0,0,0,3,1,42,6700,2,1
"2025000031522",1,21,19,0,0,0,3,3,-1,-1,-1,-1
"2025000031523",1,9,4,1,0,0,2,2,32,2995,1,3
"2025000031523",2,9,4,1,0,0,1,1,37,1598,8,2
"2025000031524",2,3,7,4,0,0,1,2,21,125,1,0
"2025000031524",1,19,19,8,0,0,4,1,55,2143,2,4
"2025000031525",1,9,9,6,0,0,1,2,41,1685,2,6
"2025000031526",1,9,19,0,0,0,1,2,49,1386,1,8
"2025000031527",1,9,1,0,0,0,2,1,35,1995,12,0
"2025000031527",5,9,2,0,0,0,2,3,-1,1997,1,8
"2025000031527",4,9,2,0,0,4,2,3,-1,1396,1,16
"2025000031527",2,9,5,0,0,4,1,3,-1,1598,1,16
"2025000031527",3,9,2,0,0,4,2,3,-1,1397,1,12
"2025000031528",2,1,19,4,0,0,1,1,31,-1,-1,-1
"2025000031528",1,9,19,4,0,0,3,1,64,1560,2,12
"2025000031529",1,9,19,1,0,0,1,1,53,1477,1,1
"2025000031529",2,19,4,1,0,0,2,1,39,1950,2,1
"2025000031530",2,9,3,1,0,0,2,1,32,-1,-1,-1
"2025000031530",1,9,4,1,0,0,1,3,-1,1995,2,5
"2025000031531",1,9,99,9,9,99,1,3,-1,-1,-1,-1
"2025000031532",2,9,5,1,0,0,3,2,25,1398,1,11
"2025000031532",1,1,9,8,0,0,1,1,53,-1,-1,-1
"2025000031533",2,9,19,0,0,0,2,2,60,1598,1,12
"2025000031533",3,9,19,0,0,0,1,2,23,9999,2,22
"2025000031533",1,21,19,0,0,0,0,1,20,12742,2,2
"2025000031534",1,9,19,1,0,0,1,1,45,1461,2,9
"2025000031535",1,9,19,2,0,0,1,3,-1,-1,-1,-1
"2025000031536",1,9,99,9,9,99,9,2,46,1596,1,16
"2025000031536",2,8,99,9,9,99,1,3,36,1798,8,7
"2025000031537",1,21,-1,-1,-1,-1,-1,3,-1,-1,-1,-1
"2025000031537",2,9,19,8,0,0,4,1,31,2993,2,18
"2025000031538",1,1,19,0,0,0,1,1,53,-1,-1,-1
"2025000031539",2,9,19,8,0,0,4,3,32,1591,1,11
"2025000031539",1,9,19,4,0,0,1,2,34,1896,2,12
"2025000031540",1,9,99,9,9,99,3,1,47,1200,1,5
"2025000031540",2,9,1,9,0,0,2,3,-1,-1,3,1
"2025000031541",2,9,9,8,0,0,1,1,64,1200,1,2
"2025000031541",1,9,19,8,0,0,3,2,71,1498,1,5
"2025000031542",1,9,9,1,0,0,1,1,38,1242,1,12
"2025000031543",1,9,19,6,0,0,3,1,30,-1,-1,-1
"2025000031543",2,9,10,8,0,0,1,1,34,1991,2,14
"2025000031544",1,11,7,1,1,0,0,2,49,4500,2,2
"2025000031544",2,97,4,1,0,0,0,3,-1,-1,-1,-1
"2025000031545",2,9,3,0,0,0,2,1,42,1790,8,7
"2025000031545",1,9,19,0,0,0,1,3,-1,1686,2,11
"2025000031546",1,9,19,0,0,0,3,1,22,1995,2,12
"2025000031547",2,9,19,8,0,0,1,1,37,1598,2,4
"2025000031547",1,9,9,8,0,0,1,1,51,1364,1,16
"2025000031548",1,9,5,8,0,0,1,1,69,3996,1,4
"2025000031549",1,9,5,8,0,0,3,2,39,1200,1,3
"2025000031549",2,21,5,8,0,0,4,1,56,12777,2,2
"2025000031550",1,9,99,9,9,99,1,3,-1,-1,-1,-1
"2025000031551",1,9,9,6,0,0,4,1,30,1998,1,1
"2025000031551",2,1,19,8,0,0,1,1,36,-1,-1,-1
"2025000031552",4,9,19,0,0,0,1,1,49,1499,2,4
"2025000031552",3,9,19,0,0,0,0,1,47,1968,2,0
"2025000031552",1,3,19,0,2,0,1,1,17,124,1,15
"2025000031552",2,9,19,0,0,0,0,2,18,1498,2,2
"2025000031553",1,9,19,0,0,0,0,1,54,-1,-1,-1
"2025000031554",2,9,19,8,0,0,1,2,28,1461,2,7
"2025000031554",1,9,19,8,0,0,1,2,59,1560,2,5
"2025000031555",2,9,19,1,1,4,1,3,20,1984,1,0
"2025000031555",3,9,2,2,0,0,3,3,-1,1560,2,10
"2025000031555",1,9,5,8,0,0,1,2,23,1598,2,9
"2025000031556",3,9,3,0,0,0,2,2,39,1560,2,8
"2025000031556",2,9,3,0,0,0,2,1,37,2993,2,3
"2025000031556",1,9,4,0,1,0,3,1,21,1332,1,3
"2025000031557",2,21,1,0,0,0,0,1,-1,12742,2,2
"2025000031557",1,9,19,0,0,0,1,1,76,2497,1,1
"2025000031558",1,9,13,0,2,0,1,1,28,1598,2,4
"2025000031559",2,9,99,9,9,99,9,3,-1,1596,1,8
"2025000031559",1,8,99,9,9,99,2,1,51,1798,8,8
"2025000031560",1,9,19,0,0,0,4,1,44,998,1,15
"2025000031560",2,3,12,0,0,0,1,2,45,125,1,2
"2025000031561",1,9,19,0,0,0,3,2,44,1685,2,6
"2025000031561",2,19,19,0,0,0,3,1,27,1560,2,8
"2025000031562",1,9,5,6,0,0,3,1,50,1198,1,14
"2025000031562",2,1,19,1,0,0,1,1,65,-1,-1,-1
"2025000031563",2,9,19,0,1,0,1,2,33,1999,2,1
"2025000031563",1,9,19,0,0,0,2,2,46,1598,1,10
"2025000031564",1,9,19,0,0,0,1,1,84,2993,2,10
"2025000031565",2,9,19,0,0,0,1,2,24,1398,1,6
"2025000031565",1,9,4,0,0,0,2,2,31,1498,8,1
"2025000031566",1,9,19,0,0,1,1,1,68,1796,1,17
"2025000031567",2,9,4,0,0,0,2,1,23,1956,2,14
"2025000031567",1,19,19,0,0,0,1,1,27,1560,2,5
"2025000031568",1,5,19,0,2,0,0,1,31,744,1,11
"2025000031568",2,9,4,0,0,0,0,1,64,1796,1,12
"2025000031569",1,3,19,9,9,99,9,1,29,125,1,0
"2025000031569",2,9,99,9,9,99,9,3,-1,-1,-1,-1
"2025000031570",2,9,19,8,0,0,3,1,66,2487,8,3
"2025000031570",1,9,19,4,1,0,1,1,48,-1,-1,-1
"2025000031571",2,1,19,8,0,0,1,2,58,-1,-1,-1
"2025000031571",1,9,9,6,0,0,4,2,40,1497,8,13
"2025000031572",1,9,5,1,0,0,1,3,-1,-1,-1,-1
"2025000031572",2,-1,19,1,0,0,1,1,29,-1,-1,-1
"2025000031573",3,9,2,1,0,0,1,3,-1,1969,2,3
"2025000031573",2,9,2,1,0,4,2,3,-1,1199,2,9
"2025000031573",1,9,19,1,0,4,1,1,25,1149,1,13
"2025000031574",2,9,13,1,0,0,3,1,50,2993,2,5
"2025000031574",1,9,10,1,0,0,4,1,42,1968,2,11
"2025000031575",1,21,9,3,2,0,4,1,38,12809,2,7
"2025000031576",2,19,10,1,0,0,1,2,31,1560,2,4
"2025000031576",1,4,19,1,0,0,1,1,25,449,1,9
"2025000031577",2,20,19,0,0,0,2,1,68,-1,-1,-1
"2025000031577",1,19,19,0,0,0,1,1,58,-1,-1,-1
"2025000031578",4,19,4,0,0,0,2,1,49,1995,2,3
"2025000031578",1,21,19,0,1,0,1,1,56,11946,2,13
"2025000031578",3,9,4,0,0,0,2,1,28,1995,2,11
"2025000031578",2,19,4,0,0,0,2,1,29,1995,2,2
"2025000031579",2,9,10,0,0,0,2,2,27,1242,1,5
"2025000031579",1,20,19,0,0,0,1,1,45,6370,2,13
"2025000031580",1,3,19,0,1,7,4,1,35,124,1,0
"2025000031581",2,1,19,1,0,0,1,1,37,-1,-1,-1
"2025000031581",1,9,7,5,0,0,4,1,32,1329,1,11
"2025000031582",2,9,9,6,0,0,1,1,40,-1,-1,-1
"2025000031582",1,9,19,8,0,0,3,2,23,1242,1,15
"2025000031583",1,9,7,6,0,0,3,2,77,1364,1,18
"2025000031583",2,3,19,1,1,0,3,1,23,49,1,13
"2025000031584",1,11,19,0,0,0,0,1,62,4500,2,9
"2025000031584",2,9,7,0,0,0,0,1,59,1797,8,10
"2025000031585",1,9,19,2,0,0,1,1,54,1991,1,7
"2025000031586",1,9,9,6,0,0,0,2,44,1598,1,7
"2025000031587",2,9,19,0,0,10,0,1,40,1598,1,12
"2025000031587",1,19,-1,0,-1,-1,-1,3,-1,2287,2,11
"2025000031588",2,23,5,6,0,0,3,1,-1,-1,-1,-1
"2025000031588",1,11,4,8,0,0,1,1,51,7300,2,17
"2025000031589",1,9,19,2,0,0,4,1,26,1995,2,16
"2025000031589",2,9,9,2,0,0,1,1,34,1994,2,14
"2025000031590",1,9,5,0,0,4,1,2,56,-1,-1,-1
"2025000031590",2,9,2,0,0,0,2,3,-1,-1,-1,-1
"2025000031591",1,9,7,8,0,0,4,1,34,-1,3,0
"2025000031592",2,9,4,0,0,0,2,1,62,2687,1,17
"2025000031592",1,9,19,0,0,0,1,1,71,-1,-1,-1
"2025000031593",4,9,2,1,0,0,1,1,-1,1364,1,15
"2025000031593",1,9,19,2,0,4,1,3,-1,2204,2,15
"2025000031593",2,9,2,1,0,4,3,1,-1,1388,1,10
"2025000031593",3,9,2,1,0,10,1,3,-1,1591,1,4
"2025000031594",1,4,19,0,1,0,1,1,58,124,1,11
"2025000031595",1,9,19,0,0,0,4,1,30,1896,2,23
"2025000031595",2,9,2,0,0,0,3,-1,-1,2179,2,12
"2025000031596",2,21,5,1,0,0,1,1,46,6370,2,13
"2025000031596",1,9,3,4,0,0,2,1,25,1598,2,10
"2025000031597",1,9,5,0,0,0,3,1,57,1498,1,1
"2025000031597",2,9,19,0,0,0,1,2,34,1595,1,9
"2025000031598",2,9,19,1,1,0,4,1,65,998,1,15
"2025000031598",1,9,9,6,0,0,1,1,17,1598,1,14
"2025000031599",2,9,19,1,0,0,1,1,51,1395,1,4
"2025000031599",1,3,19,1,1,0,4,1,21,125,1,1
"2025000031600",1,1,19,1,0,0,1,1,23,-1,-1,-1
"2025000031601",2,4,3,4,0,0,2,2,60,113,1,2
"2025000031601",1,9,5,4,0,0,1,1,58,2183,2,10
"2025000031602",2,1,10,1,0,0,0,1,63,-1,-1,-1
"2025000031602",1,9,9,1,0,0,1,2,52,1998,1,5
"2025000031603",2,19,19,1,0,0,4,1,29,2977,2,17
"2025000031603",1,9,13,1,0,0,3,1,49,-1,3,0
"2025000031604",1,1,19,1,5,0,1,1,-1,-1,-1,-1
"2025000031605",1,8,19,2,0,0,1,1,42,1598,2,10
"2025000031605",2,19,2,1,0,0,0,3,-1,-1,-1,-1
"2025000031606",1,9,9,1,0,0,1,1,44,1753,2,14
"2025000031606",2,9,19,1,1,0,1,2,50,1598,1,11
"2025000031607",1,8,19,0,0,0,0,3,-1,-1,-1,-1
"2025000031608",1,9,5,1,0,0,1,2,50,1499,8,2
"2025000031609",1,3,99,9,9,99,9,1,21,125,1,5
"2025000031610",1,4,19,4,2,7,1,1,54,929,1,23
"2025000031611",1,9,99,0,9,99,9,3,-1,-1,-1,-1
"2025000031611",2,-1,99,0,9,99,9,2,31,-1,-1,-1
"2025000031612",2,9,19,0,0,0,1,2,36,1956,2,14
"2025000031612",1,19,19,0,0,0,1,1,41,1560,2,10
"2025000031613",1,9,19,8,0,0,1,1,21,2993,2,8
"2025000031613",2,9,7,6,0,0,2,1,35,1395,8,0
"2025000031614",2,21,19,0,0,0,0,1,63,12740,2,13
"2025000031614",1,9,13,0,1,0,1,1,30,1560,2,18
"2025000031615",1,9,19,1,0,0,4,3,-1,-1,-1,-1
"2025000031616",2,3,19,0,0,0,1,1,43,125,1,0
"2025000031616",1,9,1,0,0,0,2,1,52,999,1,9
"2025000031617",2,9,99,0,9,99,1,3,-1,1997,1,13
"2025000031617",1,4,99,0,9,99,9,1,32,279,1,2
"2025000031618",1,9,1,8,0,0,2,2,-1,1597,1,14
"2025000031618",2,9,7,8,0,0,1,2,50,1199,1,21
"2025000031619",1,9,5,6,0,11,1,1,57,1798,1,4
"2025000031619",2,1,19,1,0,0,4,1,37,-1,-1,-1
"2025000031620",1,9,19,0,0,0,1,1,-1,-1,3,3
"2025000031620",2,9,4,0,0,0,2,1,26,1998,1,3
"2025000031621",1,2,19,0,0,0,1,1,16,-1,-1,-1
"2025000031622",1,3,99,9,9,99,2,1,47,745,1,6
"2025000031622",2,9,99,9,9,99,1,2,38,1364,1,6
"2025000031623",1,19,9,5,0,0,4,1,65,-1,-1,-1
"2025000031624",1,9,10,8,0,0,1,1,48,3456,8,11
"2025000031624",2,5,14,1,0,0,1,2,31,636,1,3
"2025000031625",1,9,19,7,0,0,2,2,33,1781,1,16
"2025000031625",2,9,15,7,0,0,0,3,-1,1598,2,8
"2025000031625",4,21,19,7,1,0,1,1,44,12809,2,2
"2025000031625",3,19,19,7,0,0,2,1,37,2143,2,0
"2025000031626",1,9,4,0,0,0,1,2,34,1900,2,16
"2025000031626",2,9,4,0,0,0,2,1,29,1198,1,10
"2025000031626",3,9,4,0,0,0,2,1,31,1968,2,2
"2025000031627",1,19,1,1,0,0,2,1,22,2299,2,3
"2025000031627",2,9,1,1,0,0,2,2,-1,1197,1,6
"2025000031628",2,9,19,8,0,0,1,1,36,1229,1,13
"2025000031628",1,9,19,8,0,0,1,1,19,1229,1,9
"2025000031629",2,9,2,2,0,0,2,3,-1,998,1,5
"2025000031629",1,9,19,2,0,0,1,1,73,2000,2,16
"2025000031630",2,20,19,0,0,0,0,1,30,6370,2,11
"2025000031630",1,3,13,0,0,0,1,1,-1,125,1,6
"2025000031631",1,19,5,4,0,0,1,1,23,1995,2,1
"2025000031632",2,9,3,0,0,0,3,1,58,1910,2,11
"2025000031632",3,1,3,0,0,0,3,1,38,-1,-1,-1
"2025000031632",4,9,19,0,0,0,0,1,38,2993,2,3
"2025000031632",1,9,7,0,0,0,1,2,34,998,1,16
"2025000031633",1,9,5,8,0,0,3,2,86,999,1,4
"2025000031633",3,9,19,8,0,0,1,1,30,-1,-1,-1
"2025000031633",2,21,19,8,0,0,1,1,48,9200,2,12
"2025000031633",4,9,19,8,0,0,1,1,38,1796,1,6
"2025000031634",2,3,15,2,0,10,4,1,22,125,1,4
"2025000031634",1,9,19,2,0,0,4,1,32,2143,2,5
"2025000031635",2,9,9,1,0,0,4,2,36,999,1,9
"2025000031635",1,3,14,1,5,0,1,2,24,125,1,2
"2025000031636",2,9,19,1,0,0,1,2,59,1242,1,13