"collision_index","vehicle_reference","vehicle_type","vehicle_manoeuvre","junction_location","skidding_and_overturning","hit_object_in_carriageway","first_point_of_impact","sex_of_driver","age_of_driver","engine_capacity_cc","propulsion_code","age_of_vehicle"
"2025000031636",1,5,19,2,0,0,1,1,34,599,1,15
"2025000031637",2,9,19,0,1,0,3,1,33,1598,1,16
"2025000031637",1,10,19,0,1,0,4,1,44,2500,2,15
"2025000031638",2,9,3,0,0,0,4,1,55,1248,2,14
"2025000031638",1,9,13,0,0,0,3,2,45,1968,2,14
"2025000031639",1,9,19,0,0,0,0,1,20,-1,-1,-1
"2025000031639",2,9,19,0,1,10,0,2,24,1242,1,17
"2025000031640",2,19,19,8,0,0,4,1,37,2198,2,11
"2025000031640",1,9,9,6,0,0,1,2,42,875,1,9
"2025000031641",1,9,19,8,0,0,1,1,41,2993,2,3
"2025000031641",2,9,9,8,0,0,1,1,27,1360,1,13
"2025000031642",1,19,19,0,0,0,1,1,45,1997,2,2
"2025000031642",2,9,9,0,0,0,1,2,51,996,1,7
"2025000031643",1,19,19,0,0,0,1,1,40,-1,-1,-1
"2025000031644",1,9,9,2,0,0,4,2,36,1798,8,11
"2025000031645",1,9,19,0,0,0,-1,1,48,1461,2,13
"2025000031646",1,9,19,3,1,0,1,1,29,1364,1,12
"2025000031647",2,9,4,1,0,0,2,2,-1,999,1,4
"2025000031647",1,9,4,1,0,0,1,1,52,1999,2,1
"2025000031648",1,9,19,3,0,0,1,2,20,-1,-1,-1
"2025000031648",2,9,19,8,0,0,4,3,-1,1995,2,15
"2025000031649",2,9,19,1,0,0,2,1,23,-1,3,2
"2025000031649",1,9,19,1,0,0,1,1,28,1596,1,7
"2025000031650",2,9,5,0,0,0,4,2,-1,1395,1,8
"2025000031650",1,1,19,0,0,0,3,1,46,-1,-1,-1
"2025000031651",1,9,9,1,5,0,1,2,20,1781,1,22
"2025000031652",2,9,99,0,9,99,1,3,25,1999,1,17
"2025000031652",1,2,99,0,9,99,9,1,41,125,1,6
"2025000031653",1,9,4,3,0,0,1,1,58,-1,-1,-1
"2025000031654",2,1,19,8,0,0,4,1,57,-1,-1,-1
"2025000031654",1,19,19,8,0,0,1,1,51,1968,2,10
"2025000031655",3,9,13,1,0,0,4,1,79,1994,1,24
"2025000031655",2,21,19,1,0,0,0,1,55,12902,2,0
"2025000031655",1,1,19,1,0,0,3,1,62,-1,-1,-1
"2025000031656",1,9,19,2,0,0,1,1,46,1199,1,0
"2025000031657",2,9,19,0,0,0,2,2,26,1498,1,1
"2025000031657",4,19,19,0,0,0,1,1,36,1598,2,6
"2025000031657",1,9,19,0,0,0,2,1,54,2993,2,14
"2025000031657",5,9,19,0,0,0,1,1,37,1984,1,13
"2025000031657",3,9,19,0,0,0,2,1,62,1997,2,12
"2025000031658",2,19,99,9,9,99,1,3,63,1997,2,3
"2025000031658",1,9,99,9,9,99,2,2,38,1390,1,15
"2025000031659",2,-1,19,0,0,0,0,2,19,-1,-1,-1
"2025000031659",1,9,19,0,0,0,1,1,47,1798,8,4
"2025000031660",1,9,19,8,0,0,3,1,68,1596,1,15
"2025000031661",1,9,7,5,0,10,1,1,19,1598,1,10
"2025000031662",1,9,-1,0,-1,-1,-1,3,-1,-1,-1,-1
"2025000031663",1,9,19,0,0,11,1,1,59,1499,2,0
"2025000031664",1,19,19,8,0,10,1,1,29,-1,-1,-1
"2025000031664",2,9,9,5,0,0,4,2,18,1598,1,12
"2025000031665",2,9,19,0,1,7,2,1,40,1242,8,1
"2025000031665",1,21,13,0,0,0,1,1,63,12777,2,3
"2025000031666",2,9,4,0,0,0,2,1,53,1248,2,8
"2025000031666",3,9,4,0,0,0,2,2,47,2967,2,10
"2025000031666",4,9,4,0,0,0,1,1,28,1968,2,10
"2025000031666",1,19,4,0,0,0,2,1,47,1461,2,13
"2025000031667",2,1,9,8,0,0,1,1,19,-1,-1,-1
"2025000031667",1,9,19,8,0,0,3,2,60,1200,1,7
"2025000031668",2,1,19,8,0,0,3,1,-1,-1,-1,-1
"2025000031668",1,9,7,5,0,0,1,2,63,1388,1,14
"2025000031669",1,9,7,2,0,0,1,1,78,1595,1,16
"2025000031670",2,9,19,6,0,0,1,2,18,999,1,6
"2025000031670",1,4,19,8,0,0,4,1,47,175,1,-1
"2025000031671",2,9,19,0,0,0,2,1,33,1984,1,0
"2025000031671",1,9,19,0,0,0,1,2,26,1395,1,11
"2025000031672",1,9,11,8,2,10,4,2,53,1242,1,11
"2025000031672",2,9,19,8,0,0,1,2,51,1200,1,1
"2025000031673",1,9,99,9,9,99,1,3,-1,-1,-1,-1
"2025000031674",1,9,19,0,0,0,1,1,79,2179,2,9
"2025000031675",2,9,3,1,0,0,2,1,40,1560,2,1
"2025000031675",3,19,3,1,0,0,2,1,40,2198,2,9
"2025000031675",1,9,19,1,0,0,1,1,27,1498,1,1
"2025000031675",4,9,3,1,0,0,2,1,58,1560,2,6
"2025000031676",1,9,19,4,0,0,1,1,67,1200,1,5
"2025000031677",1,9,19,0,0,0,3,2,29,1956,2,8
"2025000031678",1,19,6,0,0,0,3,1,34,2402,2,11
"2025000031678",2,1,13,0,0,0,4,1,52,-1,-1,-1
"2025000031679",2,1,19,1,0,0,1,1,40,-1,-1,-1
"2025000031679",1,9,10,2,0,0,1,2,69,1598,1,18
"2025000031680",1,9,7,6,0,0,3,2,43,1598,1,16
"2025000031680",2,1,19,8,0,0,1,1,60,-1,-1,-1
"2025000031681",1,9,5,4,0,0,1,1,43,-1,3,4
"2025000031681",2,1,3,1,0,0,4,1,32,-1,-1,-1
"2025000031682",1,11,3,0,0,0,1,1,23,4461,2,7
"2025000031682",2,11,3,0,0,0,2,1,-1,4461,2,7
"2025000031683",1,21,19,0,0,0,1,1,37,4500,2,8
"2025000031684",1,9,19,0,0,0,1,1,18,1390,1,13
"2025000031684",2,9,19,0,0,0,1,2,31,2179,2,10
"2025000031685",2,19,19,1,0,0,1,1,27,1995,2,5
"2025000031685",1,9,9,1,0,0,2,1,37,1598,2,9
"2025000031686",1,9,19,0,5,0,1,2,30,1399,2,17
"2025000031687",2,9,5,4,0,0,2,2,45,1560,2,9
"2025000031687",1,11,5,4,0,0,1,1,54,4500,2,0
"2025000031688",1,9,12,0,0,0,4,1,79,1596,1,18
"2025000031689",1,19,19,1,1,0,1,1,40,1499,2,2
"2025000031690",1,3,19,1,0,0,1,1,17,125,1,6
"2025000031690",2,9,5,1,0,0,1,2,52,1499,2,3
"2025000031691",3,9,4,1,0,0,2,1,45,1461,2,3
"2025000031691",4,19,4,1,0,0,2,1,48,1598,2,1
"2025000031691",2,9,4,1,0,0,2,2,26,-1,-1,-1
"2025000031691",1,19,19,1,0,0,1,1,44,2143,2,6
"2025000031692",1,9,99,9,9,99,2,1,18,999,1,4
"2025000031692",2,9,99,9,9,99,1,3,20,998,1,4
"2025000031693",2,1,19,1,0,0,1,1,29,-1,-1,-1
"2025000031693",1,9,9,8,0,0,1,1,48,1798,8,7
"2025000031694",2,9,5,8,0,0,4,2,28,1798,1,16
"2025000031694",1,9,9,8,0,0,4,1,59,1598,2,5
"2025000031695",2,9,99,9,9,99,1,3,-1,-1,-1,-1
"2025000031695",1,5,99,9,9,99,2,1,26,-1,-1,-1
"2025000031696",2,9,19,0,0,0,2,1,63,1984,1,1
"2025000031696",1,5,15,0,0,0,1,1,21,649,1,9
"2025000031697",2,3,19,1,0,0,3,1,56,125,1,7
"2025000031697",1,9,7,1,0,0,4,1,46,1497,1,2
"2025000031698",1,19,-1,1,-1,-1,-1,3,-1,2198,2,14
"2025000031698",2,9,19,1,0,0,2,1,22,1461,2,12
"2025000031699",1,9,19,0,1,10,3,1,24,1998,1,14
"2025000031700",2,-1,19,0,1,0,1,2,29,-1,-1,-1
"2025000031700",1,9,4,0,0,0,1,3,-1,-1,-1,-1
"2025000031701",2,11,19,0,1,0,1,1,65,12419,2,2
"2025000031701",1,9,19,0,1,0,1,2,45,1968,2,5
"2025000031702",2,3,19,0,0,0,1,1,39,124,1,13
"2025000031702",1,9,6,0,0,0,3,2,28,1388,1,19
"2025000031703",1,9,19,0,0,0,1,1,80,-1,-1,-1
"2025000031703",2,9,4,0,0,0,2,2,61,1987,8,2
"2025000031704",1,9,9,1,0,0,4,2,39,999,1,4
"2025000031704",2,1,19,1,0,0,1,1,71,-1,-1,-1
"2025000031705",1,1,5,0,0,0,3,1,17,-1,-1,-1
"2025000031705",2,9,5,0,0,0,1,1,-1,-1,-1,-1
"2025000031706",4,9,19,0,1,0,1,1,37,1229,1,11
"2025000031706",2,9,4,0,0,0,2,1,41,1598,2,6
"2025000031706",1,9,19,0,1,0,3,1,24,2979,1,23
"2025000031706",3,9,4,0,0,0,2,1,55,1999,2,7
"2025000031707",1,9,19,0,0,0,1,2,19,998,1,9
"2025000031708",1,9,19,0,1,4,4,1,36,1798,8,11
"2025000031708",2,9,2,0,0,0,4,-1,-1,1997,2,16
"2025000031709",1,8,19,2,0,0,3,1,48,-1,3,3
"2025000031709",2,1,19,2,5,0,3,1,9,-1,-1,-1
"2025000031710",2,19,5,6,0,0,1,1,30,2198,2,6
"2025000031710",1,9,19,8,0,0,4,2,37,1596,1,11
"2025000031711",1,2,19,0,0,0,3,1,17,108,1,2
"2025000031712",1,3,4,1,0,8,1,1,39,124,1,5
"2025000031712",2,9,3,1,0,0,4,1,39,4367,2,9
"2025000031713",1,9,11,8,0,0,4,2,28,1968,2,18
"2025000031713",2,9,9,8,0,0,3,2,20,1197,1,8
"2025000031714",1,9,19,1,0,0,1,1,18,1396,1,18
"2025000031715",1,1,19,8,0,0,1,1,-1,-1,-1,-1
"2025000031716",4,9,2,0,0,0,2,1,30,1598,1,12
"2025000031716",1,9,-1,0,0,4,1,1,57,1950,2,4
"2025000031716",3,9,2,0,0,0,2,1,38,-1,-1,-1
"2025000031716",2,9,2,0,0,0,2,1,33,1386,1,17
"2025000031717",1,9,19,0,0,0,1,1,-1,1968,2,15
"2025000031717",2,9,19,0,0,0,1,1,43,1991,1,3
"2025000031717",3,21,19,0,0,0,1,3,-1,6728,2,1
"2025000031718",1,9,19,1,0,0,1,2,18,1198,1,11
"2025000031719",2,9,3,2,0,0,2,1,66,1499,1,6
"2025000031719",1,11,4,2,0,0,1,1,63,-1,3,1
"2025000031720",2,19,99,9,9,99,0,3,-1,4801,2,10
"2025000031720",1,19,99,9,9,99,2,1,49,1560,2,5
"2025000031721",1,9,19,8,0,0,3,1,43,1461,2,13
"2025000031721",2,9,19,8,0,0,4,2,32,1461,2,7
"2025000031722",1,1,19,8,0,0,4,1,35,-1,-1,-1
"2025000031722",2,9,7,4,0,0,1,1,-1,-1,-1,-1
"2025000031723",1,9,7,2,0,0,1,1,87,1798,8,2
"2025000031724",2,9,99,9,9,99,1,3,-1,1998,1,3
"2025000031724",1,3,99,9,9,99,2,1,21,125,1,2
"2025000031725",2,9,99,0,9,99,9,2,-1,-1,-1,-1
"2025000031725",1,9,99,0,9,99,2,2,24,1400,1,18
"2025000031726",2,9,19,1,0,0,2,2,30,-1,-1,-1
"2025000031726",1,9,10,1,0,0,2,2,30,1498,1,3
"2025000031727",1,-1,19,0,0,0,4,2,16,-1,-1,-1
"2025000031727",2,11,19,0,0,0,1,1,36,4461,2,9
"2025000031728",2,1,5,4,0,0,1,1,14,-1,-1,-1
"2025000031728",1,9,5,4,0,0,1,3,-1,1560,2,7
"2025000031729",1,9,5,0,0,0,1,3,-1,-1,-1,-1
"2025000031730",1,9,19,1,0,0,1,2,46,1499,1,5
"2025000031731",1,5,19,0,2,0,0,1,42,847,1,1
"2025000031732",1,1,99,9,9,99,1,2,25,-1,-1,-1
"2025000031733",2,1,19,1,0,0,1,1,45,-1,-1,-1
"2025000031733",1,9,2,6,0,0,3,2,35,-1,-1,-1
"2025000031734",1,8,5,0,0,0,1,1,65,2499,2,11
"2025000031735",1,9,6,2,0,0,3,2,42,1398,1,7
"2025000031735",2,3,19,2,0,0,1,2,34,125,1,8
"2025000031736",3,9,19,0,0,0,1,1,27,1896,2,16
"2025000031736",2,9,19,0,0,0,1,1,58,1997,2,3
"2025000031736",1,9,19,0,0,0,3,1,46,1968,2,6
"2025000031736",4,9,2,0,0,0,0,3,-1,-1,-1,-1
"2025000031737",1,9,7,0,0,0,1,2,47,998,1,8
"2025000031737",2,9,19,0,0,0,2,2,21,2191,2,5
"2025000031738",2,1,19,0,0,0,3,1,51,-1,-1,-1
"2025000031738",1,10,13,0,0,0,4,1,60,-1,-1,-1
"2025000031739",1,9,19,1,0,0,1,2,29,2993,2,7
"2025000031740",1,9,19,8,0,0,3,2,42,1328,1,17
"2025000031740",2,9,19,8,0,0,4,2,25,1360,1,11
"2025000031741",1,9,9,6,0,0,1,1,77,1498,1,5
"2025000031741",2,9,19,8,0,0,4,1,35,1461,2,6
"2025000031742",1,9,-1,-1,-1,-1,-1,3,-1,-1,-1,-1
"2025000031742",2,9,-1,-1,-1,-1,-1,2,51,999,1,2
"2025000031743",1,9,-1,8,-1,-1,-1,1,51,999,1,12
"2025000031744",1,3,19,1,0,0,3,1,20,125,1,5
"2025000031744",2,9,19,1,0,0,0,1,35,1896,2,16
"2025000031745",2,1,14,2,0,0,1,1,28,-1,-1,-1
"2025000031745",1,23,9,2,0,0,1,1,23,-1,-1,-1
"2025000031746",1,11,4,1,0,0,0,1,55,5132,2,6
"2025000031747",1,-1,19,0,0,0,-1,3,-1,-1,-1,-1
"2025000031748",1,9,19,1,0,0,2,2,50,1461,2,8
"2025000031748",3,9,99,9,9,99,9,3,-1,1229,1,13
"2025000031748",2,9,99,9,0,99,9,3,-1,1395,1,8
"2025000031749",1,9,19,0,0,0,1,2,43,1951,2,20
"2025000031750",1,9,12,1,0,0,3,2,27,1595,1,7
"2025000031750",2,5,19,1,5,0,4,1,50,1050,1,6
"2025000031751",1,19,7,0,0,0,0,1,57,1997,2,4
"2025000031751",2,2,19,0,0,0,1,1,38,125,1,3
"2025000031752",2,9,13,0,0,0,0,1,28,1200,1,7
"2025000031752",1,5,19,0,2,0,0,1,58,1254,1,1
"2025000031753",1,9,19,0,0,0,1,3,-1,1968,2,15
"2025000031753",2,9,19,0,0,0,2,2,-1,1200,1,3
"2025000031754",1,9,19,8,0,0,1,2,40,1332,1,4
"2025000031755",1,9,9,6,0,0,1,2,39,1995,2,19
"2025000031755",2,9,19,8,0,0,1,1,75,1242,1,8
"2025000031756",2,9,19,0,0,0,1,1,50,-1,3,0
"2025000031756",1,9,19,0,0,0,1,1,54,-1,-1,-1
"2025000031757",1,9,19,0,0,0,1,2,57,1997,2,3
"2025000031758",1,9,12,0,2,11,3,2,40,2231,2,9
"2025000031758",3,20,2,0,0,0,0,1,41,4500,2,6
"2025000031758",2,8,19,0,1,0,3,1,29,1997,2,5
"2025000031759",1,21,11,0,0,0,4,1,27,10837,2,4
"2025000031759",2,9,19,0,0,7,2,2,45,-1,-1,-1
"2025000031760",1,1,19,9,9,99,1,1,53,-1,-1,-1
"2025000031760",2,9,6,9,9,99,9,2,57,1332,1,3
"2025000031761",1,9,19,8,0,0,1,2,24,1084,1,5
"2025000031762",1,9,7,5,0,0,4,1,37,-1,-1,-1
"2025000031762",2,1,19,1,0,0,3,1,47,-1,-1,-1
"2025000031763",2,9,9,5,0,0,4,1,42,-1,-1,-1
"2025000031763",1,9,5,8,0,0,1,1,62,1398,2,8
"2025000031764",1,9,99,9,0,0,4,2,-1,1997,2,10
"2025000031765",1,9,19,2,0,0,1,1,32,1399,1,3
"2025000031765",2,90,1,2,0,0,2,3,-1,-1,-1,-1
"2025000031766",2,9,19,1,1,0,1,2,46,1995,1,11
"2025000031766",1,9,19,1,0,0,1,1,56,2993,2,9
"2025000031767",1,9,19,4,0,0,1,1,34,2894,1,4
"2025000031768",1,9,19,2,0,0,1,1,45,1799,1,14
"2025000031768",2,19,19,1,0,0,1,1,27,2143,2,7
"2025000031769",3,9,4,0,0,0,0,2,33,1796,2,9
"2025000031769",1,9,13,0,1,0,1,1,18,1242,1,16
"2025000031769",2,9,19,0,0,0,3,1,34,1200,1,5
"2025000031770",2,4,19,1,0,0,1,1,19,-1,-1,-1
"2025000031770",1,9,9,8,0,0,3,1,37,2143,2,6
"2025000031771",1,9,19,2,0,0,1,1,-1,998,1,3
"2025000031772",3,9,19,8,0,0,2,1,-1,1968,2,5
"2025000031772",2,9,19,8,0,0,4,2,33,-1,3,0
"2025000031772",1,19,19,4,0,0,1,1,-1,1560,2,10
"2025000031773",2,9,2,1,0,0,2,2,40,1397,1,14
"2025000031773",1,90,19,1,0,0,1,1,40,-1,-1,-1
"2025000031774",1,9,19,3,0,0,1,3,-1,-1,-1,-1
"2025000031774",2,1,19,8,2,0,1,2,36,-1,-1,-1
"2025000031775",2,9,19,0,0,0,2,2,37,2487,8,3
"2025000031775",1,9,19,0,0,0,1,2,75,999,1,2
"2025000031776",2,9,19,0,5,0,3,1,22,1248,2,17
"2025000031776",1,9,19,0,1,0,3,2,66,1591,1,4
"2025000031777",1,9,-1,0,5,0,1,1,53,-1,3,2
"2025000031778",2,9,19,8,0,0,1,1,25,1956,2,9
"2025000031778",1,9,9,8,0,0,1,1,17,1997,2,19
"2025000031779",1,1,19,8,0,0,3,1,51,-1,-1,-1
"2025000031779",2,9,9,8,0,0,1,1,45,1499,1,4
"2025000031780",2,4,13,0,0,0,4,1,53,279,1,15
"2025000031780",1,9,19,0,0,0,3,1,55,2319,1,20
"2025000031780",3,9,19,0,0,0,1,2,60,1591,1,15
"2025000031781",1,9,19,8,0,0,3,2,44,-1,-1,-1
"2025000031781",2,21,19,8,0,0,1,1,51,12902,2,0
"2025000031782",1,8,9,6,0,0,0,1,25,1995,2,9
"2025000031783",2,1,19,0,0,0,3,1,56,-1,-1,-1
"2025000031783",1,9,1,0,0,0,2,1,58,1598,2,6
"2025000031784",1,3,19,0,0,0,1,1,15,124,1,4
"2025000031784",2,9,2,0,0,0,1,3,-1,2148,2,13
"2025000031785",5,9,2,1,0,0,3,3,-1,1242,1,4
"2025000031785",2,19,9,2,0,0,1,1,27,1995,2,8
"2025000031785",3,9,2,1,0,0,3,3,-1,1339,1,14
"2025000031785",1,9,19,1,0,0,3,1,63,2480,1,2
"2025000031785",4,9,2,1,0,0,3,3,-1,1995,2,11
"2025000031786",2,9,5,4,0,0,2,2,64,1598,2,8
"2025000031786",1,19,5,4,0,0,1,1,33,2998,2,4
"2025000031787",1,9,7,6,0,0,1,1,45,1498,1,5
"2025000031788",2,1,19,0,0,0,2,1,45,-1,-1,-1
"2025000031788",1,11,5,0,0,0,4,1,22,6700,2,2
"2025000031789",2,9,19,1,0,0,0,1,59,2199,2,7
"2025000031789",1,9,13,1,0,0,1,1,31,2494,1,20
"2025000031789",3,21,9,8,0,0,3,1,50,4500,2,4
"2025000031790",2,19,2,8,0,0,2,3,-1,2198,2,7
"2025000031790",1,9,19,8,0,0,1,1,30,1896,2,14
"2025000031791",1,9,19,1,0,0,1,3,-1,1950,2,5
"2025000031792",1,9,19,2,0,0,0,1,23,1995,2,3
"2025000031793",2,9,19,4,1,0,4,2,27,1995,2,7
"2025000031793",1,9,19,4,1,0,1,2,48,1596,1,11
"2025000031794",2,9,19,8,1,0,1,1,23,1896,2,16
"2025000031794",1,10,9,6,0,0,3,1,54,2143,2,3
"2025000031795",1,9,1,0,0,0,2,1,38,1998,8,5
"2025000031796",1,1,99,9,9,99,2,2,36,-1,-1,-1
"2025000031796",2,9,99,9,9,99,2,3,-1,2143,2,6
"2025000031797",1,5,9,6,0,0,1,1,-1,649,1,1
"2025000031798",2,9,19,0,0,0,2,3,-1,-1,-1,-1
"2025000031798",1,8,19,0,0,0,1,3,-1,1598,2,5
"2025000031799",2,19,99,9,9,99,2,3,-1,1560,2,3
"2025000031799",1,3,99,9,9,99,1,2,28,108,1,8
"2025000031800",1,9,19,0,0,0,3,2,18,1332,1,4
"2025000031801",2,11,99,9,9,99,9,3,-1,-1,-1,-1
"2025000031801",1,1,99,9,9,99,2,2,35,-1,-1,-1
"2025000031802",1,9,19,2,0,0,1,1,32,-1,-1,-1
"2025000031802",2,1,19,8,0,0,4,2,7,-1,-1,-1
"2025000031803",1,9,19,3,0,0,1,1,32,1200,1,6
"2025000031804",2,9,19,4,0,0,3,2,37,1498,1,2
"2025000031804",1,9,9,4,0,0,3,1,25,1685,2,5
"2025000031805",3,9,19,0,0,0,4,1,30,1969,8,2
"2025000031805",1,9,19,0,0,0,1,1,40,1598,2,9
"2025000031805",2,9,19,0,0,0,4,1,33,2993,2,2
"2025000031805",4,9,19,0,0,0,0,1,30,1969,8,2
"2025000031806",1,1,5,1,0,0,1,1,12,-1,-1,-1
"2025000031806",2,11,19,1,0,0,1,1,53,9000,2,14
"2025000031807",2,9,9,5,0,0,4,2,67,1591,1,4
"2025000031807",1,4,19,8,0,0,1,1,65,948,1,5
"2025000031808",1,2,19,8,0,0,1,1,34,-1,-1,-1
"2025000031809",1,11,5,0,0,0,0,1,57,6700,2,9
"2025000031810",1,9,19,8,0,0,4,2,38,1997,2,3
"2025000031810",2,9,9,3,0,0,1,2,32,1798,8,4
"2025000031811",1,3,99,9,9,99,2,1,22,113,1,5
"2025000031812",1,-1,-1,1,-1,-1,-1,3,-1,-1,-1,-1
"2025000031812",2,1,-1,1,-1,-1,-1,1,14,-1,-1,-1
"2025000031813",3,9,4,0,0,0,2,2,21,875,1,6
"2025000031813",1,90,13,0,0,0,1,1,51,9290,2,5
"2025000031813",2,19,4,0,0,0,2,1,33,1968,2,6
"2025000031814",2,5,19,1,5,0,1,1,54,1284,1,13
"2025000031814",3,5,19,1,0,0,0,1,55,-1,-1,-1
"2025000031814",1,9,19,1,0,0,1,2,22,1997,2,12
"2025000031815",1,9,9,1,0,0,0,2,35,1598,2,8
"2025000031815",2,1,19,1,0,0,1,1,31,-1,-1,-1
"2025000031816",2,9,19,8,0,0,1,1,50,1686,2,11
"2025000031816",1,9,19,8,0,0,1,1,38,1398,1,17
"2025000031817",1,9,19,1,0,0,4,1,26,1995,2,3
"2025000031818",1,9,19,0,0,0,1,1,35,-1,-1,-1
"2025000031818",2,21,19,0,0,0,2,1,-1,10837,2,4
"2025000031819",2,3,19,8,0,0,3,1,24,124,1,14
"2025000031819",3,9,10,8,0,0,3,1,26,1798,8,7
"2025000031819",1,9,9,1,0,0,1,1,62,1995,2,5
"2025000031820",2,9,3,3,0,0,1,2,32,1968,2,9
"2025000031820",1,9,3,3,0,0,2,1,43,1598,2,8
"2025000031821",1,19,10,1,0,0,0,1,29,1968,2,5
"2025000031821",2,1,19,2,1,0,1,1,34,-1,-1,-1
"2025000031822",3,9,2,0,0,0,3,3,-1,1248,1,13
"2025000031822",1,9,19,0,0,4,1,2,34,1499,1,4
"2025000031822",2,9,2,0,0,0,3,3,-1,1198,1,10
"2025000031823",2,9,7,3,0,0,2,1,42,1461,2,6
"2025000031823",1,21,7,3,0,0,1,1,63,12809,2,1
"2025000031824",2,1,99,0,9,99,1,3,-1,-1,-1,-1
"2025000031824",1,9,99,0,9,99,2,3,-1,-1,-1,-1
"2025000031825",2,19,3,0,0,0,2,1,69,1498,2,0
"2025000031825",1,9,19,0,0,0,1,2,40,1598,1,9
"2025000031826",1,9,9,6,0,0,3,1,23,1968,2,15
"2025000031826",2,9,19,8,0,0,1,2,27,1200,1,6
"2025000031827",1,4,99,9,9,99,1,1,53,200,1,12
"2025000031827",2,9,99,9,9,99,9,3,45,1998,1,4
"2025000031828",2,9,19,1,0,0,1,1,42,1499,2,9
"2025000031828",3,9,10,1,0,0,1,1,56,1995,2,13
"2025000031828",1,9,19,1,0,0,4,2,31,1498,2,4
"2025000031829",1,9,19,8,0,0,1,1,18,1497,8,4
"2025000031829",2,9,19,8,0,0,4,1,30,-1,-1,-1
"2025000031830",3,9,-1,-1,-1,-1,-1,1,-1,1997,2,12
"2025000031830",1,9,19,8,0,0,1,1,-1,-1,-1,-1
"2025000031830",2,9,-1,-1,-1,-1,-1,1,-1,1997,2,7
"2025000031831",1,9,19,2,1,11,3,2,37,1560,2,13
"2025000031831",2,19,19,2,0,0,0,1,40,2198,2,12
"2025000031831",3,9,19,1,0,10,3,2,47,1896,2,23
"2025000031832",1,3,19,0,0,10,1,1,18,124,1,0
"2025000031833",1,9,-1,0,-1,-1,-1,1,18,-1,-1,-1
"2025000031834",1,1,99,9,9,99,9,1,31,-1,-1,-1
"2025000031834",2,19,99,9,9,99,9,3,-1,1995,2,4
"2025000031835",1,9,9,1,0,0,1,2,35,998,1,8
"2025000031836",1,9,19,0,0,0,1,2,23,1598,1,11
"2025000031837",1,9,19,0,5,0,1,2,28,1598,2,9
"2025000031838",1,9,19,6,0,0,1,3,-1,-1,-1,-1
"2025000031838",2,9,19,8,0,0,3,1,23,-1,-1,-1
"2025000031839",1,9,4,1,0,0,2,1,25,1496,1,4
"2025000031839",2,1,7,1,0,0,2,1,43,-1,-1,-1
"2025000031840",1,8,19,6,0,0,4,1,54,1598,2,5
"2025000031840",2,9,19,8,0,0,1,1,23,1596,1,12
"2025000031841",1,9,19,1,1,0,4,1,61,1560,2,10
"2025000031841",2,9,19,1,1,0,1,1,24,2393,2,2
"2025000031842",2,9,10,1,0,0,2,1,36,999,1,2
"2025000031842",1,9,10,1,0,0,1,1,-1,1995,2,18
"2025000031843",1,11,19,1,0,0,4,1,71,6700,2,9
"2025000031843",2,1,19,1,0,0,3,1,56,-1,-1,-1
"2025000031844",1,9,5,0,0,0,1,1,62,-1,-1,-1
"2025000031844",2,1,19,0,5,0,4,1,57,-1,-1,-1
"2025000031845",1,9,5,1,0,0,1,1,-1,1498,1,5
"2025000031845",2,1,19,1,1,0,3,1,39,-1,-1,-1
"2025000031846",1,9,3,1,0,0,2,1,26,1896,2,15
"2025000031846",2,9,19,1,0,0,1,3,-1,1598,1,11
"2025000031847",1,1,19,8,0,0,4,2,21,-1,-1,-1
"2025000031847",2,9,5,6,0,0,1,3,-1,-1,-1,-1
"2025000031848",1,3,19,1,0,0,1,1,20,124,1,0
"2025000031848",2,9,9,1,0,0,1,2,20,1200,1,8
"2025000031849",1,9,9,0,0,0,1,1,32,1461,2,8
"2025000031850",1,9,19,0,0,0,4,1,19,998,1,11
"2025000031851",1,11,13,0,0,0,1,1,55,6700,2,13
"2025000031852",2,9,19,8,0,0,1,1,58,1968,2,13
"2025000031852",1,9,5,4,0,0,3,2,43,1560,2,7
"2025000031853",1,9,14,0,0,0,1,2,40,999,1,5
"2025000031854",1,9,19,8,0,0,1,1,19,1498,1,1
"2025000031854",2,9,9,8,0,0,4,1,19,999,1,4
"2025000031855",1,3,99,9,9,99,1,2,32,125,1,2
"2025000031855",2,9,99,9,9,99,9,3,-1,1496,8,1
"2025000031856",2,9,19,8,0,0,1,2,43,1968,2,8
"2025000031856",1,9,19,8,0,0,3,2,43,1796,1,12
"2025000031857",1,9,19,4,0,9,1,1,56,1598,1,5
"2025000031858",1,9,7,2,0,0,4,1,57,1590,1,16
"2025000031859",1,9,19,0,1,0,2,1,50,1997,2,14
"2025000031859",2,9,19,0,0,0,1,1,25,1598,1,14
"2025000031860",1,9,10,2,0,0,1,1,17,1198,1,17
"2025000031860",2,9,19,1,0,0,4,2,26,1598,1,12
"2025000031861",2,9,19,0,5,0,0,1,27,999,1,2
"2025000031861",1,19,19,0,0,0,0,1,36,-1,-1,-1
"2025000031862",1,8,4,8,0,0,0,1,-1,-1,-1,-1
"2025000031863",2,19,7,1,0,0,4,1,45,2402,2,13
"2025000031863",1,2,19,1,0,0,2,2,47,49,1,1
"2025000031864",2,9,3,2,0,0,2,2,57,998,1,6
"2025000031864",1,9,19,1,0,0,1,2,23,999,1,4