"collision_index","vehicle_reference","vehicle_type","vehicle_manoeuvre","junction_location","skidding_and_overturning","hit_object_in_carriageway","first_point_of_impact","sex_of_driver","age_of_driver","engine_capacity_cc","propulsion_code","age_of_vehicle"
"2025000031865",1,9,9,5,5,0,1,2,26,1398,1,5
"2025000031865",2,19,19,8,0,0,1,1,70,1796,1,18
"2025000031866",1,9,19,0,0,0,1,1,43,-1,-1,-1
"2025000031867",1,9,19,2,0,0,1,2,27,1598,2,9
"2025000031868",3,11,19,0,0,0,2,1,36,4500,2,6
"2025000031868",2,9,19,0,0,0,2,2,43,1598,1,16
"2025000031868",1,9,11,0,0,0,1,3,-1,1984,1,9
"2025000031869",1,9,19,0,0,0,1,1,78,1490,1,5
"2025000031869",2,19,2,0,0,0,2,1,-1,2402,2,17
"2025000031870",2,3,-1,-1,-1,-1,-1,1,44,124,1,8
"2025000031870",1,90,-1,-1,-1,-1,-1,3,-1,-1,-1,-1
"2025000031871",2,3,19,8,0,0,1,1,32,125,1,2
"2025000031871",1,9,9,8,0,0,1,2,27,2497,2,15
"2025000031872",2,9,19,1,0,0,2,1,35,1499,1,9
"2025000031872",1,3,19,1,2,0,1,1,32,125,1,8
"2025000031873",2,9,19,1,0,0,4,2,27,1995,2,11
"2025000031873",1,19,6,1,0,0,3,2,33,-1,-1,-1
"2025000031874",1,9,19,0,0,0,1,3,-1,-1,-1,-1
"2025000031874",2,9,3,0,0,0,2,2,34,1198,1,6
"2025000031875",1,11,19,2,0,0,0,1,41,6692,2,13
"2025000031876",1,4,19,8,0,0,1,1,59,296,1,5
"2025000031876",2,9,7,8,0,0,3,2,35,1686,2,10
"2025000031877",1,9,9,6,0,0,1,2,61,1791,8,9
"2025000031877",2,1,19,8,0,0,3,1,53,-1,-1,-1
"2025000031878",2,1,13,0,1,0,4,1,49,-1,-1,-1
"2025000031878",1,9,19,0,0,0,3,1,52,1560,2,10
"2025000031879",3,9,19,0,0,0,2,1,39,1896,2,13
"2025000031879",1,9,19,0,0,0,1,1,31,1242,1,15
"2025000031879",2,9,19,0,0,0,2,2,37,1399,1,7
"2025000031880",2,9,19,0,0,0,2,1,36,1396,1,6
"2025000031880",1,19,19,0,0,0,1,1,23,1560,2,4
"2025000031881",2,1,19,0,0,0,1,1,6,-1,-1,-1
"2025000031881",1,9,19,0,0,0,1,1,30,1995,2,15
"2025000031882",2,9,3,4,0,0,2,2,39,1560,2,10
"2025000031882",1,19,19,4,0,0,1,1,64,1995,2,4
"2025000031882",3,9,3,4,0,0,2,2,23,999,1,4
"2025000031882",4,9,3,4,5,0,2,2,68,2497,1,17
"2025000031883",2,90,19,0,0,0,1,1,30,7146,2,7
"2025000031883",1,9,4,0,1,0,1,1,30,1229,1,9
"2025000031884",2,21,19,8,1,0,2,1,53,4500,2,7
"2025000031884",1,9,19,8,0,0,4,2,36,1498,8,2
"2025000031885",2,9,19,8,0,0,4,1,30,1329,1,10
"2025000031885",1,9,1,6,0,0,2,3,-1,-1,-1,-1
"2025000031886",1,1,99,9,9,99,9,1,33,-1,-1,-1
"2025000031886",2,9,99,9,9,99,9,3,-1,1796,1,14
"2025000031887",3,9,4,0,0,0,2,2,37,1995,2,5
"2025000031887",1,9,4,0,0,0,1,1,23,1197,1,13
"2025000031887",2,9,4,0,0,0,2,2,39,1229,1,9
"2025000031888",1,9,19,2,0,0,4,3,24,-1,-1,-1
"2025000031889",1,9,99,8,0,0,1,3,-1,-1,-1,-1
"2025000031889",2,1,19,8,0,0,1,1,16,-1,-1,-1
"2025000031890",1,9,19,0,0,0,3,2,73,1951,2,19
"2025000031891",1,11,19,0,0,0,1,1,62,7698,2,1
"2025000031892",1,9,19,0,0,0,3,1,66,1995,2,18
"2025000031892",3,9,2,0,0,0,3,2,33,1197,1,8
"2025000031892",2,11,4,0,0,0,3,1,42,4461,2,10
"2025000031893",1,19,19,0,0,0,1,1,20,1753,2,18
"2025000031893",2,21,3,0,0,0,2,1,40,10837,2,3
"2025000031894",3,9,13,0,0,0,0,1,31,1469,1,0
"2025000031894",1,9,12,0,0,0,1,2,33,1560,2,13
"2025000031894",2,19,19,0,0,0,2,1,62,4250,2,13
"2025000031895",1,9,5,0,0,0,1,2,34,1200,1,8
"2025000031895",2,1,13,0,0,0,2,1,57,-1,-1,-1
"2025000031896",1,9,8,1,0,0,1,1,78,1591,1,10
"2025000031896",2,9,19,1,0,0,4,2,55,999,8,0
"2025000031897",2,9,19,1,0,0,1,3,-1,-1,-1,-1
"2025000031897",1,1,19,6,0,0,4,2,20,-1,-1,-1
"2025000031898",1,9,-1,0,2,0,1,1,50,1584,1,17
"2025000031899",1,5,99,9,9,99,9,1,59,782,1,7
"2025000031899",2,9,99,9,9,99,9,3,-1,1229,1,10
"2025000031899",3,19,99,9,9,99,9,3,-1,-1,-1,-1
"2025000031900",2,8,19,1,0,0,1,1,40,1560,2,8
"2025000031900",1,9,19,1,0,0,4,2,64,1587,1,17
"2025000031901",1,90,19,0,0,0,1,1,70,600,1,3
"2025000031902",2,1,19,8,1,0,1,1,27,-1,-1,-1
"2025000031902",1,9,19,8,0,0,1,2,24,999,1,7
"2025000031903",1,9,9,5,0,0,4,1,40,1199,1,5
"2025000031903",2,1,19,8,0,0,4,1,28,-1,-1,-1
"2025000031904",1,11,19,2,0,0,0,1,43,9000,2,13
"2025000031905",1,97,5,2,2,0,0,1,16,-1,-1,-1
"2025000031906",2,1,9,8,0,0,4,1,14,-1,-1,-1
"2025000031906",1,9,13,8,0,0,1,1,40,1598,1,16
"2025000031907",1,9,19,0,0,0,1,1,44,1998,8,1
"2025000031908",3,9,4,0,0,0,2,1,24,998,1,9
"2025000031908",1,19,19,0,0,0,1,1,69,1995,2,5
"2025000031908",2,9,4,0,0,0,2,2,38,2967,2,6
"2025000031909",1,9,19,0,0,0,1,2,47,1499,1,1
"2025000031910",2,1,19,3,0,0,2,1,35,-1,-1,-1
"2025000031910",1,9,5,4,0,0,1,3,-1,-1,-1,-1
"2025000031911",2,9,99,1,0,0,9,1,32,1968,2,6
"2025000031911",1,3,99,9,9,99,1,1,34,-1,-1,-1
"2025000031912",2,19,9,6,0,0,3,1,19,1500,2,1
"2025000031912",1,5,19,1,0,0,1,1,60,1215,1,2
"2025000031913",2,9,19,8,0,0,1,1,72,1956,2,12
"2025000031913",1,9,19,8,0,0,4,2,50,1199,1,2
"2025000031914",1,9,19,0,0,0,3,2,44,1149,1,14
"2025000031914",2,19,19,0,0,0,2,1,21,1997,2,0
"2025000031915",2,9,19,1,0,0,4,1,35,2494,8,6
"2025000031915",1,9,19,1,0,0,1,1,46,1984,2,16
"2025000031916",1,3,19,8,0,0,1,1,21,125,1,3
"2025000031917",1,19,19,0,0,0,1,1,-1,1560,2,9
"2025000031918",1,9,19,0,2,0,1,2,67,998,1,6
"2025000031919",1,9,19,0,0,0,1,1,53,1198,1,10
"2025000031920",3,9,19,0,0,0,0,1,30,1364,1,6
"2025000031920",2,9,19,0,0,0,1,2,22,1200,1,5
"2025000031920",1,9,19,0,1,0,4,1,46,1598,1,18
"2025000031921",2,1,19,8,0,0,1,1,61,-1,-1,-1
"2025000031921",1,9,9,5,0,0,1,1,41,1598,2,9
"2025000031922",1,9,99,9,9,99,1,1,29,999,1,4
"2025000031922",2,9,99,9,9,99,2,3,-1,-1,-1,-1
"2025000031923",1,9,19,0,0,0,1,1,25,-1,-1,-1
"2025000031924",1,9,2,8,0,0,3,1,21,998,1,6
"2025000031924",2,1,19,8,5,0,1,1,28,-1,-1,-1
"2025000031925",1,3,19,0,0,0,4,1,24,124,1,4
"2025000031926",2,3,19,1,0,0,1,1,31,125,1,7
"2025000031926",1,9,9,1,0,0,1,1,38,1999,2,4
"2025000031927",2,9,5,0,0,0,2,1,19,1242,1,12
"2025000031927",1,21,19,0,0,0,1,1,43,12777,2,6
"2025000031927",3,9,5,0,0,0,2,1,50,1995,2,10
"2025000031928",2,3,19,1,0,0,1,1,18,124,1,22
"2025000031928",3,20,2,2,0,0,0,1,48,-1,-1,-1
"2025000031928",1,9,9,6,0,0,3,1,39,1598,2,3
"2025000031929",1,19,19,0,0,0,4,1,21,2198,2,7
"2025000031929",2,1,19,0,0,0,3,2,56,-1,-1,-1
"2025000031930",1,19,19,8,0,0,1,1,51,2143,2,7
"2025000031930",2,9,19,8,0,0,2,2,35,2143,2,9
"2025000031930",3,9,19,8,0,0,2,2,-1,1364,1,16
"2025000031930",4,9,19,8,0,0,2,1,-1,3600,1,29
"2025000031930",5,9,19,8,0,0,2,2,58,1199,1,3
"2025000031931",1,9,19,0,0,0,1,1,34,1364,1,12
"2025000031932",2,21,19,1,0,0,1,1,65,12809,2,5
"2025000031932",1,9,6,6,0,0,1,1,77,1364,1,5
"2025000031933",2,9,4,1,0,0,2,2,46,1198,1,13
"2025000031933",1,9,19,1,0,0,1,1,-1,-1,-1,-1
"2025000031934",1,9,19,2,0,0,4,2,75,998,8,0
"2025000031935",1,9,9,0,1,10,4,2,34,1995,1,12
"2025000031935",2,19,14,0,0,0,1,1,33,1995,2,1
"2025000031936",1,9,19,0,2,11,1,2,21,1398,1,3
"2025000031937",1,9,4,1,0,0,2,2,66,1596,1,9
"2025000031937",2,19,19,1,0,0,1,1,58,2298,2,0
"2025000031938",2,9,99,9,9,99,9,3,-1,1598,1,10
"2025000031938",1,3,99,9,9,99,1,1,41,125,1,1
"2025000031939",1,19,19,0,0,0,1,1,25,1686,2,18
"2025000031939",2,9,19,0,0,0,1,1,34,1968,2,13
"2025000031940",1,9,19,0,0,4,1,1,-1,1991,2,14
"2025000031940",2,2,2,0,0,0,2,1,53,1340,1,15
"2025000031941",2,9,2,1,0,0,1,3,-1,2231,2,9
"2025000031941",1,9,19,1,0,0,1,1,43,1560,2,12
"2025000031942",2,9,99,9,9,99,9,3,-1,998,1,5
"2025000031942",1,3,99,9,9,99,9,1,48,124,1,2
"2025000031943",2,9,15,8,0,0,3,1,38,999,1,7
"2025000031943",1,9,7,5,0,0,1,1,35,2993,2,17
"2025000031944",1,9,19,0,0,0,1,2,30,1560,2,8
"2025000031945",1,9,19,8,0,0,1,1,-1,-1,-1,-1
"2025000031945",2,9,3,8,0,0,2,2,52,1398,1,6
"2025000031946",1,9,9,6,0,0,1,2,35,1598,2,9
"2025000031946",2,3,19,1,2,0,4,1,20,124,1,2
"2025000031947",1,5,19,0,5,0,1,1,42,955,1,19
"2025000031947",2,9,6,0,0,0,3,1,26,1498,1,1
"2025000031948",1,9,9,1,0,0,1,1,20,1968,2,13
"2025000031949",1,9,1,1,0,0,2,1,-1,-1,-1,-1
"2025000031950",1,9,99,9,9,0,0,2,39,2494,8,6
"2025000031950",2,9,99,9,9,0,0,3,-1,1997,1,12
"2025000031951",1,9,19,0,0,0,1,1,79,1248,1,9
"2025000031951",2,3,19,0,0,0,1,1,22,125,1,1
"2025000031952",3,9,2,1,0,0,2,3,-1,1598,1,16
"2025000031952",1,11,19,1,0,0,4,1,52,4461,2,11
"2025000031952",2,9,5,1,0,4,3,2,42,1399,1,6
"2025000031953",2,1,19,1,0,0,1,2,31,-1,-1,-1
"2025000031953",1,9,9,6,0,0,1,1,31,-1,-1,-1
"2025000031954",1,9,2,0,0,0,3,2,38,2000,2,16
"2025000031954",2,9,1,0,0,0,1,1,46,2495,2,20
"2025000031955",1,9,5,0,0,0,1,1,27,999,1,2
"2025000031955",2,1,19,0,0,0,1,2,-1,-1,-1,-1
"2025000031956",2,19,19,8,0,0,1,1,39,2143,2,7
"2025000031956",1,9,9,8,0,0,3,1,37,1229,1,15
"2025000031957",1,9,19,4,1,9,1,1,28,2993,2,10
"2025000031957",2,9,19,4,0,0,0,1,41,1969,8,2
"2025000031958",1,9,19,0,0,0,1,2,86,-1,-1,-1
"2025000031959",2,21,19,0,0,0,2,1,63,10677,2,7
"2025000031959",1,9,19,0,0,0,1,1,68,1582,2,8
"2025000031960",2,1,19,8,0,0,1,1,23,-1,-1,-1
"2025000031960",1,9,9,1,0,0,1,1,55,1596,1,14
"2025000031961",1,9,19,0,0,0,1,3,-1,-1,-1,-1
"2025000031962",1,9,19,8,0,0,1,1,55,1591,1,5
"2025000031962",2,3,19,8,5,0,1,1,24,125,1,2
"2025000031963",1,9,99,9,9,99,1,1,85,1598,1,22
"2025000031964",1,9,19,1,0,0,1,2,28,-1,-1,-1
"2025000031964",2,9,5,2,0,0,2,2,36,1956,2,6
"2025000031965",1,9,9,5,0,0,1,1,36,1596,1,15
"2025000031966",1,11,5,1,0,0,3,1,52,-1,3,3
"2025000031967",1,1,99,1,9,99,9,1,75,-1,-1,-1
"2025000031967",2,9,99,9,9,99,9,1,68,1999,1,14
"2025000031968",2,9,19,8,0,0,1,1,52,1398,1,11
"2025000031968",1,9,19,6,0,0,4,1,48,1328,1,16
"2025000031969",1,9,9,6,0,0,1,1,46,1197,1,5
"2025000031969",2,2,19,1,0,0,4,1,28,124,1,0
"2025000031970",1,11,5,1,0,0,0,1,61,4500,2,8
"2025000031971",1,11,19,1,0,11,1,1,60,5132,2,2
"2025000031972",1,5,19,3,1,0,3,1,56,948,1,5
"2025000031973",2,9,2,0,0,0,2,-1,-1,998,1,12
"2025000031973",1,9,19,0,0,4,1,1,67,999,8,0
"2025000031974",1,9,9,1,0,0,4,2,32,2967,2,9
"2025000031974",2,3,19,8,1,0,1,1,23,108,1,6
"2025000031975",2,3,19,8,0,0,4,1,34,125,1,1
"2025000031975",1,9,9,8,0,0,1,2,52,2996,1,3
"2025000031976",2,9,9,2,0,0,4,1,37,-1,-1,-1
"2025000031976",1,5,9,2,1,0,3,1,72,675,1,13
"2025000031977",1,1,19,1,0,0,4,1,13,-1,-1,-1
"2025000031977",2,9,-1,-1,-1,-1,-1,2,-1,-1,-1,-1
"2025000031978",1,11,19,2,0,0,1,1,50,4500,2,2
"2025000031979",1,9,19,0,2,0,1,1,17,1149,1,9
"2025000031980",1,9,19,0,0,0,1,3,-1,-1,-1,-1
"2025000031981",1,9,19,1,0,0,1,2,34,-1,3,0
"2025000031981",2,8,9,8,0,0,4,1,39,-1,-1,-1
"2025000031982",1,19,2,0,0,0,2,3,-1,2143,2,4
"2025000031982",2,9,19,0,1,4,1,2,56,998,1,6
"2025000031983",1,9,10,1,0,0,1,1,56,1580,8,3
"2025000031983",2,23,19,1,0,0,1,1,11,-1,-1,-1
"2025000031984",1,19,3,1,0,0,4,2,30,1995,2,0
"2025000031984",2,9,3,1,0,0,1,2,19,2179,2,5
"2025000031985",1,19,9,5,0,0,1,1,27,-1,-1,-1
"2025000031985",2,1,19,8,0,0,4,1,42,-1,-1,-1
"2025000031986",3,9,4,4,0,0,0,2,69,998,1,10
"2025000031986",2,3,13,3,1,0,4,1,25,125,1,5
"2025000031986",1,9,19,3,0,0,0,2,57,1461,2,5
"2025000031987",1,9,19,1,0,0,1,1,60,2688,2,18
"2025000031987",2,19,19,1,0,0,2,1,37,2198,2,12
"2025000031987",3,9,19,2,0,0,2,2,70,1198,1,16
"2025000031988",1,9,19,0,2,4,1,1,35,999,1,2
"2025000031988",4,9,2,0,1,0,4,3,-1,1497,8,15
"2025000031988",2,9,2,0,0,0,1,3,-1,1587,1,16
"2025000031988",3,9,2,0,0,0,3,3,-1,1497,8,15
"2025000031989",1,1,99,0,9,99,9,1,27,-1,-1,-1
"2025000031989",2,9,99,0,9,99,9,3,-1,1973,1,24
"2025000031990",2,9,9,6,0,0,2,2,27,1598,2,7
"2025000031990",1,9,9,6,0,0,1,1,-1,-1,-1,-1
"2025000031991",2,9,99,9,9,99,9,3,-1,-1,-1,-1
"2025000031991",1,9,99,9,9,99,2,2,62,1798,8,7
"2025000031992",1,9,1,1,0,0,2,1,52,-1,3,1
"2025000031993",2,11,19,2,0,0,1,1,43,6700,2,2
"2025000031993",1,9,19,1,1,0,1,2,46,1560,2,13
"2025000031994",1,5,19,0,2,12,4,1,61,942,1,13
"2025000031995",2,9,19,3,0,0,4,1,42,2995,1,12
"2025000031995",1,9,12,3,0,0,3,2,29,1388,1,18
"2025000031996",1,5,19,1,0,0,1,1,27,1084,1,0
"2025000031996",2,9,9,6,0,0,3,2,50,999,1,0
"2025000031997",1,9,-1,-1,-1,-1,-1,3,-1,1968,2,14
"2025000031997",2,1,19,1,0,0,-1,2,49,-1,-1,-1
"2025000031998",1,90,1,0,0,0,2,1,65,2461,2,22
"2025000031999",1,9,19,3,0,0,1,1,42,3498,1,7
"2025000031999",2,9,19,3,0,0,2,1,-1,-1,-1,-1
"2025000032000",2,9,19,0,0,0,-1,2,29,1242,1,7
"2025000032000",1,4,13,0,0,0,-1,1,-1,300,1,10
"2025000032001",1,9,99,9,9,99,1,1,33,1950,2,6
"2025000032002",1,9,19,0,0,0,1,1,29,1400,1,15
"2025000032002",3,9,19,0,0,0,2,2,44,1490,8,1
"2025000032002",2,9,19,0,0,0,1,2,26,1395,1,4
"2025000032003",2,9,99,9,9,99,9,3,-1,1896,2,22
"2025000032003",1,3,99,9,9,99,1,1,32,125,1,1
"2025000032004",1,4,19,8,5,0,3,1,39,-1,-1,-1
"2025000032004",2,9,9,1,0,0,1,2,24,1242,1,16
"2025000032005",2,1,19,0,0,0,4,1,20,-1,-1,-1
"2025000032005",1,9,5,0,0,0,3,1,55,1598,1,14
"2025000032006",1,19,19,1,0,0,1,1,30,2143,2,6
"2025000032006",2,9,3,1,0,0,2,2,51,1299,1,17
"2025000032007",2,19,19,1,0,0,1,1,-1,-1,-1,-1
"2025000032007",1,9,3,1,0,0,2,1,68,1871,2,16
"2025000032008",1,9,19,8,0,0,0,2,50,1598,2,12
"2025000032008",2,1,19,8,0,0,0,1,58,-1,-1,-1
"2025000032009",2,19,2,0,0,0,2,3,-1,2477,2,26
"2025000032009",1,9,19,0,0,4,1,1,22,1995,1,11
"2025000032009",3,9,2,0,0,0,2,3,-1,1896,2,16
"2025000032010",1,9,5,0,0,0,0,1,79,1242,1,8
"2025000032011",2,1,3,1,0,0,1,1,49,-1,-1,-1
"2025000032011",1,9,7,1,0,0,1,2,47,1499,1,1
"2025000032012",2,9,19,0,0,0,1,2,56,-1,-1,-1
"2025000032012",1,9,19,0,0,0,1,1,25,-1,-1,-1
"2025000032013",2,9,5,6,0,0,1,2,35,1798,1,10
"2025000032013",1,4,14,1,0,0,4,1,45,-1,-1,-1
"2025000032013",3,9,19,1,0,0,1,1,45,1950,2,6
"2025000032014",2,9,19,1,0,0,3,1,76,1600,1,7
"2025000032014",1,9,19,1,0,0,3,1,36,1248,1,9
"2025000032015",2,9,19,4,0,0,1,2,-1,1596,1,14
"2025000032015",1,1,9,8,0,0,1,1,49,-1,-1,-1
"2025000032016",2,9,19,0,0,0,1,1,31,3982,8,0
"2025000032016",1,5,4,0,0,0,2,1,49,1254,1,0
"2025000032017",1,1,19,0,0,0,0,1,32,-1,-1,-1
"2025000032018",2,9,4,0,0,0,2,1,72,1995,12,1
"2025000032018",5,9,19,0,1,0,3,1,38,1390,1,11
"2025000032018",4,19,3,0,0,0,2,1,49,1560,2,10
"2025000032018",3,9,19,0,0,0,2,1,39,1999,2,1
"2025000032018",6,9,4,0,0,0,3,1,22,1950,2,2
"2025000032018",7,9,4,0,0,0,2,2,38,-1,-1,-1
"2025000032018",1,9,19,0,1,0,1,1,33,2143,2,4
"2025000032019",1,9,19,8,0,0,1,2,31,1242,1,11
"2025000032020",4,9,4,1,0,0,2,1,61,1998,8,7
"2025000032020",2,19,4,1,0,0,2,1,34,-1,-1,-1
"2025000032020",3,9,4,1,0,0,2,1,41,1580,8,4
"2025000032020",1,20,19,1,0,0,1,1,35,12742,2,1
"2025000032021",1,2,19,8,1,0,3,2,53,49,1,14
"2025000032022",2,11,19,0,0,0,1,2,28,1997,2,4
"2025000032022",1,9,19,0,0,0,1,1,53,1596,1,11
"2025000032023",1,3,13,0,5,0,1,2,24,125,1,7
"2025000032023",2,9,10,0,0,0,1,1,60,1997,2,14
"2025000032024",2,1,19,0,0,0,1,1,40,-1,-1,-1
"2025000032024",1,9,5,0,0,0,1,2,28,1896,2,14
"2025000032025",1,3,19,0,0,0,1,1,17,125,1,1
"2025000032025",2,9,4,0,0,0,2,1,52,2400,2,11
"2025000032026",1,9,19,3,1,0,3,1,32,1999,2,3
"2025000032026",3,19,19,4,0,0,1,1,60,1499,2,3
"2025000032026",2,9,19,1,0,0,1,1,24,1490,1,17
"2025000032027",1,9,99,9,9,99,9,1,37,1199,1,19
"2025000032027",2,9,99,9,9,99,9,2,33,1332,1,4
"2025000032028",2,9,19,8,0,0,3,1,35,1364,1,14
"2025000032028",1,9,19,1,0,0,1,1,29,1497,8,16
"2025000032029",2,9,19,3,0,0,4,2,57,998,1,7
"2025000032029",1,9,7,4,0,0,3,1,59,-1,-1,-1
"2025000032030",1,9,19,8,0,0,1,2,-1,1968,2,9
"2025000032031",1,9,19,0,0,0,1,1,22,1198,1,12
"2025000032032",1,19,19,1,0,0,3,2,25,-1,-1,-1
"2025000032032",2,9,5,1,0,0,1,3,-1,-1,-1,-1
"2025000032033",1,9,19,0,5,0,1,2,54,1984,1,8
"2025000032034",1,9,5,2,0,0,3,2,32,1596,1,9
"2025000032035",1,9,7,6,0,0,1,1,22,1798,8,0
"2025000032036",1,1,4,0,1,0,4,1,64,-1,-1,-1
"2025000032037",1,9,19,2,0,0,1,1,74,1229,1,15
"2025000032038",1,9,19,0,0,0,1,2,38,1598,1,12
"2025000032038",2,9,19,0,0,0,2,1,27,1390,1,11
"2025000032039",1,9,19,8,0,0,2,2,69,1198,1,7
"2025000032039",2,9,19,8,0,0,1,3,-1,-1,-1,-1
"2025000032040",2,9,99,9,9,99,1,3,-1,1580,8,0
"2025000032040",1,1,99,9,9,99,9,1,56,-1,-1,-1
"2025000032041",2,21,19,0,0,0,1,1,51,12742,2,2
"2025000032041",1,9,19,0,0,0,2,2,57,1560,2,14
"2025000032042",1,9,5,0,0,0,1,1,55,1999,1,14
"2025000032042",2,9,19,0,0,0,4,2,46,1798,1,16
"2025000032043",3,3,99,0,0,0,2,2,29,125,1,2
"2025000032043",1,9,99,0,0,99,9,3,-1,2993,2,4
"2025000032043",2,9,99,0,0,0,2,3,41,1797,8,6
"2025000032044",2,9,19,8,0,0,1,1,58,1598,1,16
"2025000032044",1,9,9,8,0,0,1,1,-1,1968,2,11
"2025000032045",1,9,19,1,0,0,3,1,28,1598,2,13
"2025000032046",1,9,4,1,5,0,2,1,32,1248,1,12
"2025000032046",2,3,19,1,5,0,1,1,36,125,1,3
"2025000032047",1,9,19,0,1,0,3,2,32,1975,1,16
"2025000032047",2,9,19,0,0,0,3,1,34,1999,1,6
"2025000032048",1,-1,19,0,0,0,3,1,17,-1,-1,-1
"2025000032048",2,9,19,0,0,0,1,3,-1,-1,-1,-1
"2025000032049",1,9,99,9,9,99,2,1,31,1199,1,2
"2025000032049",2,9,99,9,9,99,2,3,-1,1798,1,10
"2025000032050",2,1,7,8,0,0,0,3,-1,-1,-1,-1
"2025000032050",1,19,19,1,0,0,0,1,34,1995,2,2
"2025000032051",4,98,19,0,0,0,2,1,35,-1,-1,-1
"2025000032051",1,98,19,0,0,0,1,1,52,-1,-1,-1
"2025000032051",3,19,19,0,0,0,0,1,41,1995,2,4
"2025000032051",2,9,19,0,0,0,4,1,26,1995,2,11
"2025000032052",1,9,19,0,2,0,3,1,24,-1,-1,-1
"2025000032053",1,9,-1,0,-1,-1,-1,3,-1,-1,-1,-1
"2025000032054",1,9,4,0,0,0,1,3,-1,1896,2,13
"2025000032054",2,9,4,0,0,0,2,1,44,-1,-1,-1
"2025000032055",1,9,7,6,0,0,1,1,23,1968,2,16
"2025000032055",2,3,19,8,0,0,1,1,43,125,1,5
"2025000032056",1,9,7,8,-1,-1,-1,1,18,-1,-1,-1
"2025000032057",1,9,19,1,0,0,1,1,49,998,1,13
"2025000032058",1,19,1,2,0,0,2,3,-1,-1,-1,-1
"2025000032059",3,9,2,0,0,0,2,2,62,1968,2,4
"2025000032059",2,9,2,0,0,4,2,1,32,1242,1,11
"2025000032059",1,9,19,0,0,4,1,1,55,2204,2,17
"2025000032060",1,3,19,1,0,0,1,2,18,125,1,5
"2025000032060",2,9,19,8,0,0,3,1,40,1798,8,12
"2025000032061",1,11,2,0,0,0,0,1,73,9360,2,11
"2025000032062",2,9,5,3,1,10,1,1,25,1995,2,15
"2025000032062",1,9,19,1,1,10,3,1,28,2143,2,7
"2025000032063",2,9,19,0,0,0,1,1,59,1199,1,2
"2025000032063",1,9,19,0,0,0,2,1,49,3199,1,17
"2025000032064",1,9,19,3,0,4,1,1,42,-1,-1,-1
"2025000032064",2,9,2,3,0,0,2,1,54,1995,2,6
"2025000032065",1,9,9,8,0,0,1,2,48,1199,1,3
"2025000032065",2,8,12,8,0,0,3,1,70,2499,2,11
"2025000032066",1,98,19,0,0,0,4,1,40,2198,2,7
"2025000032067",2,9,19,8,0,0,1,2,28,1997,2,8
"2025000032067",1,9,9,8,0,0,1,1,38,1998,1,15
"2025000032068",1,9,19,0,2,11,1,1,56,-1,-1,-1
"2025000032069",1,1,19,0,0,0,1,3,-1,-1,-1,-1
"2025000032070",1,21,1,1,0,0,1,1,45,12800,2,10
"2025000032070",2,19,11,1,0,0,2,1,28,1995,2,1
"2025000032071",2,9,3,0,0,0,2,2,30,1396,1,14
"2025000032071",1,19,19,0,0,0,1,1,-1,1560,2,6
"2025000032072",3,9,19,0,0,4,2,1,21,2979,1,7
"2025000032072",1,9,13,0,1,0,1,1,20,1984,1,5
"2025000032072",5,19,2,0,0,0,1,3,-1,1461,2,13
"2025000032072",6,9,2,0,0,0,0,3,-1,1618,1,7
"2025000032072",2,9,19,0,0,0,0,1,29,2993,2,3
"2025000032072",4,9,19,0,1,0,1,2,22,1461,2,5
"2025000032073",2,9,19,8,0,0,4,2,37,1896,2,14
"2025000032073",1,9,19,8,0,0,1,1,34,-1,-1,-1
"2025000032074",1,9,19,4,0,0,1,2,-1,-1,-1,-1
"2025000032074",2,9,19,3,0,0,1,2,19,1149,1,13
"2025000032075",2,90,19,0,0,0,1,1,48,7698,2,0
"2025000032075",1,9,19,0,1,0,3,1,43,-1,-1,-1
"2025000032076",1,9,1,0,0,0,3,1,14,-1,-1,-1
"2025000032077",2,1,4,8,0,0,0,1,14,-1,-1,-1
"2025000032077",1,11,19,8,0,0,1,1,40,7300,2,11
"2025000032078",1,1,99,9,9,99,1,1,51,-1,-1,-1
"2025000032078",2,19,99,9,9,99,1,1,61,1498,2,4
"2025000032079",1,9,9,2,0,0,1,2,34,-1,3,1
"2025000032080",1,9,1,0,0,0,1,1,50,2143,2,7
"2025000032081",1,3,99,0,9,99,9,1,29,125,1,2
"2025000032081",2,9,99,0,9,99,1,1,58,1332,1,3
"2025000032082",1,9,19,0,2,0,1,2,42,1461,2,8
"2025000032083",1,9,19,0,0,0,1,2,33,1998,1,18
"2025000032083",2,9,3,0,0,0,2,1,59,1999,2,3
"2025000032084",1,5,12,0,0,0,3,2,43,600,1,16
"2025000032084",2,9,19,0,0,0,4,2,56,1998,1,1
"2025000032085",1,19,9,5,0,0,4,1,55,1995,2,2
"2025000032085",2,2,19,8,0,0,1,1,43,49,1,3
"2025000032086",1,-1,19,0,0,0,1,1,17,-1,-1,-1
"2025000032087",1,21,11,8,0,0,4,1,61,12809,2,2
"2025000032087",2,9,4,8,0,0,3,2,28,1598,1,13
"2025000032088",1,9,19,8,0,0,4,2,34,1591,1,1
"2025000032088",2,9,9,8,0,0,3,2,27,1229,1,6
"2025000032089",1,9,19,1,0,0,4,1,48,1598,1,22