"collision_index","vehicle_reference","vehicle_type","vehicle_manoeuvre","junction_location","skidding_and_overturning","hit_object_in_carriageway","first_point_of_impact","sex_of_driver","age_of_driver","engine_capacity_cc","propulsion_code","age_of_vehicle"
"2025000032090",1,9,19,4,0,0,1,1,-1,1560,2,17
"2025000032090",2,9,19,4,0,0,2,2,33,1248,1,9
"2025000032091",1,3,99,9,9,99,1,1,31,125,1,1
"2025000032091",2,9,99,9,9,99,1,3,-1,1498,1,1
"2025000032092",2,19,12,0,0,0,2,1,57,2987,2,12
"2025000032092",1,9,19,0,0,0,1,1,20,1332,1,4
"2025000032093",1,9,9,1,0,0,4,1,43,2488,8,0
"2025000032093",2,5,19,1,2,0,4,1,65,997,1,19
"2025000032094",1,9,99,1,9,99,9,1,25,1390,1,22
"2025000032094",2,5,19,1,9,99,9,3,-1,745,1,9
"2025000032095",2,3,19,1,0,0,1,1,37,125,1,0
"2025000032095",1,9,9,6,0,0,3,2,45,1497,8,10
"2025000032096",1,9,19,0,0,0,1,1,71,1998,1,2
"2025000032097",1,9,19,1,0,0,0,2,31,1339,1,15
"2025000032098",1,9,15,0,0,0,4,1,52,1798,1,16
"2025000032098",2,9,19,0,0,0,3,1,54,1968,2,7
"2025000032099",1,9,19,8,0,10,1,3,-1,2521,1,15
"2025000032100",1,3,19,1,5,0,4,1,31,125,1,2
"2025000032101",1,9,19,8,0,0,1,1,34,-1,3,1
"2025000032102",1,9,3,0,0,0,1,1,69,1242,1,6
"2025000032102",2,9,3,0,0,0,2,1,-1,1299,1,18
"2025000032103",1,9,19,1,2,7,1,1,21,1598,1,22
"2025000032104",1,9,19,0,0,0,1,1,41,1560,2,8
"2025000032105",1,21,19,0,0,0,1,1,52,10837,2,5
"2025000032105",2,11,4,0,0,0,2,2,48,4500,2,2
"2025000032106",2,19,2,0,0,0,3,3,-1,2198,2,12
"2025000032106",1,9,19,0,0,0,1,3,-1,1995,2,10
"2025000032107",1,19,19,6,0,0,1,1,67,2198,2,10
"2025000032107",2,9,19,8,0,0,3,1,53,1395,1,5
"2025000032108",2,9,99,9,9,99,9,3,-1,1390,1,20
"2025000032108",1,3,99,9,9,99,1,1,47,125,1,8
"2025000032109",1,19,-1,0,-1,-1,-1,1,34,-1,-1,-1
"2025000032109",2,9,19,0,0,0,4,1,50,2993,2,4
"2025000032110",1,9,19,2,1,0,1,1,39,1995,2,16
"2025000032111",2,9,2,2,0,0,2,3,-1,999,1,7
"2025000032111",1,1,19,2,5,4,1,1,23,-1,-1,-1
"2025000032112",2,1,19,8,0,0,4,1,19,-1,-1,-1
"2025000032112",1,9,19,4,0,0,1,2,21,1598,1,11
"2025000032113",2,9,5,1,0,0,1,3,-1,1364,2,18
"2025000032113",1,9,19,1,0,0,3,1,31,1797,8,13
"2025000032114",1,9,19,0,5,0,1,1,33,1198,1,7
"2025000032115",2,1,19,3,0,0,4,1,54,-1,-1,-1
"2025000032115",1,19,5,4,0,0,1,1,-1,1598,2,7
"2025000032116",2,9,19,0,0,0,1,2,74,999,1,1
"2025000032116",1,9,19,0,1,0,4,1,39,1397,1,11
"2025000032116",3,9,19,0,0,0,1,1,20,1242,1,10
"2025000032117",1,9,9,6,0,0,4,2,51,2204,2,18
"2025000032118",1,9,19,0,5,0,1,1,29,1984,1,10
"2025000032119",2,90,19,0,1,0,4,1,29,-1,-1,-1
"2025000032119",1,19,4,0,1,0,3,1,31,1995,2,2
"2025000032120",1,5,19,8,0,0,1,1,32,1298,1,21
"2025000032120",2,9,7,6,0,0,3,1,39,999,1,7
"2025000032121",2,1,7,3,0,0,4,1,67,-1,-1,-1
"2025000032121",1,9,19,4,0,0,1,2,50,-1,3,3
"2025000032122",2,9,19,1,0,0,1,1,19,1984,1,7
"2025000032122",3,21,3,1,0,0,2,3,-1,-1,-1,-1
"2025000032122",1,9,4,1,0,0,4,1,53,1296,1,15
"2025000032123",1,5,5,0,0,0,1,1,21,645,1,16
"2025000032124",5,9,19,1,0,0,1,2,37,2993,2,5
"2025000032124",3,9,19,1,0,0,1,2,52,1498,1,2
"2025000032124",2,9,10,1,0,0,1,2,36,1995,2,9
"2025000032124",1,9,10,1,0,0,1,1,57,1997,2,1
"2025000032124",4,9,19,2,0,0,2,1,36,2998,1,1
"2025000032125",1,9,19,0,0,0,1,2,75,1461,2,7
"2025000032125",2,5,19,0,0,0,1,1,41,798,1,27
"2025000032126",2,9,19,1,0,10,1,1,19,1149,1,16
"2025000032126",1,9,9,6,0,0,1,2,24,1242,1,14
"2025000032127",2,19,19,1,0,0,1,1,48,1995,2,12
"2025000032127",1,5,7,6,0,0,1,2,54,645,1,0
"2025000032128",2,9,2,1,0,0,1,3,-1,1296,1,14
"2025000032128",3,9,4,1,0,0,1,1,28,2143,2,9
"2025000032128",1,9,19,1,1,4,1,1,55,2698,2,13
"2025000032128",4,9,4,1,0,0,3,1,83,1349,1,21
"2025000032129",2,1,19,6,0,0,3,1,17,-1,-1,-1
"2025000032129",1,9,19,6,0,0,4,1,70,1580,8,1
"2025000032130",2,1,19,0,0,0,1,1,15,-1,-1,-1
"2025000032130",1,9,19,0,0,0,1,2,-1,1781,1,21
"2025000032131",1,19,7,1,0,0,0,1,33,2143,2,3
"2025000032131",2,1,19,1,0,0,3,1,22,-1,-1,-1
"2025000032132",1,9,19,0,0,6,3,1,63,-1,-1,-1
"2025000032133",2,1,19,0,0,0,1,3,-1,-1,-1,-1
"2025000032133",1,-1,19,0,0,0,1,1,54,-1,-1,-1
"2025000032133",3,9,2,0,0,0,2,3,-1,1968,2,9
"2025000032134",1,9,9,6,0,0,1,1,26,1969,2,7
"2025000032134",2,9,19,8,1,0,4,2,27,999,1,3
"2025000032135",1,11,19,1,0,0,1,1,50,-1,-1,-1
"2025000032135",4,9,3,1,0,0,0,1,50,-1,-1,-1
"2025000032135",3,9,3,1,0,0,2,2,25,-1,-1,-1
"2025000032135",2,9,3,1,0,0,2,1,51,-1,-1,-1
"2025000032136",1,19,5,6,0,0,1,1,58,2998,2,6
"2025000032136",2,1,19,8,0,0,2,2,-1,-1,-1,-1
"2025000032137",1,9,7,0,2,0,3,1,82,1969,2,6
"2025000032138",1,9,5,8,0,0,3,1,20,1197,1,6
"2025000032138",2,1,19,1,0,0,1,1,26,-1,-1,-1
"2025000032139",1,9,11,0,0,0,1,1,55,1910,2,14
"2025000032139",2,9,15,0,0,0,0,1,55,1499,1,2
"2025000032140",1,9,9,1,0,0,1,1,32,2143,2,7
"2025000032140",3,9,19,1,0,0,0,1,37,4398,7,18
"2025000032140",2,3,19,8,0,0,1,1,51,125,1,1
"2025000032141",1,9,19,0,0,0,1,1,32,1598,1,12
"2025000032141",2,9,19,0,0,0,1,1,48,1598,1,12
"2025000032142",1,9,19,1,0,0,1,1,43,1598,2,7
"2025000032142",2,9,10,1,0,0,4,2,23,1598,2,4
"2025000032143",1,9,19,0,0,0,1,1,22,875,1,9
"2025000032144",1,9,19,0,0,0,3,1,50,-1,-1,-1
"2025000032144",2,9,19,0,0,0,3,1,37,1598,1,15
"2025000032145",1,9,19,1,0,0,1,1,45,999,1,1
"2025000032145",2,9,19,1,0,0,1,1,65,1997,1,2
"2025000032146",2,9,19,1,0,0,1,3,-1,-1,-1,-1
"2025000032146",1,2,7,8,0,0,1,1,28,-1,-1,-1
"2025000032147",1,9,5,8,0,0,1,2,27,1997,2,4
"2025000032147",2,9,19,8,0,0,1,2,22,1364,1,13
"2025000032148",2,9,19,2,0,0,3,2,27,1598,2,4
"2025000032148",1,9,19,2,0,0,1,2,26,1499,1,5
"2025000032149",1,9,19,2,0,10,1,1,26,1998,8,6
"2025000032150",2,21,4,1,0,0,2,1,23,7698,2,4
"2025000032150",1,20,4,1,0,0,1,1,54,-1,-1,-1
"2025000032151",1,21,9,2,0,0,4,1,69,12740,2,10
"2025000032152",2,9,13,8,0,0,1,3,-1,-1,-1,-1
"2025000032152",1,1,19,8,0,0,1,1,24,-1,-1,-1
"2025000032153",2,9,7,1,0,0,4,1,42,1796,1,10
"2025000032153",1,3,19,8,5,0,3,2,28,125,1,2
"2025000032154",2,1,19,8,0,0,4,1,49,-1,-1,-1
"2025000032154",1,9,5,4,0,0,1,3,-1,-1,-1,-1
"2025000032155",2,9,2,0,0,0,2,2,55,1685,2,8
"2025000032155",1,3,19,0,0,0,1,1,27,125,1,0
"2025000032156",2,19,19,1,0,0,1,1,62,2198,2,9
"2025000032156",1,9,19,6,0,0,4,2,17,1596,1,15
"2025000032157",1,9,19,0,0,0,1,1,44,1598,1,13
"2025000032157",2,9,19,0,0,0,2,1,32,1499,1,5
"2025000032158",6,9,19,0,0,0,1,1,52,1749,2,5
"2025000032158",9,19,19,0,0,0,2,1,-1,1995,2,3
"2025000032158",5,9,19,0,0,0,2,2,53,1422,2,9
"2025000032158",8,9,19,0,0,0,1,1,19,1995,2,10
"2025000032158",10,19,19,0,0,0,2,1,57,1995,2,3
"2025000032158",2,9,19,0,0,0,1,2,60,1496,1,1
"2025000032158",4,9,19,0,0,0,0,2,20,1598,1,10
"2025000032158",7,9,19,0,0,0,1,2,22,1198,1,10
"2025000032158",3,9,19,0,0,0,2,2,40,998,1,0
"2025000032158",1,9,19,0,0,0,1,2,60,-1,-1,-1
"2025000032159",3,9,99,9,9,99,2,3,-1,1995,12,1
"2025000032159",1,9,99,9,9,99,2,1,19,1798,1,7
"2025000032159",2,19,99,9,9,99,1,3,-1,1500,2,1
"2025000032160",1,1,-1,-1,-1,-1,-1,2,31,-1,-1,-1
"2025000032160",2,9,7,5,0,0,4,2,42,1500,2,6
"2025000032161",1,9,13,1,0,0,1,1,52,1395,8,1
"2025000032161",2,1,9,1,0,0,2,1,59,-1,-1,-1
"2025000032162",1,11,4,0,0,0,1,1,56,-1,-1,-1
"2025000032163",2,19,19,8,1,0,1,1,31,2298,2,1
"2025000032163",1,9,19,8,0,0,1,1,18,1197,1,6
"2025000032164",2,19,19,0,0,0,1,1,34,2198,2,11
"2025000032164",1,9,19,0,1,0,1,1,49,-1,3,2
"2025000032164",3,9,19,0,0,0,2,1,27,1998,1,21
"2025000032165",1,9,19,8,0,0,4,1,51,-1,3,1
"2025000032166",1,9,5,-1,0,-1,-1,2,36,1993,8,1
"2025000032167",2,9,19,8,0,0,1,1,70,1968,2,13
"2025000032167",1,9,9,6,0,0,3,2,54,1999,2,3
"2025000032168",1,11,19,2,0,0,4,1,38,5132,2,0
"2025000032168",2,9,7,2,0,0,1,3,-1,2993,2,2
"2025000032169",2,9,9,8,0,0,1,2,31,998,1,13
"2025000032169",1,9,19,8,0,0,1,2,21,1229,1,8
"2025000032170",1,9,19,0,0,11,1,1,23,1124,1,16
"2025000032171",1,11,3,1,0,0,0,1,53,5132,2,6
"2025000032172",2,1,19,8,0,0,2,1,42,-1,-1,-1
"2025000032172",1,9,5,2,0,0,1,1,35,2360,8,2
"2025000032173",1,9,19,0,0,0,1,1,31,1461,2,2
"2025000032174",1,9,19,0,0,0,1,2,26,1396,2,10
"2025000032175",1,1,19,1,0,0,2,1,23,-1,-1,-1
"2025000032176",1,9,19,8,0,0,1,2,45,998,1,10
"2025000032176",2,9,9,8,0,0,3,2,30,1598,2,9
"2025000032177",1,9,10,1,0,0,2,2,39,1969,2,3
"2025000032177",2,9,19,1,0,0,1,1,55,3199,1,21
"2025000032178",1,17,19,0,0,0,4,1,40,6728,2,2
"2025000032178",3,17,19,0,0,0,4,1,20,6728,2,4
"2025000032178",2,9,19,0,0,0,1,2,68,999,1,8
"2025000032179",1,9,9,8,0,0,1,2,55,1198,1,7
"2025000032180",1,9,19,1,0,0,4,1,-1,-1,-1,-1
"2025000032181",1,19,99,9,9,99,2,3,-1,1598,2,5
"2025000032182",1,3,11,0,1,0,3,1,32,125,1,6
"2025000032183",3,19,4,0,0,0,2,1,45,1753,2,10
"2025000032183",2,9,4,0,0,0,2,2,20,998,1,9
"2025000032183",4,9,3,0,0,0,2,1,42,1461,2,1
"2025000032183",1,9,19,0,0,0,1,1,60,1997,2,7
"2025000032184",1,9,19,8,0,0,1,3,-1,-1,-1,-1
"2025000032185",1,3,99,9,9,99,2,1,26,125,1,1
"2025000032185",2,9,99,9,9,99,1,3,-1,1798,1,15
"2025000032186",1,9,19,0,0,0,1,2,91,1061,1,15
"2025000032187",2,21,2,0,0,0,2,3,-1,6700,2,3
"2025000032187",1,9,19,0,0,0,1,2,37,1598,1,10
"2025000032188",1,19,3,1,0,0,2,1,22,1499,2,1
"2025000032188",2,9,19,1,0,0,1,3,-1,-1,-1,-1
"2025000032189",1,9,-1,8,-1,-1,-1,3,-1,1798,8,3
"2025000032190",2,8,99,9,9,99,9,1,41,1797,8,11
"2025000032190",1,9,99,9,9,99,1,3,20,1242,1,12
"2025000032191",1,9,19,1,2,0,1,1,30,1199,1,2
"2025000032191",2,9,19,1,0,0,2,1,53,1497,8,0
"2025000032192",2,1,19,1,0,0,3,1,35,-1,-1,-1
"2025000032192",1,20,5,6,0,0,3,1,36,2998,2,2
"2025000032193",1,9,19,1,1,0,1,1,62,1968,2,15
"2025000032193",2,9,3,1,0,0,2,2,49,1956,2,9
"2025000032194",1,9,-1,1,0,8,1,1,25,1390,1,14
"2025000032195",2,9,2,0,0,0,3,1,34,1332,1,2
"2025000032195",1,9,15,0,0,4,4,2,18,1399,2,13
"2025000032196",2,9,19,0,0,0,1,2,28,1997,2,11
"2025000032196",1,9,19,0,1,0,1,1,41,2204,2,17
"2025000032197",1,9,19,1,0,0,4,1,54,1600,2,14
"2025000032198",1,9,19,0,2,0,4,1,34,1968,2,9
"2025000032199",2,9,19,1,0,0,1,1,20,1956,2,8
"2025000032199",1,23,19,1,0,0,4,1,18,-1,-1,-1
"2025000032200",1,9,19,0,0,0,1,1,22,1950,2,2
"2025000032201",1,1,99,1,9,99,1,2,36,-1,-1,-1
"2025000032201",2,9,99,6,9,99,0,3,-1,-1,-1,-1
"2025000032202",1,9,19,0,1,0,1,2,18,1229,1,16
"2025000032202",2,19,19,0,0,0,1,1,42,2299,2,3
"2025000032203",2,9,7,5,0,0,4,2,26,1229,1,10
"2025000032203",1,11,19,1,0,0,3,1,43,6700,2,11
"2025000032204",1,9,15,0,0,0,3,1,35,1560,2,13
"2025000032204",3,9,19,0,0,0,0,1,43,1998,2,15
"2025000032204",2,9,19,0,0,0,3,1,36,1798,1,13
"2025000032205",2,9,19,0,0,0,2,2,52,1560,2,9
"2025000032205",3,9,19,0,0,0,2,1,34,1798,1,11
"2025000032205",1,9,19,0,0,0,1,-1,-1,999,1,3
"2025000032206",1,11,19,8,0,0,1,1,57,6700,2,10
"2025000032207",1,1,99,9,9,99,1,1,26,-1,-1,-1
"2025000032207",2,9,99,9,9,99,9,2,24,-1,-1,-1
"2025000032208",1,21,19,0,1,0,1,1,43,12902,2,2
"2025000032208",2,9,19,0,1,0,2,1,75,1997,2,9
"2025000032209",2,9,19,2,0,0,1,2,-1,1997,2,14
"2025000032209",1,9,4,2,0,0,2,2,52,1998,1,3
"2025000032210",1,9,4,0,0,0,1,3,-1,2143,2,6
"2025000032210",2,9,19,0,0,0,2,2,25,-1,-1,-1
"2025000032211",1,19,19,0,0,0,1,1,36,1995,2,7
"2025000032211",2,9,19,0,0,0,1,1,42,1490,8,2
"2025000032212",2,9,19,8,0,0,3,1,25,2755,2,0
"2025000032212",1,1,19,8,0,8,1,1,21,-1,-1,-1
"2025000032213",1,9,19,0,0,0,1,1,50,-1,-1,-1
"2025000032213",3,9,2,0,0,0,3,1,39,-1,-1,-1
"2025000032213",2,5,19,0,0,0,1,1,48,-1,-1,-1
"2025000032214",2,9,19,8,0,4,3,2,-1,1598,2,2
"2025000032214",1,9,9,6,0,0,1,1,-1,1560,2,11
"2025000032214",3,9,2,2,0,0,2,3,-1,2993,2,9
"2025000032215",2,9,3,4,0,0,2,2,59,1422,2,16
"2025000032215",1,9,19,4,0,0,1,3,-1,-1,-1,-1
"2025000032216",2,9,5,1,0,0,4,1,44,1995,2,19
"2025000032216",1,9,-1,-1,-1,-1,-1,3,-1,-1,-1,-1
"2025000032217",2,9,4,1,0,0,2,3,21,2979,1,6
"2025000032217",1,9,4,1,0,0,1,1,20,1395,1,8
"2025000032218",1,9,19,8,0,0,1,3,-1,-1,-1,-1
"2025000032219",1,9,1,8,0,0,2,3,-1,1296,1,14
"2025000032219",2,9,19,8,0,0,1,2,50,1968,2,12
"2025000032220",2,9,19,8,0,0,1,2,26,2143,2,4
"2025000032220",1,19,9,8,0,0,1,1,32,2143,2,1
"2025000032221",3,9,19,0,0,0,2,1,49,1685,2,6
"2025000032221",5,9,19,0,0,0,1,2,49,1598,1,7
"2025000032221",4,9,19,0,0,0,3,2,41,1999,2,5
"2025000032221",6,9,19,0,0,0,2,1,31,1994,1,15
"2025000032221",1,9,11,0,0,0,0,3,28,1598,1,7
"2025000032221",2,9,19,0,0,0,2,2,40,1968,2,2
"2025000032222",1,3,99,9,9,99,9,1,31,-1,-1,-1
"2025000032222",2,9,99,9,9,99,9,3,48,-1,-1,-1
"2025000032223",3,9,3,1,0,0,2,2,18,1242,1,10
"2025000032223",2,9,4,1,0,0,2,1,28,1969,2,4
"2025000032223",1,9,4,1,0,0,1,2,21,1498,1,1
"2025000032224",2,9,19,0,0,0,3,2,52,1598,1,9
"2025000032224",1,21,11,0,0,0,4,1,48,16123,2,4
"2025000032225",1,9,19,1,0,0,1,3,-1,-1,-1,-1
"2025000032226",1,11,19,6,0,0,1,2,56,6700,2,9
"2025000032226",2,11,5,8,0,0,4,2,48,6700,2,9
"2025000032227",2,17,9,1,0,0,1,1,37,6788,2,2
"2025000032227",1,9,13,1,0,0,4,1,35,1997,2,4
"2025000032228",1,5,19,8,0,0,1,1,18,124,1,32
"2025000032228",2,9,9,6,0,0,3,2,55,898,1,7
"2025000032229",2,9,99,9,9,99,0,3,-1,1685,2,7
"2025000032229",1,3,99,9,9,99,1,1,27,125,1,1
"2025000032230",1,19,12,0,0,0,2,1,38,1968,2,5
"2025000032230",2,9,12,0,0,0,1,1,59,1598,2,6
"2025000032231",2,9,19,1,0,0,1,1,40,2000,2,13
"2025000032231",1,9,4,1,0,0,1,2,60,998,1,16
"2025000032232",1,11,19,0,0,0,1,1,34,7300,2,12
"2025000032233",1,9,19,1,0,0,1,1,22,1950,2,3
"2025000032234",2,9,4,1,0,0,1,3,-1,1686,2,12
"2025000032234",1,3,4,1,0,0,2,1,22,125,1,2
"2025000032235",1,9,4,0,0,0,2,1,37,1968,2,8
"2025000032235",2,21,19,0,1,0,1,1,29,12419,2,7
"2025000032236",2,9,19,8,0,0,1,2,35,1560,2,6
"2025000032236",1,9,19,6,0,0,1,1,24,1496,2,3
"2025000032237",2,9,19,0,0,0,3,1,57,1498,1,1
"2025000032237",1,9,19,0,0,0,4,1,-1,1798,1,15
"2025000032238",2,3,19,0,0,0,4,1,47,125,1,1
"2025000032238",1,9,2,0,0,0,3,1,40,1598,2,5
"2025000032239",2,11,19,1,0,0,1,1,39,6700,2,10
"2025000032239",1,19,19,1,0,0,2,1,28,1998,2,19
"2025000032240",1,9,5,3,5,0,1,2,26,-1,-1,-1
"2025000032241",1,19,99,9,9,99,9,1,25,1997,2,2
"2025000032241",2,5,99,9,9,99,1,3,-1,649,1,9
"2025000032242",1,9,19,0,1,0,1,1,29,-1,-1,-1
"2025000032243",1,9,19,0,0,0,1,3,30,1969,8,3
"2025000032244",2,9,19,8,0,0,1,2,-1,998,1,5
"2025000032244",1,9,9,4,0,0,1,1,54,998,1,7
"2025000032245",1,1,19,0,0,0,1,1,-1,-1,-1,-1
"2025000032246",1,5,19,8,0,0,1,1,38,599,1,16
"2025000032246",2,9,9,5,0,0,3,2,41,1395,1,4
"2025000032247",2,1,4,1,0,0,1,1,35,-1,-1,-1
"2025000032247",1,19,4,1,0,0,2,3,-1,-1,-1,-1
"2025000032248",1,1,19,8,0,0,1,1,23,-1,-1,-1
"2025000032249",2,8,19,8,0,0,4,1,32,1580,8,4
"2025000032249",1,9,9,6,0,0,1,1,37,1497,8,2
"2025000032250",1,9,19,0,2,0,3,1,19,1596,1,13
"2025000032251",2,1,19,0,0,0,3,1,25,-1,-1,-1
"2025000032251",1,19,19,0,0,0,1,1,46,1997,2,7
"2025000032252",2,9,9,0,0,0,2,2,45,998,1,5
"2025000032252",1,19,4,0,0,0,1,1,26,1995,2,7
"2025000032252",3,9,4,0,0,0,2,2,28,1461,2,4
"2025000032253",2,9,9,8,0,0,1,2,56,1498,1,1
"2025000032253",1,1,19,8,5,0,1,1,43,-1,-1,-1
"2025000032254",2,9,19,2,0,0,1,2,58,1560,2,9
"2025000032254",1,9,19,2,0,0,2,2,64,1798,8,3
"2025000032255",1,90,19,0,5,7,4,2,51,-1,-1,-1
"2025000032256",2,9,9,5,0,0,2,1,39,-1,-1,-1
"2025000032256",1,5,13,1,0,0,1,1,56,745,1,17
"2025000032257",1,9,19,0,0,0,1,3,-1,-1,-1,-1
"2025000032257",2,8,19,0,0,0,2,1,40,1995,2,6
"2025000032258",1,9,19,0,5,0,3,1,35,1951,2,17
"2025000032259",1,1,19,1,0,0,1,1,34,-1,-1,-1
"2025000032259",2,9,3,1,0,0,4,2,33,1968,2,11
"2025000032260",2,9,99,9,9,99,9,3,-1,-1,-1,-1
"2025000032260",1,1,99,9,9,99,9,1,28,-1,-1,-1
"2025000032261",1,9,13,1,0,0,1,2,19,999,1,4
"2025000032261",2,9,10,1,0,0,3,1,34,1968,2,7
"2025000032262",2,9,-1,8,-1,-1,-1,3,-1,-1,-1,-1
"2025000032262",1,1,10,8,0,0,1,1,24,-1,-1,-1
"2025000032263",1,9,19,0,0,0,4,1,45,1198,1,9
"2025000032263",2,98,19,0,0,0,1,3,58,-1,-1,-1
"2025000032264",1,9,9,6,0,0,1,1,42,1968,2,7
"2025000032264",2,1,19,8,0,0,1,1,54,-1,-1,-1
"2025000032265",2,21,19,0,3,0,3,1,58,10837,2,4
"2025000032265",1,9,19,0,1,7,1,1,23,1360,1,16
"2025000032266",2,9,19,8,0,0,1,1,38,-1,3,3
"2025000032266",1,19,5,6,0,0,1,1,59,1500,2,2
"2025000032267",1,1,99,9,9,99,9,2,55,-1,-1,-1
"2025000032267",2,8,99,9,9,99,9,3,-1,-1,-1,-1
"2025000032268",1,9,19,8,0,0,4,1,47,1560,2,9
"2025000032268",2,9,9,6,0,10,1,2,34,1499,1,2
"2025000032269",1,9,19,0,0,0,4,2,40,1498,1,4
"2025000032269",2,19,15,0,0,0,3,3,-1,-1,-1,-1
"2025000032270",1,9,9,8,0,0,1,2,38,999,1,2
"2025000032270",2,97,19,8,0,0,1,1,19,-1,-1,-1
"2025000032271",2,19,99,9,9,99,2,3,-1,-1,-1,-1
"2025000032271",1,9,99,9,9,99,2,2,58,1596,1,13
"2025000032272",2,1,19,0,0,0,3,1,36,-1,-1,-1
"2025000032272",1,9,19,0,0,0,4,1,-1,-1,-1,-1
"2025000032273",1,21,99,9,9,99,2,1,70,6700,2,4
"2025000032274",2,19,13,8,0,0,0,3,-1,-1,-1,-1
"2025000032274",1,11,3,2,0,0,0,1,28,6692,2,10
"2025000032275",2,1,9,1,0,0,4,1,42,-1,-1,-1
"2025000032275",1,9,7,1,0,0,1,2,55,1560,2,9
"2025000032276",1,11,19,1,0,0,0,1,37,4500,2,2
"2025000032277",1,11,4,0,0,0,1,1,66,4500,2,4
"2025000032278",2,9,2,0,0,0,1,1,39,1560,2,9
"2025000032278",1,9,19,0,0,0,1,1,-1,1995,2,5
"2025000032279",2,3,19,1,0,0,3,2,38,125,1,3
"2025000032279",1,9,9,5,0,0,3,1,53,1395,1,7
"2025000032280",2,1,15,1,0,0,4,1,20,-1,-1,-1
"2025000032280",1,9,19,1,0,0,4,1,32,1200,1,3
"2025000032281",1,3,19,0,1,12,1,1,21,-1,-1,-1
"2025000032282",1,1,9,0,0,0,3,1,14,-1,-1,-1
"2025000032282",2,19,19,0,0,0,4,3,-1,1995,2,4
"2025000032283",1,19,19,0,0,0,4,1,37,1248,2,8
"2025000032284",2,1,7,1,0,0,3,1,63,-1,-1,-1
"2025000032284",1,9,19,1,0,0,0,1,69,-1,-1,-1
"2025000032285",2,9,99,9,9,99,1,3,-1,999,1,0
"2025000032285",1,9,99,9,9,99,2,3,-1,1598,1,14
"2025000032286",3,90,2,0,0,4,2,1,60,2999,2,15
"2025000032286",4,19,2,0,0,0,2,3,70,-1,-1,-1
"2025000032286",2,9,2,0,0,4,4,1,32,1242,1,18
"2025000032286",1,9,19,0,0,4,1,2,33,1498,1,7
"2025000032287",1,1,19,8,0,0,3,1,33,-1,-1,-1
"2025000032287",2,9,19,8,0,0,1,3,-1,-1,-1,-1
"2025000032288",2,8,99,9,9,99,1,3,-1,1998,8,7
"2025000032288",1,9,99,9,9,99,9,2,29,1995,2,14
"2025000032289",1,3,19,0,1,0,3,1,20,125,1,5
"2025000032290",2,1,14,0,0,8,3,1,65,-1,-1,-1
"2025000032290",1,9,2,0,0,8,3,1,62,998,1,10
"2025000032291",1,3,19,1,0,10,4,1,39,125,1,3
"2025000032292",1,9,10,1,0,0,2,3,-1,-1,-1,-1
"2025000032292",2,9,3,1,0,0,2,1,49,-1,-1,-1
"2025000032292",3,9,19,1,0,0,1,1,41,1796,1,13
"2025000032293",2,9,7,8,0,0,1,1,66,1956,2,11
"2025000032293",1,9,19,1,0,0,4,1,46,1997,2,10
"2025000032294",1,9,1,6,0,0,2,2,21,1149,1,8
"2025000032295",2,9,19,1,0,0,3,1,52,1499,2,5
"2025000032295",1,9,19,8,0,0,4,1,19,-1,-1,-1
"2025000032296",2,8,19,8,0,0,4,1,48,1497,8,16
"2025000032296",1,9,19,8,0,0,1,2,26,1560,2,4
"2025000032297",1,1,19,1,0,0,1,1,14,-1,-1,-1
"2025000032297",2,9,9,5,0,0,3,2,31,-1,-1,-1
"2025000032298",1,9,19,0,2,10,1,2,35,1598,1,11
"2025000032299",2,9,3,1,0,0,2,2,42,1461,2,12
"2025000032299",1,9,19,1,0,0,1,2,93,1248,1,13
"2025000032300",1,9,19,2,1,0,1,1,24,2967,2,16
"2025000032301",2,9,5,7,0,0,1,2,48,1388,1,18
"2025000032301",1,9,5,7,0,0,2,2,25,1997,2,4
"2025000032302",2,9,19,1,0,0,1,1,34,1395,8,4
"2025000032302",1,4,3,1,0,0,2,1,41,108,1,11
"2025000032303",2,9,19,8,0,0,3,1,27,1910,2,15
"2025000032303",1,9,9,6,0,0,3,1,26,3456,8,1
"2025000032304",1,9,19,0,0,0,0,1,-1,1969,8,1
"2025000032304",3,19,2,0,0,0,2,3,-1,1753,2,10
"2025000032304",4,9,2,0,0,0,2,3,-1,-1,-1,-1
"2025000032304",2,9,19,0,0,4,1,1,40,1968,2,8
"2025000032305",1,9,19,0,0,0,1,1,32,1984,1,5
"2025000032306",1,9,9,8,0,0,2,1,29,1360,1,15
"2025000032306",2,9,19,8,0,0,3,1,35,1968,2,14
"2025000032307",2,1,19,1,0,0,2,1,38,-1,-1,-1
"2025000032307",1,9,9,5,0,0,2,1,50,2199,2,6
"2025000032308",2,1,9,5,0,0,2,1,11,-1,-1,-1
"2025000032308",1,9,9,5,0,0,1,2,71,1200,1,2
"2025000032309",1,-1,19,8,0,0,1,3,-1,-1,-1,-1
"2025000032310",1,9,11,0,0,0,1,1,26,1395,1,10
"2025000032310",2,9,19,0,0,0,3,2,53,1798,8,1
"2025000032311",2,9,2,2,0,0,3,-1,-1,1591,1,5
"2025000032311",1,9,19,2,0,0,1,1,62,-1,-1,-1
"2025000032312",1,9,19,0,2,0,1,2,31,1368,1,14
"2025000032313",1,5,14,8,0,0,1,1,60,659,1,15