"collision_index","vehicle_reference","vehicle_type","vehicle_manoeuvre","junction_location","skidding_and_overturning","hit_object_in_carriageway","first_point_of_impact","sex_of_driver","age_of_driver","engine_capacity_cc","propulsion_code","age_of_vehicle"
"2025000032543",1,1,99,9,9,99,9,1,24,-1,-1,-1
"2025000032544",3,11,9,4,0,0,1,1,71,4250,2,11
"2025000032544",2,9,9,4,0,0,1,1,29,1390,1,13
"2025000032544",1,9,19,4,0,0,1,1,20,999,1,1
"2025000032545",1,9,6,0,0,0,3,2,70,1200,1,5
"2025000032546",1,9,99,9,9,99,1,2,49,1598,1,10
"2025000032546",2,19,99,9,9,99,9,3,-1,-1,-1,-1
"2025000032547",2,1,19,0,0,0,3,1,15,-1,-1,-1
"2025000032547",1,9,19,0,0,0,1,1,61,-1,-1,-1
"2025000032548",1,1,19,0,0,0,2,1,28,-1,-1,-1
"2025000032548",2,9,19,0,0,0,1,1,43,2521,1,16
"2025000032549",1,9,5,0,0,0,2,1,71,1560,2,11
"2025000032549",2,9,19,0,0,0,1,1,24,999,1,3
"2025000032550",2,9,19,0,1,0,3,1,22,1598,1,8
"2025000032550",1,9,19,0,1,0,1,1,34,2993,2,17
"2025000032551",3,9,3,1,0,0,1,2,30,1598,2,10
"2025000032551",1,9,19,8,1,0,4,1,19,1598,2,10
"2025000032551",2,19,9,6,0,0,1,3,-1,-1,-1,-1
"2025000032552",1,9,19,0,0,0,-1,3,30,-1,-1,-1
"2025000032552",2,11,19,0,0,0,0,1,51,7300,2,17
"2025000032553",1,9,19,0,0,0,1,1,25,1753,2,20
"2025000032554",1,9,4,0,0,0,0,1,82,1685,2,8
"2025000032555",1,9,7,0,1,10,1,1,25,1499,1,4
"2025000032556",1,9,19,1,1,0,1,1,19,1896,2,20
"2025000032557",1,9,19,0,0,6,1,1,47,2204,2,16
"2025000032558",1,21,19,8,0,0,1,1,26,9186,2,6
"2025000032558",2,9,10,8,0,0,2,2,35,1956,2,9
"2025000032559",1,9,19,4,1,0,1,2,42,1461,2,10
"2025000032559",2,19,19,8,0,0,4,1,25,1461,2,9
"2025000032560",2,8,19,0,0,0,4,1,31,1998,8,8
"2025000032560",1,9,19,0,0,0,3,3,-1,-1,-1,-1
"2025000032561",3,9,19,0,0,0,2,1,31,1498,1,2
"2025000032561",1,9,19,0,0,0,1,1,19,1598,1,8
"2025000032561",2,9,19,0,0,0,2,1,77,1198,1,7
"2025000032562",1,1,19,1,0,0,1,1,28,-1,-1,-1
"2025000032562",2,9,4,1,0,0,2,3,-1,-1,-1,-1
"2025000032563",1,19,19,0,1,0,1,1,28,1248,2,9
"2025000032564",1,11,-1,-1,-1,-1,-1,3,-1,-1,-1,-1
"2025000032565",1,9,19,1,0,0,1,1,40,-1,-1,-1
"2025000032565",2,9,19,1,0,0,1,1,21,1596,1,18
"2025000032566",1,2,99,9,9,99,1,3,-1,-1,-1,-1
"2025000032567",2,9,19,2,0,0,3,3,-1,-1,-1,-1
"2025000032567",1,1,19,1,0,0,3,1,42,-1,-1,-1
"2025000032568",1,8,19,1,0,0,4,1,38,2143,2,6
"2025000032569",2,9,19,8,0,0,3,2,30,1598,2,9
"2025000032569",1,9,-1,8,-1,-1,-1,3,-1,1598,1,18
"2025000032570",1,9,19,0,0,0,1,2,31,1798,8,5
"2025000032571",1,21,9,8,0,0,3,1,44,-1,-1,-1
"2025000032571",2,9,19,8,0,0,4,1,43,1598,1,12
"2025000032572",1,9,5,8,0,0,1,2,-1,1339,1,16
"2025000032572",2,1,19,8,0,0,4,1,45,-1,-1,-1
"2025000032573",2,9,9,5,1,0,4,2,43,1587,1,15
"2025000032573",1,9,19,1,0,0,1,3,-1,-1,-1,-1
"2025000032574",2,1,19,0,0,0,1,1,48,-1,-1,-1
"2025000032574",1,9,1,0,0,0,2,1,47,1598,1,17
"2025000032575",1,19,2,0,0,0,3,1,35,2179,2,4
"2025000032575",2,19,19,0,0,4,4,1,31,1499,2,1
"2025000032576",1,9,19,3,0,0,1,1,53,1499,2,4
"2025000032577",1,9,19,0,1,0,1,1,47,-1,-1,-1
"2025000032578",1,9,19,1,2,0,1,1,31,1229,1,10
"2025000032579",2,9,19,0,0,0,4,2,53,1595,1,3
"2025000032579",1,21,12,0,0,0,3,1,38,-1,-1,-1
"2025000032580",2,9,19,0,0,0,1,2,30,1398,1,8
"2025000032580",1,19,4,0,0,0,2,1,31,2198,2,10
"2025000032581",2,9,19,0,0,0,3,1,33,1798,8,5
"2025000032581",1,21,11,0,0,0,1,1,46,12809,2,1
"2025000032582",3,9,19,0,0,0,1,1,18,998,1,12
"2025000032582",1,9,19,0,0,0,1,1,62,1461,2,9
"2025000032582",2,11,19,0,0,0,1,1,61,4250,2,9
"2025000032583",2,9,5,1,0,0,2,2,73,2231,2,13
"2025000032583",1,11,19,1,0,0,1,1,55,6700,2,0
"2025000032584",1,9,19,0,0,7,1,1,19,1598,2,8
"2025000032585",1,9,7,6,0,0,3,1,85,2993,2,8
"2025000032585",2,9,19,1,0,0,1,2,74,1399,1,13
"2025000032586",1,9,1,0,0,0,2,2,84,1318,1,7
"2025000032587",1,9,10,4,0,10,3,2,36,998,1,13
"2025000032587",2,9,19,4,0,0,4,1,76,1968,2,7
"2025000032588",1,9,-1,2,0,0,1,2,57,1332,1,5
"2025000032589",2,1,19,6,0,0,3,1,37,-1,-1,-1
"2025000032589",1,9,19,1,0,0,1,1,24,1968,2,11
"2025000032590",1,9,13,0,5,0,1,1,-1,1598,1,16
"2025000032590",2,9,19,0,0,0,1,2,31,1598,1,19
"2025000032590",3,9,19,0,0,0,0,2,62,1242,1,7
"2025000032591",1,9,5,6,0,0,1,3,-1,-1,-1,-1
"2025000032592",1,5,19,1,0,0,0,1,51,853,1,3
"2025000032592",2,4,19,1,1,0,0,1,18,-1,-1,-1
"2025000032593",1,8,1,1,0,4,2,1,31,1422,2,6
"2025000032593",2,9,2,1,0,0,4,2,34,1242,1,12
"2025000032594",3,19,19,1,0,0,1,1,54,1461,2,7
"2025000032594",2,9,10,1,0,0,2,2,41,2993,2,5
"2025000032594",1,9,19,1,0,0,1,1,53,1598,1,10
"2025000032595",2,8,19,0,0,11,1,1,37,2143,2,3
"2025000032595",1,9,19,0,2,0,1,1,22,1598,1,13
"2025000032596",2,9,10,0,0,0,2,2,48,1596,1,13
"2025000032596",1,5,15,0,1,0,1,1,28,998,1,17
"2025000032597",1,9,8,4,0,0,3,1,33,-1,-1,-1
"2025000032597",2,11,19,1,0,0,3,1,56,9000,2,9
"2025000032598",1,9,19,5,0,6,1,2,76,1499,2,6
"2025000032599",1,11,19,0,2,6,1,1,46,4250,2,13
"2025000032600",1,5,19,0,5,0,1,1,35,599,1,19
"2025000032601",2,9,19,0,0,0,2,2,61,1560,2,7
"2025000032601",1,9,19,0,0,0,1,2,41,998,1,5
"2025000032601",4,9,19,0,0,0,1,1,21,-1,-1,-1
"2025000032601",3,9,19,0,0,0,1,1,20,1496,2,4
"2025000032602",2,9,19,3,0,0,4,2,24,898,1,5
"2025000032602",1,11,5,8,0,0,1,2,53,-1,3,3
"2025000032603",1,9,19,0,0,0,1,2,45,1339,1,10
"2025000032604",2,9,19,1,0,0,1,2,21,999,1,11
"2025000032604",1,9,19,2,0,0,1,2,24,1242,1,15
"2025000032605",2,1,19,0,0,0,3,2,25,-1,-1,-1
"2025000032605",1,9,7,0,0,0,4,1,26,1685,2,11
"2025000032606",2,1,19,1,0,0,4,1,34,-1,-1,-1
"2025000032606",1,9,19,1,0,0,1,2,65,1597,2,8
"2025000032607",2,9,19,0,0,0,2,1,66,1560,2,9
"2025000032607",1,9,19,0,0,0,1,1,26,2995,1,4
"2025000032608",1,9,19,8,0,0,1,1,43,4999,1,1
"2025000032608",2,19,3,1,0,0,2,1,-1,-1,-1,-1
"2025000032608",3,9,3,1,0,0,2,1,-1,1199,1,1
"2025000032608",4,9,3,1,0,0,2,1,60,1998,1,2
"2025000032609",3,9,10,8,0,0,2,1,47,2755,2,1
"2025000032609",1,9,19,1,0,0,1,1,20,1242,1,11
"2025000032609",2,9,3,1,0,0,2,1,19,-1,-1,-1
"2025000032610",4,19,19,8,0,0,1,1,60,-1,3,6
"2025000032610",1,9,4,2,0,0,0,2,83,1248,1,10
"2025000032610",3,4,4,8,2,0,2,1,55,248,1,1
"2025000032610",2,9,4,2,0,0,2,2,27,998,1,3
"2025000032611",2,9,19,1,0,0,1,1,30,1490,1,15
"2025000032611",1,9,3,8,0,0,2,2,43,998,1,0
"2025000032612",2,9,8,1,0,0,2,2,46,1461,2,5
"2025000032612",1,9,19,1,1,0,1,1,34,1242,1,3
"2025000032613",2,21,2,0,0,0,4,1,56,12740,2,11
"2025000032613",1,9,19,0,5,0,4,1,21,1896,2,16
"2025000032614",1,9,1,1,0,0,2,1,-1,-1,-1,-1
"2025000032614",2,19,2,2,0,0,1,1,50,1498,2,2
"2025000032615",1,9,19,3,0,0,1,2,32,1108,1,12
"2025000032616",1,9,19,0,0,4,1,1,84,998,1,8
"2025000032616",2,19,2,0,0,0,4,1,56,1995,2,3
"2025000032617",1,9,19,2,0,12,1,1,78,1984,8,1
"2025000032618",1,9,19,0,0,0,1,1,-1,-1,-1,-1
"2025000032618",2,1,19,0,0,0,4,1,11,-1,-1,-1
"2025000032619",4,9,19,0,0,0,2,2,26,998,1,14
"2025000032619",2,9,19,0,0,0,2,1,65,1995,2,2
"2025000032619",1,19,19,0,0,0,1,1,25,1997,2,3
"2025000032619",3,9,19,0,0,0,2,1,52,999,1,13
"2025000032620",2,1,14,1,0,0,4,1,28,-1,-1,-1
"2025000032620",1,9,14,8,0,0,0,1,35,1984,1,7
"2025000032621",1,9,19,1,0,0,1,1,84,1197,1,8
"2025000032621",2,90,19,1,0,0,2,1,67,2198,2,12
"2025000032622",1,9,-1,0,-1,-1,1,1,-1,1339,1,20
"2025000032622",2,9,-1,0,-1,-1,2,2,36,1242,1,14
"2025000032623",1,9,7,1,0,0,1,1,41,1198,1,13
"2025000032623",2,1,19,8,0,0,4,2,28,-1,-1,-1
"2025000032624",1,9,8,4,0,0,1,2,72,998,1,15
"2025000032624",2,9,3,4,0,0,2,2,31,999,1,2
"2025000032625",1,11,19,2,0,0,0,1,37,6700,2,9
"2025000032626",1,2,19,0,0,0,1,3,-1,-1,-1,-1
"2025000032627",1,9,5,0,0,0,1,1,39,-1,-1,-1
"2025000032627",2,1,19,0,0,0,1,2,49,-1,-1,-1
"2025000032628",1,9,19,2,0,0,1,1,44,1798,8,6
"2025000032629",1,9,19,6,0,0,4,1,40,-1,-1,-1
"2025000032629",2,9,19,8,0,0,1,2,23,-1,-1,-1
"2025000032630",2,9,4,0,0,0,1,2,30,1086,1,15
"2025000032630",3,9,3,0,0,0,2,2,30,1598,1,9
"2025000032630",1,9,3,0,0,0,2,2,38,1199,1,1
"2025000032631",1,9,9,1,0,0,3,2,-1,1999,1,20
"2025000032631",2,9,19,1,0,0,4,2,39,1984,1,13
"2025000032632",1,9,9,0,0,0,3,2,19,998,1,0
"2025000032632",2,9,19,0,0,0,1,1,29,1968,2,18
"2025000032633",1,9,11,0,0,0,3,1,54,2720,2,14
"2025000032633",2,9,19,0,0,0,4,1,46,999,1,4
"2025000032634",1,9,19,4,0,0,1,1,54,-1,3,4
"2025000032634",2,21,1,8,0,0,2,1,41,12777,2,2
"2025000032635",1,9,19,8,0,0,1,3,-1,-1,-1,-1
"2025000032636",2,9,19,1,0,0,1,3,-1,-1,-1,-1
"2025000032636",1,4,7,1,0,0,2,1,28,125,1,4
"2025000032637",2,9,99,9,9,99,1,3,-1,1798,8,5
"2025000032637",1,9,99,9,9,99,2,2,32,1395,1,7
"2025000032638",1,9,19,0,1,0,1,2,27,999,1,14
"2025000032638",2,9,19,0,0,0,1,1,79,2987,2,13
"2025000032639",2,8,9,8,0,0,4,1,54,1797,8,8
"2025000032639",1,8,19,8,0,0,1,1,38,-1,3,1
"2025000032640",2,9,19,8,0,0,1,2,35,1596,1,15
"2025000032640",1,3,9,5,0,0,4,1,18,124,1,13
"2025000032641",2,9,3,1,0,0,1,1,22,-1,-1,-1
"2025000032641",1,9,3,1,0,0,2,2,47,1398,1,2
"2025000032642",1,9,19,8,0,0,1,1,36,1984,1,14
"2025000032642",2,9,9,8,0,0,1,2,21,1993,8,1
"2025000032643",1,9,19,0,0,0,4,1,37,1956,2,12
"2025000032644",2,5,19,8,0,0,1,1,57,765,1,3
"2025000032644",1,9,9,8,0,0,4,1,32,1995,2,10
"2025000032645",1,11,19,0,0,0,0,1,48,4461,2,7
"2025000032646",1,9,2,0,0,0,3,2,45,1591,1,1
"2025000032646",2,-1,19,0,0,0,1,1,-1,-1,-1,-1
"2025000032647",3,9,19,0,0,0,2,1,50,1956,2,11
"2025000032647",1,9,19,0,0,0,1,1,24,1200,1,4
"2025000032647",2,9,11,0,0,0,2,2,49,1461,2,5
"2025000032648",1,9,19,0,0,0,3,1,21,1499,1,1
"2025000032648",2,1,19,0,0,0,4,1,37,-1,-1,-1
"2025000032649",1,9,19,0,0,0,1,1,45,1598,8,1
"2025000032650",2,21,19,0,0,0,1,1,58,12902,2,3
"2025000032650",1,9,11,0,0,0,2,2,30,1598,2,4
"2025000032650",3,19,19,0,0,0,1,1,27,1968,2,1
"2025000032651",1,9,19,0,2,0,1,1,21,1364,1,14
"2025000032652",2,1,9,8,0,0,4,1,46,-1,-1,-1
"2025000032652",1,9,19,2,0,0,1,1,31,1968,2,10
"2025000032653",2,1,15,0,0,0,1,1,17,-1,-1,-1
"2025000032653",1,9,7,0,0,0,4,1,71,1364,1,6
"2025000032654",1,9,19,0,0,0,1,2,63,2231,2,11
"2025000032655",1,9,19,0,0,0,1,1,-1,-1,-1,-1
"2025000032655",2,1,19,0,5,0,3,1,26,-1,-1,-1
"2025000032656",1,9,14,0,0,0,1,2,40,1995,1,14
"2025000032657",2,9,19,0,0,0,1,2,44,1598,1,14
"2025000032657",1,19,19,0,0,0,1,1,30,1870,2,17
"2025000032658",1,19,19,0,0,0,1,1,25,1995,2,3
"2025000032658",2,9,19,0,0,0,1,2,22,1596,1,12
"2025000032659",1,9,9,5,0,0,1,1,32,1986,2,15
"2025000032659",2,3,19,8,0,0,1,1,40,125,1,0
"2025000032660",2,9,19,8,0,0,3,1,20,-1,-1,-1
"2025000032660",1,9,19,8,0,0,1,2,27,-1,-1,-1
"2025000032661",1,3,19,0,0,0,1,1,39,-1,-1,-1
"2025000032662",1,11,4,1,0,0,0,1,61,4500,2,5
"2025000032663",1,9,12,6,0,0,4,2,22,1398,1,11
"2025000032664",2,9,19,0,0,0,2,2,50,1499,1,0
"2025000032664",1,21,19,0,0,0,3,1,-1,12742,2,2
"2025000032665",1,9,13,8,0,0,4,3,-1,-1,-1,-1
"2025000032665",2,90,9,5,0,0,3,1,47,198,1,6
"2025000032666",1,9,99,0,9,8,9,2,31,1596,1,19
"2025000032666",2,21,99,0,9,99,2,1,51,10837,2,5
"2025000032667",2,90,99,9,9,99,1,3,-1,-1,-1,-1
"2025000032667",1,3,99,9,9,99,1,1,33,125,1,2
"2025000032668",1,21,5,1,0,0,1,1,55,16123,2,7
"2025000032669",2,9,19,3,0,0,1,1,30,1968,2,9
"2025000032669",1,9,19,4,0,0,3,2,22,998,1,12
"2025000032670",1,9,7,1,0,0,4,1,47,999,1,3
"2025000032670",2,1,19,1,0,0,1,1,41,-1,-1,-1
"2025000032671",1,9,1,6,0,0,3,2,35,2179,2,12
"2025000032672",3,9,19,0,0,0,1,3,43,-1,-1,-1
"2025000032672",1,9,13,0,2,0,1,1,41,1984,1,1
"2025000032672",2,9,19,0,0,0,1,2,32,1395,8,1
"2025000032673",2,9,99,9,9,99,9,3,-1,1390,1,15
"2025000032673",1,3,99,9,9,99,1,1,27,125,1,1
"2025000032674",1,9,19,0,0,0,1,1,26,999,1,3
"2025000032675",1,9,19,0,0,0,3,1,22,-1,-1,-1
"2025000032675",2,9,19,0,0,0,3,1,35,1968,2,8
"2025000032676",1,9,7,6,0,0,1,2,52,1997,2,11
"2025000032676",2,1,19,2,5,0,4,1,33,-1,-1,-1
"2025000032677",1,9,3,0,0,0,2,2,32,1197,1,5
"2025000032677",2,9,19,0,0,0,1,1,27,998,1,3
"2025000032678",1,9,19,0,0,0,1,1,62,1461,2,5
"2025000032678",2,9,19,0,0,0,1,1,54,1395,8,2
"2025000032678",3,9,19,0,0,0,1,1,46,1498,1,4
"2025000032679",3,9,19,1,0,0,1,2,49,1595,1,4
"2025000032679",2,9,2,1,0,0,0,3,-1,1388,1,12
"2025000032679",1,9,9,8,0,4,2,1,26,1490,1,0
"2025000032680",1,9,4,1,0,0,2,1,34,1398,1,10
"2025000032680",2,1,19,1,0,0,1,1,24,-1,-1,-1
"2025000032681",3,9,2,2,1,0,2,2,38,1968,2,2
"2025000032681",2,9,5,2,0,4,2,1,59,-1,3,1
"2025000032681",1,9,14,2,0,0,1,2,45,1560,2,12
"2025000032682",2,5,11,0,5,0,1,1,59,1103,1,2
"2025000032682",1,9,10,0,0,0,2,2,24,-1,-1,-1
"2025000032683",2,9,19,0,0,0,3,1,30,1998,1,3
"2025000032683",1,20,11,0,0,0,4,1,20,-1,-1,-1
"2025000032684",2,9,4,4,0,0,1,1,52,-1,-1,-1
"2025000032684",1,9,5,4,0,0,2,2,64,898,1,5
"2025000032685",1,1,19,0,0,0,0,1,28,-1,-1,-1
"2025000032686",2,9,19,1,0,0,1,1,47,2143,2,8
"2025000032686",1,9,9,1,0,0,1,2,30,999,1,1
"2025000032687",2,19,9,0,0,0,1,1,26,1248,2,8
"2025000032687",1,3,4,0,0,0,1,1,43,125,1,2
"2025000032688",2,9,4,0,0,0,2,1,35,898,1,4
"2025000032688",3,9,3,0,0,0,2,1,54,-1,-1,-1
"2025000032688",1,19,4,0,1,0,1,1,31,2143,2,0
"2025000032689",1,19,19,8,0,0,1,1,20,2143,2,6
"2025000032689",2,9,19,8,0,0,4,1,67,1200,1,6
"2025000032690",2,1,7,1,0,0,1,1,35,-1,-1,-1
"2025000032690",1,9,9,5,0,0,3,1,37,1390,1,11
"2025000032691",2,9,19,1,0,0,1,1,64,1598,1,16
"2025000032691",1,9,4,4,0,0,2,2,25,1242,1,3
"2025000032692",2,9,19,1,0,0,1,2,67,1461,2,6
"2025000032692",1,9,9,6,0,0,1,1,37,1499,1,2
"2025000032693",1,1,19,1,0,0,3,1,35,-1,-1,-1
"2025000032694",2,2,9,1,5,0,4,2,70,-1,-1,-1
"2025000032694",3,19,2,1,0,0,3,3,-1,-1,-1,-1
"2025000032694",1,9,19,1,0,0,1,3,-1,-1,-1,-1
"2025000032695",1,9,19,2,0,0,3,2,34,1995,2,9
"2025000032696",1,9,9,6,0,0,1,3,-1,2191,2,7
"2025000032697",2,9,4,0,0,0,2,1,-1,2179,2,13
"2025000032697",1,11,19,0,0,0,1,1,41,6696,2,6
"2025000032698",1,1,19,0,9,99,1,2,27,-1,-1,-1
"2025000032698",2,2,5,0,9,99,9,3,-1,125,1,3
"2025000032699",2,9,3,0,0,0,1,2,47,2993,2,7
"2025000032699",1,11,19,0,0,0,1,1,55,4500,2,6
"2025000032700",1,2,19,0,0,0,3,2,17,-1,3,2
"2025000032700",2,9,19,0,0,0,4,3,-1,-1,-1,-1
"2025000032701",1,19,3,1,0,0,1,1,73,1898,2,4
"2025000032702",2,3,19,8,0,0,4,1,19,125,1,4
"2025000032702",1,9,9,8,0,0,1,1,73,1995,2,6
"2025000032703",1,19,19,0,0,0,1,1,29,1968,2,2
"2025000032704",2,4,7,1,0,0,1,1,35,-1,-1,-1
"2025000032704",1,9,9,1,0,0,1,1,70,-1,-1,-1
"2025000032705",2,9,3,0,0,0,2,2,37,1798,8,1
"2025000032705",1,9,19,0,0,0,1,2,53,1000,1,8
"2025000032706",1,9,19,8,0,0,1,2,18,1360,1,12
"2025000032706",2,9,19,8,0,0,3,1,45,1229,1,14
"2025000032707",2,9,9,8,0,0,1,2,26,1598,2,8
"2025000032707",1,9,19,8,0,0,4,2,50,1364,1,12
"2025000032708",1,9,99,9,9,99,9,3,-1,-1,-1,-1
"2025000032709",1,9,9,6,0,0,1,1,42,1998,1,4
"2025000032710",1,9,9,6,0,0,3,1,48,-1,-1,-1
"2025000032710",2,1,19,8,0,0,1,1,31,-1,-1,-1
"2025000032711",2,1,19,0,0,0,1,1,42,-1,-1,-1
"2025000032711",1,9,19,0,0,0,3,2,21,1398,1,3
"2025000032712",1,9,-1,-1,-1,-1,-1,3,-1,1598,2,11
"2025000032712",2,9,-1,-1,-1,-1,2,1,39,1598,2,12
"2025000032713",1,11,4,8,0,0,0,3,22,-1,-1,-1
"2025000032714",1,9,19,4,0,0,1,1,34,-1,-1,-1
"2025000032714",2,8,19,8,0,0,1,1,61,-1,-1,-1
"2025000032715",1,4,3,9,0,0,2,1,44,-1,-1,-1
"2025000032715",2,9,99,9,9,0,1,3,-1,-1,-1,-1
"2025000032716",1,9,19,0,0,0,1,1,19,1149,1,10
"2025000032716",2,19,19,0,0,0,1,1,39,2200,2,1
"2025000032717",1,3,15,1,0,0,1,1,17,125,1,8
"2025000032717",2,9,9,1,0,0,3,2,34,1397,1,13
"2025000032718",1,19,19,1,0,0,1,1,29,1997,2,5
"2025000032718",2,9,4,1,0,0,2,2,32,2967,2,6
"2025000032719",1,9,99,9,9,99,1,3,-1,-1,-1,-1
"2025000032720",2,9,7,8,0,0,3,2,23,1198,1,10
"2025000032720",1,9,19,8,0,0,3,2,51,999,1,8
"2025000032721",2,9,19,4,1,0,1,1,40,1995,2,10
"2025000032721",1,9,3,4,0,0,2,1,44,1968,2,10
"2025000032722",1,21,19,0,0,0,1,1,35,12902,2,2
"2025000032722",2,21,5,0,0,0,2,1,28,12809,2,5
"2025000032723",2,9,4,0,0,0,2,1,56,1969,1,4
"2025000032723",1,9,19,0,0,0,1,2,51,996,1,11
"2025000032724",1,9,99,9,9,99,3,2,75,-1,-1,-1
"2025000032724",2,21,99,9,9,99,4,1,29,-1,-1,-1
"2025000032725",1,9,9,6,0,0,3,3,-1,-1,-1,-1
"2025000032726",2,9,5,4,0,0,1,2,30,-1,-1,-1
"2025000032726",3,9,5,4,0,0,1,1,42,-1,-1,-1
"2025000032726",1,9,19,3,0,0,1,2,25,-1,-1,-1
"2025000032727",2,9,3,1,0,0,2,2,45,1798,8,9
"2025000032727",1,19,3,1,0,0,1,3,30,-1,-1,-1
"2025000032728",2,9,19,8,5,0,3,1,53,-1,-1,-1
"2025000032728",1,9,19,6,0,0,1,1,50,1988,2,16
"2025000032729",2,1,19,8,0,0,3,1,19,-1,-1,-1
"2025000032729",1,8,19,8,0,0,4,1,64,-1,-1,-1
"2025000032730",1,9,19,0,0,0,1,1,58,1388,1,11
"2025000032730",2,9,9,0,0,0,4,1,23,1798,8,3
"2025000032731",1,9,19,8,0,0,1,1,28,999,1,6
"2025000032731",2,1,19,8,0,0,3,2,49,-1,-1,-1
"2025000032732",1,9,19,0,1,0,1,2,31,-1,-1,-1
"2025000032733",1,9,3,1,0,0,2,2,28,1598,1,17
"2025000032733",2,19,19,1,0,0,1,3,-1,-1,-1,-1
"2025000032734",2,9,19,8,0,0,3,2,75,1994,1,16
"2025000032734",1,9,19,6,0,0,1,2,18,-1,-1,-1
"2025000032735",1,9,9,6,0,0,1,1,26,1229,1,13
"2025000032735",2,9,19,8,1,0,1,1,24,1364,1,8
"2025000032736",1,19,19,4,0,0,3,1,53,1968,2,4
"2025000032736",2,9,9,8,0,0,4,1,24,1560,2,14
"2025000032737",2,9,19,8,1,0,4,1,48,1997,2,9
"2025000032737",1,9,19,6,1,0,1,1,55,1995,1,16
"2025000032738",2,9,3,1,0,0,2,2,52,1298,1,15
"2025000032738",3,9,10,1,0,0,2,2,48,1197,8,0
"2025000032738",1,9,19,1,0,0,1,1,40,1598,1,15
"2025000032739",3,9,19,0,0,0,1,1,39,1229,1,14
"2025000032739",2,9,19,0,0,0,1,1,58,999,1,1
"2025000032739",1,9,13,0,0,0,1,1,18,998,1,11
"2025000032740",1,9,19,1,0,0,4,1,47,1364,1,8
"2025000032740",2,9,9,1,5,0,4,2,71,1998,1,20
"2025000032741",1,9,19,1,0,0,3,1,42,1968,2,9
"2025000032742",1,3,19,1,0,4,1,1,18,-1,-1,-1
"2025000032742",2,9,19,2,0,0,3,1,27,1896,2,21
"2025000032742",3,9,2,2,0,0,4,3,-1,1997,2,14
"2025000032743",2,9,3,4,0,0,2,1,25,1498,1,2
"2025000032743",1,9,5,4,0,0,1,3,-1,1968,2,11
"2025000032744",1,9,4,1,0,0,2,2,62,1248,1,14
"2025000032744",2,9,19,1,0,0,1,3,-1,-1,-1,-1
"2025000032745",1,9,-1,-1,-1,-1,-1,3,-1,-1,-1,-1
"2025000032746",2,9,19,8,0,0,3,1,34,1956,2,7
"2025000032746",1,9,9,8,0,0,1,1,42,1968,2,15
"2025000032747",2,9,9,6,0,0,2,1,-1,2179,2,8
"2025000032747",1,1,7,6,1,0,1,1,47,-1,-1,-1
"2025000032748",1,3,99,0,9,99,9,1,43,125,1,15
"2025000032749",1,1,99,9,9,99,9,2,53,-1,-1,-1
"2025000032749",2,9,99,9,9,99,9,3,-1,-1,-1,-1
"2025000032750",2,19,99,9,9,99,9,3,-1,1498,2,3
"2025000032750",1,9,99,9,9,99,9,2,55,998,1,8
"2025000032751",2,-1,9,1,0,0,3,1,15,-1,-1,-1
"2025000032751",1,9,19,1,0,0,1,2,42,999,1,7
"2025000032752",1,1,99,9,9,99,1,1,51,-1,-1,-1
"2025000032752",2,9,99,9,9,99,9,1,23,1364,2,16
"2025000032753",1,9,9,1,0,0,1,2,36,1586,1,8
"2025000032753",2,8,19,1,0,0,1,1,67,2499,2,12
"2025000032754",2,1,99,9,9,99,1,1,-1,-1,-1,-1
"2025000032754",1,9,99,9,9,99,2,1,52,1798,1,14
"2025000032755",1,19,9,5,0,0,1,1,55,1968,2,8
"2025000032755",2,1,9,6,0,0,1,1,60,-1,-1,-1
"2025000032756",1,9,19,0,0,0,3,2,54,2360,8,4
"2025000032757",1,9,19,6,1,0,4,1,78,1993,8,0
"2025000032757",2,9,19,7,0,0,3,1,58,2993,2,10
"2025000032758",1,3,99,9,9,99,1,2,23,125,1,8
"2025000032758",2,9,99,9,9,99,1,3,-1,2979,1,18
"2025000032759",2,9,10,8,0,0,2,2,47,999,1,5
"2025000032759",1,9,19,8,0,0,1,1,77,2191,2,9
"2025000032760",2,9,99,9,9,99,1,3,-1,1968,2,6
"2025000032760",1,3,99,9,9,99,1,1,19,125,1,0
"2025000032761",1,9,19,1,0,0,1,1,47,1999,2,5
"2025000032762",1,9,19,0,0,0,1,1,58,1956,2,12
"2025000032763",1,9,19,1,0,0,3,2,30,1364,1,16
"2025000032763",2,3,19,1,0,0,4,1,35,124,1,1
"2025000032764",1,9,6,1,0,0,1,1,24,1596,1,16
"2025000032765",1,9,6,0,0,0,0,3,-1,-1,-1,-1
"2025000032766",1,9,7,1,0,0,4,2,51,1200,1,5
"2025000032766",2,10,19,1,0,0,1,1,-1,-1,-1,-1
"2025000032767",1,-1,19,1,0,0,0,1,31,-1,-1,-1
"2025000032768",1,19,99,9,9,99,4,1,37,-1,-1,-1
"2025000032768",2,1,99,9,9,99,0,2,47,-1,-1,-1
"2025000032769",1,9,4,0,0,0,3,2,37,1798,8,5
"2025000032769",2,9,19,0,2,0,3,1,33,1995,2,14
"2025000032770",1,9,19,0,1,0,1,1,45,647,8,7
"2025000032770",2,9,19,0,0,0,2,2,51,3456,8,4
"2025000032771",1,9,19,1,2,0,4,1,19,1390,1,8
"2025000032771",2,9,19,1,0,0,1,1,59,2776,2,8